file,class,type,cbo,cboModified,fanin,fanout,wmc,dit,noc,rfc,lcom,lcom*,tcc,lcc,totalMethodsQty,staticMethodsQty,publicMethodsQty,privateMethodsQty,protectedMethodsQty,defaultMethodsQty,visibleMethodsQty,abstractMethodsQty,finalMethodsQty,synchronizedMethodsQty,totalFieldsQty,staticFieldsQty,publicFieldsQty,privateFieldsQty,protectedFieldsQty,defaultFieldsQty,finalFieldsQty,synchronizedFieldsQty,nosi,loc,returnQty,loopQty,comparisonsQty,tryCatchQty,parenthesizedExpsQty,stringLiteralsQty,numbersQty,assignmentsQty,mathOperationsQty,variablesQty,maxNestedBlocksQty,anonymousClassesQty,innerClassesQty,lambdasQty,uniqueWordsQty,modifiers,logStatementsQty
E:\OOD_Projects\ck-mvn-plugin\flat-wave-animation-main\src\com\components\GeneralFrame.java,com.components.GeneralFrame$Anonymous5,anonymous,1,1,0,1,1,1,0,1,0,0.0,NaN,NaN,1,0,1,0,0,0,1,0,0,0,0,0,0,0,0,0,0,0,0,5,0,0,0,0,0,0,0,0,0,0,0,0,0,0,7,-1,0
E:\OOD_Projects\ck-mvn-plugin\flat-wave-animation-main\src\com\components\ScoreLabel.java,com.components.ScoreLabel,class,2,5,3,2,6,5,0,4,5,0.61111116,0.1,0.1,6,0,5,1,0,0,5,0,0,0,3,0,0,3,0,0,0,0,1,25,0,0,0,0,0,1,3,7,0,3,0,0,0,0,12,1,0
E:\OOD_Projects\ck-mvn-plugin\flat-wave-animation-main\src\com\utils\ImageHelper.java,com.utils.ImageHelper,class,1,5,4,1,19,1,0,13,0,0.33333334,0.75,1.0,9,2,9,0,0,0,9,0,0,0,3,0,0,3,0,0,2,0,4,79,6,8,1,1,3,2,29,32,0,22,2,0,0,0,45,1,0
E:\OOD_Projects\ck-mvn-plugin\flat-wave-animation-main\src\com\components\GeneralFrame.java,com.components.GeneralFrame$Anonymous6,anonymous,0,0,0,0,1,1,0,3,0,0.0,NaN,NaN,1,0,1,0,0,0,1,0,0,0,0,0,0,0,0,0,0,0,0,6,0,0,0,0,1,0,0,1,0,0,0,0,0,0,9,-1,0
E:\OOD_Projects\ck-mvn-plugin\flat-wave-animation-main\src\com\components\GeneralFrame.java,com.components.GeneralFrame$Anonymous7,anonymous,0,0,0,0,1,1,0,3,0,0.0,NaN,NaN,1,0,1,0,0,0,1,0,0,0,0,0,0,0,0,0,0,0,0,6,0,0,0,0,1,0,0,1,0,0,0,0,0,0,9,-1,0
E:\OOD_Projects\ck-mvn-plugin\flat-wave-animation-main\src\com\components\GeneralFrame.java,com.components.GeneralFrame$Anonymous8,anonymous,0,0,0,0,1,1,0,3,0,0.0,NaN,NaN,1,0,1,0,0,0,1,0,0,0,0,0,0,0,0,0,0,0,0,7,0,0,0,0,1,0,0,1,1,0,0,0,0,0,10,-1,0
E:\OOD_Projects\ck-mvn-plugin\flat-wave-animation-main\src\com\components\GeneralFrame.java,com.components.GeneralFrame$Anonymous1,anonymous,1,1,0,1,1,1,0,1,0,0.0,NaN,NaN,1,0,1,0,0,0,1,0,0,0,0,0,0,0,0,0,0,0,0,5,0,0,0,0,0,0,0,0,0,0,0,0,0,0,6,-1,0
E:\OOD_Projects\ck-mvn-plugin\flat-wave-animation-main\src\com\utils\Mode.java,com.utils.Mode,enum,0,2,2,0,0,1,0,0,0,0.0,-1.0,-1.0,0,0,0,0,0,0,0,0,0,0,0,0,0,0,0,0,0,0,0,1,0,0,0,0,0,0,0,0,0,0,0,0,0,0,7,1,0
E:\OOD_Projects\ck-mvn-plugin\flat-wave-animation-main\src\com\components\GeneralFrame.java,com.components.GeneralFrame$Anonymous2,anonymous,1,1,0,1,1,1,0,1,0,0.0,NaN,NaN,1,0,1,0,0,0,1,0,0,0,0,0,0,0,0,0,0,0,0,5,0,0,0,0,0,0,0,0,0,0,0,0,0,0,6,-1,0
E:\OOD_Projects\ck-mvn-plugin\flat-wave-animation-main\src\com\components\GeneralFrame.java,com.components.GeneralFrame$Anonymous3,anonymous,1,1,0,1,1,1,0,1,0,0.0,NaN,NaN,1,0,1,0,0,0,1,0,0,0,0,0,0,0,0,0,0,0,0,5,0,0,0,0,0,0,0,0,0,0,0,0,0,0,7,-1,0
E:\OOD_Projects\ck-mvn-plugin\flat-wave-animation-main\src\com\components\GeneralFrame.java,com.components.GeneralFrame$Anonymous4,anonymous,1,1,0,1,1,1,0,1,0,0.0,NaN,NaN,1,0,1,0,0,0,1,0,0,0,0,0,0,0,0,0,0,0,0,5,0,0,0,0,0,0,0,0,0,0,0,0,0,0,7,-1,0
E:\OOD_Projects\ck-mvn-plugin\flat-wave-animation-main\src\com\animation\sequential\DistortionSequential.java,com.animation.sequential.DistortionSequential,class,2,3,1,2,10,1,0,12,0,0.0,NaN,NaN,1,1,1,0,0,0,1,0,0,0,0,0,0,0,0,0,0,0,8,37,1,3,0,0,2,0,21,20,13,16,4,0,0,4,28,1,0
E:\OOD_Projects\ck-mvn-plugin\flat-wave-animation-main\src\com\utils\CornerPosition.java,com.utils.CornerPosition,enum,0,2,2,0,2,1,0,0,0,0.0,1.0,1.0,2,0,1,0,0,1,2,0,0,0,1,0,0,1,0,0,1,0,0,8,1,0,0,0,0,4,0,1,0,1,0,0,0,0,17,1,0
E:\OOD_Projects\ck-mvn-plugin\flat-wave-animation-main\src\com\utils\WaveFunction.java,com.utils.WaveFunction,class,0,1,1,0,2,1,0,0,1,0.0,0.0,0.0,2,1,2,0,0,0,2,0,0,0,0,0,0,0,0,0,0,0,0,7,1,0,0,0,1,0,0,0,2,0,0,0,0,0,8,1,0
E:\OOD_Projects\ck-mvn-plugin\flat-wave-animation-main\src\com\Main.java,com.Main,class,1,1,0,1,1,1,0,2,0,0.0,NaN,NaN,1,1,1,0,0,0,1,0,0,0,0,0,0,0,0,0,0,0,0,7,0,0,0,0,0,0,2,1,0,1,0,0,0,0,7,1,0
E:\OOD_Projects\ck-mvn-plugin\flat-wave-animation-main\src\com\animation\parallel\DistortionStageForkJoin.java,com.animation.parallel.DistortionStageForkJoin,class,1,2,1,1,10,3,0,5,0,0.071428575,1.0,1.0,2,0,1,0,1,0,2,0,0,0,6,1,0,6,0,0,6,0,3,39,1,2,0,0,2,0,7,15,9,14,3,0,0,0,27,1,0
E:\OOD_Projects\ck-mvn-plugin\flat-wave-animation-main\src\com\animation\WaveAnimation.java,com.animation.WaveAnimation,class,10,12,2,10,18,2,0,40,0,0.6666667,0.5,0.5,6,0,4,2,0,0,4,0,0,0,12,5,5,7,0,0,11,0,22,107,2,3,1,1,4,0,25,46,16,35,3,0,0,0,72,1,0
E:\OOD_Projects\ck-mvn-plugin\flat-wave-animation-main\src\com\components\CanvasPanel.java,com.components.CanvasPanel,class,0,0,0,0,2,5,0,0,0,0.0,1.0,1.0,2,0,1,0,0,1,2,0,0,0,2,0,2,0,0,0,0,0,0,11,1,0,0,0,0,0,0,2,0,2,0,0,0,0,9,1,0
E:\OOD_Projects\ck-mvn-plugin\flat-wave-animation-main\src\com\components\GeneralFrame.java,com.components.GeneralFrame,class,5,13,8,5,17,6,0,53,82,0.83753496,0.0,0.0,17,0,2,15,0,0,2,0,0,0,21,0,0,21,0,0,0,0,5,213,0,0,0,0,0,14,24,38,1,35,0,8,0,0,84,1,0
E:\OOD_Projects\ck-mvn-plugin\flat-wave-animation-main\src\com\animation\parallel\DistortionParallel.java,com.animation.parallel.DistortionParallel,class,3,4,1,3,4,1,0,12,0,0.0,NaN,NaN,1,1,1,0,0,0,1,0,0,0,0,0,0,0,0,0,0,0,5,28,1,3,0,0,0,0,26,16,4,13,2,0,0,4,23,1,0
