file,class,method,variable,usage
E:\OOD_Projects\ck-mvn-plugin\flat-wave-animation-main\src\com\components\ScoreLabel.java,com.components.ScoreLabel,updateLabelText/0,score,1
E:\OOD_Projects\ck-mvn-plugin\flat-wave-animation-main\src\com\components\ScoreLabel.java,com.components.ScoreLabel,updateLabelText/0,corner,1
E:\OOD_Projects\ck-mvn-plugin\flat-wave-animation-main\src\com\components\ScoreLabel.java,com.components.ScoreLabel,updateLabelText/0,angle,1
E:\OOD_Projects\ck-mvn-plugin\flat-wave-animation-main\src\com\components\ScoreLabel.java,com.components.ScoreLabel,setScore/1[int],score,3
E:\OOD_Projects\ck-mvn-plugin\flat-wave-animation-main\src\com\components\ScoreLabel.java,com.components.ScoreLabel,increaseScore/0,score,1
E:\OOD_Projects\ck-mvn-plugin\flat-wave-animation-main\src\com\components\ScoreLabel.java,com.components.ScoreLabel,setAngle/1[double],angle,3
E:\OOD_Projects\ck-mvn-plugin\flat-wave-animation-main\src\com\components\ScoreLabel.java,com.components.ScoreLabel,setCorner/1[java.lang.String],corner,3
E:\OOD_Projects\ck-mvn-plugin\flat-wave-animation-main\src\com\utils\ImageHelper.java,com.utils.ImageHelper,ImageHelper/1[java.lang.String],image,6
E:\OOD_Projects\ck-mvn-plugin\flat-wave-animation-main\src\com\utils\ImageHelper.java,com.utils.ImageHelper,ImageHelper/1[java.lang.String],width,1
E:\OOD_Projects\ck-mvn-plugin\flat-wave-animation-main\src\com\utils\ImageHelper.java,com.utils.ImageHelper,ImageHelper/1[java.lang.String],height,1
E:\OOD_Projects\ck-mvn-plugin\flat-wave-animation-main\src\com\utils\ImageHelper.java,com.utils.ImageHelper,"copyOfRGBArray/3[int[][][],int,int]",width,3
E:\OOD_Projects\ck-mvn-plugin\flat-wave-animation-main\src\com\utils\ImageHelper.java,com.utils.ImageHelper,"copyOfRGBArray/3[int[][][],int,int]",height,3
E:\OOD_Projects\ck-mvn-plugin\flat-wave-animation-main\src\com\utils\ImageHelper.java,com.utils.ImageHelper,getWidth/0,width,1
E:\OOD_Projects\ck-mvn-plugin\flat-wave-animation-main\src\com\utils\ImageHelper.java,com.utils.ImageHelper,get3dArray/0,image,1
E:\OOD_Projects\ck-mvn-plugin\flat-wave-animation-main\src\com\utils\ImageHelper.java,com.utils.ImageHelper,get3dArray/0,width,2
E:\OOD_Projects\ck-mvn-plugin\flat-wave-animation-main\src\com\utils\ImageHelper.java,com.utils.ImageHelper,get3dArray/0,height,2
E:\OOD_Projects\ck-mvn-plugin\flat-wave-animation-main\src\com\utils\ImageHelper.java,com.utils.ImageHelper,"array3dToImage/3[int[][][],int,int]",width,3
E:\OOD_Projects\ck-mvn-plugin\flat-wave-animation-main\src\com\utils\ImageHelper.java,com.utils.ImageHelper,"array3dToImage/3[int[][][],int,int]",height,3
E:\OOD_Projects\ck-mvn-plugin\flat-wave-animation-main\src\com\utils\ImageHelper.java,com.utils.ImageHelper,set3dArray/1[int[][][]],image,1
E:\OOD_Projects\ck-mvn-plugin\flat-wave-animation-main\src\com\utils\ImageHelper.java,com.utils.ImageHelper,set3dArray/1[int[][][]],width,2
E:\OOD_Projects\ck-mvn-plugin\flat-wave-animation-main\src\com\utils\ImageHelper.java,com.utils.ImageHelper,set3dArray/1[int[][][]],height,2
E:\OOD_Projects\ck-mvn-plugin\flat-wave-animation-main\src\com\utils\ImageHelper.java,com.utils.ImageHelper,getImage/0,image,1
E:\OOD_Projects\ck-mvn-plugin\flat-wave-animation-main\src\com\utils\ImageHelper.java,com.utils.ImageHelper,getHeight/0,height,1
E:\OOD_Projects\ck-mvn-plugin\flat-wave-animation-main\src\com\utils\ImageHelper.java,com.utils.ImageHelper,setImage/1[java.awt.image.BufferedImage],image,3
E:\OOD_Projects\ck-mvn-plugin\flat-wave-animation-main\src\com\utils\CornerPosition.java,com.utils.CornerPosition,getPosition/0,position,1
E:\OOD_Projects\ck-mvn-plugin\flat-wave-animation-main\src\com\utils\CornerPosition.java,com.utils.CornerPosition,CornerPosition/1[java.lang.String],position,3
E:\OOD_Projects\ck-mvn-plugin\flat-wave-animation-main\src\com\animation\parallel\DistortionStageForkJoin.java,com.animation.parallel.DistortionStageForkJoin,compute/0,random,1
E:\OOD_Projects\ck-mvn-plugin\flat-wave-animation-main\src\com\animation\parallel\DistortionStageForkJoin.java,com.animation.parallel.DistortionStageForkJoin,compute/0,minY,1
E:\OOD_Projects\ck-mvn-plugin\flat-wave-animation-main\src\com\animation\parallel\DistortionStageForkJoin.java,com.animation.parallel.DistortionStageForkJoin,compute/0,maxY,1
E:\OOD_Projects\ck-mvn-plugin\flat-wave-animation-main\src\com\animation\parallel\DistortionStageForkJoin.java,com.animation.parallel.DistortionStageForkJoin,compute/0,x,4
E:\OOD_Projects\ck-mvn-plugin\flat-wave-animation-main\src\com\animation\parallel\DistortionStageForkJoin.java,com.animation.parallel.DistortionStageForkJoin,compute/0,width,1
E:\OOD_Projects\ck-mvn-plugin\flat-wave-animation-main\src\com\animation\parallel\DistortionStageForkJoin.java,com.animation.parallel.DistortionStageForkJoin,compute/0,points,1
E:\OOD_Projects\ck-mvn-plugin\flat-wave-animation-main\src\com\animation\parallel\DistortionStageForkJoin.java,com.animation.parallel.DistortionStageForkJoin,compute/0,height,1
E:\OOD_Projects\ck-mvn-plugin\flat-wave-animation-main\src\com\animation\parallel\DistortionStageForkJoin.java,com.animation.parallel.DistortionStageForkJoin,"DistortionStageForkJoin/6[int,java.util.ArrayList<int[]>,int,int,int,int]",minY,3
E:\OOD_Projects\ck-mvn-plugin\flat-wave-animation-main\src\com\animation\parallel\DistortionStageForkJoin.java,com.animation.parallel.DistortionStageForkJoin,"DistortionStageForkJoin/6[int,java.util.ArrayList<int[]>,int,int,int,int]",maxY,3
E:\OOD_Projects\ck-mvn-plugin\flat-wave-animation-main\src\com\animation\parallel\DistortionStageForkJoin.java,com.animation.parallel.DistortionStageForkJoin,"DistortionStageForkJoin/6[int,java.util.ArrayList<int[]>,int,int,int,int]",x,3
E:\OOD_Projects\ck-mvn-plugin\flat-wave-animation-main\src\com\animation\parallel\DistortionStageForkJoin.java,com.animation.parallel.DistortionStageForkJoin,"DistortionStageForkJoin/6[int,java.util.ArrayList<int[]>,int,int,int,int]",width,3
E:\OOD_Projects\ck-mvn-plugin\flat-wave-animation-main\src\com\animation\parallel\DistortionStageForkJoin.java,com.animation.parallel.DistortionStageForkJoin,"DistortionStageForkJoin/6[int,java.util.ArrayList<int[]>,int,int,int,int]",points,3
E:\OOD_Projects\ck-mvn-plugin\flat-wave-animation-main\src\com\animation\parallel\DistortionStageForkJoin.java,com.animation.parallel.DistortionStageForkJoin,"DistortionStageForkJoin/6[int,java.util.ArrayList<int[]>,int,int,int,int]",height,3
E:\OOD_Projects\ck-mvn-plugin\flat-wave-animation-main\src\com\animation\WaveAnimation.java,com.animation.WaveAnimation,getRandomCornerPixel/0,cornerPixels,2
E:\OOD_Projects\ck-mvn-plugin\flat-wave-animation-main\src\com\animation\WaveAnimation.java,com.animation.WaveAnimation,"WaveAnimation/5[com.components.GeneralFrame,javax.swing.JLabel,com.utils.ImageHelper,com.components.ScoreLabel,com.utils.Mode]",mode,3
E:\OOD_Projects\ck-mvn-plugin\flat-wave-animation-main\src\com\animation\WaveAnimation.java,com.animation.WaveAnimation,"WaveAnimation/5[com.components.GeneralFrame,javax.swing.JLabel,com.utils.ImageHelper,com.components.ScoreLabel,com.utils.Mode]",scoreLabel,3
E:\OOD_Projects\ck-mvn-plugin\flat-wave-animation-main\src\com\animation\WaveAnimation.java,com.animation.WaveAnimation,"WaveAnimation/5[com.components.GeneralFrame,javax.swing.JLabel,com.utils.ImageHelper,com.components.ScoreLabel,com.utils.Mode]",jLabel,3
E:\OOD_Projects\ck-mvn-plugin\flat-wave-animation-main\src\com\animation\WaveAnimation.java,com.animation.WaveAnimation,"WaveAnimation/5[com.components.GeneralFrame,javax.swing.JLabel,com.utils.ImageHelper,com.components.ScoreLabel,com.utils.Mode]",imageHelper,7
E:\OOD_Projects\ck-mvn-plugin\flat-wave-animation-main\src\com\animation\WaveAnimation.java,com.animation.WaveAnimation,"WaveAnimation/5[com.components.GeneralFrame,javax.swing.JLabel,com.utils.ImageHelper,com.components.ScoreLabel,com.utils.Mode]",cornerPixels,5
E:\OOD_Projects\ck-mvn-plugin\flat-wave-animation-main\src\com\animation\WaveAnimation.java,com.animation.WaveAnimation,"WaveAnimation/5[com.components.GeneralFrame,javax.swing.JLabel,com.utils.ImageHelper,com.components.ScoreLabel,com.utils.Mode]",frame,3
E:\OOD_Projects\ck-mvn-plugin\flat-wave-animation-main\src\com\animation\WaveAnimation.java,com.animation.WaveAnimation,startAnimation/0,mode,1
E:\OOD_Projects\ck-mvn-plugin\flat-wave-animation-main\src\com\animation\WaveAnimation.java,com.animation.WaveAnimation,startAnimation/0,scoreLabel,3
E:\OOD_Projects\ck-mvn-plugin\flat-wave-animation-main\src\com\animation\WaveAnimation.java,com.animation.WaveAnimation,startAnimation/0,delayValue,1
E:\OOD_Projects\ck-mvn-plugin\flat-wave-animation-main\src\com\animation\WaveAnimation.java,com.animation.WaveAnimation,startAnimation/0,isPassFinish,3
E:\OOD_Projects\ck-mvn-plugin\flat-wave-animation-main\src\com\animation\WaveAnimation.java,com.animation.WaveAnimation,startAnimation/0,speedValue,1
E:\OOD_Projects\ck-mvn-plugin\flat-wave-animation-main\src\com\animation\WaveAnimation.java,com.animation.WaveAnimation,startAnimation/0,imageHelper,7
E:\OOD_Projects\ck-mvn-plugin\flat-wave-animation-main\src\com\animation\WaveAnimation.java,com.animation.WaveAnimation,startAnimation/0,jLabel,1
E:\OOD_Projects\ck-mvn-plugin\flat-wave-animation-main\src\com\animation\WaveAnimation.java,com.animation.WaveAnimation,startAnimation/0,distortionRadiusValue,2
E:\OOD_Projects\ck-mvn-plugin\flat-wave-animation-main\src\com\animation\WaveAnimation.java,com.animation.WaveAnimation,startAnimation/0,cornerPixels,1
E:\OOD_Projects\ck-mvn-plugin\flat-wave-animation-main\src\com\animation\WaveAnimation.java,com.animation.WaveAnimation,startAnimation/0,frame,1
E:\OOD_Projects\ck-mvn-plugin\flat-wave-animation-main\src\com\animation\WaveAnimation.java,com.animation.WaveAnimation,"buildWaveFunctionKeyPoints/4[int,double,double,com.utils.CornerPosition]",isPassFinish,1
E:\OOD_Projects\ck-mvn-plugin\flat-wave-animation-main\src\com\animation\WaveAnimation.java,com.animation.WaveAnimation,"buildWaveFunctionKeyPoints/4[int,double,double,com.utils.CornerPosition]",imageHelper,3
E:\OOD_Projects\ck-mvn-plugin\flat-wave-animation-main\src\com\animation\WaveAnimation.java,com.animation.WaveAnimation,stopAnimation/0,scoreLabel,3
E:\OOD_Projects\ck-mvn-plugin\flat-wave-animation-main\src\com\animation\WaveAnimation.java,com.animation.WaveAnimation,stopAnimation/0,jLabel,1
E:\OOD_Projects\ck-mvn-plugin\flat-wave-animation-main\src\com\animation\WaveAnimation.java,com.animation.WaveAnimation,stopAnimation/0,imageHelper,1
E:\OOD_Projects\ck-mvn-plugin\flat-wave-animation-main\src\com\animation\WaveAnimation.java,com.animation.WaveAnimation,stopAnimation/0,frame,1
E:\OOD_Projects\ck-mvn-plugin\flat-wave-animation-main\src\com\components\CanvasPanel.java,com.components.CanvasPanel,getPreferredSize/0,width,1
E:\OOD_Projects\ck-mvn-plugin\flat-wave-animation-main\src\com\components\CanvasPanel.java,com.components.CanvasPanel,getPreferredSize/0,height,1
E:\OOD_Projects\ck-mvn-plugin\flat-wave-animation-main\src\com\components\CanvasPanel.java,com.components.CanvasPanel,"CanvasPanel/2[int,int]",width,3
E:\OOD_Projects\ck-mvn-plugin\flat-wave-animation-main\src\com\components\CanvasPanel.java,com.components.CanvasPanel,"CanvasPanel/2[int,int]",height,3
E:\OOD_Projects\ck-mvn-plugin\flat-wave-animation-main\src\com\components\GeneralFrame.java,com.components.GeneralFrame,initGeneralLayout/0,slidersPanel,2
E:\OOD_Projects\ck-mvn-plugin\flat-wave-animation-main\src\com\components\GeneralFrame.java,com.components.GeneralFrame,initGeneralLayout/0,scoreLabel,2
E:\OOD_Projects\ck-mvn-plugin\flat-wave-animation-main\src\com\components\GeneralFrame.java,com.components.GeneralFrame,initGeneralLayout/0,modePanel,2
E:\OOD_Projects\ck-mvn-plugin\flat-wave-animation-main\src\com\components\GeneralFrame.java,com.components.GeneralFrame,initGeneralLayout/0,stopBtn,2
E:\OOD_Projects\ck-mvn-plugin\flat-wave-animation-main\src\com\components\GeneralFrame.java,com.components.GeneralFrame,initGeneralLayout/0,startBtn,2
E:\OOD_Projects\ck-mvn-plugin\flat-wave-animation-main\src\com\components\GeneralFrame.java,com.components.GeneralFrame,initGeneralLayout/0,canvasPanel,2
E:\OOD_Projects\ck-mvn-plugin\flat-wave-animation-main\src\com\components\GeneralFrame.java,com.components.GeneralFrame,initGeneralLayout/0,selectFileBtn,2
E:\OOD_Projects\ck-mvn-plugin\flat-wave-animation-main\src\com\components\GeneralFrame.java,com.components.GeneralFrame,onStartEnable/0,stopBtn,1
E:\OOD_Projects\ck-mvn-plugin\flat-wave-animation-main\src\com\components\GeneralFrame.java,com.components.GeneralFrame,onStartEnable/0,startBtn,1
E:\OOD_Projects\ck-mvn-plugin\flat-wave-animation-main\src\com\components\GeneralFrame.java,com.components.GeneralFrame,onStartEnable/0,radioButton1,1
E:\OOD_Projects\ck-mvn-plugin\flat-wave-animation-main\src\com\components\GeneralFrame.java,com.components.GeneralFrame,onStartEnable/0,radioButton2,1
E:\OOD_Projects\ck-mvn-plugin\flat-wave-animation-main\src\com\components\GeneralFrame.java,com.components.GeneralFrame,onStartEnable/0,selectFileBtn,1
E:\OOD_Projects\ck-mvn-plugin\flat-wave-animation-main\src\com\components\GeneralFrame.java,com.components.GeneralFrame,initSliderLayout/0,slidersPanel,2
E:\OOD_Projects\ck-mvn-plugin\flat-wave-animation-main\src\com\components\GeneralFrame.java,com.components.GeneralFrame,initSliderLayout/0,speedSlider,2
E:\OOD_Projects\ck-mvn-plugin\flat-wave-animation-main\src\com\components\GeneralFrame.java,com.components.GeneralFrame,initSliderLayout/0,distortionRadiusSlider,2
E:\OOD_Projects\ck-mvn-plugin\flat-wave-animation-main\src\com\components\GeneralFrame.java,com.components.GeneralFrame,initSliderLayout/0,delayLabel,2
E:\OOD_Projects\ck-mvn-plugin\flat-wave-animation-main\src\com\components\GeneralFrame.java,com.components.GeneralFrame,initSliderLayout/0,delaySlider,2
E:\OOD_Projects\ck-mvn-plugin\flat-wave-animation-main\src\com\components\GeneralFrame.java,com.components.GeneralFrame,initSliderLayout/0,speedLabel,2
E:\OOD_Projects\ck-mvn-plugin\flat-wave-animation-main\src\com\components\GeneralFrame.java,com.components.GeneralFrame,initSliderLayout/0,distortionRadiusLabel,2
E:\OOD_Projects\ck-mvn-plugin\flat-wave-animation-main\src\com\components\GeneralFrame.java,com.components.GeneralFrame,selectFileBtnActionPerformed/1[java.awt.event.ActionEvent],canvasLabel,1
E:\OOD_Projects\ck-mvn-plugin\flat-wave-animation-main\src\com\components\GeneralFrame.java,com.components.GeneralFrame,selectFileBtnActionPerformed/1[java.awt.event.ActionEvent],imageHelper,2
E:\OOD_Projects\ck-mvn-plugin\flat-wave-animation-main\src\com\components\GeneralFrame.java,com.components.GeneralFrame,radioButton2ActionPerformed/1[java.awt.event.ActionEvent],mode,1
E:\OOD_Projects\ck-mvn-plugin\flat-wave-animation-main\src\com\components\GeneralFrame.java,com.components.GeneralFrame,initComponents/0,scoreLabel,1
E:\OOD_Projects\ck-mvn-plugin\flat-wave-animation-main\src\com\components\GeneralFrame.java,com.components.GeneralFrame,initCanvasPanel/0,canvasLabel,2
E:\OOD_Projects\ck-mvn-plugin\flat-wave-animation-main\src\com\components\GeneralFrame.java,com.components.GeneralFrame,initCanvasPanel/0,imageHelper,2
E:\OOD_Projects\ck-mvn-plugin\flat-wave-animation-main\src\com\components\GeneralFrame.java,com.components.GeneralFrame,initCanvasPanel/0,canvasPanel,1
E:\OOD_Projects\ck-mvn-plugin\flat-wave-animation-main\src\com\components\GeneralFrame.java,com.components.GeneralFrame,startBtnActionPerformed/1[java.awt.event.ActionEvent],mode,1
E:\OOD_Projects\ck-mvn-plugin\flat-wave-animation-main\src\com\components\GeneralFrame.java,com.components.GeneralFrame,startBtnActionPerformed/1[java.awt.event.ActionEvent],delayValue,1
E:\OOD_Projects\ck-mvn-plugin\flat-wave-animation-main\src\com\components\GeneralFrame.java,com.components.GeneralFrame,startBtnActionPerformed/1[java.awt.event.ActionEvent],canvasLabel,1
E:\OOD_Projects\ck-mvn-plugin\flat-wave-animation-main\src\com\components\GeneralFrame.java,com.components.GeneralFrame,startBtnActionPerformed/1[java.awt.event.ActionEvent],scoreLabel,1
E:\OOD_Projects\ck-mvn-plugin\flat-wave-animation-main\src\com\components\GeneralFrame.java,com.components.GeneralFrame,startBtnActionPerformed/1[java.awt.event.ActionEvent],speedValue,1
E:\OOD_Projects\ck-mvn-plugin\flat-wave-animation-main\src\com\components\GeneralFrame.java,com.components.GeneralFrame,startBtnActionPerformed/1[java.awt.event.ActionEvent],imageHelper,1
E:\OOD_Projects\ck-mvn-plugin\flat-wave-animation-main\src\com\components\GeneralFrame.java,com.components.GeneralFrame,startBtnActionPerformed/1[java.awt.event.ActionEvent],distortionRadiusValue,3
E:\OOD_Projects\ck-mvn-plugin\flat-wave-animation-main\src\com\components\GeneralFrame.java,com.components.GeneralFrame,initModePanel/0,modePanel,2
E:\OOD_Projects\ck-mvn-plugin\flat-wave-animation-main\src\com\components\GeneralFrame.java,com.components.GeneralFrame,initModePanel/0,radioButton1,5
E:\OOD_Projects\ck-mvn-plugin\flat-wave-animation-main\src\com\components\GeneralFrame.java,com.components.GeneralFrame,initModePanel/0,radioButton2,4
E:\OOD_Projects\ck-mvn-plugin\flat-wave-animation-main\src\com\components\GeneralFrame.java,com.components.GeneralFrame,onStopEnable/0,stopBtn,1
E:\OOD_Projects\ck-mvn-plugin\flat-wave-animation-main\src\com\components\GeneralFrame.java,com.components.GeneralFrame,onStopEnable/0,startBtn,1
E:\OOD_Projects\ck-mvn-plugin\flat-wave-animation-main\src\com\components\GeneralFrame.java,com.components.GeneralFrame,onStopEnable/0,radioButton1,1
E:\OOD_Projects\ck-mvn-plugin\flat-wave-animation-main\src\com\components\GeneralFrame.java,com.components.GeneralFrame,onStopEnable/0,radioButton2,1
E:\OOD_Projects\ck-mvn-plugin\flat-wave-animation-main\src\com\components\GeneralFrame.java,com.components.GeneralFrame,onStopEnable/0,selectFileBtn,1
E:\OOD_Projects\ck-mvn-plugin\flat-wave-animation-main\src\com\components\GeneralFrame.java,com.components.GeneralFrame,initControlButtons/0,stopBtn,3
E:\OOD_Projects\ck-mvn-plugin\flat-wave-animation-main\src\com\components\GeneralFrame.java,com.components.GeneralFrame,initControlButtons/0,startBtn,2
E:\OOD_Projects\ck-mvn-plugin\flat-wave-animation-main\src\com\components\GeneralFrame.java,com.components.GeneralFrame,initControlButtons/0,selectFileBtn,2
E:\OOD_Projects\ck-mvn-plugin\flat-wave-animation-main\src\com\components\GeneralFrame.java,com.components.GeneralFrame,initModeLayout/0,modePanel,2
E:\OOD_Projects\ck-mvn-plugin\flat-wave-animation-main\src\com\components\GeneralFrame.java,com.components.GeneralFrame,initModeLayout/0,radioButton1,2
E:\OOD_Projects\ck-mvn-plugin\flat-wave-animation-main\src\com\components\GeneralFrame.java,com.components.GeneralFrame,initModeLayout/0,radioButton2,2
E:\OOD_Projects\ck-mvn-plugin\flat-wave-animation-main\src\com\components\GeneralFrame.java,com.components.GeneralFrame,radioButton1ActionPerformed/1[java.awt.event.ActionEvent],mode,1
E:\OOD_Projects\ck-mvn-plugin\flat-wave-animation-main\src\com\components\GeneralFrame.java,com.components.GeneralFrame,initSliderPanel/0,slidersPanel,2
E:\OOD_Projects\ck-mvn-plugin\flat-wave-animation-main\src\com\components\GeneralFrame.java,com.components.GeneralFrame,initSliderPanel/0,speedSlider,5
E:\OOD_Projects\ck-mvn-plugin\flat-wave-animation-main\src\com\components\GeneralFrame.java,com.components.GeneralFrame,initSliderPanel/0,delayValue,1
E:\OOD_Projects\ck-mvn-plugin\flat-wave-animation-main\src\com\components\GeneralFrame.java,com.components.GeneralFrame,initSliderPanel/0,distortionRadiusSlider,5
E:\OOD_Projects\ck-mvn-plugin\flat-wave-animation-main\src\com\components\GeneralFrame.java,com.components.GeneralFrame,initSliderPanel/0,speedValue,1
E:\OOD_Projects\ck-mvn-plugin\flat-wave-animation-main\src\com\components\GeneralFrame.java,com.components.GeneralFrame,initSliderPanel/0,delayLabel,1
E:\OOD_Projects\ck-mvn-plugin\flat-wave-animation-main\src\com\components\GeneralFrame.java,com.components.GeneralFrame,initSliderPanel/0,delaySlider,5
E:\OOD_Projects\ck-mvn-plugin\flat-wave-animation-main\src\com\components\GeneralFrame.java,com.components.GeneralFrame,initSliderPanel/0,speedLabel,1
E:\OOD_Projects\ck-mvn-plugin\flat-wave-animation-main\src\com\components\GeneralFrame.java,com.components.GeneralFrame,initSliderPanel/0,distortionRadiusValue,1
E:\OOD_Projects\ck-mvn-plugin\flat-wave-animation-main\src\com\components\GeneralFrame.java,com.components.GeneralFrame,initSliderPanel/0,distortionRadiusLabel,1
