file,class,method,variable,usage
E:\OOD_Projects\ck-mvn-plugin\flat-wave-animation-main\src\com\components\GeneralFrame.java,com.components.GeneralFrame$Anonymous5,actionPerformed/1[java.awt.event.ActionEvent],evt,1
E:\OOD_Projects\ck-mvn-plugin\flat-wave-animation-main\src\com\components\ScoreLabel.java,com.components.ScoreLabel,setScore/1[int],score,2
E:\OOD_Projects\ck-mvn-plugin\flat-wave-animation-main\src\com\components\ScoreLabel.java,com.components.ScoreLabel,setAngle/1[double],angle,2
E:\OOD_Projects\ck-mvn-plugin\flat-wave-animation-main\src\com\components\ScoreLabel.java,com.components.ScoreLabel,setCorner/1[java.lang.String],corner,2
E:\OOD_Projects\ck-mvn-plugin\flat-wave-animation-main\src\com\utils\ImageHelper.java,com.utils.ImageHelper,ImageHelper/1[java.lang.String],path,1
E:\OOD_Projects\ck-mvn-plugin\flat-wave-animation-main\src\com\utils\ImageHelper.java,com.utils.ImageHelper,ImageHelper/1[java.lang.String],e,1
E:\OOD_Projects\ck-mvn-plugin\flat-wave-animation-main\src\com\utils\ImageHelper.java,com.utils.ImageHelper,"copyOfRGBArray/3[int[][][],int,int]",result,4
E:\OOD_Projects\ck-mvn-plugin\flat-wave-animation-main\src\com\utils\ImageHelper.java,com.utils.ImageHelper,"copyOfRGBArray/3[int[][][],int,int]",data,3
E:\OOD_Projects\ck-mvn-plugin\flat-wave-animation-main\src\com\utils\ImageHelper.java,com.utils.ImageHelper,"copyOfRGBArray/3[int[][][],int,int]",width,2
E:\OOD_Projects\ck-mvn-plugin\flat-wave-animation-main\src\com\utils\ImageHelper.java,com.utils.ImageHelper,"copyOfRGBArray/3[int[][][],int,int]",i,8
E:\OOD_Projects\ck-mvn-plugin\flat-wave-animation-main\src\com\utils\ImageHelper.java,com.utils.ImageHelper,"copyOfRGBArray/3[int[][][],int,int]",j,8
E:\OOD_Projects\ck-mvn-plugin\flat-wave-animation-main\src\com\utils\ImageHelper.java,com.utils.ImageHelper,"copyOfRGBArray/3[int[][][],int,int]",height,2
E:\OOD_Projects\ck-mvn-plugin\flat-wave-animation-main\src\com\utils\ImageHelper.java,com.utils.ImageHelper,get3dArray/0,red,1
E:\OOD_Projects\ck-mvn-plugin\flat-wave-animation-main\src\com\utils\ImageHelper.java,com.utils.ImageHelper,get3dArray/0,c,3
E:\OOD_Projects\ck-mvn-plugin\flat-wave-animation-main\src\com\utils\ImageHelper.java,com.utils.ImageHelper,get3dArray/0,green,1
E:\OOD_Projects\ck-mvn-plugin\flat-wave-animation-main\src\com\utils\ImageHelper.java,com.utils.ImageHelper,get3dArray/0,channels,1
E:\OOD_Projects\ck-mvn-plugin\flat-wave-animation-main\src\com\utils\ImageHelper.java,com.utils.ImageHelper,get3dArray/0,data,4
E:\OOD_Projects\ck-mvn-plugin\flat-wave-animation-main\src\com\utils\ImageHelper.java,com.utils.ImageHelper,get3dArray/0,blue,1
E:\OOD_Projects\ck-mvn-plugin\flat-wave-animation-main\src\com\utils\ImageHelper.java,com.utils.ImageHelper,get3dArray/0,x,6
E:\OOD_Projects\ck-mvn-plugin\flat-wave-animation-main\src\com\utils\ImageHelper.java,com.utils.ImageHelper,get3dArray/0,y,6
E:\OOD_Projects\ck-mvn-plugin\flat-wave-animation-main\src\com\utils\ImageHelper.java,com.utils.ImageHelper,"array3dToImage/3[int[][][],int,int]",image,2
E:\OOD_Projects\ck-mvn-plugin\flat-wave-animation-main\src\com\utils\ImageHelper.java,com.utils.ImageHelper,"array3dToImage/3[int[][][],int,int]",c,1
E:\OOD_Projects\ck-mvn-plugin\flat-wave-animation-main\src\com\utils\ImageHelper.java,com.utils.ImageHelper,"array3dToImage/3[int[][][],int,int]",data,3
E:\OOD_Projects\ck-mvn-plugin\flat-wave-animation-main\src\com\utils\ImageHelper.java,com.utils.ImageHelper,"array3dToImage/3[int[][][],int,int]",width,2
E:\OOD_Projects\ck-mvn-plugin\flat-wave-animation-main\src\com\utils\ImageHelper.java,com.utils.ImageHelper,"array3dToImage/3[int[][][],int,int]",x,6
E:\OOD_Projects\ck-mvn-plugin\flat-wave-animation-main\src\com\utils\ImageHelper.java,com.utils.ImageHelper,"array3dToImage/3[int[][][],int,int]",y,6
E:\OOD_Projects\ck-mvn-plugin\flat-wave-animation-main\src\com\utils\ImageHelper.java,com.utils.ImageHelper,"array3dToImage/3[int[][][],int,int]",height,2
E:\OOD_Projects\ck-mvn-plugin\flat-wave-animation-main\src\com\utils\ImageHelper.java,com.utils.ImageHelper,set3dArray/1[int[][][]],image,3
E:\OOD_Projects\ck-mvn-plugin\flat-wave-animation-main\src\com\utils\ImageHelper.java,com.utils.ImageHelper,set3dArray/1[int[][][]],c,1
E:\OOD_Projects\ck-mvn-plugin\flat-wave-animation-main\src\com\utils\ImageHelper.java,com.utils.ImageHelper,set3dArray/1[int[][][]],data,3
E:\OOD_Projects\ck-mvn-plugin\flat-wave-animation-main\src\com\utils\ImageHelper.java,com.utils.ImageHelper,set3dArray/1[int[][][]],x,6
E:\OOD_Projects\ck-mvn-plugin\flat-wave-animation-main\src\com\utils\ImageHelper.java,com.utils.ImageHelper,set3dArray/1[int[][][]],y,6
E:\OOD_Projects\ck-mvn-plugin\flat-wave-animation-main\src\com\utils\ImageHelper.java,com.utils.ImageHelper,setImage/1[java.awt.image.BufferedImage],image,2
E:\OOD_Projects\ck-mvn-plugin\flat-wave-animation-main\src\com\components\GeneralFrame.java,com.components.GeneralFrame$Anonymous6,stateChanged/1[javax.swing.event.ChangeEvent],e,1
E:\OOD_Projects\ck-mvn-plugin\flat-wave-animation-main\src\com\components\GeneralFrame.java,com.components.GeneralFrame$Anonymous7,stateChanged/1[javax.swing.event.ChangeEvent],e,1
E:\OOD_Projects\ck-mvn-plugin\flat-wave-animation-main\src\com\components\GeneralFrame.java,com.components.GeneralFrame$Anonymous8,stateChanged/1[javax.swing.event.ChangeEvent],e,1
E:\OOD_Projects\ck-mvn-plugin\flat-wave-animation-main\src\com\components\GeneralFrame.java,com.components.GeneralFrame$Anonymous1,actionPerformed/1[java.awt.event.ActionEvent],actionEvent,1
E:\OOD_Projects\ck-mvn-plugin\flat-wave-animation-main\src\com\components\GeneralFrame.java,com.components.GeneralFrame$Anonymous2,actionPerformed/1[java.awt.event.ActionEvent],actionEvent,1
E:\OOD_Projects\ck-mvn-plugin\flat-wave-animation-main\src\com\components\GeneralFrame.java,com.components.GeneralFrame$Anonymous3,actionPerformed/1[java.awt.event.ActionEvent],actionEvent,1
E:\OOD_Projects\ck-mvn-plugin\flat-wave-animation-main\src\com\components\GeneralFrame.java,com.components.GeneralFrame$Anonymous4,actionPerformed/1[java.awt.event.ActionEvent],evt,1
E:\OOD_Projects\ck-mvn-plugin\flat-wave-animation-main\src\com\animation\sequential\DistortionSequential.java,com.animation.sequential.DistortionSequential,"distorImage/4[int[][][],int,int,java.util.ArrayList<int[]>]",a,7
E:\OOD_Projects\ck-mvn-plugin\flat-wave-animation-main\src\com\animation\sequential\DistortionSequential.java,com.animation.sequential.DistortionSequential,"distorImage/4[int[][][],int,int,java.util.ArrayList<int[]>]",maxY,3
E:\OOD_Projects\ck-mvn-plugin\flat-wave-animation-main\src\com\animation\sequential\DistortionSequential.java,com.animation.sequential.DistortionSequential,"distorImage/4[int[][][],int,int,java.util.ArrayList<int[]>]",y_,5
E:\OOD_Projects\ck-mvn-plugin\flat-wave-animation-main\src\com\animation\sequential\DistortionSequential.java,com.animation.sequential.DistortionSequential,"distorImage/4[int[][][],int,int,java.util.ArrayList<int[]>]",maxX,3
E:\OOD_Projects\ck-mvn-plugin\flat-wave-animation-main\src\com\animation\sequential\DistortionSequential.java,com.animation.sequential.DistortionSequential,"distorImage/4[int[][][],int,int,java.util.ArrayList<int[]>]",x_,5
E:\OOD_Projects\ck-mvn-plugin\flat-wave-animation-main\src\com\animation\sequential\DistortionSequential.java,com.animation.sequential.DistortionSequential,"distorImage/4[int[][][],int,int,java.util.ArrayList<int[]>]",distortionRadiusValueLocal,6
E:\OOD_Projects\ck-mvn-plugin\flat-wave-animation-main\src\com\animation\sequential\DistortionSequential.java,com.animation.sequential.DistortionSequential,"distorImage/4[int[][][],int,int,java.util.ArrayList<int[]>]",point,2
E:\OOD_Projects\ck-mvn-plugin\flat-wave-animation-main\src\com\animation\sequential\DistortionSequential.java,com.animation.sequential.DistortionSequential,"distorImage/4[int[][][],int,int,java.util.ArrayList<int[]>]",points,5
E:\OOD_Projects\ck-mvn-plugin\flat-wave-animation-main\src\com\animation\sequential\DistortionSequential.java,com.animation.sequential.DistortionSequential,"distorImage/4[int[][][],int,int,java.util.ArrayList<int[]>]",random,1
E:\OOD_Projects\ck-mvn-plugin\flat-wave-animation-main\src\com\animation\sequential\DistortionSequential.java,com.animation.sequential.DistortionSequential,"distorImage/4[int[][][],int,int,java.util.ArrayList<int[]>]",array3d,7
E:\OOD_Projects\ck-mvn-plugin\flat-wave-animation-main\src\com\animation\sequential\DistortionSequential.java,com.animation.sequential.DistortionSequential,"distorImage/4[int[][][],int,int,java.util.ArrayList<int[]>]",minY,3
E:\OOD_Projects\ck-mvn-plugin\flat-wave-animation-main\src\com\animation\sequential\DistortionSequential.java,com.animation.sequential.DistortionSequential,"distorImage/4[int[][][],int,int,java.util.ArrayList<int[]>]",minX,3
E:\OOD_Projects\ck-mvn-plugin\flat-wave-animation-main\src\com\animation\sequential\DistortionSequential.java,com.animation.sequential.DistortionSequential,"distorImage/4[int[][][],int,int,java.util.ArrayList<int[]>]",skipPoint,2
E:\OOD_Projects\ck-mvn-plugin\flat-wave-animation-main\src\com\animation\sequential\DistortionSequential.java,com.animation.sequential.DistortionSequential,"distorImage/4[int[][][],int,int,java.util.ArrayList<int[]>]",width,3
E:\OOD_Projects\ck-mvn-plugin\flat-wave-animation-main\src\com\animation\sequential\DistortionSequential.java,com.animation.sequential.DistortionSequential,"distorImage/4[int[][][],int,int,java.util.ArrayList<int[]>]",x,8
E:\OOD_Projects\ck-mvn-plugin\flat-wave-animation-main\src\com\animation\sequential\DistortionSequential.java,com.animation.sequential.DistortionSequential,"distorImage/4[int[][][],int,int,java.util.ArrayList<int[]>]",y,8
E:\OOD_Projects\ck-mvn-plugin\flat-wave-animation-main\src\com\animation\sequential\DistortionSequential.java,com.animation.sequential.DistortionSequential,"distorImage/4[int[][][],int,int,java.util.ArrayList<int[]>]",distortionRadiusValueSquareLocal,1
E:\OOD_Projects\ck-mvn-plugin\flat-wave-animation-main\src\com\animation\sequential\DistortionSequential.java,com.animation.sequential.DistortionSequential,"distorImage/4[int[][][],int,int,java.util.ArrayList<int[]>]",height,3
E:\OOD_Projects\ck-mvn-plugin\flat-wave-animation-main\src\com\utils\CornerPosition.java,com.utils.CornerPosition,CornerPosition/1[java.lang.String],position,2
E:\OOD_Projects\ck-mvn-plugin\flat-wave-animation-main\src\com\utils\WaveFunction.java,com.utils.WaveFunction,"getLinearValue/3[double,int,double]",c,1
E:\OOD_Projects\ck-mvn-plugin\flat-wave-animation-main\src\com\utils\WaveFunction.java,com.utils.WaveFunction,"getLinearValue/3[double,int,double]",x,1
E:\OOD_Projects\ck-mvn-plugin\flat-wave-animation-main\src\com\utils\WaveFunction.java,com.utils.WaveFunction,"getLinearValue/3[double,int,double]",k,1
E:\OOD_Projects\ck-mvn-plugin\flat-wave-animation-main\src\com\Main.java,com.Main,main/1[java.lang.String[]],args,0
E:\OOD_Projects\ck-mvn-plugin\flat-wave-animation-main\src\com\Main.java,com.Main,main/1[java.lang.String[]],frame,2
E:\OOD_Projects\ck-mvn-plugin\flat-wave-animation-main\src\com\animation\parallel\DistortionStageForkJoin.java,com.animation.parallel.DistortionStageForkJoin,compute/0,result,2
E:\OOD_Projects\ck-mvn-plugin\flat-wave-animation-main\src\com\animation\parallel\DistortionStageForkJoin.java,com.animation.parallel.DistortionStageForkJoin,compute/0,skipPoint,2
E:\OOD_Projects\ck-mvn-plugin\flat-wave-animation-main\src\com\animation\parallel\DistortionStageForkJoin.java,com.animation.parallel.DistortionStageForkJoin,compute/0,y_,3
E:\OOD_Projects\ck-mvn-plugin\flat-wave-animation-main\src\com\animation\parallel\DistortionStageForkJoin.java,com.animation.parallel.DistortionStageForkJoin,compute/0,x_,3
E:\OOD_Projects\ck-mvn-plugin\flat-wave-animation-main\src\com\animation\parallel\DistortionStageForkJoin.java,com.animation.parallel.DistortionStageForkJoin,compute/0,y,6
E:\OOD_Projects\ck-mvn-plugin\flat-wave-animation-main\src\com\animation\parallel\DistortionStageForkJoin.java,com.animation.parallel.DistortionStageForkJoin,compute/0,distortionRadiusValueSquareLocal,1
E:\OOD_Projects\ck-mvn-plugin\flat-wave-animation-main\src\com\animation\parallel\DistortionStageForkJoin.java,com.animation.parallel.DistortionStageForkJoin,compute/0,distortionRadiusValueLocal,2
E:\OOD_Projects\ck-mvn-plugin\flat-wave-animation-main\src\com\animation\parallel\DistortionStageForkJoin.java,com.animation.parallel.DistortionStageForkJoin,compute/0,point,2
E:\OOD_Projects\ck-mvn-plugin\flat-wave-animation-main\src\com\animation\parallel\DistortionStageForkJoin.java,com.animation.parallel.DistortionStageForkJoin,"DistortionStageForkJoin/6[int,java.util.ArrayList<int[]>,int,int,int,int]",minY,2
E:\OOD_Projects\ck-mvn-plugin\flat-wave-animation-main\src\com\animation\parallel\DistortionStageForkJoin.java,com.animation.parallel.DistortionStageForkJoin,"DistortionStageForkJoin/6[int,java.util.ArrayList<int[]>,int,int,int,int]",maxY,2
E:\OOD_Projects\ck-mvn-plugin\flat-wave-animation-main\src\com\animation\parallel\DistortionStageForkJoin.java,com.animation.parallel.DistortionStageForkJoin,"DistortionStageForkJoin/6[int,java.util.ArrayList<int[]>,int,int,int,int]",x,2
E:\OOD_Projects\ck-mvn-plugin\flat-wave-animation-main\src\com\animation\parallel\DistortionStageForkJoin.java,com.animation.parallel.DistortionStageForkJoin,"DistortionStageForkJoin/6[int,java.util.ArrayList<int[]>,int,int,int,int]",width,2
E:\OOD_Projects\ck-mvn-plugin\flat-wave-animation-main\src\com\animation\parallel\DistortionStageForkJoin.java,com.animation.parallel.DistortionStageForkJoin,"DistortionStageForkJoin/6[int,java.util.ArrayList<int[]>,int,int,int,int]",points,2
E:\OOD_Projects\ck-mvn-plugin\flat-wave-animation-main\src\com\animation\parallel\DistortionStageForkJoin.java,com.animation.parallel.DistortionStageForkJoin,"DistortionStageForkJoin/6[int,java.util.ArrayList<int[]>,int,int,int,int]",height,2
E:\OOD_Projects\ck-mvn-plugin\flat-wave-animation-main\src\com\animation\WaveAnimation.java,com.animation.WaveAnimation,getRandomCornerPixel/0,result,2
E:\OOD_Projects\ck-mvn-plugin\flat-wave-animation-main\src\com\animation\WaveAnimation.java,com.animation.WaveAnimation,getRandomCornerPixel/0,index,1
E:\OOD_Projects\ck-mvn-plugin\flat-wave-animation-main\src\com\animation\WaveAnimation.java,com.animation.WaveAnimation,getRandomCornerPixel/0,value,1
E:\OOD_Projects\ck-mvn-plugin\flat-wave-animation-main\src\com\animation\WaveAnimation.java,com.animation.WaveAnimation,getRandomCornerPixel/0,key,2
E:\OOD_Projects\ck-mvn-plugin\flat-wave-animation-main\src\com\animation\WaveAnimation.java,com.animation.WaveAnimation,"WaveAnimation/5[com.components.GeneralFrame,javax.swing.JLabel,com.utils.ImageHelper,com.components.ScoreLabel,com.utils.Mode]",mode,2
E:\OOD_Projects\ck-mvn-plugin\flat-wave-animation-main\src\com\animation\WaveAnimation.java,com.animation.WaveAnimation,"WaveAnimation/5[com.components.GeneralFrame,javax.swing.JLabel,com.utils.ImageHelper,com.components.ScoreLabel,com.utils.Mode]",scoreLabel,2
E:\OOD_Projects\ck-mvn-plugin\flat-wave-animation-main\src\com\animation\WaveAnimation.java,com.animation.WaveAnimation,"WaveAnimation/5[com.components.GeneralFrame,javax.swing.JLabel,com.utils.ImageHelper,com.components.ScoreLabel,com.utils.Mode]",jLabel,2
E:\OOD_Projects\ck-mvn-plugin\flat-wave-animation-main\src\com\animation\WaveAnimation.java,com.animation.WaveAnimation,"WaveAnimation/5[com.components.GeneralFrame,javax.swing.JLabel,com.utils.ImageHelper,com.components.ScoreLabel,com.utils.Mode]",imageHelper,6
E:\OOD_Projects\ck-mvn-plugin\flat-wave-animation-main\src\com\animation\WaveAnimation.java,com.animation.WaveAnimation,"WaveAnimation/5[com.components.GeneralFrame,javax.swing.JLabel,com.utils.ImageHelper,com.components.ScoreLabel,com.utils.Mode]",frame,2
E:\OOD_Projects\ck-mvn-plugin\flat-wave-animation-main\src\com\animation\WaveAnimation.java,com.animation.WaveAnimation,startAnimation/0,tan,4
E:\OOD_Projects\ck-mvn-plugin\flat-wave-animation-main\src\com\animation\WaveAnimation.java,com.animation.WaveAnimation,startAnimation/0,c,3
E:\OOD_Projects\ck-mvn-plugin\flat-wave-animation-main\src\com\animation\WaveAnimation.java,com.animation.WaveAnimation,startAnimation/0,distorImageArray,2
E:\OOD_Projects\ck-mvn-plugin\flat-wave-animation-main\src\com\animation\WaveAnimation.java,com.animation.WaveAnimation,startAnimation/0,speedValueLocal,2
E:\OOD_Projects\ck-mvn-plugin\flat-wave-animation-main\src\com\animation\WaveAnimation.java,com.animation.WaveAnimation,startAnimation/0,e,1
E:\OOD_Projects\ck-mvn-plugin\flat-wave-animation-main\src\com\animation\WaveAnimation.java,com.animation.WaveAnimation,startAnimation/0,randomCorner,2
E:\OOD_Projects\ck-mvn-plugin\flat-wave-animation-main\src\com\animation\WaveAnimation.java,com.animation.WaveAnimation,startAnimation/0,sign,2
E:\OOD_Projects\ck-mvn-plugin\flat-wave-animation-main\src\com\animation\WaveAnimation.java,com.animation.WaveAnimation,startAnimation/0,speed,2
E:\OOD_Projects\ck-mvn-plugin\flat-wave-animation-main\src\com\animation\WaveAnimation.java,com.animation.WaveAnimation,startAnimation/0,currentCornerPixels,3
E:\OOD_Projects\ck-mvn-plugin\flat-wave-animation-main\src\com\animation\WaveAnimation.java,com.animation.WaveAnimation,startAnimation/0,angleRadians,2
E:\OOD_Projects\ck-mvn-plugin\flat-wave-animation-main\src\com\animation\WaveAnimation.java,com.animation.WaveAnimation,startAnimation/0,originalImageArray,1
E:\OOD_Projects\ck-mvn-plugin\flat-wave-animation-main\src\com\animation\WaveAnimation.java,com.animation.WaveAnimation,startAnimation/0,corner,5
E:\OOD_Projects\ck-mvn-plugin\flat-wave-animation-main\src\com\animation\WaveAnimation.java,com.animation.WaveAnimation,startAnimation/0,keyPoints,3
E:\OOD_Projects\ck-mvn-plugin\flat-wave-animation-main\src\com\animation\WaveAnimation.java,com.animation.WaveAnimation,startAnimation/0,angle,4
E:\OOD_Projects\ck-mvn-plugin\flat-wave-animation-main\src\com\animation\WaveAnimation.java,com.animation.WaveAnimation,startAnimation/0,step,3
E:\OOD_Projects\ck-mvn-plugin\flat-wave-animation-main\src\com\animation\WaveAnimation.java,com.animation.WaveAnimation,startAnimation/0,distorImg,3
E:\OOD_Projects\ck-mvn-plugin\flat-wave-animation-main\src\com\animation\WaveAnimation.java,com.animation.WaveAnimation,"buildWaveFunctionKeyPoints/4[int,double,double,com.utils.CornerPosition]",tan,1
E:\OOD_Projects\ck-mvn-plugin\flat-wave-animation-main\src\com\animation\WaveAnimation.java,com.animation.WaveAnimation,"buildWaveFunctionKeyPoints/4[int,double,double,com.utils.CornerPosition]",xCurrent,3
E:\OOD_Projects\ck-mvn-plugin\flat-wave-animation-main\src\com\animation\WaveAnimation.java,com.animation.WaveAnimation,"buildWaveFunctionKeyPoints/4[int,double,double,com.utils.CornerPosition]",yCurrent,3
E:\OOD_Projects\ck-mvn-plugin\flat-wave-animation-main\src\com\animation\WaveAnimation.java,com.animation.WaveAnimation,"buildWaveFunctionKeyPoints/4[int,double,double,com.utils.CornerPosition]",c,1
E:\OOD_Projects\ck-mvn-plugin\flat-wave-animation-main\src\com\animation\WaveAnimation.java,com.animation.WaveAnimation,"buildWaveFunctionKeyPoints/4[int,double,double,com.utils.CornerPosition]",corner,0
E:\OOD_Projects\ck-mvn-plugin\flat-wave-animation-main\src\com\animation\WaveAnimation.java,com.animation.WaveAnimation,"buildWaveFunctionKeyPoints/4[int,double,double,com.utils.CornerPosition]",x,4
E:\OOD_Projects\ck-mvn-plugin\flat-wave-animation-main\src\com\animation\WaveAnimation.java,com.animation.WaveAnimation,"buildWaveFunctionKeyPoints/4[int,double,double,com.utils.CornerPosition]",step,1
E:\OOD_Projects\ck-mvn-plugin\flat-wave-animation-main\src\com\animation\WaveAnimation.java,com.animation.WaveAnimation,"buildWaveFunctionKeyPoints/4[int,double,double,com.utils.CornerPosition]",points,2
E:\OOD_Projects\ck-mvn-plugin\flat-wave-animation-main\src\com\components\CanvasPanel.java,com.components.CanvasPanel,"CanvasPanel/2[int,int]",width,2
E:\OOD_Projects\ck-mvn-plugin\flat-wave-animation-main\src\com\components\CanvasPanel.java,com.components.CanvasPanel,"CanvasPanel/2[int,int]",height,2
E:\OOD_Projects\ck-mvn-plugin\flat-wave-animation-main\src\com\components\GeneralFrame.java,com.components.GeneralFrame,initGeneralLayout/0,layout,15
E:\OOD_Projects\ck-mvn-plugin\flat-wave-animation-main\src\com\components\GeneralFrame.java,com.components.GeneralFrame,initSliderLayout/0,vGroup,2
E:\OOD_Projects\ck-mvn-plugin\flat-wave-animation-main\src\com\components\GeneralFrame.java,com.components.GeneralFrame,initSliderLayout/0,slidersPanelLayout,10
E:\OOD_Projects\ck-mvn-plugin\flat-wave-animation-main\src\com\components\GeneralFrame.java,com.components.GeneralFrame,initSliderLayout/0,hGroup,2
E:\OOD_Projects\ck-mvn-plugin\flat-wave-animation-main\src\com\components\GeneralFrame.java,com.components.GeneralFrame,selectFileBtnActionPerformed/1[java.awt.event.ActionEvent],evt,0
E:\OOD_Projects\ck-mvn-plugin\flat-wave-animation-main\src\com\components\GeneralFrame.java,com.components.GeneralFrame,selectFileBtnActionPerformed/1[java.awt.event.ActionEvent],f,1
E:\OOD_Projects\ck-mvn-plugin\flat-wave-animation-main\src\com\components\GeneralFrame.java,com.components.GeneralFrame,selectFileBtnActionPerformed/1[java.awt.event.ActionEvent],chooser,2
E:\OOD_Projects\ck-mvn-plugin\flat-wave-animation-main\src\com\components\GeneralFrame.java,com.components.GeneralFrame,radioButton2ActionPerformed/1[java.awt.event.ActionEvent],evt,0
E:\OOD_Projects\ck-mvn-plugin\flat-wave-animation-main\src\com\components\GeneralFrame.java,com.components.GeneralFrame,initCanvasPanel/0,cp,3
E:\OOD_Projects\ck-mvn-plugin\flat-wave-animation-main\src\com\components\GeneralFrame.java,com.components.GeneralFrame,startBtnActionPerformed/1[java.awt.event.ActionEvent],evt,0
E:\OOD_Projects\ck-mvn-plugin\flat-wave-animation-main\src\com\components\GeneralFrame.java,com.components.GeneralFrame,startBtnActionPerformed/1[java.awt.event.ActionEvent],wa,1
E:\OOD_Projects\ck-mvn-plugin\flat-wave-animation-main\src\com\components\GeneralFrame.java,com.components.GeneralFrame,initModePanel/0,buttonGroup,3
E:\OOD_Projects\ck-mvn-plugin\flat-wave-animation-main\src\com\components\GeneralFrame.java,com.components.GeneralFrame,initModePanel/0,tbf,2
E:\OOD_Projects\ck-mvn-plugin\flat-wave-animation-main\src\com\components\GeneralFrame.java,com.components.GeneralFrame,initModeLayout/0,vGroup,2
E:\OOD_Projects\ck-mvn-plugin\flat-wave-animation-main\src\com\components\GeneralFrame.java,com.components.GeneralFrame,initModeLayout/0,hGroup,2
E:\OOD_Projects\ck-mvn-plugin\flat-wave-animation-main\src\com\components\GeneralFrame.java,com.components.GeneralFrame,initModeLayout/0,modePanelLayout,7
E:\OOD_Projects\ck-mvn-plugin\flat-wave-animation-main\src\com\components\GeneralFrame.java,com.components.GeneralFrame,radioButton1ActionPerformed/1[java.awt.event.ActionEvent],evt,0
E:\OOD_Projects\ck-mvn-plugin\flat-wave-animation-main\src\com\components\GeneralFrame.java,com.components.GeneralFrame,stopBtnActionPerformed/1[java.awt.event.ActionEvent],evt,0
E:\OOD_Projects\ck-mvn-plugin\flat-wave-animation-main\src\com\components\GeneralFrame.java,com.components.GeneralFrame,initSliderPanel/0,tbf,2
E:\OOD_Projects\ck-mvn-plugin\flat-wave-animation-main\src\com\animation\parallel\DistortionParallel.java,com.animation.parallel.DistortionParallel,"distorImage/4[int[][][],int,int,java.util.ArrayList<int[]>]",a,7
E:\OOD_Projects\ck-mvn-plugin\flat-wave-animation-main\src\com\animation\parallel\DistortionParallel.java,com.animation.parallel.DistortionParallel,"distorImage/4[int[][][],int,int,java.util.ArrayList<int[]>]",maxY,3
E:\OOD_Projects\ck-mvn-plugin\flat-wave-animation-main\src\com\animation\parallel\DistortionParallel.java,com.animation.parallel.DistortionParallel,"distorImage/4[int[][][],int,int,java.util.ArrayList<int[]>]",maxX,3
E:\OOD_Projects\ck-mvn-plugin\flat-wave-animation-main\src\com\animation\parallel\DistortionParallel.java,com.animation.parallel.DistortionParallel,"distorImage/4[int[][][],int,int,java.util.ArrayList<int[]>]",distortionRadiusValueLocal,4
E:\OOD_Projects\ck-mvn-plugin\flat-wave-animation-main\src\com\animation\parallel\DistortionParallel.java,com.animation.parallel.DistortionParallel,"distorImage/4[int[][][],int,int,java.util.ArrayList<int[]>]",point,12
E:\OOD_Projects\ck-mvn-plugin\flat-wave-animation-main\src\com\animation\parallel\DistortionParallel.java,com.animation.parallel.DistortionParallel,"distorImage/4[int[][][],int,int,java.util.ArrayList<int[]>]",points,5
E:\OOD_Projects\ck-mvn-plugin\flat-wave-animation-main\src\com\animation\parallel\DistortionParallel.java,com.animation.parallel.DistortionParallel,"distorImage/4[int[][][],int,int,java.util.ArrayList<int[]>]",result,1
E:\OOD_Projects\ck-mvn-plugin\flat-wave-animation-main\src\com\animation\parallel\DistortionParallel.java,com.animation.parallel.DistortionParallel,"distorImage/4[int[][][],int,int,java.util.ArrayList<int[]>]",array3d,7
E:\OOD_Projects\ck-mvn-plugin\flat-wave-animation-main\src\com\animation\parallel\DistortionParallel.java,com.animation.parallel.DistortionParallel,"distorImage/4[int[][][],int,int,java.util.ArrayList<int[]>]",task,4
E:\OOD_Projects\ck-mvn-plugin\flat-wave-animation-main\src\com\animation\parallel\DistortionParallel.java,com.animation.parallel.DistortionParallel,"distorImage/4[int[][][],int,int,java.util.ArrayList<int[]>]",minY,3
E:\OOD_Projects\ck-mvn-plugin\flat-wave-animation-main\src\com\animation\parallel\DistortionParallel.java,com.animation.parallel.DistortionParallel,"distorImage/4[int[][][],int,int,java.util.ArrayList<int[]>]",minX,3
E:\OOD_Projects\ck-mvn-plugin\flat-wave-animation-main\src\com\animation\parallel\DistortionParallel.java,com.animation.parallel.DistortionParallel,"distorImage/4[int[][][],int,int,java.util.ArrayList<int[]>]",width,3
E:\OOD_Projects\ck-mvn-plugin\flat-wave-animation-main\src\com\animation\parallel\DistortionParallel.java,com.animation.parallel.DistortionParallel,"distorImage/4[int[][][],int,int,java.util.ArrayList<int[]>]",x,3
E:\OOD_Projects\ck-mvn-plugin\flat-wave-animation-main\src\com\animation\parallel\DistortionParallel.java,com.animation.parallel.DistortionParallel,"distorImage/4[int[][][],int,int,java.util.ArrayList<int[]>]",tasks,2
E:\OOD_Projects\ck-mvn-plugin\flat-wave-animation-main\src\com\animation\parallel\DistortionParallel.java,com.animation.parallel.DistortionParallel,"distorImage/4[int[][][],int,int,java.util.ArrayList<int[]>]",height,3
