file,class,type,cbo,cboModified,fanin,fanout,wmc,dit,noc,rfc,lcom,lcom*,tcc,lcc,totalMethodsQty,staticMethodsQty,publicMethodsQty,privateMethodsQty,protectedMethodsQty,defaultMethodsQty,visibleMethodsQty,abstractMethodsQty,finalMethodsQty,synchronizedMethodsQty,totalFieldsQty,staticFieldsQty,publicFieldsQty,privateFieldsQty,protectedFieldsQty,defaultFieldsQty,finalFieldsQty,synchronizedFieldsQty,nosi,loc,returnQty,loopQty,comparisonsQty,tryCatchQty,parenthesizedExpsQty,stringLiteralsQty,numbersQty,assignmentsQty,mathOperationsQty,variablesQty,maxNestedBlocksQty,anonymousClassesQty,innerClassesQty,lambdasQty,uniqueWordsQty,modifiers,logStatementsQty
E:\OOD_Projects\ck-mvn-plugin\Tetris-The-Game-main\Source Code\BoardPanel.java,BoardPanel,class,3,6,3,3,53,5,0,40,18,0.8657408,0.6666667,0.6666667,12,0,6,6,0,0,6,0,0,0,18,16,8,10,0,0,16,0,0,169,9,20,2,0,6,8,50,51,66,47,5,0,0,0,177,1,0
E:\OOD_Projects\ck-mvn-plugin\Tetris-The-Game-main\Source Code\SidePanel.java,SidePanel,class,3,5,2,3,9,5,0,23,0,0.6666667,1.0,1.0,3,0,2,1,0,0,2,0,0,0,16,15,0,16,0,0,15,0,0,74,0,3,1,0,9,13,31,37,36,28,4,0,0,0,124,1,0
E:\OOD_Projects\ck-mvn-plugin\Tetris-The-Game-main\Source Code\Tetris.java,Tetris,class,5,9,4,5,31,6,0,34,73,0.83918124,0.0,0.0,18,1,11,7,0,0,11,0,0,0,19,3,0,19,0,0,3,0,6,216,10,1,0,1,4,1,18,42,21,29,3,1,0,0,177,1,0
E:\OOD_Projects\ck-mvn-plugin\Tetris-The-Game-main\Source Code\Tetris.java,Tetris$Anonymous1,anonymous,3,3,0,3,24,1,0,7,1,0.0,0.0,0.0,2,0,2,0,0,0,2,0,0,0,0,0,0,0,0,0,0,0,0,50,0,0,3,0,2,0,10,1,4,0,2,0,0,0,21,-1,0
E:\OOD_Projects\ck-mvn-plugin\Tetris-The-Game-main\Source Code\TileType.java,TileType,enum,2,6,4,2,26,1,0,4,35,0.8174603,0.1923077,0.1923077,14,0,13,1,0,0,13,0,0,0,9,0,0,9,0,0,0,0,0,96,17,8,0,0,1,0,41,17,8,17,3,0,0,0,111,1,0
E:\OOD_Projects\ck-mvn-plugin\Tetris-The-Game-main\Source Code\Clock.java,Clock,class,1,4,3,1,12,1,0,5,12,0.6888889,0.42857143,0.75,9,1,8,1,0,0,8,0,1,0,5,0,0,5,0,0,0,0,4,48,5,0,0,0,4,0,7,11,7,7,1,0,0,0,115,1,0
