file,class,method,variable,usage
E:\OOD_Projects\ck-mvn-plugin\Tetris-The-Game-main\Source Code\BoardPanel.java,BoardPanel,paintComponent/1[java.awt.Graphics],SMALL_FONT,1
E:\OOD_Projects\ck-mvn-plugin\Tetris-The-Game-main\Source Code\BoardPanel.java,BoardPanel,paintComponent/1[java.awt.Graphics],LARGE_FONT,2
E:\OOD_Projects\ck-mvn-plugin\Tetris-The-Game-main\Source Code\BoardPanel.java,BoardPanel,paintComponent/1[java.awt.Graphics],COL_COUNT,4
E:\OOD_Projects\ck-mvn-plugin\Tetris-The-Game-main\Source Code\BoardPanel.java,BoardPanel,paintComponent/1[java.awt.Graphics],TILE_SIZE,14
E:\OOD_Projects\ck-mvn-plugin\Tetris-The-Game-main\Source Code\BoardPanel.java,BoardPanel,paintComponent/1[java.awt.Graphics],VISIBLE_ROW_COUNT,3
E:\OOD_Projects\ck-mvn-plugin\Tetris-The-Game-main\Source Code\BoardPanel.java,BoardPanel,paintComponent/1[java.awt.Graphics],ROW_COUNT,2
E:\OOD_Projects\ck-mvn-plugin\Tetris-The-Game-main\Source Code\BoardPanel.java,BoardPanel,paintComponent/1[java.awt.Graphics],CENTER_Y,1
E:\OOD_Projects\ck-mvn-plugin\Tetris-The-Game-main\Source Code\BoardPanel.java,BoardPanel,paintComponent/1[java.awt.Graphics],CENTER_X,3
E:\OOD_Projects\ck-mvn-plugin\Tetris-The-Game-main\Source Code\BoardPanel.java,BoardPanel,paintComponent/1[java.awt.Graphics],HIDDEN_ROW_COUNT,4
E:\OOD_Projects\ck-mvn-plugin\Tetris-The-Game-main\Source Code\BoardPanel.java,BoardPanel,paintComponent/1[java.awt.Graphics],tetris,9
E:\OOD_Projects\ck-mvn-plugin\Tetris-The-Game-main\Source Code\BoardPanel.java,BoardPanel,paintComponent/1[java.awt.Graphics],BORDER_WIDTH,2
E:\OOD_Projects\ck-mvn-plugin\Tetris-The-Game-main\Source Code\BoardPanel.java,BoardPanel,checkLines/0,ROW_COUNT,1
E:\OOD_Projects\ck-mvn-plugin\Tetris-The-Game-main\Source Code\BoardPanel.java,BoardPanel,clear/0,COL_COUNT,1
E:\OOD_Projects\ck-mvn-plugin\Tetris-The-Game-main\Source Code\BoardPanel.java,BoardPanel,clear/0,tiles,1
E:\OOD_Projects\ck-mvn-plugin\Tetris-The-Game-main\Source Code\BoardPanel.java,BoardPanel,clear/0,ROW_COUNT,1
E:\OOD_Projects\ck-mvn-plugin\Tetris-The-Game-main\Source Code\BoardPanel.java,BoardPanel,"setTile/3[int,int,TileType]",tiles,1
E:\OOD_Projects\ck-mvn-plugin\Tetris-The-Game-main\Source Code\BoardPanel.java,BoardPanel,checkLine/1[int],COL_COUNT,2
E:\OOD_Projects\ck-mvn-plugin\Tetris-The-Game-main\Source Code\BoardPanel.java,BoardPanel,"getTile/2[int,int]",tiles,1
E:\OOD_Projects\ck-mvn-plugin\Tetris-The-Game-main\Source Code\BoardPanel.java,BoardPanel,"isOccupied/2[int,int]",tiles,1
E:\OOD_Projects\ck-mvn-plugin\Tetris-The-Game-main\Source Code\BoardPanel.java,BoardPanel,"drawTile/6[java.awt.Color,java.awt.Color,java.awt.Color,int,int,java.awt.Graphics]",SHADE_WIDTH,5
E:\OOD_Projects\ck-mvn-plugin\Tetris-The-Game-main\Source Code\BoardPanel.java,BoardPanel,"drawTile/6[java.awt.Color,java.awt.Color,java.awt.Color,int,int,java.awt.Graphics]",TILE_SIZE,8
E:\OOD_Projects\ck-mvn-plugin\Tetris-The-Game-main\Source Code\BoardPanel.java,BoardPanel,BoardPanel/1[Tetris],tiles,1
E:\OOD_Projects\ck-mvn-plugin\Tetris-The-Game-main\Source Code\BoardPanel.java,BoardPanel,BoardPanel/1[Tetris],COL_COUNT,1
E:\OOD_Projects\ck-mvn-plugin\Tetris-The-Game-main\Source Code\BoardPanel.java,BoardPanel,BoardPanel/1[Tetris],PANEL_WIDTH,1
E:\OOD_Projects\ck-mvn-plugin\Tetris-The-Game-main\Source Code\BoardPanel.java,BoardPanel,BoardPanel/1[Tetris],ROW_COUNT,1
E:\OOD_Projects\ck-mvn-plugin\Tetris-The-Game-main\Source Code\BoardPanel.java,BoardPanel,BoardPanel/1[Tetris],tetris,4
E:\OOD_Projects\ck-mvn-plugin\Tetris-The-Game-main\Source Code\BoardPanel.java,BoardPanel,BoardPanel/1[Tetris],PANEL_HEIGHT,1
E:\OOD_Projects\ck-mvn-plugin\Tetris-The-Game-main\Source Code\BoardPanel.java,BoardPanel,"isValidAndEmpty/4[TileType,int,int,int]",COL_COUNT,1
E:\OOD_Projects\ck-mvn-plugin\Tetris-The-Game-main\Source Code\BoardPanel.java,BoardPanel,"isValidAndEmpty/4[TileType,int,int,int]",ROW_COUNT,1
E:\OOD_Projects\ck-mvn-plugin\Tetris-The-Game-main\Source Code\SidePanel.java,SidePanel,"drawTile/4[TileType,int,int,java.awt.Graphics]",SHADE_WIDTH,5
E:\OOD_Projects\ck-mvn-plugin\Tetris-The-Game-main\Source Code\SidePanel.java,SidePanel,"drawTile/4[TileType,int,int,java.awt.Graphics]",TILE_SIZE,8
E:\OOD_Projects\ck-mvn-plugin\Tetris-The-Game-main\Source Code\SidePanel.java,SidePanel,SidePanel/1[Tetris],tetris,4
E:\OOD_Projects\ck-mvn-plugin\Tetris-The-Game-main\Source Code\SidePanel.java,SidePanel,paintComponent/1[java.awt.Graphics],DRAW_COLOR,1
E:\OOD_Projects\ck-mvn-plugin\Tetris-The-Game-main\Source Code\SidePanel.java,SidePanel,paintComponent/1[java.awt.Graphics],LARGE_INSET,8
E:\OOD_Projects\ck-mvn-plugin\Tetris-The-Game-main\Source Code\SidePanel.java,SidePanel,paintComponent/1[java.awt.Graphics],SQUARE_CENTER_Y,2
E:\OOD_Projects\ck-mvn-plugin\Tetris-The-Game-main\Source Code\SidePanel.java,SidePanel,paintComponent/1[java.awt.Graphics],SQUARE_CENTER_X,2
E:\OOD_Projects\ck-mvn-plugin\Tetris-The-Game-main\Source Code\SidePanel.java,SidePanel,paintComponent/1[java.awt.Graphics],SQUARE_SIZE,4
E:\OOD_Projects\ck-mvn-plugin\Tetris-The-Game-main\Source Code\SidePanel.java,SidePanel,paintComponent/1[java.awt.Graphics],tetris,4
E:\OOD_Projects\ck-mvn-plugin\Tetris-The-Game-main\Source Code\SidePanel.java,SidePanel,paintComponent/1[java.awt.Graphics],SMALL_INSET,3
E:\OOD_Projects\ck-mvn-plugin\Tetris-The-Game-main\Source Code\SidePanel.java,SidePanel,paintComponent/1[java.awt.Graphics],SMALL_FONT,2
E:\OOD_Projects\ck-mvn-plugin\Tetris-The-Game-main\Source Code\SidePanel.java,SidePanel,paintComponent/1[java.awt.Graphics],LARGE_FONT,3
E:\OOD_Projects\ck-mvn-plugin\Tetris-The-Game-main\Source Code\SidePanel.java,SidePanel,paintComponent/1[java.awt.Graphics],STATS_INSET,1
E:\OOD_Projects\ck-mvn-plugin\Tetris-The-Game-main\Source Code\SidePanel.java,SidePanel,paintComponent/1[java.awt.Graphics],TILE_SIZE,4
E:\OOD_Projects\ck-mvn-plugin\Tetris-The-Game-main\Source Code\SidePanel.java,SidePanel,paintComponent/1[java.awt.Graphics],CONTROLS_INSET,1
E:\OOD_Projects\ck-mvn-plugin\Tetris-The-Game-main\Source Code\SidePanel.java,SidePanel,paintComponent/1[java.awt.Graphics],TEXT_STRIDE,8
E:\OOD_Projects\ck-mvn-plugin\Tetris-The-Game-main\Source Code\Tetris.java,Tetris,isGameOver/0,isGameOver,2
E:\OOD_Projects\ck-mvn-plugin\Tetris-The-Game-main\Source Code\Tetris.java,Tetris,startGame/0,random,1
E:\OOD_Projects\ck-mvn-plugin\Tetris-The-Game-main\Source Code\Tetris.java,Tetris,startGame/0,FRAME_TIME,2
E:\OOD_Projects\ck-mvn-plugin\Tetris-The-Game-main\Source Code\Tetris.java,Tetris,startGame/0,gameSpeed,2
E:\OOD_Projects\ck-mvn-plugin\Tetris-The-Game-main\Source Code\Tetris.java,Tetris,startGame/0,logicTimer,4
E:\OOD_Projects\ck-mvn-plugin\Tetris-The-Game-main\Source Code\Tetris.java,Tetris,startGame/0,dropCooldown,2
E:\OOD_Projects\ck-mvn-plugin\Tetris-The-Game-main\Source Code\Tetris.java,Tetris,startGame/0,isNewGame,1
E:\OOD_Projects\ck-mvn-plugin\Tetris-The-Game-main\Source Code\Tetris.java,Tetris,updateGame/0,currentCol,2
E:\OOD_Projects\ck-mvn-plugin\Tetris-The-Game-main\Source Code\Tetris.java,Tetris,updateGame/0,score,1
E:\OOD_Projects\ck-mvn-plugin\Tetris-The-Game-main\Source Code\Tetris.java,Tetris,updateGame/0,gameSpeed,3
E:\OOD_Projects\ck-mvn-plugin\Tetris-The-Game-main\Source Code\Tetris.java,Tetris,updateGame/0,currentType,2
E:\OOD_Projects\ck-mvn-plugin\Tetris-The-Game-main\Source Code\Tetris.java,Tetris,updateGame/0,level,1
E:\OOD_Projects\ck-mvn-plugin\Tetris-The-Game-main\Source Code\Tetris.java,Tetris,updateGame/0,currentRow,3
E:\OOD_Projects\ck-mvn-plugin\Tetris-The-Game-main\Source Code\Tetris.java,Tetris,updateGame/0,logicTimer,2
E:\OOD_Projects\ck-mvn-plugin\Tetris-The-Game-main\Source Code\Tetris.java,Tetris,updateGame/0,dropCooldown,1
E:\OOD_Projects\ck-mvn-plugin\Tetris-The-Game-main\Source Code\Tetris.java,Tetris,updateGame/0,currentRotation,2
E:\OOD_Projects\ck-mvn-plugin\Tetris-The-Game-main\Source Code\Tetris.java,Tetris,updateGame/0,board,3
E:\OOD_Projects\ck-mvn-plugin\Tetris-The-Game-main\Source Code\Tetris.java,Tetris,getPieceType/0,currentType,1
E:\OOD_Projects\ck-mvn-plugin\Tetris-The-Game-main\Source Code\Tetris.java,Tetris,spawnPiece/0,currentCol,2
E:\OOD_Projects\ck-mvn-plugin\Tetris-The-Game-main\Source Code\Tetris.java,Tetris,spawnPiece/0,random,1
E:\OOD_Projects\ck-mvn-plugin\Tetris-The-Game-main\Source Code\Tetris.java,Tetris,spawnPiece/0,isGameOver,1
E:\OOD_Projects\ck-mvn-plugin\Tetris-The-Game-main\Source Code\Tetris.java,Tetris,spawnPiece/0,currentType,4
E:\OOD_Projects\ck-mvn-plugin\Tetris-The-Game-main\Source Code\Tetris.java,Tetris,spawnPiece/0,currentRow,2
E:\OOD_Projects\ck-mvn-plugin\Tetris-The-Game-main\Source Code\Tetris.java,Tetris,spawnPiece/0,logicTimer,1
E:\OOD_Projects\ck-mvn-plugin\Tetris-The-Game-main\Source Code\Tetris.java,Tetris,spawnPiece/0,nextType,2
E:\OOD_Projects\ck-mvn-plugin\Tetris-The-Game-main\Source Code\Tetris.java,Tetris,spawnPiece/0,TYPE_COUNT,1
E:\OOD_Projects\ck-mvn-plugin\Tetris-The-Game-main\Source Code\Tetris.java,Tetris,spawnPiece/0,currentRotation,2
E:\OOD_Projects\ck-mvn-plugin\Tetris-The-Game-main\Source Code\Tetris.java,Tetris,spawnPiece/0,board,1
E:\OOD_Projects\ck-mvn-plugin\Tetris-The-Game-main\Source Code\Tetris.java,Tetris,rotatePiece/1[int],currentCol,6
E:\OOD_Projects\ck-mvn-plugin\Tetris-The-Game-main\Source Code\Tetris.java,Tetris,rotatePiece/1[int],currentType,9
E:\OOD_Projects\ck-mvn-plugin\Tetris-The-Game-main\Source Code\Tetris.java,Tetris,rotatePiece/1[int],currentRow,6
E:\OOD_Projects\ck-mvn-plugin\Tetris-The-Game-main\Source Code\Tetris.java,Tetris,rotatePiece/1[int],currentRotation,1
E:\OOD_Projects\ck-mvn-plugin\Tetris-The-Game-main\Source Code\Tetris.java,Tetris,rotatePiece/1[int],board,1
E:\OOD_Projects\ck-mvn-plugin\Tetris-The-Game-main\Source Code\Tetris.java,Tetris,getPieceRow/0,currentRow,1
E:\OOD_Projects\ck-mvn-plugin\Tetris-The-Game-main\Source Code\Tetris.java,Tetris,getScore/0,score,1
E:\OOD_Projects\ck-mvn-plugin\Tetris-The-Game-main\Source Code\Tetris.java,Tetris,isNewGame/0,isNewGame,2
E:\OOD_Projects\ck-mvn-plugin\Tetris-The-Game-main\Source Code\Tetris.java,Tetris,getNextPieceType/0,nextType,1
E:\OOD_Projects\ck-mvn-plugin\Tetris-The-Game-main\Source Code\Tetris.java,Tetris,resetGame/0,score,1
E:\OOD_Projects\ck-mvn-plugin\Tetris-The-Game-main\Source Code\Tetris.java,Tetris,resetGame/0,random,1
E:\OOD_Projects\ck-mvn-plugin\Tetris-The-Game-main\Source Code\Tetris.java,Tetris,resetGame/0,isGameOver,1
E:\OOD_Projects\ck-mvn-plugin\Tetris-The-Game-main\Source Code\Tetris.java,Tetris,resetGame/0,gameSpeed,2
E:\OOD_Projects\ck-mvn-plugin\Tetris-The-Game-main\Source Code\Tetris.java,Tetris,resetGame/0,level,1
E:\OOD_Projects\ck-mvn-plugin\Tetris-The-Game-main\Source Code\Tetris.java,Tetris,resetGame/0,logicTimer,2
E:\OOD_Projects\ck-mvn-plugin\Tetris-The-Game-main\Source Code\Tetris.java,Tetris,resetGame/0,nextType,1
E:\OOD_Projects\ck-mvn-plugin\Tetris-The-Game-main\Source Code\Tetris.java,Tetris,resetGame/0,TYPE_COUNT,1
E:\OOD_Projects\ck-mvn-plugin\Tetris-The-Game-main\Source Code\Tetris.java,Tetris,resetGame/0,isNewGame,1
E:\OOD_Projects\ck-mvn-plugin\Tetris-The-Game-main\Source Code\Tetris.java,Tetris,resetGame/0,board,1
E:\OOD_Projects\ck-mvn-plugin\Tetris-The-Game-main\Source Code\Tetris.java,Tetris,isPaused/0,isPaused,2
E:\OOD_Projects\ck-mvn-plugin\Tetris-The-Game-main\Source Code\Tetris.java,Tetris,renderGame/0,side,1
E:\OOD_Projects\ck-mvn-plugin\Tetris-The-Game-main\Source Code\Tetris.java,Tetris,renderGame/0,board,1
E:\OOD_Projects\ck-mvn-plugin\Tetris-The-Game-main\Source Code\Tetris.java,Tetris,getPieceRotation/0,currentRotation,1
E:\OOD_Projects\ck-mvn-plugin\Tetris-The-Game-main\Source Code\Tetris.java,Tetris,getLevel/0,level,1
E:\OOD_Projects\ck-mvn-plugin\Tetris-The-Game-main\Source Code\Tetris.java,Tetris,Tetris/0,side,2
E:\OOD_Projects\ck-mvn-plugin\Tetris-The-Game-main\Source Code\Tetris.java,Tetris,Tetris/0,board,2
E:\OOD_Projects\ck-mvn-plugin\Tetris-The-Game-main\Source Code\Tetris.java,Tetris,getPieceCol/0,currentCol,1
E:\OOD_Projects\ck-mvn-plugin\Tetris-The-Game-main\Source Code\TileType.java,TileType,getDimension/0,dimension,1
E:\OOD_Projects\ck-mvn-plugin\Tetris-The-Game-main\Source Code\TileType.java,TileType,getSpawnRow/0,spawnRow,1
E:\OOD_Projects\ck-mvn-plugin\Tetris-The-Game-main\Source Code\TileType.java,TileType,getTopInset/1[int],dimension,2
E:\OOD_Projects\ck-mvn-plugin\Tetris-The-Game-main\Source Code\TileType.java,TileType,getBottomInset/1[int],dimension,3
E:\OOD_Projects\ck-mvn-plugin\Tetris-The-Game-main\Source Code\TileType.java,TileType,getDarkColor/0,darkColor,1
E:\OOD_Projects\ck-mvn-plugin\Tetris-The-Game-main\Source Code\TileType.java,TileType,getSpawnColumn/0,spawnCol,1
E:\OOD_Projects\ck-mvn-plugin\Tetris-The-Game-main\Source Code\TileType.java,TileType,"TileType/5[java.awt.Color,int,int,int,boolean[][]]",tiles,4
E:\OOD_Projects\ck-mvn-plugin\Tetris-The-Game-main\Source Code\TileType.java,TileType,"TileType/5[java.awt.Color,int,int,int,boolean[][]]",spawnCol,1
E:\OOD_Projects\ck-mvn-plugin\Tetris-The-Game-main\Source Code\TileType.java,TileType,"TileType/5[java.awt.Color,int,int,int,boolean[][]]",darkColor,1
E:\OOD_Projects\ck-mvn-plugin\Tetris-The-Game-main\Source Code\TileType.java,TileType,"TileType/5[java.awt.Color,int,int,int,boolean[][]]",spawnRow,1
E:\OOD_Projects\ck-mvn-plugin\Tetris-The-Game-main\Source Code\TileType.java,TileType,"TileType/5[java.awt.Color,int,int,int,boolean[][]]",lightColor,1
E:\OOD_Projects\ck-mvn-plugin\Tetris-The-Game-main\Source Code\TileType.java,TileType,"TileType/5[java.awt.Color,int,int,int,boolean[][]]",rows,4
E:\OOD_Projects\ck-mvn-plugin\Tetris-The-Game-main\Source Code\TileType.java,TileType,"TileType/5[java.awt.Color,int,int,int,boolean[][]]",baseColor,1
E:\OOD_Projects\ck-mvn-plugin\Tetris-The-Game-main\Source Code\TileType.java,TileType,"TileType/5[java.awt.Color,int,int,int,boolean[][]]",dimension,5
E:\OOD_Projects\ck-mvn-plugin\Tetris-The-Game-main\Source Code\TileType.java,TileType,"TileType/5[java.awt.Color,int,int,int,boolean[][]]",cols,4
E:\OOD_Projects\ck-mvn-plugin\Tetris-The-Game-main\Source Code\TileType.java,TileType,getLightColor/0,lightColor,1
E:\OOD_Projects\ck-mvn-plugin\Tetris-The-Game-main\Source Code\TileType.java,TileType,getRows/0,rows,1
E:\OOD_Projects\ck-mvn-plugin\Tetris-The-Game-main\Source Code\TileType.java,TileType,"isTile/3[int,int,int]",tiles,1
E:\OOD_Projects\ck-mvn-plugin\Tetris-The-Game-main\Source Code\TileType.java,TileType,"isTile/3[int,int,int]",dimension,1
E:\OOD_Projects\ck-mvn-plugin\Tetris-The-Game-main\Source Code\TileType.java,TileType,getRightInset/1[int],dimension,3
E:\OOD_Projects\ck-mvn-plugin\Tetris-The-Game-main\Source Code\TileType.java,TileType,getBaseColor/0,baseColor,1
E:\OOD_Projects\ck-mvn-plugin\Tetris-The-Game-main\Source Code\TileType.java,TileType,getCols/0,cols,1
E:\OOD_Projects\ck-mvn-plugin\Tetris-The-Game-main\Source Code\TileType.java,TileType,getLeftInset/1[int],dimension,2
E:\OOD_Projects\ck-mvn-plugin\Tetris-The-Game-main\Source Code\Clock.java,Clock,hasElapsedCycle/0,elapsedCycles,2
E:\OOD_Projects\ck-mvn-plugin\Tetris-The-Game-main\Source Code\Clock.java,Clock,setCyclesPerSecond/1[float],millisPerCycle,1
E:\OOD_Projects\ck-mvn-plugin\Tetris-The-Game-main\Source Code\Clock.java,Clock,reset/0,isPaused,1
E:\OOD_Projects\ck-mvn-plugin\Tetris-The-Game-main\Source Code\Clock.java,Clock,reset/0,excessCycles,1
E:\OOD_Projects\ck-mvn-plugin\Tetris-The-Game-main\Source Code\Clock.java,Clock,reset/0,elapsedCycles,1
E:\OOD_Projects\ck-mvn-plugin\Tetris-The-Game-main\Source Code\Clock.java,Clock,reset/0,lastUpdate,1
E:\OOD_Projects\ck-mvn-plugin\Tetris-The-Game-main\Source Code\Clock.java,Clock,isPaused/0,isPaused,2
E:\OOD_Projects\ck-mvn-plugin\Tetris-The-Game-main\Source Code\Clock.java,Clock,setPaused/1[boolean],isPaused,1
E:\OOD_Projects\ck-mvn-plugin\Tetris-The-Game-main\Source Code\Clock.java,Clock,update/0,isPaused,1
E:\OOD_Projects\ck-mvn-plugin\Tetris-The-Game-main\Source Code\Clock.java,Clock,update/0,excessCycles,2
E:\OOD_Projects\ck-mvn-plugin\Tetris-The-Game-main\Source Code\Clock.java,Clock,update/0,millisPerCycle,2
E:\OOD_Projects\ck-mvn-plugin\Tetris-The-Game-main\Source Code\Clock.java,Clock,update/0,elapsedCycles,1
E:\OOD_Projects\ck-mvn-plugin\Tetris-The-Game-main\Source Code\Clock.java,Clock,update/0,lastUpdate,2
E:\OOD_Projects\ck-mvn-plugin\Tetris-The-Game-main\Source Code\Clock.java,Clock,peekElapsedCycle/0,elapsedCycles,1
