file,class,type,cbo,cboModified,fanin,fanout,wmc,dit,noc,rfc,lcom,lcom*,tcc,lcc,totalMethodsQty,staticMethodsQty,publicMethodsQty,privateMethodsQty,protectedMethodsQty,defaultMethodsQty,visibleMethodsQty,abstractMethodsQty,finalMethodsQty,synchronizedMethodsQty,totalFieldsQty,staticFieldsQty,publicFieldsQty,privateFieldsQty,protectedFieldsQty,defaultFieldsQty,finalFieldsQty,synchronizedFieldsQty,nosi,loc,returnQty,loopQty,comparisonsQty,tryCatchQty,parenthesizedExpsQty,stringLiteralsQty,numbersQty,assignmentsQty,mathOperationsQty,variablesQty,maxNestedBlocksQty,anonymousClassesQty,innerClassesQty,lambdasQty,uniqueWordsQty,modifiers,logStatementsQty
E:\OOD_Projects\ck-mvn-plugin\Real_Estate_System-master\src\Model\Proposta.java,Model.Proposta,class,2,10,8,2,7,1,0,0,7,0.68571436,0.33333334,1.0,7,0,7,0,0,0,7,0,0,0,5,0,0,5,0,0,0,0,0,32,5,0,0,0,0,0,0,6,0,5,0,0,0,0,15,1,0
E:\OOD_Projects\ck-mvn-plugin\Real_Estate_System-master\src\Model\Vendedor.java,Model.Vendedor,class,1,5,4,1,2,2,0,0,0,0.0,1.0,1.0,2,0,2,0,0,0,2,0,0,0,1,0,0,1,0,0,0,0,0,10,1,0,0,0,0,0,0,1,0,1,0,0,0,0,7,1,0
E:\OOD_Projects\ck-mvn-plugin\Real_Estate_System-master\src\View\LimiteCadComprador.java,View.LimiteCadComprador,class,1,2,1,1,2,6,0,11,0,0.33333334,1.0,1.0,2,0,2,0,0,0,2,0,0,0,5,0,0,5,0,0,0,0,0,61,0,0,0,0,0,8,15,23,0,23,0,0,0,0,43,1,0
E:\OOD_Projects\ck-mvn-plugin\Real_Estate_System-master\src\View\LimitePrincipal.java,View.LimitePrincipal$Anonymous3,anonymous,1,1,0,1,1,1,0,1,0,0.0,NaN,NaN,1,0,1,0,0,0,1,0,0,0,0,0,0,0,0,0,0,0,0,5,0,0,0,0,0,0,0,0,0,0,0,0,0,0,5,-1,0
E:\OOD_Projects\ck-mvn-plugin\Real_Estate_System-master\src\View\LimitePrincipal.java,View.LimitePrincipal$Anonymous2,anonymous,1,1,0,1,1,1,0,1,0,0.0,NaN,NaN,1,0,1,0,0,0,1,0,0,0,0,0,0,0,0,0,0,0,0,5,0,0,0,0,0,0,0,0,0,0,0,0,0,0,5,-1,0
E:\OOD_Projects\ck-mvn-plugin\Real_Estate_System-master\src\View\LimitePrincipal.java,View.LimitePrincipal$Anonymous1,anonymous,1,1,0,1,1,1,0,1,0,0.0,NaN,NaN,1,0,1,0,0,0,1,0,0,0,0,0,0,0,0,0,0,0,0,5,0,0,0,0,0,0,0,0,0,0,0,0,0,0,5,-1,0
E:\OOD_Projects\ck-mvn-plugin\Real_Estate_System-master\src\Model\Comprador.java,Model.Comprador,class,1,8,7,1,10,2,0,5,2,0.5,0.33333334,0.33333334,4,0,4,0,0,0,4,0,0,0,2,0,0,2,0,0,0,0,0,28,3,1,0,0,4,1,1,2,0,3,2,0,0,0,19,1,0
E:\OOD_Projects\ck-mvn-plugin\Real_Estate_System-master\src\View\LimiteCadVendedor.java,View.LimiteCadVendedor,class,1,2,1,1,2,6,0,11,0,0.33333334,1.0,1.0,2,0,2,0,0,0,2,0,0,0,5,0,0,5,0,0,0,0,0,61,0,0,0,0,0,8,15,23,0,23,0,0,0,0,43,1,0
E:\OOD_Projects\ck-mvn-plugin\Real_Estate_System-master\src\View\LimiteProposta.java,View.LimiteProposta,class,5,6,1,5,3,6,0,23,0,0.29166666,1.0,1.0,2,0,2,0,0,0,2,0,0,0,6,0,0,6,0,0,0,0,7,101,0,0,0,0,0,11,14,43,1,43,1,0,0,0,64,1,0
E:\OOD_Projects\ck-mvn-plugin\Real_Estate_System-master\src\TestaImpl.java,TestaImpl,class,1,1,0,1,1,1,0,0,0,0.0,NaN,NaN,1,1,1,0,0,0,1,0,0,0,0,0,0,0,0,0,0,0,0,5,0,0,0,0,0,0,0,0,0,0,0,0,0,0,6,1,0
E:\OOD_Projects\ck-mvn-plugin\Real_Estate_System-master\src\View\LimiteRelatorios.java,View.LimiteRelatorios,class,1,8,7,1,3,6,0,17,1,0.5648148,0.33333334,0.33333334,3,0,3,0,0,0,3,0,0,0,12,0,0,12,0,0,0,0,0,276,0,0,0,0,0,29,18,36,0,36,0,7,0,0,73,1,0
E:\OOD_Projects\ck-mvn-plugin\Real_Estate_System-master\src\View\LimitePrincipal.java,View.LimitePrincipal$Anonymous9,anonymous,0,0,0,0,5,1,0,14,0,0.0,NaN,NaN,1,0,1,0,0,0,1,0,0,0,0,0,0,0,0,0,0,0,2,36,0,0,3,1,0,11,2,12,3,11,3,0,0,0,36,-1,0
E:\OOD_Projects\ck-mvn-plugin\Real_Estate_System-master\src\View\LimitePrincipal.java,View.LimitePrincipal$Anonymous8,anonymous,1,1,0,1,1,1,0,1,0,0.0,NaN,NaN,1,0,1,0,0,0,1,0,0,0,0,0,0,0,0,0,0,0,0,5,0,0,0,0,0,0,0,0,0,0,0,0,0,0,5,-1,0
E:\OOD_Projects\ck-mvn-plugin\Real_Estate_System-master\src\View\LimitePrincipal.java,View.LimitePrincipal$Anonymous7,anonymous,1,1,0,1,1,1,0,1,0,0.0,NaN,NaN,1,0,1,0,0,0,1,0,0,0,0,0,0,0,0,0,0,0,0,5,0,0,0,0,0,0,0,0,0,0,0,0,0,0,5,-1,0
E:\OOD_Projects\ck-mvn-plugin\Real_Estate_System-master\src\View\LimitePrincipal.java,View.LimitePrincipal$Anonymous6,anonymous,1,1,0,1,1,1,0,1,0,0.0,NaN,NaN,1,0,1,0,0,0,1,0,0,0,0,0,0,0,0,0,0,0,0,5,0,0,0,0,0,0,0,0,0,0,0,0,0,0,5,-1,0
E:\OOD_Projects\ck-mvn-plugin\Real_Estate_System-master\src\View\LimitePrincipal.java,View.LimitePrincipal$Anonymous5,anonymous,1,1,0,1,1,1,0,1,0,0.0,NaN,NaN,1,0,1,0,0,0,1,0,0,0,0,0,0,0,0,0,0,0,0,5,0,0,0,0,0,0,0,0,0,0,0,0,0,0,5,-1,0
E:\OOD_Projects\ck-mvn-plugin\Real_Estate_System-master\src\View\LimitePrincipal.java,View.LimitePrincipal$Anonymous4,anonymous,1,1,0,1,1,1,0,1,0,0.0,NaN,NaN,1,0,1,0,0,0,1,0,0,0,0,0,0,0,0,0,0,0,0,5,0,0,0,0,0,0,0,0,0,0,0,0,0,0,5,-1,0
E:\OOD_Projects\ck-mvn-plugin\Real_Estate_System-master\src\Model\Pessoa.java,Model.Pessoa,class,0,11,11,0,5,1,3,0,2,0.6,0.4,1.0,5,0,5,0,0,0,5,0,0,0,4,0,0,4,0,0,0,0,0,24,4,0,0,0,0,0,0,4,0,4,0,0,0,0,11,1025,0
E:\OOD_Projects\ck-mvn-plugin\Real_Estate_System-master\src\Controler\ControlePrincipal.java,Controler.ControlePrincipal,class,20,46,26,20,34,1,0,37,128,0.76363635,0.37878788,0.5681818,33,0,33,0,0,0,33,0,0,0,5,0,0,5,0,0,0,0,2,144,15,0,0,0,0,57,18,11,0,8,1,0,0,0,68,1,0
E:\OOD_Projects\ck-mvn-plugin\Real_Estate_System-master\src\Controler\ControleComprador.java,Controler.ControleComprador,class,3,5,2,3,9,1,0,10,0,0.2,0.6,0.6,5,0,3,0,0,2,5,0,0,0,1,0,0,1,0,0,0,0,1,42,2,1,0,2,0,7,1,7,0,6,2,0,0,0,31,1,0
E:\OOD_Projects\ck-mvn-plugin\Real_Estate_System-master\src\View\LimiteEscolhaCatalogo.java,View.LimiteEscolhaCatalogo,class,3,4,1,3,2,6,0,23,0,0.41666666,1.0,1.0,2,0,2,0,0,0,2,0,0,0,7,0,0,7,0,0,0,0,0,58,0,0,0,0,0,3,9,14,1,14,0,1,0,0,47,1,0
E:\OOD_Projects\ck-mvn-plugin\Real_Estate_System-master\src\View\LimitePrincipal.java,View.LimitePrincipal,class,1,2,1,1,8,6,0,14,26,0.875,0.035714287,0.035714287,8,0,8,0,0,0,8,0,0,0,7,0,0,7,0,0,0,0,0,151,0,0,0,0,0,15,2,16,0,16,0,9,0,0,47,1,0
E:\OOD_Projects\ck-mvn-plugin\Real_Estate_System-master\src\View\LimiteEscolhaProposta.java,View.LimiteEscolhaProposta$Anonymous1,anonymous,1,1,0,1,1,1,0,2,0,0.0,NaN,NaN,1,0,1,0,0,0,1,0,0,0,0,0,0,0,0,0,0,0,0,6,0,0,0,0,0,0,0,0,0,0,0,0,0,0,6,-1,0
E:\OOD_Projects\ck-mvn-plugin\Real_Estate_System-master\src\Controler\ControleImovel.java,Controler.ControleImovel,class,7,9,2,7,156,1,0,45,73,0.7179487,0.3876923,0.6492308,26,0,25,0,0,1,26,0,0,0,9,0,0,9,0,0,0,0,5,522,28,36,28,2,16,73,18,113,19,40,6,0,0,0,109,1,0
E:\OOD_Projects\ck-mvn-plugin\Real_Estate_System-master\src\View\LimiteCadCorretor.java,View.LimiteCadCorretor,class,1,2,1,1,2,6,0,12,0,0.325,1.0,1.0,2,0,2,0,0,0,2,0,0,0,5,0,0,5,0,0,0,0,1,67,0,0,0,0,0,8,16,27,0,27,0,0,0,0,42,1,0
E:\OOD_Projects\ck-mvn-plugin\Real_Estate_System-master\src\View\LimiteEscolhaCatalogo.java,View.LimiteEscolhaCatalogo$Anonymous1,anonymous,1,1,0,1,1,1,0,1,0,0.0,NaN,NaN,1,0,1,0,0,0,1,0,0,0,0,0,0,0,0,0,0,0,0,6,0,0,0,0,0,0,0,0,0,0,0,0,0,0,8,-1,0
E:\OOD_Projects\ck-mvn-plugin\Real_Estate_System-master\src\View\LimiteConPropostas.java,View.LimiteConPropostas$Anonymous1,anonymous,3,3,0,3,7,1,0,17,0,0.0,NaN,NaN,1,0,1,0,0,0,1,0,0,0,0,0,0,0,0,0,0,0,0,37,0,2,0,0,0,7,1,8,3,4,4,0,0,0,28,-1,0
E:\OOD_Projects\ck-mvn-plugin\Real_Estate_System-master\src\View\LimiteConPropostas.java,View.LimiteConPropostas$Anonymous2,anonymous,4,4,0,4,6,1,0,9,0,0.0,NaN,NaN,1,0,1,0,0,0,1,0,0,0,0,0,0,0,0,0,0,0,0,29,0,1,0,0,0,5,1,9,1,4,3,0,0,0,30,-1,0
E:\OOD_Projects\ck-mvn-plugin\Real_Estate_System-master\src\Model\Corretor.java,Model.Corretor,class,1,9,8,1,3,2,0,0,0,0.33333334,0.6666667,1.0,3,0,3,0,0,0,3,0,0,0,2,0,0,2,0,0,0,0,0,15,2,0,0,0,0,0,0,2,0,2,0,0,0,0,9,1,0
E:\OOD_Projects\ck-mvn-plugin\Real_Estate_System-master\src\View\LimiteConImovel.java,View.LimiteConImovel$Anonymous1,anonymous,1,1,0,1,1,1,0,4,0,0.0,NaN,NaN,1,0,1,0,0,0,1,0,0,0,0,0,0,0,0,0,0,0,1,8,0,0,0,0,0,0,0,2,0,2,0,0,0,0,9,-1,0
E:\OOD_Projects\ck-mvn-plugin\Real_Estate_System-master\src\View\LimiteVisita.java,View.LimiteVisita,class,5,6,1,5,3,6,0,22,0,0.2857143,1.0,1.0,2,0,2,0,0,0,2,0,0,0,6,0,0,6,0,0,0,0,6,93,0,0,0,0,0,10,13,38,1,39,1,0,0,0,65,1,0
E:\OOD_Projects\ck-mvn-plugin\Real_Estate_System-master\src\View\LimiteRelatorios.java,View.LimiteRelatorios$Anonymous7,anonymous,3,3,0,3,8,1,0,15,0,0.0,NaN,NaN,1,0,1,0,0,0,1,0,0,0,0,0,0,0,0,0,0,0,14,68,0,0,7,0,0,14,8,38,5,20,1,0,0,0,35,-1,0
E:\OOD_Projects\ck-mvn-plugin\Real_Estate_System-master\src\View\LimiteRelatorios.java,View.LimiteRelatorios$Anonymous6,anonymous,1,1,0,1,1,1,0,3,0,0.0,NaN,NaN,1,0,1,0,0,0,1,0,0,0,0,0,0,0,0,0,0,0,0,14,0,0,0,0,0,1,1,1,0,0,0,0,0,0,12,-1,0
E:\OOD_Projects\ck-mvn-plugin\Real_Estate_System-master\src\View\LimiteCadImovel.java,View.LimiteCadImovel,class,1,2,1,1,3,6,0,14,0,0.32,1.0,1.0,2,0,2,0,0,0,2,0,0,0,5,0,0,5,0,0,0,0,3,85,0,0,0,0,0,13,20,38,1,36,2,0,0,0,47,1,0
E:\OOD_Projects\ck-mvn-plugin\Real_Estate_System-master\src\View\LimiteRelatorios.java,View.LimiteRelatorios$Anonymous3,anonymous,1,1,0,1,1,1,0,2,0,0.0,NaN,NaN,1,0,1,0,0,0,1,0,0,0,0,0,0,0,0,0,0,0,0,13,0,0,0,0,0,0,1,1,0,0,0,0,0,0,12,-1,0
E:\OOD_Projects\ck-mvn-plugin\Real_Estate_System-master\src\Controler\ControleCorretor.java,Controler.ControleCorretor,class,3,5,2,3,9,1,0,10,0,0.2,0.6,0.6,5,0,3,0,0,2,5,0,0,0,1,0,0,1,0,0,0,0,1,42,2,1,0,2,0,7,1,7,0,6,2,0,0,0,31,1,0
E:\OOD_Projects\ck-mvn-plugin\Real_Estate_System-master\src\View\LimiteRelatorios.java,View.LimiteRelatorios$Anonymous2,anonymous,1,1,0,1,1,1,0,4,0,0.0,NaN,NaN,1,0,1,0,0,0,1,0,0,0,0,0,0,0,0,0,0,0,0,15,0,0,0,0,0,2,1,1,0,0,0,0,0,0,12,-1,0
E:\OOD_Projects\ck-mvn-plugin\Real_Estate_System-master\src\View\LimiteRelatorios.java,View.LimiteRelatorios$Anonymous5,anonymous,1,1,0,1,1,1,0,4,0,0.0,NaN,NaN,1,0,1,0,0,0,1,0,0,0,0,0,0,0,0,0,0,0,0,15,0,0,0,0,0,2,1,1,0,0,0,0,0,0,12,-1,0
E:\OOD_Projects\ck-mvn-plugin\Real_Estate_System-master\src\View\LimiteRelatorios.java,View.LimiteRelatorios$Anonymous4,anonymous,1,1,0,1,1,1,0,4,0,0.0,NaN,NaN,1,0,1,0,0,0,1,0,0,0,0,0,0,0,0,0,0,0,0,15,0,0,0,0,0,2,1,1,0,0,0,0,0,0,12,-1,0
E:\OOD_Projects\ck-mvn-plugin\Real_Estate_System-master\src\View\LimiteRelatorios.java,View.LimiteRelatorios$Anonymous1,anonymous,1,1,0,1,1,1,0,2,0,0.0,NaN,NaN,1,0,1,0,0,0,1,0,0,0,0,0,0,0,0,0,0,0,0,13,0,0,0,0,0,0,1,1,0,0,0,0,0,0,12,-1,0
E:\OOD_Projects\ck-mvn-plugin\Real_Estate_System-master\src\View\LimiteConCatalogo.java,View.LimiteConCatalogo,class,2,3,1,2,6,6,0,24,0,0.25,1.0,1.0,2,0,2,0,0,0,2,0,0,0,7,0,0,7,0,0,0,0,0,82,0,2,0,0,0,6,2,13,2,11,2,1,0,0,45,1,0
E:\OOD_Projects\ck-mvn-plugin\Real_Estate_System-master\src\Model\Util.java,Model.Util,class,0,0,0,0,0,1,0,0,0,NaN,-1.0,-1.0,0,0,0,0,0,0,0,0,0,0,20,20,20,0,0,0,20,0,0,22,0,0,0,0,0,20,0,20,0,20,0,0,0,0,23,1,0
E:\OOD_Projects\ck-mvn-plugin\Real_Estate_System-master\src\View\LimiteConPropostas.java,View.LimiteConPropostas,class,3,4,1,3,7,6,0,21,1,0.6875,0.0,0.0,2,0,2,0,0,0,2,0,0,0,9,0,0,9,0,0,0,0,0,123,0,2,1,0,0,9,2,18,1,17,4,2,0,0,46,1,0
E:\OOD_Projects\ck-mvn-plugin\Real_Estate_System-master\src\View\LimiteConCatalogo.java,View.LimiteConCatalogo$Anonymous1,anonymous,2,2,0,2,5,1,0,7,0,0.0,NaN,NaN,1,0,1,0,0,0,1,0,0,0,0,0,0,0,0,0,0,0,0,26,0,1,1,0,0,3,1,6,1,4,3,0,0,0,26,-1,0
E:\OOD_Projects\ck-mvn-plugin\Real_Estate_System-master\src\View\LimiteConImovel.java,View.LimiteConImovel,class,2,3,1,2,4,6,0,22,0,0.27272728,1.0,1.0,2,0,2,0,0,0,2,0,0,0,6,0,0,6,0,0,0,0,3,77,0,0,1,0,0,11,9,16,0,15,2,1,0,0,48,1,0
E:\OOD_Projects\ck-mvn-plugin\Real_Estate_System-master\src\View\LimiteEscolhaProposta.java,View.LimiteEscolhaProposta,class,5,6,1,5,2,6,0,30,0,0.3846154,1.0,1.0,2,0,2,0,0,0,2,0,0,0,8,0,0,8,0,0,0,0,0,65,0,0,0,0,0,11,9,22,5,16,0,1,0,0,53,1,0
E:\OOD_Projects\ck-mvn-plugin\Real_Estate_System-master\src\Model\Imovel.java,Model.Imovel,class,3,15,12,3,27,1,0,6,134,0.8791666,0.14736842,0.80526316,20,0,20,0,0,0,20,0,0,0,12,0,0,12,0,0,0,0,0,99,19,0,0,0,0,0,0,15,0,12,1,0,0,0,45,1,0
E:\OOD_Projects\ck-mvn-plugin\Real_Estate_System-master\src\Controler\ControleVendedor.java,Controler.ControleVendedor,class,3,5,2,3,12,1,0,10,0,0.16666667,0.6666667,0.6666667,6,0,4,0,0,2,6,0,0,0,1,0,0,1,0,0,0,0,1,46,4,2,0,2,0,7,1,7,0,6,2,0,0,0,34,1,0
E:\OOD_Projects\ck-mvn-plugin\Real_Estate_System-master\src\Model\Visita.java,Model.Visita,class,2,6,4,2,6,1,0,0,3,0.62500006,0.4,1.0,6,0,6,0,0,0,6,0,0,0,4,0,0,4,0,0,0,0,0,27,4,0,0,0,0,0,0,5,0,4,0,0,0,0,13,1,0
