file,class,method,variable,usage
E:\OOD_Projects\ck-mvn-plugin\Real_Estate_System-master\src\Model\Proposta.java,Model.Proposta,"Proposta/4[java.util.Calendar,Model.Comprador,Model.Corretor,double]",estado,1
E:\OOD_Projects\ck-mvn-plugin\Real_Estate_System-master\src\Model\Proposta.java,Model.Proposta,"Proposta/4[java.util.Calendar,Model.Comprador,Model.Corretor,double]",data,3
E:\OOD_Projects\ck-mvn-plugin\Real_Estate_System-master\src\Model\Proposta.java,Model.Proposta,"Proposta/4[java.util.Calendar,Model.Comprador,Model.Corretor,double]",corretor,3
E:\OOD_Projects\ck-mvn-plugin\Real_Estate_System-master\src\Model\Proposta.java,Model.Proposta,"Proposta/4[java.util.Calendar,Model.Comprador,Model.Corretor,double]",valor,3
E:\OOD_Projects\ck-mvn-plugin\Real_Estate_System-master\src\Model\Proposta.java,Model.Proposta,"Proposta/4[java.util.Calendar,Model.Comprador,Model.Corretor,double]",comprador,3
E:\OOD_Projects\ck-mvn-plugin\Real_Estate_System-master\src\Model\Proposta.java,Model.Proposta,getValor/0,valor,1
E:\OOD_Projects\ck-mvn-plugin\Real_Estate_System-master\src\Model\Proposta.java,Model.Proposta,setEstado/1[java.lang.String],estado,3
E:\OOD_Projects\ck-mvn-plugin\Real_Estate_System-master\src\Model\Proposta.java,Model.Proposta,getComprador/0,comprador,1
E:\OOD_Projects\ck-mvn-plugin\Real_Estate_System-master\src\Model\Proposta.java,Model.Proposta,getCorretor/0,corretor,1
E:\OOD_Projects\ck-mvn-plugin\Real_Estate_System-master\src\Model\Proposta.java,Model.Proposta,getData/0,data,1
E:\OOD_Projects\ck-mvn-plugin\Real_Estate_System-master\src\Model\Proposta.java,Model.Proposta,getEstado/0,estado,1
E:\OOD_Projects\ck-mvn-plugin\Real_Estate_System-master\src\Model\Vendedor.java,Model.Vendedor,"Vendedor/5[java.lang.String,java.lang.String,java.lang.String,java.lang.String,java.lang.String]",contatoPref,3
E:\OOD_Projects\ck-mvn-plugin\Real_Estate_System-master\src\Model\Vendedor.java,Model.Vendedor,getContatoPref/0,contatoPref,1
E:\OOD_Projects\ck-mvn-plugin\Real_Estate_System-master\src\View\LimiteCadComprador.java,View.LimiteCadComprador,actionPerformed/1[java.awt.event.ActionEvent],textCpf,1
E:\OOD_Projects\ck-mvn-plugin\Real_Estate_System-master\src\View\LimiteCadComprador.java,View.LimiteCadComprador,actionPerformed/1[java.awt.event.ActionEvent],ctrPrincipal,1
E:\OOD_Projects\ck-mvn-plugin\Real_Estate_System-master\src\View\LimiteCadComprador.java,View.LimiteCadComprador,actionPerformed/1[java.awt.event.ActionEvent],textContatoPreferencial,1
E:\OOD_Projects\ck-mvn-plugin\Real_Estate_System-master\src\View\LimiteCadComprador.java,View.LimiteCadComprador,actionPerformed/1[java.awt.event.ActionEvent],textEmail,1
E:\OOD_Projects\ck-mvn-plugin\Real_Estate_System-master\src\View\LimiteCadComprador.java,View.LimiteCadComprador,actionPerformed/1[java.awt.event.ActionEvent],textFone,1
E:\OOD_Projects\ck-mvn-plugin\Real_Estate_System-master\src\View\LimiteCadComprador.java,View.LimiteCadComprador,actionPerformed/1[java.awt.event.ActionEvent],textNome,1
E:\OOD_Projects\ck-mvn-plugin\Real_Estate_System-master\src\View\LimiteCadComprador.java,View.LimiteCadComprador,LimiteCadComprador/1[Controler.ControlePrincipal],pContatoBut,6
E:\OOD_Projects\ck-mvn-plugin\Real_Estate_System-master\src\View\LimiteCadComprador.java,View.LimiteCadComprador,LimiteCadComprador/1[Controler.ControlePrincipal],painelSecundario,5
E:\OOD_Projects\ck-mvn-plugin\Real_Estate_System-master\src\View\LimiteCadComprador.java,View.LimiteCadComprador,LimiteCadComprador/1[Controler.ControlePrincipal],labelAuxiliar,2
E:\OOD_Projects\ck-mvn-plugin\Real_Estate_System-master\src\View\LimiteCadComprador.java,View.LimiteCadComprador,LimiteCadComprador/1[Controler.ControlePrincipal],labelNome,2
E:\OOD_Projects\ck-mvn-plugin\Real_Estate_System-master\src\View\LimiteCadComprador.java,View.LimiteCadComprador,LimiteCadComprador/1[Controler.ControlePrincipal],textFone,2
E:\OOD_Projects\ck-mvn-plugin\Real_Estate_System-master\src\View\LimiteCadComprador.java,View.LimiteCadComprador,LimiteCadComprador/1[Controler.ControlePrincipal],textNome,2
E:\OOD_Projects\ck-mvn-plugin\Real_Estate_System-master\src\View\LimiteCadComprador.java,View.LimiteCadComprador,LimiteCadComprador/1[Controler.ControlePrincipal],painelPrincipal,3
E:\OOD_Projects\ck-mvn-plugin\Real_Estate_System-master\src\View\LimiteCadComprador.java,View.LimiteCadComprador,LimiteCadComprador/1[Controler.ControlePrincipal],labelContatoPreferencial,2
E:\OOD_Projects\ck-mvn-plugin\Real_Estate_System-master\src\View\LimiteCadComprador.java,View.LimiteCadComprador,LimiteCadComprador/1[Controler.ControlePrincipal],textCpf,2
E:\OOD_Projects\ck-mvn-plugin\Real_Estate_System-master\src\View\LimiteCadComprador.java,View.LimiteCadComprador,LimiteCadComprador/1[Controler.ControlePrincipal],pNomeCpf,6
E:\OOD_Projects\ck-mvn-plugin\Real_Estate_System-master\src\View\LimiteCadComprador.java,View.LimiteCadComprador,LimiteCadComprador/1[Controler.ControlePrincipal],labelCpf,2
E:\OOD_Projects\ck-mvn-plugin\Real_Estate_System-master\src\View\LimiteCadComprador.java,View.LimiteCadComprador,LimiteCadComprador/1[Controler.ControlePrincipal],labelFone,2
E:\OOD_Projects\ck-mvn-plugin\Real_Estate_System-master\src\View\LimiteCadComprador.java,View.LimiteCadComprador,LimiteCadComprador/1[Controler.ControlePrincipal],ctrPrincipal,1
E:\OOD_Projects\ck-mvn-plugin\Real_Estate_System-master\src\View\LimiteCadComprador.java,View.LimiteCadComprador,LimiteCadComprador/1[Controler.ControlePrincipal],labelEmail,2
E:\OOD_Projects\ck-mvn-plugin\Real_Estate_System-master\src\View\LimiteCadComprador.java,View.LimiteCadComprador,LimiteCadComprador/1[Controler.ControlePrincipal],textContatoPreferencial,2
E:\OOD_Projects\ck-mvn-plugin\Real_Estate_System-master\src\View\LimiteCadComprador.java,View.LimiteCadComprador,LimiteCadComprador/1[Controler.ControlePrincipal],buttonCadastrar,3
E:\OOD_Projects\ck-mvn-plugin\Real_Estate_System-master\src\View\LimiteCadComprador.java,View.LimiteCadComprador,LimiteCadComprador/1[Controler.ControlePrincipal],textEmail,2
E:\OOD_Projects\ck-mvn-plugin\Real_Estate_System-master\src\View\LimiteCadComprador.java,View.LimiteCadComprador,LimiteCadComprador/1[Controler.ControlePrincipal],pEmailFone,6
E:\OOD_Projects\ck-mvn-plugin\Real_Estate_System-master\src\Model\Comprador.java,Model.Comprador,addTipoImovel/1[java.lang.String],listaTipoImovelCompra,1
E:\OOD_Projects\ck-mvn-plugin\Real_Estate_System-master\src\Model\Comprador.java,Model.Comprador,"Comprador/5[java.lang.String,java.lang.String,java.lang.String,java.lang.String,java.lang.String]",contatoPref,3
E:\OOD_Projects\ck-mvn-plugin\Real_Estate_System-master\src\Model\Comprador.java,Model.Comprador,getContatoPref/0,contatoPref,1
E:\OOD_Projects\ck-mvn-plugin\Real_Estate_System-master\src\Model\Comprador.java,Model.Comprador,removeTipoImovel/1[java.lang.String],listaTipoImovelCompra,3
E:\OOD_Projects\ck-mvn-plugin\Real_Estate_System-master\src\View\LimiteCadVendedor.java,View.LimiteCadVendedor,actionPerformed/1[java.awt.event.ActionEvent],textCpf,1
E:\OOD_Projects\ck-mvn-plugin\Real_Estate_System-master\src\View\LimiteCadVendedor.java,View.LimiteCadVendedor,actionPerformed/1[java.awt.event.ActionEvent],ctrPrincipal,1
E:\OOD_Projects\ck-mvn-plugin\Real_Estate_System-master\src\View\LimiteCadVendedor.java,View.LimiteCadVendedor,actionPerformed/1[java.awt.event.ActionEvent],textContatoPreferencial,1
E:\OOD_Projects\ck-mvn-plugin\Real_Estate_System-master\src\View\LimiteCadVendedor.java,View.LimiteCadVendedor,actionPerformed/1[java.awt.event.ActionEvent],textEmail,1
E:\OOD_Projects\ck-mvn-plugin\Real_Estate_System-master\src\View\LimiteCadVendedor.java,View.LimiteCadVendedor,actionPerformed/1[java.awt.event.ActionEvent],textFone,1
E:\OOD_Projects\ck-mvn-plugin\Real_Estate_System-master\src\View\LimiteCadVendedor.java,View.LimiteCadVendedor,actionPerformed/1[java.awt.event.ActionEvent],textNome,1
E:\OOD_Projects\ck-mvn-plugin\Real_Estate_System-master\src\View\LimiteCadVendedor.java,View.LimiteCadVendedor,LimiteCadVendedor/1[Controler.ControlePrincipal],pContatoBut,6
E:\OOD_Projects\ck-mvn-plugin\Real_Estate_System-master\src\View\LimiteCadVendedor.java,View.LimiteCadVendedor,LimiteCadVendedor/1[Controler.ControlePrincipal],painelSecundario,5
E:\OOD_Projects\ck-mvn-plugin\Real_Estate_System-master\src\View\LimiteCadVendedor.java,View.LimiteCadVendedor,LimiteCadVendedor/1[Controler.ControlePrincipal],labelAuxiliar,2
E:\OOD_Projects\ck-mvn-plugin\Real_Estate_System-master\src\View\LimiteCadVendedor.java,View.LimiteCadVendedor,LimiteCadVendedor/1[Controler.ControlePrincipal],labelNome,2
E:\OOD_Projects\ck-mvn-plugin\Real_Estate_System-master\src\View\LimiteCadVendedor.java,View.LimiteCadVendedor,LimiteCadVendedor/1[Controler.ControlePrincipal],textFone,2
E:\OOD_Projects\ck-mvn-plugin\Real_Estate_System-master\src\View\LimiteCadVendedor.java,View.LimiteCadVendedor,LimiteCadVendedor/1[Controler.ControlePrincipal],textNome,2
E:\OOD_Projects\ck-mvn-plugin\Real_Estate_System-master\src\View\LimiteCadVendedor.java,View.LimiteCadVendedor,LimiteCadVendedor/1[Controler.ControlePrincipal],painelPrincipal,3
E:\OOD_Projects\ck-mvn-plugin\Real_Estate_System-master\src\View\LimiteCadVendedor.java,View.LimiteCadVendedor,LimiteCadVendedor/1[Controler.ControlePrincipal],labelContatoPreferencial,2
E:\OOD_Projects\ck-mvn-plugin\Real_Estate_System-master\src\View\LimiteCadVendedor.java,View.LimiteCadVendedor,LimiteCadVendedor/1[Controler.ControlePrincipal],textCpf,2
E:\OOD_Projects\ck-mvn-plugin\Real_Estate_System-master\src\View\LimiteCadVendedor.java,View.LimiteCadVendedor,LimiteCadVendedor/1[Controler.ControlePrincipal],pNomeCpf,6
E:\OOD_Projects\ck-mvn-plugin\Real_Estate_System-master\src\View\LimiteCadVendedor.java,View.LimiteCadVendedor,LimiteCadVendedor/1[Controler.ControlePrincipal],labelCpf,2
E:\OOD_Projects\ck-mvn-plugin\Real_Estate_System-master\src\View\LimiteCadVendedor.java,View.LimiteCadVendedor,LimiteCadVendedor/1[Controler.ControlePrincipal],labelFone,2
E:\OOD_Projects\ck-mvn-plugin\Real_Estate_System-master\src\View\LimiteCadVendedor.java,View.LimiteCadVendedor,LimiteCadVendedor/1[Controler.ControlePrincipal],ctrPrincipal,1
E:\OOD_Projects\ck-mvn-plugin\Real_Estate_System-master\src\View\LimiteCadVendedor.java,View.LimiteCadVendedor,LimiteCadVendedor/1[Controler.ControlePrincipal],labelEmail,2
E:\OOD_Projects\ck-mvn-plugin\Real_Estate_System-master\src\View\LimiteCadVendedor.java,View.LimiteCadVendedor,LimiteCadVendedor/1[Controler.ControlePrincipal],textContatoPreferencial,2
E:\OOD_Projects\ck-mvn-plugin\Real_Estate_System-master\src\View\LimiteCadVendedor.java,View.LimiteCadVendedor,LimiteCadVendedor/1[Controler.ControlePrincipal],buttonCadastrar,3
E:\OOD_Projects\ck-mvn-plugin\Real_Estate_System-master\src\View\LimiteCadVendedor.java,View.LimiteCadVendedor,LimiteCadVendedor/1[Controler.ControlePrincipal],textEmail,2
E:\OOD_Projects\ck-mvn-plugin\Real_Estate_System-master\src\View\LimiteCadVendedor.java,View.LimiteCadVendedor,LimiteCadVendedor/1[Controler.ControlePrincipal],pEmailFone,6
E:\OOD_Projects\ck-mvn-plugin\Real_Estate_System-master\src\View\LimiteProposta.java,View.LimiteProposta,"LimiteProposta/2[Controler.ControlePrincipal,Model.Imovel]",textMinutos,2
E:\OOD_Projects\ck-mvn-plugin\Real_Estate_System-master\src\View\LimiteProposta.java,View.LimiteProposta,"LimiteProposta/2[Controler.ControlePrincipal,Model.Imovel]",labelData,2
E:\OOD_Projects\ck-mvn-plugin\Real_Estate_System-master\src\View\LimiteProposta.java,View.LimiteProposta,"LimiteProposta/2[Controler.ControlePrincipal,Model.Imovel]",pButton,3
E:\OOD_Projects\ck-mvn-plugin\Real_Estate_System-master\src\View\LimiteProposta.java,View.LimiteProposta,"LimiteProposta/2[Controler.ControlePrincipal,Model.Imovel]",textCorretor,2
E:\OOD_Projects\ck-mvn-plugin\Real_Estate_System-master\src\View\LimiteProposta.java,View.LimiteProposta,"LimiteProposta/2[Controler.ControlePrincipal,Model.Imovel]",painelSecundario,7
E:\OOD_Projects\ck-mvn-plugin\Real_Estate_System-master\src\View\LimiteProposta.java,View.LimiteProposta,"LimiteProposta/2[Controler.ControlePrincipal,Model.Imovel]",labelComprador,2
E:\OOD_Projects\ck-mvn-plugin\Real_Estate_System-master\src\View\LimiteProposta.java,View.LimiteProposta,"LimiteProposta/2[Controler.ControlePrincipal,Model.Imovel]",imovelEscolhido,1
E:\OOD_Projects\ck-mvn-plugin\Real_Estate_System-master\src\View\LimiteProposta.java,View.LimiteProposta,"LimiteProposta/2[Controler.ControlePrincipal,Model.Imovel]",textAno,2
E:\OOD_Projects\ck-mvn-plugin\Real_Estate_System-master\src\View\LimiteProposta.java,View.LimiteProposta,"LimiteProposta/2[Controler.ControlePrincipal,Model.Imovel]",textComprador,2
E:\OOD_Projects\ck-mvn-plugin\Real_Estate_System-master\src\View\LimiteProposta.java,View.LimiteProposta,"LimiteProposta/2[Controler.ControlePrincipal,Model.Imovel]",labelHora,2
E:\OOD_Projects\ck-mvn-plugin\Real_Estate_System-master\src\View\LimiteProposta.java,View.LimiteProposta,"LimiteProposta/2[Controler.ControlePrincipal,Model.Imovel]",textHora,2
E:\OOD_Projects\ck-mvn-plugin\Real_Estate_System-master\src\View\LimiteProposta.java,View.LimiteProposta,"LimiteProposta/2[Controler.ControlePrincipal,Model.Imovel]",labelCorretor,2
E:\OOD_Projects\ck-mvn-plugin\Real_Estate_System-master\src\View\LimiteProposta.java,View.LimiteProposta,"LimiteProposta/2[Controler.ControlePrincipal,Model.Imovel]",painelPrincipal,4
E:\OOD_Projects\ck-mvn-plugin\Real_Estate_System-master\src\View\LimiteProposta.java,View.LimiteProposta,"LimiteProposta/2[Controler.ControlePrincipal,Model.Imovel]",pData,6
E:\OOD_Projects\ck-mvn-plugin\Real_Estate_System-master\src\View\LimiteProposta.java,View.LimiteProposta,"LimiteProposta/2[Controler.ControlePrincipal,Model.Imovel]",pHorario,5
E:\OOD_Projects\ck-mvn-plugin\Real_Estate_System-master\src\View\LimiteProposta.java,View.LimiteProposta,"LimiteProposta/2[Controler.ControlePrincipal,Model.Imovel]",textDia,2
E:\OOD_Projects\ck-mvn-plugin\Real_Estate_System-master\src\View\LimiteProposta.java,View.LimiteProposta,"LimiteProposta/2[Controler.ControlePrincipal,Model.Imovel]",textMes,2
E:\OOD_Projects\ck-mvn-plugin\Real_Estate_System-master\src\View\LimiteProposta.java,View.LimiteProposta,"LimiteProposta/2[Controler.ControlePrincipal,Model.Imovel]",ctrPrincipal,1
E:\OOD_Projects\ck-mvn-plugin\Real_Estate_System-master\src\View\LimiteProposta.java,View.LimiteProposta,"LimiteProposta/2[Controler.ControlePrincipal,Model.Imovel]",labelValor,2
E:\OOD_Projects\ck-mvn-plugin\Real_Estate_System-master\src\View\LimiteProposta.java,View.LimiteProposta,"LimiteProposta/2[Controler.ControlePrincipal,Model.Imovel]",textValor,2
E:\OOD_Projects\ck-mvn-plugin\Real_Estate_System-master\src\View\LimiteProposta.java,View.LimiteProposta,"LimiteProposta/2[Controler.ControlePrincipal,Model.Imovel]",buttonCadastrar,3
E:\OOD_Projects\ck-mvn-plugin\Real_Estate_System-master\src\View\LimiteProposta.java,View.LimiteProposta,"LimiteProposta/2[Controler.ControlePrincipal,Model.Imovel]",pValor,4
E:\OOD_Projects\ck-mvn-plugin\Real_Estate_System-master\src\View\LimiteProposta.java,View.LimiteProposta,"LimiteProposta/2[Controler.ControlePrincipal,Model.Imovel]",pComprador,4
E:\OOD_Projects\ck-mvn-plugin\Real_Estate_System-master\src\View\LimiteProposta.java,View.LimiteProposta,"LimiteProposta/2[Controler.ControlePrincipal,Model.Imovel]",pCorretor,4
E:\OOD_Projects\ck-mvn-plugin\Real_Estate_System-master\src\View\LimiteProposta.java,View.LimiteProposta,actionPerformed/1[java.awt.event.ActionEvent],textMinutos,1
E:\OOD_Projects\ck-mvn-plugin\Real_Estate_System-master\src\View\LimiteProposta.java,View.LimiteProposta,actionPerformed/1[java.awt.event.ActionEvent],textCorretor,1
E:\OOD_Projects\ck-mvn-plugin\Real_Estate_System-master\src\View\LimiteProposta.java,View.LimiteProposta,actionPerformed/1[java.awt.event.ActionEvent],textDia,1
E:\OOD_Projects\ck-mvn-plugin\Real_Estate_System-master\src\View\LimiteProposta.java,View.LimiteProposta,actionPerformed/1[java.awt.event.ActionEvent],textMes,1
E:\OOD_Projects\ck-mvn-plugin\Real_Estate_System-master\src\View\LimiteProposta.java,View.LimiteProposta,actionPerformed/1[java.awt.event.ActionEvent],ctrPrincipal,3
E:\OOD_Projects\ck-mvn-plugin\Real_Estate_System-master\src\View\LimiteProposta.java,View.LimiteProposta,actionPerformed/1[java.awt.event.ActionEvent],textValor,1
E:\OOD_Projects\ck-mvn-plugin\Real_Estate_System-master\src\View\LimiteProposta.java,View.LimiteProposta,actionPerformed/1[java.awt.event.ActionEvent],textAno,1
E:\OOD_Projects\ck-mvn-plugin\Real_Estate_System-master\src\View\LimiteProposta.java,View.LimiteProposta,actionPerformed/1[java.awt.event.ActionEvent],imovelEscolhido,1
E:\OOD_Projects\ck-mvn-plugin\Real_Estate_System-master\src\View\LimiteProposta.java,View.LimiteProposta,actionPerformed/1[java.awt.event.ActionEvent],textComprador,1
E:\OOD_Projects\ck-mvn-plugin\Real_Estate_System-master\src\View\LimiteProposta.java,View.LimiteProposta,actionPerformed/1[java.awt.event.ActionEvent],textHora,1
E:\OOD_Projects\ck-mvn-plugin\Real_Estate_System-master\src\View\LimiteRelatorios.java,View.LimiteRelatorios,LimiteRelatorios/1[Controler.ControlePrincipal],menuItemImoveisPorVendedor,3
E:\OOD_Projects\ck-mvn-plugin\Real_Estate_System-master\src\View\LimiteRelatorios.java,View.LimiteRelatorios,LimiteRelatorios/1[Controler.ControlePrincipal],pButton,6
E:\OOD_Projects\ck-mvn-plugin\Real_Estate_System-master\src\View\LimiteRelatorios.java,View.LimiteRelatorios,LimiteRelatorios/1[Controler.ControlePrincipal],labelPessoaCpf,2
E:\OOD_Projects\ck-mvn-plugin\Real_Estate_System-master\src\View\LimiteRelatorios.java,View.LimiteRelatorios,LimiteRelatorios/1[Controler.ControlePrincipal],menuEventos,5
E:\OOD_Projects\ck-mvn-plugin\Real_Estate_System-master\src\View\LimiteRelatorios.java,View.LimiteRelatorios,LimiteRelatorios/1[Controler.ControlePrincipal],buttonProcura,3
E:\OOD_Projects\ck-mvn-plugin\Real_Estate_System-master\src\View\LimiteRelatorios.java,View.LimiteRelatorios,LimiteRelatorios/1[Controler.ControlePrincipal],labelDataFinal,2
E:\OOD_Projects\ck-mvn-plugin\Real_Estate_System-master\src\View\LimiteRelatorios.java,View.LimiteRelatorios,LimiteRelatorios/1[Controler.ControlePrincipal],textAnoInicio,2
E:\OOD_Projects\ck-mvn-plugin\Real_Estate_System-master\src\View\LimiteRelatorios.java,View.LimiteRelatorios,LimiteRelatorios/1[Controler.ControlePrincipal],barraMenu,5
E:\OOD_Projects\ck-mvn-plugin\Real_Estate_System-master\src\View\LimiteRelatorios.java,View.LimiteRelatorios,LimiteRelatorios/1[Controler.ControlePrincipal],spScrollResultados,1
E:\OOD_Projects\ck-mvn-plugin\Real_Estate_System-master\src\View\LimiteRelatorios.java,View.LimiteRelatorios,LimiteRelatorios/1[Controler.ControlePrincipal],menuItemEventosPorImovelPorPeriodo,3
E:\OOD_Projects\ck-mvn-plugin\Real_Estate_System-master\src\View\LimiteRelatorios.java,View.LimiteRelatorios,LimiteRelatorios/1[Controler.ControlePrincipal],menuItemVisitasCorretor,3
E:\OOD_Projects\ck-mvn-plugin\Real_Estate_System-master\src\View\LimiteRelatorios.java,View.LimiteRelatorios,LimiteRelatorios/1[Controler.ControlePrincipal],textDiaInicio,2
E:\OOD_Projects\ck-mvn-plugin\Real_Estate_System-master\src\View\LimiteRelatorios.java,View.LimiteRelatorios,LimiteRelatorios/1[Controler.ControlePrincipal],menuFatura,5
E:\OOD_Projects\ck-mvn-plugin\Real_Estate_System-master\src\View\LimiteRelatorios.java,View.LimiteRelatorios,LimiteRelatorios/1[Controler.ControlePrincipal],pDataFinal,10
E:\OOD_Projects\ck-mvn-plugin\Real_Estate_System-master\src\View\LimiteRelatorios.java,View.LimiteRelatorios,LimiteRelatorios/1[Controler.ControlePrincipal],labelDataInicio,2
E:\OOD_Projects\ck-mvn-plugin\Real_Estate_System-master\src\View\LimiteRelatorios.java,View.LimiteRelatorios,LimiteRelatorios/1[Controler.ControlePrincipal],textHoraFinal,2
E:\OOD_Projects\ck-mvn-plugin\Real_Estate_System-master\src\View\LimiteRelatorios.java,View.LimiteRelatorios,LimiteRelatorios/1[Controler.ControlePrincipal],textPessoaCpf,2
E:\OOD_Projects\ck-mvn-plugin\Real_Estate_System-master\src\View\LimiteRelatorios.java,View.LimiteRelatorios,LimiteRelatorios/1[Controler.ControlePrincipal],textMinutosFinal,2
E:\OOD_Projects\ck-mvn-plugin\Real_Estate_System-master\src\View\LimiteRelatorios.java,View.LimiteRelatorios,LimiteRelatorios/1[Controler.ControlePrincipal],menuItemValorTotalCorretor,3
E:\OOD_Projects\ck-mvn-plugin\Real_Estate_System-master\src\View\LimiteRelatorios.java,View.LimiteRelatorios,LimiteRelatorios/1[Controler.ControlePrincipal],textDiaFinal,2
E:\OOD_Projects\ck-mvn-plugin\Real_Estate_System-master\src\View\LimiteRelatorios.java,View.LimiteRelatorios,LimiteRelatorios/1[Controler.ControlePrincipal],menuImoveis,5
E:\OOD_Projects\ck-mvn-plugin\Real_Estate_System-master\src\View\LimiteRelatorios.java,View.LimiteRelatorios,LimiteRelatorios/1[Controler.ControlePrincipal],menuItemValorTotal,3
E:\OOD_Projects\ck-mvn-plugin\Real_Estate_System-master\src\View\LimiteRelatorios.java,View.LimiteRelatorios,LimiteRelatorios/1[Controler.ControlePrincipal],labelHoraFinal,2
E:\OOD_Projects\ck-mvn-plugin\Real_Estate_System-master\src\View\LimiteRelatorios.java,View.LimiteRelatorios,LimiteRelatorios/1[Controler.ControlePrincipal],painelSecundario,5
E:\OOD_Projects\ck-mvn-plugin\Real_Estate_System-master\src\View\LimiteRelatorios.java,View.LimiteRelatorios,LimiteRelatorios/1[Controler.ControlePrincipal],textMesInicio,2
E:\OOD_Projects\ck-mvn-plugin\Real_Estate_System-master\src\View\LimiteRelatorios.java,View.LimiteRelatorios,LimiteRelatorios/1[Controler.ControlePrincipal],textMesFinal,2
E:\OOD_Projects\ck-mvn-plugin\Real_Estate_System-master\src\View\LimiteRelatorios.java,View.LimiteRelatorios,LimiteRelatorios/1[Controler.ControlePrincipal],resultadosTextArea,6
E:\OOD_Projects\ck-mvn-plugin\Real_Estate_System-master\src\View\LimiteRelatorios.java,View.LimiteRelatorios,LimiteRelatorios/1[Controler.ControlePrincipal],pDataInicio,10
E:\OOD_Projects\ck-mvn-plugin\Real_Estate_System-master\src\View\LimiteRelatorios.java,View.LimiteRelatorios,LimiteRelatorios/1[Controler.ControlePrincipal],painelPrincipal,4
E:\OOD_Projects\ck-mvn-plugin\Real_Estate_System-master\src\View\LimiteRelatorios.java,View.LimiteRelatorios,LimiteRelatorios/1[Controler.ControlePrincipal],textMinutosInicio,2
E:\OOD_Projects\ck-mvn-plugin\Real_Estate_System-master\src\View\LimiteRelatorios.java,View.LimiteRelatorios,LimiteRelatorios/1[Controler.ControlePrincipal],labelHoraInicio,2
E:\OOD_Projects\ck-mvn-plugin\Real_Estate_System-master\src\View\LimiteRelatorios.java,View.LimiteRelatorios,LimiteRelatorios/1[Controler.ControlePrincipal],ctrPrincipal,1
E:\OOD_Projects\ck-mvn-plugin\Real_Estate_System-master\src\View\LimiteRelatorios.java,View.LimiteRelatorios,LimiteRelatorios/1[Controler.ControlePrincipal],textHoraInicio,2
E:\OOD_Projects\ck-mvn-plugin\Real_Estate_System-master\src\View\LimiteRelatorios.java,View.LimiteRelatorios,LimiteRelatorios/1[Controler.ControlePrincipal],textAnoFinal,2
E:\OOD_Projects\ck-mvn-plugin\Real_Estate_System-master\src\View\LimiteRelatorios.java,View.LimiteRelatorios,LimiteRelatorios/1[Controler.ControlePrincipal],menuItemImoveisVendidos,3
E:\OOD_Projects\ck-mvn-plugin\Real_Estate_System-master\src\View\LimiteRelatorios.java,View.LimiteRelatorios,limpaTextFieldsCalendar/0,textMinutosInicio,1
E:\OOD_Projects\ck-mvn-plugin\Real_Estate_System-master\src\View\LimiteRelatorios.java,View.LimiteRelatorios,limpaTextFieldsCalendar/0,textDiaInicio,1
E:\OOD_Projects\ck-mvn-plugin\Real_Estate_System-master\src\View\LimiteRelatorios.java,View.LimiteRelatorios,limpaTextFieldsCalendar/0,textHoraInicio,1
E:\OOD_Projects\ck-mvn-plugin\Real_Estate_System-master\src\View\LimiteRelatorios.java,View.LimiteRelatorios,limpaTextFieldsCalendar/0,textMesInicio,1
E:\OOD_Projects\ck-mvn-plugin\Real_Estate_System-master\src\View\LimiteRelatorios.java,View.LimiteRelatorios,limpaTextFieldsCalendar/0,textMesFinal,1
E:\OOD_Projects\ck-mvn-plugin\Real_Estate_System-master\src\View\LimiteRelatorios.java,View.LimiteRelatorios,limpaTextFieldsCalendar/0,textAnoFinal,1
E:\OOD_Projects\ck-mvn-plugin\Real_Estate_System-master\src\View\LimiteRelatorios.java,View.LimiteRelatorios,limpaTextFieldsCalendar/0,textHoraFinal,1
E:\OOD_Projects\ck-mvn-plugin\Real_Estate_System-master\src\View\LimiteRelatorios.java,View.LimiteRelatorios,limpaTextFieldsCalendar/0,textPessoaCpf,1
E:\OOD_Projects\ck-mvn-plugin\Real_Estate_System-master\src\View\LimiteRelatorios.java,View.LimiteRelatorios,limpaTextFieldsCalendar/0,resultadosTextArea,1
E:\OOD_Projects\ck-mvn-plugin\Real_Estate_System-master\src\View\LimiteRelatorios.java,View.LimiteRelatorios,limpaTextFieldsCalendar/0,textMinutosFinal,1
E:\OOD_Projects\ck-mvn-plugin\Real_Estate_System-master\src\View\LimiteRelatorios.java,View.LimiteRelatorios,limpaTextFieldsCalendar/0,textAnoInicio,1
E:\OOD_Projects\ck-mvn-plugin\Real_Estate_System-master\src\View\LimiteRelatorios.java,View.LimiteRelatorios,limpaTextFieldsCalendar/0,textDiaFinal,1
E:\OOD_Projects\ck-mvn-plugin\Real_Estate_System-master\src\Model\Pessoa.java,Model.Pessoa,"Pessoa/4[java.lang.String,java.lang.String,java.lang.String,java.lang.String]",fone,3
E:\OOD_Projects\ck-mvn-plugin\Real_Estate_System-master\src\Model\Pessoa.java,Model.Pessoa,"Pessoa/4[java.lang.String,java.lang.String,java.lang.String,java.lang.String]",cpf,3
E:\OOD_Projects\ck-mvn-plugin\Real_Estate_System-master\src\Model\Pessoa.java,Model.Pessoa,"Pessoa/4[java.lang.String,java.lang.String,java.lang.String,java.lang.String]",nome,3
E:\OOD_Projects\ck-mvn-plugin\Real_Estate_System-master\src\Model\Pessoa.java,Model.Pessoa,"Pessoa/4[java.lang.String,java.lang.String,java.lang.String,java.lang.String]",email,3
E:\OOD_Projects\ck-mvn-plugin\Real_Estate_System-master\src\Model\Pessoa.java,Model.Pessoa,getEmail/0,email,1
E:\OOD_Projects\ck-mvn-plugin\Real_Estate_System-master\src\Model\Pessoa.java,Model.Pessoa,getNome/0,nome,1
E:\OOD_Projects\ck-mvn-plugin\Real_Estate_System-master\src\Model\Pessoa.java,Model.Pessoa,getFone/0,fone,1
E:\OOD_Projects\ck-mvn-plugin\Real_Estate_System-master\src\Model\Pessoa.java,Model.Pessoa,getCpf/0,cpf,1
E:\OOD_Projects\ck-mvn-plugin\Real_Estate_System-master\src\Controler\ControlePrincipal.java,Controler.ControlePrincipal,retornaCompradorPorCpf/1[java.lang.String],ctrComprador,1
E:\OOD_Projects\ck-mvn-plugin\Real_Estate_System-master\src\Controler\ControlePrincipal.java,Controler.ControlePrincipal,serializaDados/0,ctrComprador,1
E:\OOD_Projects\ck-mvn-plugin\Real_Estate_System-master\src\Controler\ControlePrincipal.java,Controler.ControlePrincipal,serializaDados/0,ctrImovel,1
E:\OOD_Projects\ck-mvn-plugin\Real_Estate_System-master\src\Controler\ControlePrincipal.java,Controler.ControlePrincipal,serializaDados/0,ctrVendedor,1
E:\OOD_Projects\ck-mvn-plugin\Real_Estate_System-master\src\Controler\ControlePrincipal.java,Controler.ControlePrincipal,serializaDados/0,ctrCorretor,1
E:\OOD_Projects\ck-mvn-plugin\Real_Estate_System-master\src\Controler\ControlePrincipal.java,Controler.ControlePrincipal,"cadVendedor/5[java.lang.String,java.lang.String,java.lang.String,java.lang.String,java.lang.String]",ctrVendedor,1
E:\OOD_Projects\ck-mvn-plugin\Real_Estate_System-master\src\Controler\ControlePrincipal.java,Controler.ControlePrincipal,"cadImovel/8[int,java.lang.String,java.lang.String,java.lang.String,java.lang.String,double,double,java.lang.String]",ctrImovel,1
E:\OOD_Projects\ck-mvn-plugin\Real_Estate_System-master\src\Controler\ControlePrincipal.java,Controler.ControlePrincipal,"cadImovel/8[int,java.lang.String,java.lang.String,java.lang.String,java.lang.String,double,double,java.lang.String]",ctrVendedor,2
E:\OOD_Projects\ck-mvn-plugin\Real_Estate_System-master\src\Controler\ControlePrincipal.java,Controler.ControlePrincipal,retornaStringDadosImovel/1[Model.Imovel],ctrImovel,1
E:\OOD_Projects\ck-mvn-plugin\Real_Estate_System-master\src\Controler\ControlePrincipal.java,Controler.ControlePrincipal,retornoArrayListImovel/1[java.lang.String],ctrImovel,1
E:\OOD_Projects\ck-mvn-plugin\Real_Estate_System-master\src\Controler\ControlePrincipal.java,Controler.ControlePrincipal,retornaVendedorPorCpf/1[java.lang.String],ctrVendedor,1
E:\OOD_Projects\ck-mvn-plugin\Real_Estate_System-master\src\Controler\ControlePrincipal.java,Controler.ControlePrincipal,"cadCorretor/6[java.lang.String,java.lang.String,java.lang.String,java.lang.String,java.lang.String,double]",ctrCorretor,1
E:\OOD_Projects\ck-mvn-plugin\Real_Estate_System-master\src\Controler\ControlePrincipal.java,Controler.ControlePrincipal,"cadComprador/5[java.lang.String,java.lang.String,java.lang.String,java.lang.String,java.lang.String]",ctrComprador,1
E:\OOD_Projects\ck-mvn-plugin\Real_Estate_System-master\src\Controler\ControlePrincipal.java,Controler.ControlePrincipal,ControlePrincipal/0,ctrComprador,1
E:\OOD_Projects\ck-mvn-plugin\Real_Estate_System-master\src\Controler\ControlePrincipal.java,Controler.ControlePrincipal,ControlePrincipal/0,ctrImovel,1
E:\OOD_Projects\ck-mvn-plugin\Real_Estate_System-master\src\Controler\ControlePrincipal.java,Controler.ControlePrincipal,ControlePrincipal/0,ctrVendedor,1
E:\OOD_Projects\ck-mvn-plugin\Real_Estate_System-master\src\Controler\ControlePrincipal.java,Controler.ControlePrincipal,ControlePrincipal/0,limPrincipal,1
E:\OOD_Projects\ck-mvn-plugin\Real_Estate_System-master\src\Controler\ControlePrincipal.java,Controler.ControlePrincipal,ControlePrincipal/0,ctrCorretor,1
E:\OOD_Projects\ck-mvn-plugin\Real_Estate_System-master\src\Controler\ControlePrincipal.java,Controler.ControlePrincipal,retornaCorretorPorCpf/1[java.lang.String],ctrCorretor,1
E:\OOD_Projects\ck-mvn-plugin\Real_Estate_System-master\src\Controler\ControlePrincipal.java,Controler.ControlePrincipal,"retornoEventosImovelPorPeriodo/3[java.util.Calendar,java.util.Calendar,int]",ctrImovel,1
E:\OOD_Projects\ck-mvn-plugin\Real_Estate_System-master\src\Controler\ControlePrincipal.java,Controler.ControlePrincipal,"retornoDinheiroImobiliaria/3[java.util.Calendar,java.util.Calendar,boolean]",ctrImovel,1
E:\OOD_Projects\ck-mvn-plugin\Real_Estate_System-master\src\Controler\ControlePrincipal.java,Controler.ControlePrincipal,desativarImovel/1[int],ctrImovel,1
E:\OOD_Projects\ck-mvn-plugin\Real_Estate_System-master\src\Controler\ControlePrincipal.java,Controler.ControlePrincipal,"registraPropostaPorCodigo/2[int,Model.Proposta]",ctrImovel,1
E:\OOD_Projects\ck-mvn-plugin\Real_Estate_System-master\src\Controler\ControlePrincipal.java,Controler.ControlePrincipal,"retornoDinheiroCorretor/3[java.util.Calendar,java.util.Calendar,java.lang.String]",ctrImovel,1
E:\OOD_Projects\ck-mvn-plugin\Real_Estate_System-master\src\Controler\ControlePrincipal.java,Controler.ControlePrincipal,desserializaDados/0,ctrComprador,1
E:\OOD_Projects\ck-mvn-plugin\Real_Estate_System-master\src\Controler\ControlePrincipal.java,Controler.ControlePrincipal,desserializaDados/0,ctrImovel,1
E:\OOD_Projects\ck-mvn-plugin\Real_Estate_System-master\src\Controler\ControlePrincipal.java,Controler.ControlePrincipal,desserializaDados/0,ctrVendedor,1
E:\OOD_Projects\ck-mvn-plugin\Real_Estate_System-master\src\Controler\ControlePrincipal.java,Controler.ControlePrincipal,desserializaDados/0,ctrCorretor,1
E:\OOD_Projects\ck-mvn-plugin\Real_Estate_System-master\src\Controler\ControlePrincipal.java,Controler.ControlePrincipal,retornoImoveisPorVendedor/1[java.lang.String],ctrImovel,1
E:\OOD_Projects\ck-mvn-plugin\Real_Estate_System-master\src\Controler\ControlePrincipal.java,Controler.ControlePrincipal,retornoImovelPorCodigo/1[int],ctrImovel,1
E:\OOD_Projects\ck-mvn-plugin\Real_Estate_System-master\src\Controler\ControlePrincipal.java,Controler.ControlePrincipal,retornoArrayListTipos/0,ctrImovel,1
E:\OOD_Projects\ck-mvn-plugin\Real_Estate_System-master\src\Controler\ControlePrincipal.java,Controler.ControlePrincipal,"registraVisitaPorCodigo/2[int,Model.Visita]",ctrImovel,1
E:\OOD_Projects\ck-mvn-plugin\Real_Estate_System-master\src\Controler\ControlePrincipal.java,Controler.ControlePrincipal,"procuraAlteraEstadoPropostaMain/3[Model.Imovel,Model.Proposta,java.lang.String]",ctrImovel,1
E:\OOD_Projects\ck-mvn-plugin\Real_Estate_System-master\src\Controler\ControlePrincipal.java,Controler.ControlePrincipal,"retornaVisitasCorretorString/3[java.util.Calendar,java.util.Calendar,java.lang.String]",ctrImovel,1
E:\OOD_Projects\ck-mvn-plugin\Real_Estate_System-master\src\Controler\ControlePrincipal.java,Controler.ControlePrincipal,carregaDados/0,ctrComprador,4
E:\OOD_Projects\ck-mvn-plugin\Real_Estate_System-master\src\Controler\ControlePrincipal.java,Controler.ControlePrincipal,carregaDados/0,ctrImovel,4
E:\OOD_Projects\ck-mvn-plugin\Real_Estate_System-master\src\Controler\ControlePrincipal.java,Controler.ControlePrincipal,carregaDados/0,ctrVendedor,3
E:\OOD_Projects\ck-mvn-plugin\Real_Estate_System-master\src\Controler\ControlePrincipal.java,Controler.ControlePrincipal,carregaDados/0,ctrCorretor,2
E:\OOD_Projects\ck-mvn-plugin\Real_Estate_System-master\src\Controler\ControlePrincipal.java,Controler.ControlePrincipal,"retornoImoveisVendidosPorTempo/2[java.util.Calendar,java.util.Calendar]",ctrImovel,1
E:\OOD_Projects\ck-mvn-plugin\Real_Estate_System-master\src\Controler\ControleComprador.java,Controler.ControleComprador,"cadastraComprador/5[java.lang.String,java.lang.String,java.lang.String,java.lang.String,java.lang.String]",listaComprador,1
E:\OOD_Projects\ck-mvn-plugin\Real_Estate_System-master\src\Controler\ControleComprador.java,Controler.ControleComprador,desserializaComprador/0,listaComprador,1
E:\OOD_Projects\ck-mvn-plugin\Real_Estate_System-master\src\Controler\ControleComprador.java,Controler.ControleComprador,serializaComprador/0,listaComprador,1
E:\OOD_Projects\ck-mvn-plugin\Real_Estate_System-master\src\Controler\ControleComprador.java,Controler.ControleComprador,retornaCompradorPorCpf/1[java.lang.String],listaComprador,1
E:\OOD_Projects\ck-mvn-plugin\Real_Estate_System-master\src\View\LimiteEscolhaCatalogo.java,View.LimiteEscolhaCatalogo,"LimiteEscolhaCatalogo/2[Controler.ControlePrincipal,Model.Imovel]",painelPrincipal,4
E:\OOD_Projects\ck-mvn-plugin\Real_Estate_System-master\src\View\LimiteEscolhaCatalogo.java,View.LimiteEscolhaCatalogo,"LimiteEscolhaCatalogo/2[Controler.ControlePrincipal,Model.Imovel]",pInformacoes,3
E:\OOD_Projects\ck-mvn-plugin\Real_Estate_System-master\src\View\LimiteEscolhaCatalogo.java,View.LimiteEscolhaCatalogo,"LimiteEscolhaCatalogo/2[Controler.ControlePrincipal,Model.Imovel]",buttonProposta,3
E:\OOD_Projects\ck-mvn-plugin\Real_Estate_System-master\src\View\LimiteEscolhaCatalogo.java,View.LimiteEscolhaCatalogo,"LimiteEscolhaCatalogo/2[Controler.ControlePrincipal,Model.Imovel]",ctrPrincipal,4
E:\OOD_Projects\ck-mvn-plugin\Real_Estate_System-master\src\View\LimiteEscolhaCatalogo.java,View.LimiteEscolhaCatalogo,"LimiteEscolhaCatalogo/2[Controler.ControlePrincipal,Model.Imovel]",painelSecundario,4
E:\OOD_Projects\ck-mvn-plugin\Real_Estate_System-master\src\View\LimiteEscolhaCatalogo.java,View.LimiteEscolhaCatalogo,"LimiteEscolhaCatalogo/2[Controler.ControlePrincipal,Model.Imovel]",buttonVisita,3
E:\OOD_Projects\ck-mvn-plugin\Real_Estate_System-master\src\View\LimiteEscolhaCatalogo.java,View.LimiteEscolhaCatalogo,"LimiteEscolhaCatalogo/2[Controler.ControlePrincipal,Model.Imovel]",dadosImovel,6
E:\OOD_Projects\ck-mvn-plugin\Real_Estate_System-master\src\View\LimiteEscolhaCatalogo.java,View.LimiteEscolhaCatalogo,"LimiteEscolhaCatalogo/2[Controler.ControlePrincipal,Model.Imovel]",imagemImovel,5
E:\OOD_Projects\ck-mvn-plugin\Real_Estate_System-master\src\View\LimiteEscolhaCatalogo.java,View.LimiteEscolhaCatalogo,"LimiteEscolhaCatalogo/2[Controler.ControlePrincipal,Model.Imovel]",pImagem,3
E:\OOD_Projects\ck-mvn-plugin\Real_Estate_System-master\src\View\LimiteEscolhaCatalogo.java,View.LimiteEscolhaCatalogo,"LimiteEscolhaCatalogo/2[Controler.ControlePrincipal,Model.Imovel]",imovelEscolha,6
E:\OOD_Projects\ck-mvn-plugin\Real_Estate_System-master\src\View\LimiteEscolhaCatalogo.java,View.LimiteEscolhaCatalogo,"LimiteEscolhaCatalogo/2[Controler.ControlePrincipal,Model.Imovel]",labelImagem,2
E:\OOD_Projects\ck-mvn-plugin\Real_Estate_System-master\src\View\LimiteEscolhaCatalogo.java,View.LimiteEscolhaCatalogo,"LimiteEscolhaCatalogo/2[Controler.ControlePrincipal,Model.Imovel]",pButtons,4
E:\OOD_Projects\ck-mvn-plugin\Real_Estate_System-master\src\View\LimiteEscolhaCatalogo.java,View.LimiteEscolhaCatalogo,actionPerformed/1[java.awt.event.ActionEvent],ctrPrincipal,1
E:\OOD_Projects\ck-mvn-plugin\Real_Estate_System-master\src\View\LimiteEscolhaCatalogo.java,View.LimiteEscolhaCatalogo,actionPerformed/1[java.awt.event.ActionEvent],imovelEscolha,1
E:\OOD_Projects\ck-mvn-plugin\Real_Estate_System-master\src\View\LimitePrincipal.java,View.LimitePrincipal,windowClosing/1[java.awt.event.WindowEvent],ctrPrincipal,1
E:\OOD_Projects\ck-mvn-plugin\Real_Estate_System-master\src\View\LimitePrincipal.java,View.LimitePrincipal,LimitePrincipal/1[Controler.ControlePrincipal],cadastraImovel,3
E:\OOD_Projects\ck-mvn-plugin\Real_Estate_System-master\src\View\LimitePrincipal.java,View.LimitePrincipal,LimitePrincipal/1[Controler.ControlePrincipal],menuCad,7
E:\OOD_Projects\ck-mvn-plugin\Real_Estate_System-master\src\View\LimitePrincipal.java,View.LimitePrincipal,LimitePrincipal/1[Controler.ControlePrincipal],consultaPropostas,3
E:\OOD_Projects\ck-mvn-plugin\Real_Estate_System-master\src\View\LimitePrincipal.java,View.LimitePrincipal,LimitePrincipal/1[Controler.ControlePrincipal],menuCon,6
E:\OOD_Projects\ck-mvn-plugin\Real_Estate_System-master\src\View\LimitePrincipal.java,View.LimitePrincipal,LimitePrincipal/1[Controler.ControlePrincipal],relatoriosItem,3
E:\OOD_Projects\ck-mvn-plugin\Real_Estate_System-master\src\View\LimitePrincipal.java,View.LimitePrincipal,LimitePrincipal/1[Controler.ControlePrincipal],consultaInativaImovel,3
E:\OOD_Projects\ck-mvn-plugin\Real_Estate_System-master\src\View\LimitePrincipal.java,View.LimitePrincipal,LimitePrincipal/1[Controler.ControlePrincipal],cadastraCorretor,3
E:\OOD_Projects\ck-mvn-plugin\Real_Estate_System-master\src\View\LimitePrincipal.java,View.LimitePrincipal,LimitePrincipal/1[Controler.ControlePrincipal],barraMenu,6
E:\OOD_Projects\ck-mvn-plugin\Real_Estate_System-master\src\View\LimitePrincipal.java,View.LimitePrincipal,LimitePrincipal/1[Controler.ControlePrincipal],ctrPrincipal,1
E:\OOD_Projects\ck-mvn-plugin\Real_Estate_System-master\src\View\LimitePrincipal.java,View.LimitePrincipal,LimitePrincipal/1[Controler.ControlePrincipal],menuImportar,3
E:\OOD_Projects\ck-mvn-plugin\Real_Estate_System-master\src\View\LimitePrincipal.java,View.LimitePrincipal,LimitePrincipal/1[Controler.ControlePrincipal],cadastraVendedor,3
E:\OOD_Projects\ck-mvn-plugin\Real_Estate_System-master\src\View\LimitePrincipal.java,View.LimitePrincipal,LimitePrincipal/1[Controler.ControlePrincipal],consultaCatalogo,3
E:\OOD_Projects\ck-mvn-plugin\Real_Estate_System-master\src\View\LimitePrincipal.java,View.LimitePrincipal,LimitePrincipal/1[Controler.ControlePrincipal],importarItem,3
E:\OOD_Projects\ck-mvn-plugin\Real_Estate_System-master\src\View\LimitePrincipal.java,View.LimitePrincipal,LimitePrincipal/1[Controler.ControlePrincipal],cadastraComprador,3
E:\OOD_Projects\ck-mvn-plugin\Real_Estate_System-master\src\View\LimitePrincipal.java,View.LimitePrincipal,LimitePrincipal/1[Controler.ControlePrincipal],menuRel,4
E:\OOD_Projects\ck-mvn-plugin\Real_Estate_System-master\src\Controler\ControleImovel.java,Controler.ControleImovel,getListaImovel/1[java.lang.String],listaImovelApto,1
E:\OOD_Projects\ck-mvn-plugin\Real_Estate_System-master\src\Controler\ControleImovel.java,Controler.ControleImovel,getListaImovel/1[java.lang.String],listaImovelRural,1
E:\OOD_Projects\ck-mvn-plugin\Real_Estate_System-master\src\Controler\ControleImovel.java,Controler.ControleImovel,getListaImovel/1[java.lang.String],listaImovel,1
E:\OOD_Projects\ck-mvn-plugin\Real_Estate_System-master\src\Controler\ControleImovel.java,Controler.ControleImovel,getListaImovel/1[java.lang.String],listaImovelLote,1
E:\OOD_Projects\ck-mvn-plugin\Real_Estate_System-master\src\Controler\ControleImovel.java,Controler.ControleImovel,getListaImovel/1[java.lang.String],listaImovelProposta,1
E:\OOD_Projects\ck-mvn-plugin\Real_Estate_System-master\src\Controler\ControleImovel.java,Controler.ControleImovel,getListaImovel/1[java.lang.String],listaImovelSala,1
E:\OOD_Projects\ck-mvn-plugin\Real_Estate_System-master\src\Controler\ControleImovel.java,Controler.ControleImovel,getListaImovel/1[java.lang.String],listaImovelCasa,1
E:\OOD_Projects\ck-mvn-plugin\Real_Estate_System-master\src\Controler\ControleImovel.java,Controler.ControleImovel,"cadastraImovel/8[int,java.lang.String,java.lang.String,java.lang.String,java.lang.String,double,double,Model.Vendedor]",listaImovelApto,1
E:\OOD_Projects\ck-mvn-plugin\Real_Estate_System-master\src\Controler\ControleImovel.java,Controler.ControleImovel,"cadastraImovel/8[int,java.lang.String,java.lang.String,java.lang.String,java.lang.String,double,double,Model.Vendedor]",listaImovelRural,1
E:\OOD_Projects\ck-mvn-plugin\Real_Estate_System-master\src\Controler\ControleImovel.java,Controler.ControleImovel,"cadastraImovel/8[int,java.lang.String,java.lang.String,java.lang.String,java.lang.String,double,double,Model.Vendedor]",listaImovel,1
E:\OOD_Projects\ck-mvn-plugin\Real_Estate_System-master\src\Controler\ControleImovel.java,Controler.ControleImovel,"cadastraImovel/8[int,java.lang.String,java.lang.String,java.lang.String,java.lang.String,double,double,Model.Vendedor]",listaImovelLote,1
E:\OOD_Projects\ck-mvn-plugin\Real_Estate_System-master\src\Controler\ControleImovel.java,Controler.ControleImovel,"cadastraImovel/8[int,java.lang.String,java.lang.String,java.lang.String,java.lang.String,double,double,Model.Vendedor]",listaImovelSala,1
E:\OOD_Projects\ck-mvn-plugin\Real_Estate_System-master\src\Controler\ControleImovel.java,Controler.ControleImovel,"cadastraImovel/8[int,java.lang.String,java.lang.String,java.lang.String,java.lang.String,double,double,Model.Vendedor]",listaImovelCasa,1
E:\OOD_Projects\ck-mvn-plugin\Real_Estate_System-master\src\Controler\ControleImovel.java,Controler.ControleImovel,retornoImovelPorCodigo/1[int],listaImovel,1
E:\OOD_Projects\ck-mvn-plugin\Real_Estate_System-master\src\Controler\ControleImovel.java,Controler.ControleImovel,"retornoDinheiroCorretor/3[java.util.Calendar,java.util.Calendar,java.lang.String]",listaImovelVendido,2
E:\OOD_Projects\ck-mvn-plugin\Real_Estate_System-master\src\Controler\ControleImovel.java,Controler.ControleImovel,retornoImoveisPorVendedor/1[java.lang.String],listaImovel,1
E:\OOD_Projects\ck-mvn-plugin\Real_Estate_System-master\src\Controler\ControleImovel.java,Controler.ControleImovel,getListaImovelApto/0,listaImovelApto,1
E:\OOD_Projects\ck-mvn-plugin\Real_Estate_System-master\src\Controler\ControleImovel.java,Controler.ControleImovel,"retornoEventosImovelPorPeriodo/3[java.util.Calendar,java.util.Calendar,int]",listaImovel,1
E:\OOD_Projects\ck-mvn-plugin\Real_Estate_System-master\src\Controler\ControleImovel.java,Controler.ControleImovel,"retornoImoveisVendidosString/2[java.util.Calendar,java.util.Calendar]",listaImovelVendido,1
E:\OOD_Projects\ck-mvn-plugin\Real_Estate_System-master\src\Controler\ControleImovel.java,Controler.ControleImovel,"procuraAlteraEstadoProposta/3[Model.Imovel,Model.Proposta,java.lang.String]",listaImovelApto,1
E:\OOD_Projects\ck-mvn-plugin\Real_Estate_System-master\src\Controler\ControleImovel.java,Controler.ControleImovel,"procuraAlteraEstadoProposta/3[Model.Imovel,Model.Proposta,java.lang.String]",listaImovelRural,1
E:\OOD_Projects\ck-mvn-plugin\Real_Estate_System-master\src\Controler\ControleImovel.java,Controler.ControleImovel,"procuraAlteraEstadoProposta/3[Model.Imovel,Model.Proposta,java.lang.String]",listaImovel,1
E:\OOD_Projects\ck-mvn-plugin\Real_Estate_System-master\src\Controler\ControleImovel.java,Controler.ControleImovel,"procuraAlteraEstadoProposta/3[Model.Imovel,Model.Proposta,java.lang.String]",listaImovelLote,1
E:\OOD_Projects\ck-mvn-plugin\Real_Estate_System-master\src\Controler\ControleImovel.java,Controler.ControleImovel,"procuraAlteraEstadoProposta/3[Model.Imovel,Model.Proposta,java.lang.String]",listaImovelProposta,1
E:\OOD_Projects\ck-mvn-plugin\Real_Estate_System-master\src\Controler\ControleImovel.java,Controler.ControleImovel,"procuraAlteraEstadoProposta/3[Model.Imovel,Model.Proposta,java.lang.String]",listaImovelSala,1
E:\OOD_Projects\ck-mvn-plugin\Real_Estate_System-master\src\Controler\ControleImovel.java,Controler.ControleImovel,"procuraAlteraEstadoProposta/3[Model.Imovel,Model.Proposta,java.lang.String]",listaImovelCasa,1
E:\OOD_Projects\ck-mvn-plugin\Real_Estate_System-master\src\Controler\ControleImovel.java,Controler.ControleImovel,"procuraAlteraEstadoProposta/3[Model.Imovel,Model.Proposta,java.lang.String]",listaImovelVendido,1
E:\OOD_Projects\ck-mvn-plugin\Real_Estate_System-master\src\Controler\ControleImovel.java,Controler.ControleImovel,"retornoDinheiroImobiliaria/3[java.util.Calendar,java.util.Calendar,boolean]",listaImovelVendido,2
E:\OOD_Projects\ck-mvn-plugin\Real_Estate_System-master\src\Controler\ControleImovel.java,Controler.ControleImovel,"cadastraImovel/9[int,java.lang.String,java.lang.String,java.lang.String,java.lang.String,double,double,java.util.Calendar,Model.Vendedor]",listaImovelApto,1
E:\OOD_Projects\ck-mvn-plugin\Real_Estate_System-master\src\Controler\ControleImovel.java,Controler.ControleImovel,"cadastraImovel/9[int,java.lang.String,java.lang.String,java.lang.String,java.lang.String,double,double,java.util.Calendar,Model.Vendedor]",listaImovelRural,1
E:\OOD_Projects\ck-mvn-plugin\Real_Estate_System-master\src\Controler\ControleImovel.java,Controler.ControleImovel,"cadastraImovel/9[int,java.lang.String,java.lang.String,java.lang.String,java.lang.String,double,double,java.util.Calendar,Model.Vendedor]",listaImovel,1
E:\OOD_Projects\ck-mvn-plugin\Real_Estate_System-master\src\Controler\ControleImovel.java,Controler.ControleImovel,"cadastraImovel/9[int,java.lang.String,java.lang.String,java.lang.String,java.lang.String,double,double,java.util.Calendar,Model.Vendedor]",listaImovelLote,1
E:\OOD_Projects\ck-mvn-plugin\Real_Estate_System-master\src\Controler\ControleImovel.java,Controler.ControleImovel,"cadastraImovel/9[int,java.lang.String,java.lang.String,java.lang.String,java.lang.String,double,double,java.util.Calendar,Model.Vendedor]",listaImovelSala,1
E:\OOD_Projects\ck-mvn-plugin\Real_Estate_System-master\src\Controler\ControleImovel.java,Controler.ControleImovel,"cadastraImovel/9[int,java.lang.String,java.lang.String,java.lang.String,java.lang.String,double,double,java.util.Calendar,Model.Vendedor]",listaImovelCasa,1
E:\OOD_Projects\ck-mvn-plugin\Real_Estate_System-master\src\Controler\ControleImovel.java,Controler.ControleImovel,getTiposImovel/0,tiposImovel,1
E:\OOD_Projects\ck-mvn-plugin\Real_Estate_System-master\src\Controler\ControleImovel.java,Controler.ControleImovel,"procuraPropostaERegistra/2[int,Model.Proposta]",listaImovel,1
E:\OOD_Projects\ck-mvn-plugin\Real_Estate_System-master\src\Controler\ControleImovel.java,Controler.ControleImovel,"procuraPropostaERegistra/2[int,Model.Proposta]",listaImovelProposta,2
E:\OOD_Projects\ck-mvn-plugin\Real_Estate_System-master\src\Controler\ControleImovel.java,Controler.ControleImovel,ControleImovel/0,tiposImovel,6
E:\OOD_Projects\ck-mvn-plugin\Real_Estate_System-master\src\Controler\ControleImovel.java,Controler.ControleImovel,getListaImovelSala/0,listaImovelSala,1
E:\OOD_Projects\ck-mvn-plugin\Real_Estate_System-master\src\Controler\ControleImovel.java,Controler.ControleImovel,getListaImovelRural/0,listaImovelRural,1
E:\OOD_Projects\ck-mvn-plugin\Real_Estate_System-master\src\Controler\ControleImovel.java,Controler.ControleImovel,"procuraVisitaERegistra/2[int,Model.Visita]",listaImovel,1
E:\OOD_Projects\ck-mvn-plugin\Real_Estate_System-master\src\Controler\ControleImovel.java,Controler.ControleImovel,serializaImovel/0,listaImovelApto,1
E:\OOD_Projects\ck-mvn-plugin\Real_Estate_System-master\src\Controler\ControleImovel.java,Controler.ControleImovel,serializaImovel/0,listaImovelRural,1
E:\OOD_Projects\ck-mvn-plugin\Real_Estate_System-master\src\Controler\ControleImovel.java,Controler.ControleImovel,serializaImovel/0,listaImovel,1
E:\OOD_Projects\ck-mvn-plugin\Real_Estate_System-master\src\Controler\ControleImovel.java,Controler.ControleImovel,serializaImovel/0,listaImovelLote,1
E:\OOD_Projects\ck-mvn-plugin\Real_Estate_System-master\src\Controler\ControleImovel.java,Controler.ControleImovel,serializaImovel/0,listaImovelProposta,1
E:\OOD_Projects\ck-mvn-plugin\Real_Estate_System-master\src\Controler\ControleImovel.java,Controler.ControleImovel,serializaImovel/0,listaImovelSala,1
E:\OOD_Projects\ck-mvn-plugin\Real_Estate_System-master\src\Controler\ControleImovel.java,Controler.ControleImovel,serializaImovel/0,listaImovelCasa,1
E:\OOD_Projects\ck-mvn-plugin\Real_Estate_System-master\src\Controler\ControleImovel.java,Controler.ControleImovel,serializaImovel/0,listaImovelVendido,1
E:\OOD_Projects\ck-mvn-plugin\Real_Estate_System-master\src\Controler\ControleImovel.java,Controler.ControleImovel,desativaImovel/1[int],listaImovelApto,1
E:\OOD_Projects\ck-mvn-plugin\Real_Estate_System-master\src\Controler\ControleImovel.java,Controler.ControleImovel,desativaImovel/1[int],listaImovelRural,1
E:\OOD_Projects\ck-mvn-plugin\Real_Estate_System-master\src\Controler\ControleImovel.java,Controler.ControleImovel,desativaImovel/1[int],listaImovel,1
E:\OOD_Projects\ck-mvn-plugin\Real_Estate_System-master\src\Controler\ControleImovel.java,Controler.ControleImovel,desativaImovel/1[int],listaImovelLote,1
E:\OOD_Projects\ck-mvn-plugin\Real_Estate_System-master\src\Controler\ControleImovel.java,Controler.ControleImovel,desativaImovel/1[int],listaImovelSala,1
E:\OOD_Projects\ck-mvn-plugin\Real_Estate_System-master\src\Controler\ControleImovel.java,Controler.ControleImovel,desativaImovel/1[int],listaImovelCasa,1
E:\OOD_Projects\ck-mvn-plugin\Real_Estate_System-master\src\Controler\ControleImovel.java,Controler.ControleImovel,desserializaImovel/0,listaImovelApto,1
E:\OOD_Projects\ck-mvn-plugin\Real_Estate_System-master\src\Controler\ControleImovel.java,Controler.ControleImovel,desserializaImovel/0,listaImovelRural,1
E:\OOD_Projects\ck-mvn-plugin\Real_Estate_System-master\src\Controler\ControleImovel.java,Controler.ControleImovel,desserializaImovel/0,listaImovel,1
E:\OOD_Projects\ck-mvn-plugin\Real_Estate_System-master\src\Controler\ControleImovel.java,Controler.ControleImovel,desserializaImovel/0,listaImovelLote,1
E:\OOD_Projects\ck-mvn-plugin\Real_Estate_System-master\src\Controler\ControleImovel.java,Controler.ControleImovel,desserializaImovel/0,listaImovelProposta,1
E:\OOD_Projects\ck-mvn-plugin\Real_Estate_System-master\src\Controler\ControleImovel.java,Controler.ControleImovel,desserializaImovel/0,listaImovelSala,1
E:\OOD_Projects\ck-mvn-plugin\Real_Estate_System-master\src\Controler\ControleImovel.java,Controler.ControleImovel,desserializaImovel/0,listaImovelCasa,1
E:\OOD_Projects\ck-mvn-plugin\Real_Estate_System-master\src\Controler\ControleImovel.java,Controler.ControleImovel,desserializaImovel/0,listaImovelVendido,1
E:\OOD_Projects\ck-mvn-plugin\Real_Estate_System-master\src\Controler\ControleImovel.java,Controler.ControleImovel,getListaImovelLote/0,listaImovelLote,1
E:\OOD_Projects\ck-mvn-plugin\Real_Estate_System-master\src\Controler\ControleImovel.java,Controler.ControleImovel,getListaImovelCasa/0,listaImovelCasa,1
E:\OOD_Projects\ck-mvn-plugin\Real_Estate_System-master\src\Controler\ControleImovel.java,Controler.ControleImovel,"retornaVisitasCorretorString/3[java.util.Calendar,java.util.Calendar,java.lang.String]",listaImovel,1
E:\OOD_Projects\ck-mvn-plugin\Real_Estate_System-master\src\View\LimiteCadCorretor.java,View.LimiteCadCorretor,LimiteCadCorretor/1[Controler.ControlePrincipal],painelSecundario,6
E:\OOD_Projects\ck-mvn-plugin\Real_Estate_System-master\src\View\LimiteCadCorretor.java,View.LimiteCadCorretor,LimiteCadCorretor/1[Controler.ControlePrincipal],labelNome,2
E:\OOD_Projects\ck-mvn-plugin\Real_Estate_System-master\src\View\LimiteCadCorretor.java,View.LimiteCadCorretor,LimiteCadCorretor/1[Controler.ControlePrincipal],textFone,2
E:\OOD_Projects\ck-mvn-plugin\Real_Estate_System-master\src\View\LimiteCadCorretor.java,View.LimiteCadCorretor,LimiteCadCorretor/1[Controler.ControlePrincipal],textComissao,2
E:\OOD_Projects\ck-mvn-plugin\Real_Estate_System-master\src\View\LimiteCadCorretor.java,View.LimiteCadCorretor,LimiteCadCorretor/1[Controler.ControlePrincipal],labelCreci,2
E:\OOD_Projects\ck-mvn-plugin\Real_Estate_System-master\src\View\LimiteCadCorretor.java,View.LimiteCadCorretor,LimiteCadCorretor/1[Controler.ControlePrincipal],textNome,2
E:\OOD_Projects\ck-mvn-plugin\Real_Estate_System-master\src\View\LimiteCadCorretor.java,View.LimiteCadCorretor,LimiteCadCorretor/1[Controler.ControlePrincipal],painelPrincipal,3
E:\OOD_Projects\ck-mvn-plugin\Real_Estate_System-master\src\View\LimiteCadCorretor.java,View.LimiteCadCorretor,LimiteCadCorretor/1[Controler.ControlePrincipal],labelComissao,2
E:\OOD_Projects\ck-mvn-plugin\Real_Estate_System-master\src\View\LimiteCadCorretor.java,View.LimiteCadCorretor,LimiteCadCorretor/1[Controler.ControlePrincipal],textCpf,2
E:\OOD_Projects\ck-mvn-plugin\Real_Estate_System-master\src\View\LimiteCadCorretor.java,View.LimiteCadCorretor,LimiteCadCorretor/1[Controler.ControlePrincipal],pNomeCpf,6
E:\OOD_Projects\ck-mvn-plugin\Real_Estate_System-master\src\View\LimiteCadCorretor.java,View.LimiteCadCorretor,LimiteCadCorretor/1[Controler.ControlePrincipal],labelCpf,2
E:\OOD_Projects\ck-mvn-plugin\Real_Estate_System-master\src\View\LimiteCadCorretor.java,View.LimiteCadCorretor,LimiteCadCorretor/1[Controler.ControlePrincipal],textCreci,2
E:\OOD_Projects\ck-mvn-plugin\Real_Estate_System-master\src\View\LimiteCadCorretor.java,View.LimiteCadCorretor,LimiteCadCorretor/1[Controler.ControlePrincipal],labelFone,2
E:\OOD_Projects\ck-mvn-plugin\Real_Estate_System-master\src\View\LimiteCadCorretor.java,View.LimiteCadCorretor,LimiteCadCorretor/1[Controler.ControlePrincipal],ctrPrincipal,1
E:\OOD_Projects\ck-mvn-plugin\Real_Estate_System-master\src\View\LimiteCadCorretor.java,View.LimiteCadCorretor,LimiteCadCorretor/1[Controler.ControlePrincipal],pButtonCadastrar,3
E:\OOD_Projects\ck-mvn-plugin\Real_Estate_System-master\src\View\LimiteCadCorretor.java,View.LimiteCadCorretor,LimiteCadCorretor/1[Controler.ControlePrincipal],labelEmail,2
E:\OOD_Projects\ck-mvn-plugin\Real_Estate_System-master\src\View\LimiteCadCorretor.java,View.LimiteCadCorretor,LimiteCadCorretor/1[Controler.ControlePrincipal],buttonCadastrar,3
E:\OOD_Projects\ck-mvn-plugin\Real_Estate_System-master\src\View\LimiteCadCorretor.java,View.LimiteCadCorretor,LimiteCadCorretor/1[Controler.ControlePrincipal],textEmail,2
E:\OOD_Projects\ck-mvn-plugin\Real_Estate_System-master\src\View\LimiteCadCorretor.java,View.LimiteCadCorretor,LimiteCadCorretor/1[Controler.ControlePrincipal],pEmailFone,6
E:\OOD_Projects\ck-mvn-plugin\Real_Estate_System-master\src\View\LimiteCadCorretor.java,View.LimiteCadCorretor,LimiteCadCorretor/1[Controler.ControlePrincipal],pComissaoCreci,6
E:\OOD_Projects\ck-mvn-plugin\Real_Estate_System-master\src\View\LimiteCadCorretor.java,View.LimiteCadCorretor,actionPerformed/1[java.awt.event.ActionEvent],textCpf,1
E:\OOD_Projects\ck-mvn-plugin\Real_Estate_System-master\src\View\LimiteCadCorretor.java,View.LimiteCadCorretor,actionPerformed/1[java.awt.event.ActionEvent],textCreci,1
E:\OOD_Projects\ck-mvn-plugin\Real_Estate_System-master\src\View\LimiteCadCorretor.java,View.LimiteCadCorretor,actionPerformed/1[java.awt.event.ActionEvent],ctrPrincipal,1
E:\OOD_Projects\ck-mvn-plugin\Real_Estate_System-master\src\View\LimiteCadCorretor.java,View.LimiteCadCorretor,actionPerformed/1[java.awt.event.ActionEvent],textEmail,1
E:\OOD_Projects\ck-mvn-plugin\Real_Estate_System-master\src\View\LimiteCadCorretor.java,View.LimiteCadCorretor,actionPerformed/1[java.awt.event.ActionEvent],textFone,1
E:\OOD_Projects\ck-mvn-plugin\Real_Estate_System-master\src\View\LimiteCadCorretor.java,View.LimiteCadCorretor,actionPerformed/1[java.awt.event.ActionEvent],textComissao,1
E:\OOD_Projects\ck-mvn-plugin\Real_Estate_System-master\src\View\LimiteCadCorretor.java,View.LimiteCadCorretor,actionPerformed/1[java.awt.event.ActionEvent],textNome,1
E:\OOD_Projects\ck-mvn-plugin\Real_Estate_System-master\src\Model\Corretor.java,Model.Corretor,"Corretor/6[java.lang.String,java.lang.String,java.lang.String,java.lang.String,java.lang.String,double]",creci,3
E:\OOD_Projects\ck-mvn-plugin\Real_Estate_System-master\src\Model\Corretor.java,Model.Corretor,"Corretor/6[java.lang.String,java.lang.String,java.lang.String,java.lang.String,java.lang.String,double]",percCorretagem,3
E:\OOD_Projects\ck-mvn-plugin\Real_Estate_System-master\src\Model\Corretor.java,Model.Corretor,getPercCorretagem/0,percCorretagem,1
E:\OOD_Projects\ck-mvn-plugin\Real_Estate_System-master\src\Model\Corretor.java,Model.Corretor,getCreci/0,creci,1
E:\OOD_Projects\ck-mvn-plugin\Real_Estate_System-master\src\View\LimiteVisita.java,View.LimiteVisita,actionPerformed/1[java.awt.event.ActionEvent],textMinutos,1
E:\OOD_Projects\ck-mvn-plugin\Real_Estate_System-master\src\View\LimiteVisita.java,View.LimiteVisita,actionPerformed/1[java.awt.event.ActionEvent],textCorretor,1
E:\OOD_Projects\ck-mvn-plugin\Real_Estate_System-master\src\View\LimiteVisita.java,View.LimiteVisita,actionPerformed/1[java.awt.event.ActionEvent],textDia,1
E:\OOD_Projects\ck-mvn-plugin\Real_Estate_System-master\src\View\LimiteVisita.java,View.LimiteVisita,actionPerformed/1[java.awt.event.ActionEvent],textMes,1
E:\OOD_Projects\ck-mvn-plugin\Real_Estate_System-master\src\View\LimiteVisita.java,View.LimiteVisita,actionPerformed/1[java.awt.event.ActionEvent],ctrPrincipal,3
E:\OOD_Projects\ck-mvn-plugin\Real_Estate_System-master\src\View\LimiteVisita.java,View.LimiteVisita,actionPerformed/1[java.awt.event.ActionEvent],textAno,1
E:\OOD_Projects\ck-mvn-plugin\Real_Estate_System-master\src\View\LimiteVisita.java,View.LimiteVisita,actionPerformed/1[java.awt.event.ActionEvent],imovelEscolhido,1
E:\OOD_Projects\ck-mvn-plugin\Real_Estate_System-master\src\View\LimiteVisita.java,View.LimiteVisita,actionPerformed/1[java.awt.event.ActionEvent],textComprador,1
E:\OOD_Projects\ck-mvn-plugin\Real_Estate_System-master\src\View\LimiteVisita.java,View.LimiteVisita,actionPerformed/1[java.awt.event.ActionEvent],textHora,1
E:\OOD_Projects\ck-mvn-plugin\Real_Estate_System-master\src\View\LimiteVisita.java,View.LimiteVisita,"LimiteVisita/2[Controler.ControlePrincipal,Model.Imovel]",textMinutos,2
E:\OOD_Projects\ck-mvn-plugin\Real_Estate_System-master\src\View\LimiteVisita.java,View.LimiteVisita,"LimiteVisita/2[Controler.ControlePrincipal,Model.Imovel]",labelData,2
E:\OOD_Projects\ck-mvn-plugin\Real_Estate_System-master\src\View\LimiteVisita.java,View.LimiteVisita,"LimiteVisita/2[Controler.ControlePrincipal,Model.Imovel]",pButton,3
E:\OOD_Projects\ck-mvn-plugin\Real_Estate_System-master\src\View\LimiteVisita.java,View.LimiteVisita,"LimiteVisita/2[Controler.ControlePrincipal,Model.Imovel]",textCorretor,2
E:\OOD_Projects\ck-mvn-plugin\Real_Estate_System-master\src\View\LimiteVisita.java,View.LimiteVisita,"LimiteVisita/2[Controler.ControlePrincipal,Model.Imovel]",painelSecundario,6
E:\OOD_Projects\ck-mvn-plugin\Real_Estate_System-master\src\View\LimiteVisita.java,View.LimiteVisita,"LimiteVisita/2[Controler.ControlePrincipal,Model.Imovel]",labelComprador,2
E:\OOD_Projects\ck-mvn-plugin\Real_Estate_System-master\src\View\LimiteVisita.java,View.LimiteVisita,"LimiteVisita/2[Controler.ControlePrincipal,Model.Imovel]",imovelEscolhido,1
E:\OOD_Projects\ck-mvn-plugin\Real_Estate_System-master\src\View\LimiteVisita.java,View.LimiteVisita,"LimiteVisita/2[Controler.ControlePrincipal,Model.Imovel]",textAno,2
E:\OOD_Projects\ck-mvn-plugin\Real_Estate_System-master\src\View\LimiteVisita.java,View.LimiteVisita,"LimiteVisita/2[Controler.ControlePrincipal,Model.Imovel]",textComprador,2
E:\OOD_Projects\ck-mvn-plugin\Real_Estate_System-master\src\View\LimiteVisita.java,View.LimiteVisita,"LimiteVisita/2[Controler.ControlePrincipal,Model.Imovel]",labelHora,2
E:\OOD_Projects\ck-mvn-plugin\Real_Estate_System-master\src\View\LimiteVisita.java,View.LimiteVisita,"LimiteVisita/2[Controler.ControlePrincipal,Model.Imovel]",textHora,2
E:\OOD_Projects\ck-mvn-plugin\Real_Estate_System-master\src\View\LimiteVisita.java,View.LimiteVisita,"LimiteVisita/2[Controler.ControlePrincipal,Model.Imovel]",labelCorretor,2
E:\OOD_Projects\ck-mvn-plugin\Real_Estate_System-master\src\View\LimiteVisita.java,View.LimiteVisita,"LimiteVisita/2[Controler.ControlePrincipal,Model.Imovel]",painelPrincipal,4
E:\OOD_Projects\ck-mvn-plugin\Real_Estate_System-master\src\View\LimiteVisita.java,View.LimiteVisita,"LimiteVisita/2[Controler.ControlePrincipal,Model.Imovel]",pData,6
E:\OOD_Projects\ck-mvn-plugin\Real_Estate_System-master\src\View\LimiteVisita.java,View.LimiteVisita,"LimiteVisita/2[Controler.ControlePrincipal,Model.Imovel]",pHorario,5
E:\OOD_Projects\ck-mvn-plugin\Real_Estate_System-master\src\View\LimiteVisita.java,View.LimiteVisita,"LimiteVisita/2[Controler.ControlePrincipal,Model.Imovel]",textDia,2
E:\OOD_Projects\ck-mvn-plugin\Real_Estate_System-master\src\View\LimiteVisita.java,View.LimiteVisita,"LimiteVisita/2[Controler.ControlePrincipal,Model.Imovel]",textMes,2
E:\OOD_Projects\ck-mvn-plugin\Real_Estate_System-master\src\View\LimiteVisita.java,View.LimiteVisita,"LimiteVisita/2[Controler.ControlePrincipal,Model.Imovel]",ctrPrincipal,1
E:\OOD_Projects\ck-mvn-plugin\Real_Estate_System-master\src\View\LimiteVisita.java,View.LimiteVisita,"LimiteVisita/2[Controler.ControlePrincipal,Model.Imovel]",buttonCadastrar,3
E:\OOD_Projects\ck-mvn-plugin\Real_Estate_System-master\src\View\LimiteVisita.java,View.LimiteVisita,"LimiteVisita/2[Controler.ControlePrincipal,Model.Imovel]",pComprador,4
E:\OOD_Projects\ck-mvn-plugin\Real_Estate_System-master\src\View\LimiteVisita.java,View.LimiteVisita,"LimiteVisita/2[Controler.ControlePrincipal,Model.Imovel]",pCorretor,4
E:\OOD_Projects\ck-mvn-plugin\Real_Estate_System-master\src\View\LimiteCadImovel.java,View.LimiteCadImovel,actionPerformed/1[java.awt.event.ActionEvent],textCodigo,1
E:\OOD_Projects\ck-mvn-plugin\Real_Estate_System-master\src\View\LimiteCadImovel.java,View.LimiteCadImovel,actionPerformed/1[java.awt.event.ActionEvent],textPreco,1
E:\OOD_Projects\ck-mvn-plugin\Real_Estate_System-master\src\View\LimiteCadImovel.java,View.LimiteCadImovel,actionPerformed/1[java.awt.event.ActionEvent],textDescricao,1
E:\OOD_Projects\ck-mvn-plugin\Real_Estate_System-master\src\View\LimiteCadImovel.java,View.LimiteCadImovel,actionPerformed/1[java.awt.event.ActionEvent],ctrPrincipal,1
E:\OOD_Projects\ck-mvn-plugin\Real_Estate_System-master\src\View\LimiteCadImovel.java,View.LimiteCadImovel,actionPerformed/1[java.awt.event.ActionEvent],textEndereco,1
E:\OOD_Projects\ck-mvn-plugin\Real_Estate_System-master\src\View\LimiteCadImovel.java,View.LimiteCadImovel,actionPerformed/1[java.awt.event.ActionEvent],textFoto,1
E:\OOD_Projects\ck-mvn-plugin\Real_Estate_System-master\src\View\LimiteCadImovel.java,View.LimiteCadImovel,actionPerformed/1[java.awt.event.ActionEvent],textComissao,1
E:\OOD_Projects\ck-mvn-plugin\Real_Estate_System-master\src\View\LimiteCadImovel.java,View.LimiteCadImovel,actionPerformed/1[java.awt.event.ActionEvent],textTipo,1
E:\OOD_Projects\ck-mvn-plugin\Real_Estate_System-master\src\View\LimiteCadImovel.java,View.LimiteCadImovel,actionPerformed/1[java.awt.event.ActionEvent],textVendedor,1
E:\OOD_Projects\ck-mvn-plugin\Real_Estate_System-master\src\View\LimiteCadImovel.java,View.LimiteCadImovel,LimiteCadImovel/1[Controler.ControlePrincipal],pFotoPreco,6
E:\OOD_Projects\ck-mvn-plugin\Real_Estate_System-master\src\View\LimiteCadImovel.java,View.LimiteCadImovel,LimiteCadImovel/1[Controler.ControlePrincipal],textComissao,2
E:\OOD_Projects\ck-mvn-plugin\Real_Estate_System-master\src\View\LimiteCadImovel.java,View.LimiteCadImovel,LimiteCadImovel/1[Controler.ControlePrincipal],labelTipo,2
E:\OOD_Projects\ck-mvn-plugin\Real_Estate_System-master\src\View\LimiteCadImovel.java,View.LimiteCadImovel,LimiteCadImovel/1[Controler.ControlePrincipal],labelComissao,2
E:\OOD_Projects\ck-mvn-plugin\Real_Estate_System-master\src\View\LimiteCadImovel.java,View.LimiteCadImovel,LimiteCadImovel/1[Controler.ControlePrincipal],textDescricao,2
E:\OOD_Projects\ck-mvn-plugin\Real_Estate_System-master\src\View\LimiteCadImovel.java,View.LimiteCadImovel,LimiteCadImovel/1[Controler.ControlePrincipal],pButtonCadastrar,3
E:\OOD_Projects\ck-mvn-plugin\Real_Estate_System-master\src\View\LimiteCadImovel.java,View.LimiteCadImovel,LimiteCadImovel/1[Controler.ControlePrincipal],labelFoto,2
E:\OOD_Projects\ck-mvn-plugin\Real_Estate_System-master\src\View\LimiteCadImovel.java,View.LimiteCadImovel,LimiteCadImovel/1[Controler.ControlePrincipal],pComissaoVendedor,6
E:\OOD_Projects\ck-mvn-plugin\Real_Estate_System-master\src\View\LimiteCadImovel.java,View.LimiteCadImovel,LimiteCadImovel/1[Controler.ControlePrincipal],labelEndereco,2
E:\OOD_Projects\ck-mvn-plugin\Real_Estate_System-master\src\View\LimiteCadImovel.java,View.LimiteCadImovel,LimiteCadImovel/1[Controler.ControlePrincipal],pCodigoTipo,6
E:\OOD_Projects\ck-mvn-plugin\Real_Estate_System-master\src\View\LimiteCadImovel.java,View.LimiteCadImovel,LimiteCadImovel/1[Controler.ControlePrincipal],pDescricaoEndereco,6
E:\OOD_Projects\ck-mvn-plugin\Real_Estate_System-master\src\View\LimiteCadImovel.java,View.LimiteCadImovel,LimiteCadImovel/1[Controler.ControlePrincipal],labelVendedor,2
E:\OOD_Projects\ck-mvn-plugin\Real_Estate_System-master\src\View\LimiteCadImovel.java,View.LimiteCadImovel,LimiteCadImovel/1[Controler.ControlePrincipal],textCodigo,2
E:\OOD_Projects\ck-mvn-plugin\Real_Estate_System-master\src\View\LimiteCadImovel.java,View.LimiteCadImovel,LimiteCadImovel/1[Controler.ControlePrincipal],labelPreco,2
E:\OOD_Projects\ck-mvn-plugin\Real_Estate_System-master\src\View\LimiteCadImovel.java,View.LimiteCadImovel,LimiteCadImovel/1[Controler.ControlePrincipal],painelSecundario,7
E:\OOD_Projects\ck-mvn-plugin\Real_Estate_System-master\src\View\LimiteCadImovel.java,View.LimiteCadImovel,LimiteCadImovel/1[Controler.ControlePrincipal],textEndereco,2
E:\OOD_Projects\ck-mvn-plugin\Real_Estate_System-master\src\View\LimiteCadImovel.java,View.LimiteCadImovel,LimiteCadImovel/1[Controler.ControlePrincipal],textTipo,2
E:\OOD_Projects\ck-mvn-plugin\Real_Estate_System-master\src\View\LimiteCadImovel.java,View.LimiteCadImovel,LimiteCadImovel/1[Controler.ControlePrincipal],painelPrincipal,3
E:\OOD_Projects\ck-mvn-plugin\Real_Estate_System-master\src\View\LimiteCadImovel.java,View.LimiteCadImovel,LimiteCadImovel/1[Controler.ControlePrincipal],textPreco,2
E:\OOD_Projects\ck-mvn-plugin\Real_Estate_System-master\src\View\LimiteCadImovel.java,View.LimiteCadImovel,LimiteCadImovel/1[Controler.ControlePrincipal],labelDescricao,2
E:\OOD_Projects\ck-mvn-plugin\Real_Estate_System-master\src\View\LimiteCadImovel.java,View.LimiteCadImovel,LimiteCadImovel/1[Controler.ControlePrincipal],labelCodigo,2
E:\OOD_Projects\ck-mvn-plugin\Real_Estate_System-master\src\View\LimiteCadImovel.java,View.LimiteCadImovel,LimiteCadImovel/1[Controler.ControlePrincipal],ctrPrincipal,1
E:\OOD_Projects\ck-mvn-plugin\Real_Estate_System-master\src\View\LimiteCadImovel.java,View.LimiteCadImovel,LimiteCadImovel/1[Controler.ControlePrincipal],textFoto,2
E:\OOD_Projects\ck-mvn-plugin\Real_Estate_System-master\src\View\LimiteCadImovel.java,View.LimiteCadImovel,LimiteCadImovel/1[Controler.ControlePrincipal],buttonCadastrar,3
E:\OOD_Projects\ck-mvn-plugin\Real_Estate_System-master\src\View\LimiteCadImovel.java,View.LimiteCadImovel,LimiteCadImovel/1[Controler.ControlePrincipal],textVendedor,2
E:\OOD_Projects\ck-mvn-plugin\Real_Estate_System-master\src\Controler\ControleCorretor.java,Controler.ControleCorretor,"cadastraCorretor/6[java.lang.String,java.lang.String,java.lang.String,java.lang.String,java.lang.String,double]",listaCorretor,1
E:\OOD_Projects\ck-mvn-plugin\Real_Estate_System-master\src\Controler\ControleCorretor.java,Controler.ControleCorretor,desserializaCorretor/0,listaCorretor,1
E:\OOD_Projects\ck-mvn-plugin\Real_Estate_System-master\src\Controler\ControleCorretor.java,Controler.ControleCorretor,serializaCorretor/0,listaCorretor,1
E:\OOD_Projects\ck-mvn-plugin\Real_Estate_System-master\src\Controler\ControleCorretor.java,Controler.ControleCorretor,retornaCorretorPorCpf/1[java.lang.String],listaCorretor,1
E:\OOD_Projects\ck-mvn-plugin\Real_Estate_System-master\src\View\LimiteConCatalogo.java,View.LimiteConCatalogo,actionPerformed/1[java.awt.event.ActionEvent],imoveisEscolha,2
E:\OOD_Projects\ck-mvn-plugin\Real_Estate_System-master\src\View\LimiteConCatalogo.java,View.LimiteConCatalogo,actionPerformed/1[java.awt.event.ActionEvent],comboBoxTiposImoveis,1
E:\OOD_Projects\ck-mvn-plugin\Real_Estate_System-master\src\View\LimiteConCatalogo.java,View.LimiteConCatalogo,actionPerformed/1[java.awt.event.ActionEvent],ctrPrincipal,1
E:\OOD_Projects\ck-mvn-plugin\Real_Estate_System-master\src\View\LimiteConCatalogo.java,View.LimiteConCatalogo,actionPerformed/1[java.awt.event.ActionEvent],flagJanela,1
E:\OOD_Projects\ck-mvn-plugin\Real_Estate_System-master\src\View\LimiteConCatalogo.java,View.LimiteConCatalogo,actionPerformed/1[java.awt.event.ActionEvent],listaImoveis,4
E:\OOD_Projects\ck-mvn-plugin\Real_Estate_System-master\src\View\LimiteConCatalogo.java,View.LimiteConCatalogo,actionPerformed/1[java.awt.event.ActionEvent],listaDoTipoEscolhido,1
E:\OOD_Projects\ck-mvn-plugin\Real_Estate_System-master\src\View\LimiteConCatalogo.java,View.LimiteConCatalogo,LimiteConCatalogo/1[Controler.ControlePrincipal],painelPrincipal,3
E:\OOD_Projects\ck-mvn-plugin\Real_Estate_System-master\src\View\LimiteConCatalogo.java,View.LimiteConCatalogo,LimiteConCatalogo/1[Controler.ControlePrincipal],imoveisEscolha,2
E:\OOD_Projects\ck-mvn-plugin\Real_Estate_System-master\src\View\LimiteConCatalogo.java,View.LimiteConCatalogo,LimiteConCatalogo/1[Controler.ControlePrincipal],ctrPrincipal,3
E:\OOD_Projects\ck-mvn-plugin\Real_Estate_System-master\src\View\LimiteConCatalogo.java,View.LimiteConCatalogo,LimiteConCatalogo/1[Controler.ControlePrincipal],painelSecundario,4
E:\OOD_Projects\ck-mvn-plugin\Real_Estate_System-master\src\View\LimiteConCatalogo.java,View.LimiteConCatalogo,LimiteConCatalogo/1[Controler.ControlePrincipal],comboBoxTiposImoveis,4
E:\OOD_Projects\ck-mvn-plugin\Real_Estate_System-master\src\View\LimiteConCatalogo.java,View.LimiteConCatalogo,LimiteConCatalogo/1[Controler.ControlePrincipal],pEscolhaTipoImovel,3
E:\OOD_Projects\ck-mvn-plugin\Real_Estate_System-master\src\View\LimiteConCatalogo.java,View.LimiteConCatalogo,LimiteConCatalogo/1[Controler.ControlePrincipal],listaImoveis,4
E:\OOD_Projects\ck-mvn-plugin\Real_Estate_System-master\src\View\LimiteConCatalogo.java,View.LimiteConCatalogo,LimiteConCatalogo/1[Controler.ControlePrincipal],pListaTipo,3
E:\OOD_Projects\ck-mvn-plugin\Real_Estate_System-master\src\View\LimiteConCatalogo.java,View.LimiteConCatalogo,LimiteConCatalogo/1[Controler.ControlePrincipal],listaDoTipoEscolhido,4
E:\OOD_Projects\ck-mvn-plugin\Real_Estate_System-master\src\View\LimiteConPropostas.java,View.LimiteConPropostas,LimiteConPropostas/1[Controler.ControlePrincipal],painelPrincipal,3
E:\OOD_Projects\ck-mvn-plugin\Real_Estate_System-master\src\View\LimiteConPropostas.java,View.LimiteConPropostas,LimiteConPropostas/1[Controler.ControlePrincipal],listaPropostas,1
E:\OOD_Projects\ck-mvn-plugin\Real_Estate_System-master\src\View\LimiteConPropostas.java,View.LimiteConPropostas,LimiteConPropostas/1[Controler.ControlePrincipal],ctrPrincipal,2
E:\OOD_Projects\ck-mvn-plugin\Real_Estate_System-master\src\View\LimiteConPropostas.java,View.LimiteConPropostas,LimiteConPropostas/1[Controler.ControlePrincipal],painelSecundario,4
E:\OOD_Projects\ck-mvn-plugin\Real_Estate_System-master\src\View\LimiteConPropostas.java,View.LimiteConPropostas,LimiteConPropostas/1[Controler.ControlePrincipal],listPropostas,4
E:\OOD_Projects\ck-mvn-plugin\Real_Estate_System-master\src\View\LimiteConPropostas.java,View.LimiteConPropostas,LimiteConPropostas/1[Controler.ControlePrincipal],pEscolhaTipoImovel,3
E:\OOD_Projects\ck-mvn-plugin\Real_Estate_System-master\src\View\LimiteConPropostas.java,View.LimiteConPropostas,LimiteConPropostas/1[Controler.ControlePrincipal],listaImoveis,4
E:\OOD_Projects\ck-mvn-plugin\Real_Estate_System-master\src\View\LimiteConPropostas.java,View.LimiteConPropostas,LimiteConPropostas/1[Controler.ControlePrincipal],listaImoveisComProposta,2
E:\OOD_Projects\ck-mvn-plugin\Real_Estate_System-master\src\View\LimiteConPropostas.java,View.LimiteConPropostas,LimiteConPropostas/1[Controler.ControlePrincipal],pListaTipo,3
E:\OOD_Projects\ck-mvn-plugin\Real_Estate_System-master\src\View\LimiteConPropostas.java,View.LimiteConPropostas,LimiteConPropostas/1[Controler.ControlePrincipal],listImoveis,4
E:\OOD_Projects\ck-mvn-plugin\Real_Estate_System-master\src\View\LimiteConImovel.java,View.LimiteConImovel,LimiteConImovel/1[Controler.ControlePrincipal],painelPrincipal,5
E:\OOD_Projects\ck-mvn-plugin\Real_Estate_System-master\src\View\LimiteConImovel.java,View.LimiteConImovel,LimiteConImovel/1[Controler.ControlePrincipal],pResultado,4
E:\OOD_Projects\ck-mvn-plugin\Real_Estate_System-master\src\View\LimiteConImovel.java,View.LimiteConImovel,LimiteConImovel/1[Controler.ControlePrincipal],textCodigo,2
E:\OOD_Projects\ck-mvn-plugin\Real_Estate_System-master\src\View\LimiteConImovel.java,View.LimiteConImovel,LimiteConImovel/1[Controler.ControlePrincipal],pButton,3
E:\OOD_Projects\ck-mvn-plugin\Real_Estate_System-master\src\View\LimiteConImovel.java,View.LimiteConImovel,LimiteConImovel/1[Controler.ControlePrincipal],resultadoImovel,6
E:\OOD_Projects\ck-mvn-plugin\Real_Estate_System-master\src\View\LimiteConImovel.java,View.LimiteConImovel,LimiteConImovel/1[Controler.ControlePrincipal],pCodigoImovel,5
E:\OOD_Projects\ck-mvn-plugin\Real_Estate_System-master\src\View\LimiteConImovel.java,View.LimiteConImovel,LimiteConImovel/1[Controler.ControlePrincipal],labelCodigo,2
E:\OOD_Projects\ck-mvn-plugin\Real_Estate_System-master\src\View\LimiteConImovel.java,View.LimiteConImovel,LimiteConImovel/1[Controler.ControlePrincipal],ctrPrincipal,1
E:\OOD_Projects\ck-mvn-plugin\Real_Estate_System-master\src\View\LimiteConImovel.java,View.LimiteConImovel,LimiteConImovel/1[Controler.ControlePrincipal],painelSecundario,4
E:\OOD_Projects\ck-mvn-plugin\Real_Estate_System-master\src\View\LimiteConImovel.java,View.LimiteConImovel,LimiteConImovel/1[Controler.ControlePrincipal],buttonProcurar,3
E:\OOD_Projects\ck-mvn-plugin\Real_Estate_System-master\src\View\LimiteConImovel.java,View.LimiteConImovel,LimiteConImovel/1[Controler.ControlePrincipal],buttonInativo,4
E:\OOD_Projects\ck-mvn-plugin\Real_Estate_System-master\src\View\LimiteConImovel.java,View.LimiteConImovel,actionPerformed/1[java.awt.event.ActionEvent],textCodigo,2
E:\OOD_Projects\ck-mvn-plugin\Real_Estate_System-master\src\View\LimiteConImovel.java,View.LimiteConImovel,actionPerformed/1[java.awt.event.ActionEvent],resultadoImovel,2
E:\OOD_Projects\ck-mvn-plugin\Real_Estate_System-master\src\View\LimiteConImovel.java,View.LimiteConImovel,actionPerformed/1[java.awt.event.ActionEvent],ctrPrincipal,2
E:\OOD_Projects\ck-mvn-plugin\Real_Estate_System-master\src\View\LimiteConImovel.java,View.LimiteConImovel,actionPerformed/1[java.awt.event.ActionEvent],buttonProcurar,1
E:\OOD_Projects\ck-mvn-plugin\Real_Estate_System-master\src\View\LimiteConImovel.java,View.LimiteConImovel,actionPerformed/1[java.awt.event.ActionEvent],buttonInativo,1
E:\OOD_Projects\ck-mvn-plugin\Real_Estate_System-master\src\View\LimiteEscolhaProposta.java,View.LimiteEscolhaProposta,actionPerformed/1[java.awt.event.ActionEvent],ctrPrincipal,1
E:\OOD_Projects\ck-mvn-plugin\Real_Estate_System-master\src\View\LimiteEscolhaProposta.java,View.LimiteEscolhaProposta,actionPerformed/1[java.awt.event.ActionEvent],imovelEscolhido,1
E:\OOD_Projects\ck-mvn-plugin\Real_Estate_System-master\src\View\LimiteEscolhaProposta.java,View.LimiteEscolhaProposta,actionPerformed/1[java.awt.event.ActionEvent],propostaEscolhida,1
E:\OOD_Projects\ck-mvn-plugin\Real_Estate_System-master\src\View\LimiteEscolhaProposta.java,View.LimiteEscolhaProposta,"LimiteEscolhaProposta/3[Controler.ControlePrincipal,Model.Imovel,Model.Proposta]",painelSecundario,4
E:\OOD_Projects\ck-mvn-plugin\Real_Estate_System-master\src\View\LimiteEscolhaProposta.java,View.LimiteEscolhaProposta,"LimiteEscolhaProposta/3[Controler.ControlePrincipal,Model.Imovel,Model.Proposta]",dadosImovel,6
E:\OOD_Projects\ck-mvn-plugin\Real_Estate_System-master\src\View\LimiteEscolhaProposta.java,View.LimiteEscolhaProposta,"LimiteEscolhaProposta/3[Controler.ControlePrincipal,Model.Imovel,Model.Proposta]",imovelEscolhido,6
E:\OOD_Projects\ck-mvn-plugin\Real_Estate_System-master\src\View\LimiteEscolhaProposta.java,View.LimiteEscolhaProposta,"LimiteEscolhaProposta/3[Controler.ControlePrincipal,Model.Imovel,Model.Proposta]",buttonAceita,3
E:\OOD_Projects\ck-mvn-plugin\Real_Estate_System-master\src\View\LimiteEscolhaProposta.java,View.LimiteEscolhaProposta,"LimiteEscolhaProposta/3[Controler.ControlePrincipal,Model.Imovel,Model.Proposta]",propostaEscolhida,7
E:\OOD_Projects\ck-mvn-plugin\Real_Estate_System-master\src\View\LimiteEscolhaProposta.java,View.LimiteEscolhaProposta,"LimiteEscolhaProposta/3[Controler.ControlePrincipal,Model.Imovel,Model.Proposta]",pButtons,4
E:\OOD_Projects\ck-mvn-plugin\Real_Estate_System-master\src\View\LimiteEscolhaProposta.java,View.LimiteEscolhaProposta,"LimiteEscolhaProposta/3[Controler.ControlePrincipal,Model.Imovel,Model.Proposta]",painelPrincipal,4
E:\OOD_Projects\ck-mvn-plugin\Real_Estate_System-master\src\View\LimiteEscolhaProposta.java,View.LimiteEscolhaProposta,"LimiteEscolhaProposta/3[Controler.ControlePrincipal,Model.Imovel,Model.Proposta]",pInformacoes,3
E:\OOD_Projects\ck-mvn-plugin\Real_Estate_System-master\src\View\LimiteEscolhaProposta.java,View.LimiteEscolhaProposta,"LimiteEscolhaProposta/3[Controler.ControlePrincipal,Model.Imovel,Model.Proposta]",ctrPrincipal,2
E:\OOD_Projects\ck-mvn-plugin\Real_Estate_System-master\src\View\LimiteEscolhaProposta.java,View.LimiteEscolhaProposta,"LimiteEscolhaProposta/3[Controler.ControlePrincipal,Model.Imovel,Model.Proposta]",imagemImovel,5
E:\OOD_Projects\ck-mvn-plugin\Real_Estate_System-master\src\View\LimiteEscolhaProposta.java,View.LimiteEscolhaProposta,"LimiteEscolhaProposta/3[Controler.ControlePrincipal,Model.Imovel,Model.Proposta]",buttonRejeita,3
E:\OOD_Projects\ck-mvn-plugin\Real_Estate_System-master\src\View\LimiteEscolhaProposta.java,View.LimiteEscolhaProposta,"LimiteEscolhaProposta/3[Controler.ControlePrincipal,Model.Imovel,Model.Proposta]",pImagem,3
E:\OOD_Projects\ck-mvn-plugin\Real_Estate_System-master\src\View\LimiteEscolhaProposta.java,View.LimiteEscolhaProposta,"LimiteEscolhaProposta/3[Controler.ControlePrincipal,Model.Imovel,Model.Proposta]",labelImagem,2
E:\OOD_Projects\ck-mvn-plugin\Real_Estate_System-master\src\Model\Imovel.java,Model.Imovel,agendaVisita/1[Model.Visita],listaVisitas,1
E:\OOD_Projects\ck-mvn-plugin\Real_Estate_System-master\src\Model\Imovel.java,Model.Imovel,agendaVisita/1[Model.Visita],estado,2
E:\OOD_Projects\ck-mvn-plugin\Real_Estate_System-master\src\Model\Imovel.java,Model.Imovel,getArquivoFoto/0,arquivoFoto,1
E:\OOD_Projects\ck-mvn-plugin\Real_Estate_System-master\src\Model\Imovel.java,Model.Imovel,aceitaProposta/1[Model.Proposta],estado,3
E:\OOD_Projects\ck-mvn-plugin\Real_Estate_System-master\src\Model\Imovel.java,Model.Imovel,getCodigo/0,codigo,1
E:\OOD_Projects\ck-mvn-plugin\Real_Estate_System-master\src\Model\Imovel.java,Model.Imovel,"Imovel/9[int,java.lang.String,java.lang.String,java.lang.String,java.lang.String,double,double,java.util.Calendar,Model.Vendedor]",preco,3
E:\OOD_Projects\ck-mvn-plugin\Real_Estate_System-master\src\Model\Imovel.java,Model.Imovel,"Imovel/9[int,java.lang.String,java.lang.String,java.lang.String,java.lang.String,double,double,java.util.Calendar,Model.Vendedor]",codigo,3
E:\OOD_Projects\ck-mvn-plugin\Real_Estate_System-master\src\Model\Imovel.java,Model.Imovel,"Imovel/9[int,java.lang.String,java.lang.String,java.lang.String,java.lang.String,double,double,java.util.Calendar,Model.Vendedor]",tipo,3
E:\OOD_Projects\ck-mvn-plugin\Real_Estate_System-master\src\Model\Imovel.java,Model.Imovel,"Imovel/9[int,java.lang.String,java.lang.String,java.lang.String,java.lang.String,double,double,java.util.Calendar,Model.Vendedor]",vendedor,3
E:\OOD_Projects\ck-mvn-plugin\Real_Estate_System-master\src\Model\Imovel.java,Model.Imovel,"Imovel/9[int,java.lang.String,java.lang.String,java.lang.String,java.lang.String,double,double,java.util.Calendar,Model.Vendedor]",estado,1
E:\OOD_Projects\ck-mvn-plugin\Real_Estate_System-master\src\Model\Imovel.java,Model.Imovel,"Imovel/9[int,java.lang.String,java.lang.String,java.lang.String,java.lang.String,double,double,java.util.Calendar,Model.Vendedor]",arquivoFoto,3
E:\OOD_Projects\ck-mvn-plugin\Real_Estate_System-master\src\Model\Imovel.java,Model.Imovel,"Imovel/9[int,java.lang.String,java.lang.String,java.lang.String,java.lang.String,double,double,java.util.Calendar,Model.Vendedor]",comissao,3
E:\OOD_Projects\ck-mvn-plugin\Real_Estate_System-master\src\Model\Imovel.java,Model.Imovel,"Imovel/9[int,java.lang.String,java.lang.String,java.lang.String,java.lang.String,double,double,java.util.Calendar,Model.Vendedor]",endereco,3
E:\OOD_Projects\ck-mvn-plugin\Real_Estate_System-master\src\Model\Imovel.java,Model.Imovel,"Imovel/9[int,java.lang.String,java.lang.String,java.lang.String,java.lang.String,double,double,java.util.Calendar,Model.Vendedor]",dataInclusao,3
E:\OOD_Projects\ck-mvn-plugin\Real_Estate_System-master\src\Model\Imovel.java,Model.Imovel,"Imovel/9[int,java.lang.String,java.lang.String,java.lang.String,java.lang.String,double,double,java.util.Calendar,Model.Vendedor]",descricao,3
E:\OOD_Projects\ck-mvn-plugin\Real_Estate_System-master\src\Model\Imovel.java,Model.Imovel,getListaPropostas/0,listaPropostas,1
E:\OOD_Projects\ck-mvn-plugin\Real_Estate_System-master\src\Model\Imovel.java,Model.Imovel,getEstado/0,estado,1
E:\OOD_Projects\ck-mvn-plugin\Real_Estate_System-master\src\Model\Imovel.java,Model.Imovel,getEndereco/0,endereco,1
E:\OOD_Projects\ck-mvn-plugin\Real_Estate_System-master\src\Model\Imovel.java,Model.Imovel,getComissao/0,comissao,1
E:\OOD_Projects\ck-mvn-plugin\Real_Estate_System-master\src\Model\Imovel.java,Model.Imovel,getListaVisitas/0,listaVisitas,1
E:\OOD_Projects\ck-mvn-plugin\Real_Estate_System-master\src\Model\Imovel.java,Model.Imovel,getPreco/0,preco,1
E:\OOD_Projects\ck-mvn-plugin\Real_Estate_System-master\src\Model\Imovel.java,Model.Imovel,getDataInclusao/0,dataInclusao,1
E:\OOD_Projects\ck-mvn-plugin\Real_Estate_System-master\src\Model\Imovel.java,Model.Imovel,getTipo/0,tipo,1
E:\OOD_Projects\ck-mvn-plugin\Real_Estate_System-master\src\Model\Imovel.java,Model.Imovel,registraProposta/1[Model.Proposta],estado,2
E:\OOD_Projects\ck-mvn-plugin\Real_Estate_System-master\src\Model\Imovel.java,Model.Imovel,registraProposta/1[Model.Proposta],listaPropostas,1
E:\OOD_Projects\ck-mvn-plugin\Real_Estate_System-master\src\Model\Imovel.java,Model.Imovel,addArquivoFoto/1[java.lang.String],arquivoFoto,3
E:\OOD_Projects\ck-mvn-plugin\Real_Estate_System-master\src\Model\Imovel.java,Model.Imovel,getDescricao/0,descricao,1
E:\OOD_Projects\ck-mvn-plugin\Real_Estate_System-master\src\Model\Imovel.java,Model.Imovel,getVendedor/0,vendedor,1
E:\OOD_Projects\ck-mvn-plugin\Real_Estate_System-master\src\Model\Imovel.java,Model.Imovel,setEstado/1[java.lang.String],estado,3
E:\OOD_Projects\ck-mvn-plugin\Real_Estate_System-master\src\Controler\ControleVendedor.java,Controler.ControleVendedor,existeVendedor/1[java.lang.String],listaVendedor,1
E:\OOD_Projects\ck-mvn-plugin\Real_Estate_System-master\src\Controler\ControleVendedor.java,Controler.ControleVendedor,"cadastraVendedor/5[java.lang.String,java.lang.String,java.lang.String,java.lang.String,java.lang.String]",listaVendedor,1
E:\OOD_Projects\ck-mvn-plugin\Real_Estate_System-master\src\Controler\ControleVendedor.java,Controler.ControleVendedor,retornaVendedorPorCpf/1[java.lang.String],listaVendedor,1
E:\OOD_Projects\ck-mvn-plugin\Real_Estate_System-master\src\Controler\ControleVendedor.java,Controler.ControleVendedor,desserializaVendedor/0,listaVendedor,1
E:\OOD_Projects\ck-mvn-plugin\Real_Estate_System-master\src\Controler\ControleVendedor.java,Controler.ControleVendedor,serializaVendedor/0,listaVendedor,1
E:\OOD_Projects\ck-mvn-plugin\Real_Estate_System-master\src\Model\Visita.java,Model.Visita,getData/0,data,1
E:\OOD_Projects\ck-mvn-plugin\Real_Estate_System-master\src\Model\Visita.java,Model.Visita,getEstado/0,estado,1
E:\OOD_Projects\ck-mvn-plugin\Real_Estate_System-master\src\Model\Visita.java,Model.Visita,"Visita/3[java.util.Calendar,Model.Comprador,Model.Corretor]",estado,1
E:\OOD_Projects\ck-mvn-plugin\Real_Estate_System-master\src\Model\Visita.java,Model.Visita,"Visita/3[java.util.Calendar,Model.Comprador,Model.Corretor]",data,3
E:\OOD_Projects\ck-mvn-plugin\Real_Estate_System-master\src\Model\Visita.java,Model.Visita,"Visita/3[java.util.Calendar,Model.Comprador,Model.Corretor]",corretor,3
E:\OOD_Projects\ck-mvn-plugin\Real_Estate_System-master\src\Model\Visita.java,Model.Visita,"Visita/3[java.util.Calendar,Model.Comprador,Model.Corretor]",comprador,3
E:\OOD_Projects\ck-mvn-plugin\Real_Estate_System-master\src\Model\Visita.java,Model.Visita,getComprador/0,comprador,1
E:\OOD_Projects\ck-mvn-plugin\Real_Estate_System-master\src\Model\Visita.java,Model.Visita,setEstado/1[java.lang.String],estado,3
E:\OOD_Projects\ck-mvn-plugin\Real_Estate_System-master\src\Model\Visita.java,Model.Visita,getCorretor/0,corretor,1
