file,class,method,constructor,line,cbo,cboModified,fanin,fanout,wmc,rfc,loc,returnsQty,variablesQty,parametersQty,methodsInvokedQty,methodsInvokedLocalQty,methodsInvokedIndirectLocalQty,loopQty,comparisonsQty,tryCatchQty,parenthesizedExpsQty,stringLiteralsQty,numbersQty,assignmentsQty,mathOperationsQty,maxNestedBlocksQty,anonymousClassesQty,innerClassesQty,lambdasQty,uniqueWordsQty,modifiers,logStatementsQty,hasJavaDoc
E:\OOD_Projects\ck-mvn-plugin\Real_Estate_System-master\src\Model\Proposta.java,Model.Proposta,"Proposta/4[java.util.Calendar,Model.Comprador,Model.Corretor,double]",true,14,2,1,1,0,1,0,7,0,0,4,0,0,0,0,0,0,0,0,0,5,0,0,0,0,0,6,1,0,false
E:\OOD_Projects\ck-mvn-plugin\Real_Estate_System-master\src\Model\Proposta.java,Model.Proposta,getValor/0,false,38,0,6,6,0,1,0,3,1,0,0,0,0,0,0,0,0,0,0,0,0,0,0,0,0,0,3,1,0,false
E:\OOD_Projects\ck-mvn-plugin\Real_Estate_System-master\src\Model\Proposta.java,Model.Proposta,setEstado/1[java.lang.String],false,22,0,2,2,0,1,0,3,0,0,1,0,0,0,0,0,0,0,0,0,1,0,0,0,0,0,3,1,0,false
E:\OOD_Projects\ck-mvn-plugin\Real_Estate_System-master\src\Model\Proposta.java,Model.Proposta,getComprador/0,false,30,1,3,3,0,1,0,3,1,0,0,0,0,0,0,0,0,0,0,0,0,0,0,0,0,0,3,1,0,false
E:\OOD_Projects\ck-mvn-plugin\Real_Estate_System-master\src\Model\Proposta.java,Model.Proposta,getCorretor/0,false,34,1,3,3,0,1,0,3,1,0,0,0,0,0,0,0,0,0,0,0,0,0,0,0,0,0,3,1,0,false
E:\OOD_Projects\ck-mvn-plugin\Real_Estate_System-master\src\Model\Proposta.java,Model.Proposta,getData/0,false,26,0,4,4,0,1,0,3,1,0,0,0,0,0,0,0,0,0,0,0,0,0,0,0,0,0,4,1,0,false
E:\OOD_Projects\ck-mvn-plugin\Real_Estate_System-master\src\Model\Proposta.java,Model.Proposta,getEstado/0,false,42,0,7,7,0,1,0,3,1,0,0,0,0,0,0,0,0,0,0,0,0,0,0,0,0,0,3,1,0,false
E:\OOD_Projects\ck-mvn-plugin\Real_Estate_System-master\src\Model\Vendedor.java,Model.Vendedor,"Vendedor/5[java.lang.String,java.lang.String,java.lang.String,java.lang.String,java.lang.String]",true,10,0,1,1,0,1,0,4,0,0,5,0,0,0,0,0,0,0,0,0,1,0,0,0,0,0,3,1,0,false
E:\OOD_Projects\ck-mvn-plugin\Real_Estate_System-master\src\Model\Vendedor.java,Model.Vendedor,getContatoPref/0,false,15,0,0,0,0,1,0,3,1,0,0,0,0,0,0,0,0,0,0,0,0,0,0,0,0,0,4,1,0,false
E:\OOD_Projects\ck-mvn-plugin\Real_Estate_System-master\src\View\LimiteCadComprador.java,View.LimiteCadComprador,actionPerformed/1[java.awt.event.ActionEvent],false,92,1,1,0,1,1,3,10,0,5,1,3,0,0,0,0,0,0,0,0,5,0,0,0,0,0,13,1,0,false
E:\OOD_Projects\ck-mvn-plugin\Real_Estate_System-master\src\View\LimiteCadComprador.java,View.LimiteCadComprador,LimiteCadComprador/1[Controler.ControlePrincipal],true,30,1,1,1,0,1,8,44,0,0,1,8,0,0,0,0,0,0,8,15,18,0,0,0,0,0,33,1,0,false
E:\OOD_Projects\ck-mvn-plugin\Real_Estate_System-master\src\View\LimitePrincipal.java,View.LimitePrincipal$Anonymous3,actionPerformed/1[java.awt.event.ActionEvent],false,68,1,20,0,20,1,1,3,0,0,1,1,0,0,0,0,0,0,0,0,0,0,0,0,0,0,5,1,0,false
E:\OOD_Projects\ck-mvn-plugin\Real_Estate_System-master\src\View\LimitePrincipal.java,View.LimitePrincipal$Anonymous2,actionPerformed/1[java.awt.event.ActionEvent],false,60,1,20,0,20,1,1,3,0,0,1,1,0,0,0,0,0,0,0,0,0,0,0,0,0,0,5,1,0,false
E:\OOD_Projects\ck-mvn-plugin\Real_Estate_System-master\src\View\LimitePrincipal.java,View.LimitePrincipal$Anonymous1,actionPerformed/1[java.awt.event.ActionEvent],false,52,1,20,0,20,1,1,3,0,0,1,1,0,0,0,0,0,0,0,0,0,0,0,0,0,0,5,1,0,false
E:\OOD_Projects\ck-mvn-plugin\Real_Estate_System-master\src\Model\Comprador.java,Model.Comprador,addTipoImovel/1[java.lang.String],false,21,0,0,0,0,5,2,8,0,0,1,2,0,0,0,0,0,4,1,0,0,0,1,0,0,0,6,1,0,false
E:\OOD_Projects\ck-mvn-plugin\Real_Estate_System-master\src\Model\Comprador.java,Model.Comprador,"Comprador/5[java.lang.String,java.lang.String,java.lang.String,java.lang.String,java.lang.String]",true,12,0,1,1,0,1,0,4,0,0,5,0,0,0,0,0,0,0,0,0,1,0,0,0,0,0,3,1,0,false
E:\OOD_Projects\ck-mvn-plugin\Real_Estate_System-master\src\Model\Comprador.java,Model.Comprador,getContatoPref/0,false,17,0,1,1,0,1,0,3,1,0,0,0,0,0,0,0,0,0,0,0,0,0,0,0,0,0,4,1,0,false
E:\OOD_Projects\ck-mvn-plugin\Real_Estate_System-master\src\Model\Comprador.java,Model.Comprador,removeTipoImovel/1[java.lang.String],false,32,0,0,0,0,3,4,9,2,1,1,4,0,0,1,0,0,0,0,1,1,0,2,0,0,0,8,1,0,false
E:\OOD_Projects\ck-mvn-plugin\Real_Estate_System-master\src\View\LimiteCadVendedor.java,View.LimiteCadVendedor,actionPerformed/1[java.awt.event.ActionEvent],false,92,1,1,0,1,1,3,10,0,5,1,3,0,0,0,0,0,0,0,0,5,0,0,0,0,0,13,1,0,false
E:\OOD_Projects\ck-mvn-plugin\Real_Estate_System-master\src\View\LimiteCadVendedor.java,View.LimiteCadVendedor,LimiteCadVendedor/1[Controler.ControlePrincipal],true,30,1,1,1,0,1,8,44,0,0,1,8,0,0,0,0,0,0,8,15,18,0,0,0,0,0,33,1,0,false
E:\OOD_Projects\ck-mvn-plugin\Real_Estate_System-master\src\View\LimiteProposta.java,View.LimiteProposta,"LimiteProposta/2[Controler.ControlePrincipal,Model.Imovel]",true,39,2,1,1,0,1,8,55,0,0,2,8,0,0,0,0,0,0,7,14,24,0,0,0,0,0,36,1,0,false
E:\OOD_Projects\ck-mvn-plugin\Real_Estate_System-master\src\View\LimiteProposta.java,View.LimiteProposta,actionPerformed/1[java.awt.event.ActionEvent],false,113,5,5,0,5,2,15,38,0,19,1,15,0,0,0,0,0,0,4,0,19,1,1,0,0,0,33,1,0,false
E:\OOD_Projects\ck-mvn-plugin\Real_Estate_System-master\src\TestaImpl.java,TestaImpl,main/1[java.lang.String[]],false,8,1,1,0,1,1,0,3,0,0,1,0,0,0,0,0,0,0,0,0,0,0,0,0,0,0,4,9,0,false
E:\OOD_Projects\ck-mvn-plugin\Real_Estate_System-master\src\View\LimiteRelatorios.java,View.LimiteRelatorios,LimiteRelatorios/1[Controler.ControlePrincipal],true,50,1,2,1,1,1,15,245,0,0,1,15,0,0,0,0,0,0,16,17,35,0,0,7,0,0,90,1,0,false
E:\OOD_Projects\ck-mvn-plugin\Real_Estate_System-master\src\View\LimiteRelatorios.java,View.LimiteRelatorios,limpaTextFieldsCalendar/0,false,344,0,1,1,0,1,1,14,0,0,0,1,0,0,0,0,0,0,12,0,0,0,0,0,0,0,4,1,0,false
E:\OOD_Projects\ck-mvn-plugin\Real_Estate_System-master\src\View\LimiteRelatorios.java,View.LimiteRelatorios,actionPerformed/1[java.awt.event.ActionEvent],false,360,0,0,0,0,1,1,3,0,0,1,1,0,0,0,0,0,0,1,0,0,0,0,0,0,0,7,1,0,false
E:\OOD_Projects\ck-mvn-plugin\Real_Estate_System-master\src\View\LimitePrincipal.java,View.LimitePrincipal$Anonymous9,actionPerformed/1[java.awt.event.ActionEvent],false,121,0,20,0,20,5,14,34,0,11,1,14,0,0,0,3,1,0,11,2,12,3,3,0,0,0,36,1,0,false
E:\OOD_Projects\ck-mvn-plugin\Real_Estate_System-master\src\View\LimitePrincipal.java,View.LimitePrincipal$Anonymous8,actionPerformed/1[java.awt.event.ActionEvent],false,113,1,20,0,20,1,1,3,0,0,1,1,0,0,0,0,0,0,0,0,0,0,0,0,0,0,5,1,0,false
E:\OOD_Projects\ck-mvn-plugin\Real_Estate_System-master\src\View\LimitePrincipal.java,View.LimitePrincipal$Anonymous7,actionPerformed/1[java.awt.event.ActionEvent],false,100,1,20,0,20,1,1,3,0,0,1,1,0,0,0,0,0,0,0,0,0,0,0,0,0,0,5,1,0,false
E:\OOD_Projects\ck-mvn-plugin\Real_Estate_System-master\src\View\LimitePrincipal.java,View.LimitePrincipal$Anonymous6,actionPerformed/1[java.awt.event.ActionEvent],false,92,1,20,0,20,1,1,3,0,0,1,1,0,0,0,0,0,0,0,0,0,0,0,0,0,0,5,1,0,false
E:\OOD_Projects\ck-mvn-plugin\Real_Estate_System-master\src\View\LimitePrincipal.java,View.LimitePrincipal$Anonymous5,actionPerformed/1[java.awt.event.ActionEvent],false,84,1,20,0,20,1,1,3,0,0,1,1,0,0,0,0,0,0,0,0,0,0,0,0,0,0,5,1,0,false
E:\OOD_Projects\ck-mvn-plugin\Real_Estate_System-master\src\View\LimitePrincipal.java,View.LimitePrincipal$Anonymous4,actionPerformed/1[java.awt.event.ActionEvent],false,76,1,20,0,20,1,1,3,0,0,1,1,0,0,0,0,0,0,0,0,0,0,0,0,0,0,5,1,0,false
E:\OOD_Projects\ck-mvn-plugin\Real_Estate_System-master\src\Model\Pessoa.java,Model.Pessoa,"Pessoa/4[java.lang.String,java.lang.String,java.lang.String,java.lang.String]",true,11,0,0,0,0,1,0,6,0,0,4,0,0,0,0,0,0,0,0,0,4,0,0,0,0,0,5,1,0,false
E:\OOD_Projects\ck-mvn-plugin\Real_Estate_System-master\src\Model\Pessoa.java,Model.Pessoa,getEmail/0,false,26,0,1,1,0,1,0,3,1,0,0,0,0,0,0,0,0,0,0,0,0,0,0,0,0,0,3,1,0,false
E:\OOD_Projects\ck-mvn-plugin\Real_Estate_System-master\src\Model\Pessoa.java,Model.Pessoa,getNome/0,false,22,0,5,5,0,1,0,3,1,0,0,0,0,0,0,0,0,0,0,0,0,0,0,0,0,0,3,1,0,false
E:\OOD_Projects\ck-mvn-plugin\Real_Estate_System-master\src\Model\Pessoa.java,Model.Pessoa,getFone/0,false,30,0,1,1,0,1,0,3,1,0,0,0,0,0,0,0,0,0,0,0,0,0,0,0,0,0,3,1,0,false
E:\OOD_Projects\ck-mvn-plugin\Real_Estate_System-master\src\Model\Pessoa.java,Model.Pessoa,getCpf/0,false,18,0,8,8,0,1,0,3,1,0,0,0,0,0,0,0,0,0,0,0,0,0,0,0,0,0,3,1,0,false
E:\OOD_Projects\ck-mvn-plugin\Real_Estate_System-master\src\Controler\ControlePrincipal.java,Controler.ControlePrincipal,retornaCompradorPorCpf/1[java.lang.String],false,167,2,3,2,1,1,1,3,1,0,1,1,0,0,0,0,0,0,0,0,0,0,0,0,0,0,5,1,0,false
E:\OOD_Projects\ck-mvn-plugin\Real_Estate_System-master\src\Controler\ControlePrincipal.java,Controler.ControlePrincipal,serializaDados/0,false,231,4,5,1,4,1,4,6,0,0,0,4,0,0,0,0,0,0,0,0,0,0,0,0,0,0,2,1,0,false
E:\OOD_Projects\ck-mvn-plugin\Real_Estate_System-master\src\Controler\ControlePrincipal.java,Controler.ControlePrincipal,"cadVendedor/5[java.lang.String,java.lang.String,java.lang.String,java.lang.String,java.lang.String]",false,135,1,2,1,1,1,1,3,0,0,5,1,0,0,0,0,0,0,0,0,0,0,0,0,0,0,3,1,0,false
E:\OOD_Projects\ck-mvn-plugin\Real_Estate_System-master\src\Controler\ControlePrincipal.java,Controler.ControlePrincipal,interfaceCadVendedor/0,false,100,1,2,1,1,1,0,3,0,0,0,0,0,0,0,0,0,0,0,0,0,0,0,0,0,0,4,1,0,false
E:\OOD_Projects\ck-mvn-plugin\Real_Estate_System-master\src\Controler\ControlePrincipal.java,Controler.ControlePrincipal,"cadImovel/8[int,java.lang.String,java.lang.String,java.lang.String,java.lang.String,double,double,java.lang.String]",false,139,3,4,1,3,2,5,10,0,1,8,5,0,0,0,0,0,0,3,1,1,0,1,0,0,0,12,1,0,false
E:\OOD_Projects\ck-mvn-plugin\Real_Estate_System-master\src\Controler\ControlePrincipal.java,Controler.ControlePrincipal,retornaStringDadosImovel/1[Model.Imovel],false,162,2,4,3,1,1,1,3,1,0,1,1,0,0,0,0,0,0,0,0,0,0,0,0,0,0,5,1,0,false
E:\OOD_Projects\ck-mvn-plugin\Real_Estate_System-master\src\Controler\ControlePrincipal.java,Controler.ControlePrincipal,interfaceConPropostas/0,false,117,1,2,1,1,1,0,3,0,0,0,0,0,0,0,0,0,0,0,0,0,0,0,0,0,0,4,1,0,false
E:\OOD_Projects\ck-mvn-plugin\Real_Estate_System-master\src\Controler\ControlePrincipal.java,Controler.ControlePrincipal,retornoArrayListImovel/1[java.lang.String],false,154,2,4,3,1,1,1,3,1,0,1,1,0,0,0,0,0,0,0,0,0,0,0,0,0,0,5,1,0,false
E:\OOD_Projects\ck-mvn-plugin\Real_Estate_System-master\src\Controler\ControlePrincipal.java,Controler.ControlePrincipal,interfaceConImovel/0,false,121,1,2,1,1,1,0,3,0,0,0,0,0,0,0,0,0,0,0,0,0,0,0,0,0,0,4,1,0,false
E:\OOD_Projects\ck-mvn-plugin\Real_Estate_System-master\src\Controler\ControlePrincipal.java,Controler.ControlePrincipal,retornaVendedorPorCpf/1[java.lang.String],false,175,2,2,1,1,1,1,3,1,0,1,1,0,0,0,0,0,0,0,0,0,0,0,0,0,0,5,1,0,false
E:\OOD_Projects\ck-mvn-plugin\Real_Estate_System-master\src\Controler\ControlePrincipal.java,Controler.ControlePrincipal,interfaceConCatalogo/0,false,113,1,2,1,1,1,0,3,0,0,0,0,0,0,0,0,0,0,0,0,0,0,0,0,0,0,4,1,0,false
E:\OOD_Projects\ck-mvn-plugin\Real_Estate_System-master\src\Controler\ControlePrincipal.java,Controler.ControlePrincipal,"cadCorretor/6[java.lang.String,java.lang.String,java.lang.String,java.lang.String,java.lang.String,double]",false,131,1,2,1,1,1,1,3,0,0,6,1,0,0,0,0,0,0,0,0,0,0,0,0,0,0,3,1,0,false
E:\OOD_Projects\ck-mvn-plugin\Real_Estate_System-master\src\Controler\ControlePrincipal.java,Controler.ControlePrincipal,"cadComprador/5[java.lang.String,java.lang.String,java.lang.String,java.lang.String,java.lang.String]",false,149,1,2,1,1,1,1,3,0,0,5,1,0,0,0,0,0,0,0,0,0,0,0,0,0,0,3,1,0,false
E:\OOD_Projects\ck-mvn-plugin\Real_Estate_System-master\src\Controler\ControlePrincipal.java,Controler.ControlePrincipal,ControlePrincipal/0,true,48,6,7,1,6,1,1,8,0,0,0,1,1,1,0,0,0,0,0,0,5,0,0,0,0,0,11,1,0,false
E:\OOD_Projects\ck-mvn-plugin\Real_Estate_System-master\src\Controler\ControlePrincipal.java,Controler.ControlePrincipal,retornaCorretorPorCpf/1[java.lang.String],false,171,2,4,3,1,1,1,3,1,0,1,1,0,0,0,0,0,0,0,0,0,0,0,0,0,0,5,1,0,false
E:\OOD_Projects\ck-mvn-plugin\Real_Estate_System-master\src\Controler\ControlePrincipal.java,Controler.ControlePrincipal,"retornoEventosImovelPorPeriodo/3[java.util.Calendar,java.util.Calendar,int]",false,216,1,2,1,1,1,1,3,1,0,3,1,0,0,0,0,0,0,0,0,0,0,0,0,0,0,7,1,0,false
E:\OOD_Projects\ck-mvn-plugin\Real_Estate_System-master\src\Controler\ControlePrincipal.java,Controler.ControlePrincipal,"retornoDinheiroImobiliaria/3[java.util.Calendar,java.util.Calendar,boolean]",false,200,1,2,1,1,1,1,3,1,0,3,1,0,0,0,0,0,0,0,0,0,0,0,0,0,0,6,1,0,false
E:\OOD_Projects\ck-mvn-plugin\Real_Estate_System-master\src\Controler\ControlePrincipal.java,Controler.ControlePrincipal,interfaceCadComprador/0,false,108,1,2,1,1,1,0,3,0,0,0,0,0,0,0,0,0,0,0,0,0,0,0,0,0,0,4,1,0,false
E:\OOD_Projects\ck-mvn-plugin\Real_Estate_System-master\src\Controler\ControlePrincipal.java,Controler.ControlePrincipal,desativarImovel/1[int],false,195,1,2,1,1,1,1,3,0,0,1,1,0,0,0,0,0,0,0,0,0,0,0,0,0,0,3,1,0,false
E:\OOD_Projects\ck-mvn-plugin\Real_Estate_System-master\src\Controler\ControlePrincipal.java,Controler.ControlePrincipal,"registraPropostaPorCodigo/2[int,Model.Proposta]",false,179,2,2,1,1,1,1,3,1,0,2,1,0,0,0,0,0,0,0,0,0,0,0,0,0,0,5,1,0,false
E:\OOD_Projects\ck-mvn-plugin\Real_Estate_System-master\src\Controler\ControlePrincipal.java,Controler.ControlePrincipal,"retornoDinheiroCorretor/3[java.util.Calendar,java.util.Calendar,java.lang.String]",false,204,1,2,1,1,1,1,3,1,0,3,1,0,0,0,0,0,0,0,0,0,0,0,0,0,0,5,1,0,false
E:\OOD_Projects\ck-mvn-plugin\Real_Estate_System-master\src\Controler\ControlePrincipal.java,Controler.ControlePrincipal,desserializaDados/0,false,224,4,5,1,4,1,4,6,0,0,0,4,0,0,0,0,0,0,0,0,0,0,0,0,0,0,2,1,0,false
E:\OOD_Projects\ck-mvn-plugin\Real_Estate_System-master\src\Controler\ControlePrincipal.java,Controler.ControlePrincipal,interfaceRelatorios/0,false,126,1,2,1,1,1,0,3,0,0,0,0,0,0,0,0,0,0,0,0,0,0,0,0,0,0,3,1,0,false
E:\OOD_Projects\ck-mvn-plugin\Real_Estate_System-master\src\Controler\ControlePrincipal.java,Controler.ControlePrincipal,retornoImoveisPorVendedor/1[java.lang.String],false,212,1,2,1,1,1,1,3,1,0,1,1,0,0,0,0,0,0,0,0,0,0,0,0,0,0,5,1,0,false
E:\OOD_Projects\ck-mvn-plugin\Real_Estate_System-master\src\Controler\ControlePrincipal.java,Controler.ControlePrincipal,retornoImovelPorCodigo/1[int],false,191,2,2,1,1,1,1,3,1,0,1,1,0,0,0,0,0,0,0,0,0,0,0,0,0,0,5,1,0,false
E:\OOD_Projects\ck-mvn-plugin\Real_Estate_System-master\src\Controler\ControlePrincipal.java,Controler.ControlePrincipal,retornoArrayListTipos/0,false,158,1,2,1,1,1,1,3,1,0,0,1,0,0,0,0,0,0,0,0,0,0,0,0,0,0,4,1,0,false
E:\OOD_Projects\ck-mvn-plugin\Real_Estate_System-master\src\Controler\ControlePrincipal.java,Controler.ControlePrincipal,"registraVisitaPorCodigo/2[int,Model.Visita]",false,183,2,2,1,1,1,1,3,1,0,2,1,0,0,0,0,0,0,0,0,0,0,0,0,0,0,5,1,0,false
E:\OOD_Projects\ck-mvn-plugin\Real_Estate_System-master\src\Controler\ControlePrincipal.java,Controler.ControlePrincipal,interfaceCadCorretor/0,false,96,1,2,1,1,1,0,3,0,0,0,0,0,0,0,0,0,0,0,0,0,0,0,0,0,0,4,1,0,false
E:\OOD_Projects\ck-mvn-plugin\Real_Estate_System-master\src\Controler\ControlePrincipal.java,Controler.ControlePrincipal,interfaceCadImovel/0,false,104,1,2,1,1,1,0,3,0,0,0,0,0,0,0,0,0,0,0,0,0,0,0,0,0,0,4,1,0,false
E:\OOD_Projects\ck-mvn-plugin\Real_Estate_System-master\src\Controler\ControlePrincipal.java,Controler.ControlePrincipal,"procuraAlteraEstadoPropostaMain/3[Model.Imovel,Model.Proposta,java.lang.String]",false,187,3,3,2,1,1,1,3,0,0,3,1,0,0,0,0,0,0,0,0,0,0,0,0,0,0,7,1,0,false
E:\OOD_Projects\ck-mvn-plugin\Real_Estate_System-master\src\Controler\ControlePrincipal.java,Controler.ControlePrincipal,"retornaVisitasCorretorString/3[java.util.Calendar,java.util.Calendar,java.lang.String]",false,220,1,2,1,1,1,1,3,1,0,3,1,0,0,0,0,0,0,0,0,0,0,0,0,0,0,6,1,0,false
E:\OOD_Projects\ck-mvn-plugin\Real_Estate_System-master\src\Controler\ControlePrincipal.java,Controler.ControlePrincipal,carregaDados/0,false,59,6,5,0,5,1,7,23,0,2,0,7,1,1,0,0,0,0,54,17,5,0,0,0,0,0,10,1,0,false
E:\OOD_Projects\ck-mvn-plugin\Real_Estate_System-master\src\Controler\ControlePrincipal.java,Controler.ControlePrincipal,"retornoImoveisVendidosPorTempo/2[java.util.Calendar,java.util.Calendar]",false,208,1,2,1,1,1,1,3,1,0,2,1,0,0,0,0,0,0,0,0,0,0,0,0,0,0,7,1,0,false
E:\OOD_Projects\ck-mvn-plugin\Real_Estate_System-master\src\Controler\ControleComprador.java,Controler.ControleComprador,"cadastraComprador/5[java.lang.String,java.lang.String,java.lang.String,java.lang.String,java.lang.String]",false,29,1,3,2,1,1,3,6,0,1,5,3,0,0,0,0,0,0,3,1,1,0,0,0,0,0,6,1,0,false
E:\OOD_Projects\ck-mvn-plugin\Real_Estate_System-master\src\Controler\ControleComprador.java,Controler.ControleComprador,ControleComprador/0,true,24,1,2,1,1,1,1,3,0,0,0,1,1,1,0,0,0,0,0,0,0,0,0,0,0,0,3,1,0,false
E:\OOD_Projects\ck-mvn-plugin\Real_Estate_System-master\src\Controler\ControleComprador.java,Controler.ControleComprador,desserializaComprador/0,false,45,1,2,2,0,2,3,11,0,2,0,3,0,0,0,0,1,0,2,0,3,0,1,0,0,0,13,0,0,false
E:\OOD_Projects\ck-mvn-plugin\Real_Estate_System-master\src\Controler\ControleComprador.java,Controler.ControleComprador,serializaComprador/0,false,57,0,1,1,0,2,3,11,0,2,0,3,0,0,0,0,1,0,2,0,2,0,1,0,0,0,14,0,0,false
E:\OOD_Projects\ck-mvn-plugin\Real_Estate_System-master\src\Controler\ControleComprador.java,Controler.ControleComprador,retornaCompradorPorCpf/1[java.lang.String],false,36,2,2,1,1,3,2,8,2,0,1,2,0,0,1,0,0,0,0,0,0,0,2,0,0,0,8,1,0,false
E:\OOD_Projects\ck-mvn-plugin\Real_Estate_System-master\src\View\LimiteEscolhaCatalogo.java,View.LimiteEscolhaCatalogo,"LimiteEscolhaCatalogo/2[Controler.ControlePrincipal,Model.Imovel]",true,38,2,6,1,5,1,22,45,0,2,2,22,0,0,0,0,0,0,3,9,14,1,0,1,0,0,45,1,0,false
E:\OOD_Projects\ck-mvn-plugin\Real_Estate_System-master\src\View\LimiteEscolhaCatalogo.java,View.LimiteEscolhaCatalogo,actionPerformed/1[java.awt.event.ActionEvent],false,100,1,1,0,1,1,1,4,0,0,1,1,0,0,0,0,0,0,0,0,0,0,0,0,0,0,8,1,0,false
E:\OOD_Projects\ck-mvn-plugin\Real_Estate_System-master\src\View\LimitePrincipal.java,View.LimitePrincipal,windowClosed/1[java.awt.event.WindowEvent],false,212,0,0,0,0,1,0,2,0,0,1,0,0,0,0,0,0,0,0,0,0,0,0,0,0,0,5,1,0,false
E:\OOD_Projects\ck-mvn-plugin\Real_Estate_System-master\src\View\LimitePrincipal.java,View.LimitePrincipal,windowDeactivated/1[java.awt.event.WindowEvent],false,232,0,0,0,0,1,0,2,0,0,1,0,0,0,0,0,0,0,0,0,0,0,0,0,0,0,5,1,0,false
E:\OOD_Projects\ck-mvn-plugin\Real_Estate_System-master\src\View\LimitePrincipal.java,View.LimitePrincipal,windowOpened/1[java.awt.event.WindowEvent],false,199,0,0,0,0,1,0,2,0,0,1,0,0,0,0,0,0,0,0,0,0,0,0,0,0,0,5,1,0,false
E:\OOD_Projects\ck-mvn-plugin\Real_Estate_System-master\src\View\LimitePrincipal.java,View.LimitePrincipal,windowClosing/1[java.awt.event.WindowEvent],false,204,1,1,0,1,1,2,4,0,0,1,2,0,0,0,0,0,0,0,0,0,0,0,0,0,0,6,1,0,false
E:\OOD_Projects\ck-mvn-plugin\Real_Estate_System-master\src\View\LimitePrincipal.java,View.LimitePrincipal,windowIconified/1[java.awt.event.WindowEvent],false,217,0,0,0,0,1,0,2,0,0,1,0,0,0,0,0,0,0,0,0,0,0,0,0,0,0,5,1,0,false
E:\OOD_Projects\ck-mvn-plugin\Real_Estate_System-master\src\View\LimitePrincipal.java,View.LimitePrincipal,windowDeiconified/1[java.awt.event.WindowEvent],false,222,0,0,0,0,1,0,2,0,0,1,0,0,0,0,0,0,0,0,0,0,0,0,0,0,0,5,1,0,false
E:\OOD_Projects\ck-mvn-plugin\Real_Estate_System-master\src\View\LimitePrincipal.java,View.LimitePrincipal,LimitePrincipal/1[Controler.ControlePrincipal],true,46,1,2,1,1,1,12,126,0,0,1,12,0,0,0,0,0,0,14,2,15,0,0,9,0,0,65,1,0,false
E:\OOD_Projects\ck-mvn-plugin\Real_Estate_System-master\src\View\LimitePrincipal.java,View.LimitePrincipal,windowActivated/1[java.awt.event.WindowEvent],false,227,0,0,0,0,1,0,2,0,0,1,0,0,0,0,0,0,0,0,0,0,0,0,0,0,0,5,1,0,false
E:\OOD_Projects\ck-mvn-plugin\Real_Estate_System-master\src\View\LimiteEscolhaProposta.java,View.LimiteEscolhaProposta$Anonymous1,actionPerformed/1[java.awt.event.ActionEvent],false,79,1,20,0,20,1,2,4,0,0,1,2,0,0,0,0,0,0,0,0,0,0,0,0,0,0,6,1,0,false
E:\OOD_Projects\ck-mvn-plugin\Real_Estate_System-master\src\Controler\ControleImovel.java,Controler.ControleImovel,getListaImovel/1[java.lang.String],false,88,1,1,1,0,7,1,21,7,0,1,1,0,0,0,0,0,0,1,0,0,0,1,0,0,0,11,1,0,false
E:\OOD_Projects\ck-mvn-plugin\Real_Estate_System-master\src\Controler\ControleImovel.java,Controler.ControleImovel,"cadastraImovel/8[int,java.lang.String,java.lang.String,java.lang.String,java.lang.String,double,double,Model.Vendedor]",false,50,2,2,1,1,6,5,22,0,1,8,5,0,0,0,0,0,0,4,1,1,0,1,0,0,0,12,1,0,false
E:\OOD_Projects\ck-mvn-plugin\Real_Estate_System-master\src\Controler\ControleImovel.java,Controler.ControleImovel,retornoImovelPorCodigo/1[int],false,290,1,2,1,1,3,1,8,2,0,1,1,0,0,1,1,0,0,0,0,0,0,2,0,0,0,8,1,0,false
E:\OOD_Projects\ck-mvn-plugin\Real_Estate_System-master\src\Controler\ControleImovel.java,Controler.ControleImovel,"retornoDinheiroCorretor/3[java.util.Calendar,java.util.Calendar,java.lang.String]",false,370,4,9,1,8,9,14,22,1,4,3,14,0,0,2,0,0,3,1,7,9,5,5,0,0,0,17,1,0,false
E:\OOD_Projects\ck-mvn-plugin\Real_Estate_System-master\src\Controler\ControleImovel.java,Controler.ControleImovel,retornoImoveisPorVendedor/1[java.lang.String],false,416,3,4,1,3,3,4,10,1,1,1,4,1,1,1,0,0,0,2,0,3,0,2,0,0,0,11,1,0,false
E:\OOD_Projects\ck-mvn-plugin\Real_Estate_System-master\src\Controler\ControleImovel.java,Controler.ControleImovel,retornaDadosImovel/1[Model.Imovel],false,129,1,8,3,5,1,6,6,1,1,1,6,0,0,0,0,0,0,7,0,3,2,0,0,0,0,5,1,0,false
E:\OOD_Projects\ck-mvn-plugin\Real_Estate_System-master\src\Controler\ControleImovel.java,Controler.ControleImovel,getListaImovelApto/0,false,117,1,0,0,0,1,0,3,1,0,0,0,0,0,0,0,0,0,0,0,0,0,0,0,0,0,5,1,0,false
E:\OOD_Projects\ck-mvn-plugin\Real_Estate_System-master\src\Controler\ControleImovel.java,Controler.ControleImovel,"retornoEventosImovelPorPeriodo/3[java.util.Calendar,java.util.Calendar,int]",false,427,2,6,1,5,5,5,24,1,3,3,5,2,1,3,1,0,0,8,0,12,0,3,0,0,0,21,1,0,false
E:\OOD_Projects\ck-mvn-plugin\Real_Estate_System-master\src\Controler\ControleImovel.java,Controler.ControleImovel,"retornoImoveisVendidosString/2[java.util.Calendar,java.util.Calendar]",false,394,3,7,1,6,8,10,21,1,3,2,10,1,1,2,0,0,3,6,2,9,4,4,0,0,0,25,1,0,false
E:\OOD_Projects\ck-mvn-plugin\Real_Estate_System-master\src\Controler\ControleImovel.java,Controler.ControleImovel,"retornaVisitasRecebidas/3[Model.Visita,java.util.Calendar,java.util.Calendar]",false,452,2,6,2,4,5,9,7,1,1,3,9,0,0,0,0,0,2,5,0,2,1,1,0,0,0,8,1,0,false
E:\OOD_Projects\ck-mvn-plugin\Real_Estate_System-master\src\Controler\ControleImovel.java,Controler.ControleImovel,"procuraAlteraEstadoProposta/3[Model.Imovel,Model.Proposta,java.lang.String]",false,181,2,5,1,4,41,6,112,0,1,3,6,0,0,14,14,0,0,0,0,1,0,6,0,0,0,18,1,0,false
E:\OOD_Projects\ck-mvn-plugin\Real_Estate_System-master\src\Controler\ControleImovel.java,Controler.ControleImovel,"retornoDinheiroImobiliaria/3[java.util.Calendar,java.util.Calendar,boolean]",false,346,3,8,1,7,9,13,22,1,3,3,13,0,0,2,1,0,4,1,5,7,5,5,0,0,0,18,1,0,false
E:\OOD_Projects\ck-mvn-plugin\Real_Estate_System-master\src\Controler\ControleImovel.java,Controler.ControleImovel,"cadastraImovel/9[int,java.lang.String,java.lang.String,java.lang.String,java.lang.String,double,double,java.util.Calendar,Model.Vendedor]",false,69,2,2,1,1,6,4,22,0,1,9,4,0,0,0,0,0,0,4,1,1,0,1,0,0,0,13,1,0,false
E:\OOD_Projects\ck-mvn-plugin\Real_Estate_System-master\src\Controler\ControleImovel.java,Controler.ControleImovel,getTiposImovel/0,false,105,0,1,1,0,1,0,3,1,0,0,0,0,0,0,0,0,0,0,0,0,0,0,0,0,0,4,1,0,false
E:\OOD_Projects\ck-mvn-plugin\Real_Estate_System-master\src\Controler\ControleImovel.java,Controler.ControleImovel,"procuraPropostaERegistra/2[int,Model.Proposta]",false,136,2,3,1,2,7,4,24,2,3,2,4,0,0,2,3,0,0,2,1,6,0,4,0,0,0,16,1,0,false
E:\OOD_Projects\ck-mvn-plugin\Real_Estate_System-master\src\Controler\ControleImovel.java,Controler.ControleImovel,ControleImovel/0,true,39,1,2,1,1,1,2,9,0,0,0,2,1,1,0,0,0,0,1,0,0,0,0,0,0,0,3,1,0,false
E:\OOD_Projects\ck-mvn-plugin\Real_Estate_System-master\src\Controler\ControleImovel.java,Controler.ControleImovel,getListaImovelSala/0,false,121,1,0,0,0,1,0,3,1,0,0,0,0,0,0,0,0,0,0,0,0,0,0,0,0,0,5,1,0,false
E:\OOD_Projects\ck-mvn-plugin\Real_Estate_System-master\src\Controler\ControleImovel.java,Controler.ControleImovel,getListaImovelRural/0,false,125,1,0,0,0,1,0,3,1,0,0,0,0,0,0,0,0,0,0,0,0,0,0,0,0,0,5,1,0,false
E:\OOD_Projects\ck-mvn-plugin\Real_Estate_System-master\src\Controler\ControleImovel.java,Controler.ControleImovel,"procuraVisitaERegistra/2[int,Model.Visita]",false,164,2,3,1,2,4,3,15,2,2,2,3,0,0,1,2,0,0,2,1,4,0,2,0,0,0,15,1,0,false
E:\OOD_Projects\ck-mvn-plugin\Real_Estate_System-master\src\Controler\ControleImovel.java,Controler.ControleImovel,"retornaPropostasRecebidas/3[Model.Proposta,java.util.Calendar,java.util.Calendar]",false,462,2,7,1,6,5,11,7,1,1,3,11,0,0,0,0,0,2,7,0,2,1,1,0,0,0,8,1,0,false
E:\OOD_Projects\ck-mvn-plugin\Real_Estate_System-master\src\Controler\ControleImovel.java,Controler.ControleImovel,serializaImovel/0,false,536,0,1,1,0,2,3,39,0,2,0,3,0,0,0,0,1,0,9,0,16,0,1,0,0,0,21,0,0,false
E:\OOD_Projects\ck-mvn-plugin\Real_Estate_System-master\src\Controler\ControleImovel.java,Controler.ControleImovel,desativaImovel/1[int],false,299,1,4,1,3,18,4,50,0,1,1,4,0,0,6,6,0,0,1,0,2,0,3,0,0,0,12,1,0,false
E:\OOD_Projects\ck-mvn-plugin\Real_Estate_System-master\src\Controler\ControleImovel.java,Controler.ControleImovel,desserializaImovel/0,false,488,1,2,2,0,2,3,39,0,2,0,3,0,0,0,0,1,0,9,0,24,0,1,0,0,0,20,1,0,false
E:\OOD_Projects\ck-mvn-plugin\Real_Estate_System-master\src\Controler\ControleImovel.java,Controler.ControleImovel,getListaImovelLote/0,false,109,1,0,0,0,1,0,3,1,0,0,0,0,0,0,0,0,0,0,0,0,0,0,0,0,0,5,1,0,false
E:\OOD_Projects\ck-mvn-plugin\Real_Estate_System-master\src\Controler\ControleImovel.java,Controler.ControleImovel,getListaImovelCasa/0,false,113,1,0,0,0,1,0,3,1,0,0,0,0,0,0,0,0,0,0,0,0,0,0,0,0,0,5,1,0,false
E:\OOD_Projects\ck-mvn-plugin\Real_Estate_System-master\src\Controler\ControleImovel.java,Controler.ControleImovel,"retornaVisitasCorretorString/3[java.util.Calendar,java.util.Calendar,java.lang.String]",false,474,4,7,1,6,8,10,13,1,1,3,10,1,1,2,0,0,2,3,0,2,1,4,0,0,0,16,1,0,false
E:\OOD_Projects\ck-mvn-plugin\Real_Estate_System-master\src\View\LimiteCadCorretor.java,View.LimiteCadCorretor,LimiteCadCorretor/1[Controler.ControlePrincipal],true,33,1,1,1,0,1,8,48,0,0,1,8,0,0,0,0,0,0,8,16,20,0,0,0,0,0,31,1,0,false
E:\OOD_Projects\ck-mvn-plugin\Real_Estate_System-master\src\View\LimiteCadCorretor.java,View.LimiteCadCorretor,actionPerformed/1[java.awt.event.ActionEvent],false,100,1,1,0,1,1,4,12,0,7,1,4,0,0,0,0,0,0,0,0,7,0,0,0,0,0,14,1,0,false
E:\OOD_Projects\ck-mvn-plugin\Real_Estate_System-master\src\View\LimiteEscolhaCatalogo.java,View.LimiteEscolhaCatalogo$Anonymous1,actionPerformed/1[java.awt.event.ActionEvent],false,69,1,20,0,20,1,1,4,0,0,1,1,0,0,0,0,0,0,0,0,0,0,0,0,0,0,8,1,0,false
E:\OOD_Projects\ck-mvn-plugin\Real_Estate_System-master\src\View\LimiteConPropostas.java,View.LimiteConPropostas$Anonymous1,valueChanged/1[javax.swing.event.ListSelectionEvent],false,77,3,9,0,9,7,17,35,0,4,1,17,0,0,2,0,0,0,7,1,8,3,4,0,0,0,28,1,0,false
E:\OOD_Projects\ck-mvn-plugin\Real_Estate_System-master\src\View\LimiteConPropostas.java,View.LimiteConPropostas$Anonymous2,valueChanged/1[javax.swing.event.ListSelectionEvent],false,120,4,9,0,9,6,9,27,0,4,1,9,0,0,1,0,0,0,5,1,9,1,3,0,0,0,30,1,0,false
E:\OOD_Projects\ck-mvn-plugin\Real_Estate_System-master\src\Model\Corretor.java,Model.Corretor,"Corretor/6[java.lang.String,java.lang.String,java.lang.String,java.lang.String,java.lang.String,double]",true,11,0,1,1,0,1,0,5,0,0,6,0,0,0,0,0,0,0,0,0,2,0,0,0,0,0,4,1,0,false
E:\OOD_Projects\ck-mvn-plugin\Real_Estate_System-master\src\Model\Corretor.java,Model.Corretor,getPercCorretagem/0,false,21,0,2,2,0,1,0,3,1,0,0,0,0,0,0,0,0,0,0,0,0,0,0,0,0,0,4,1,0,false
E:\OOD_Projects\ck-mvn-plugin\Real_Estate_System-master\src\Model\Corretor.java,Model.Corretor,getCreci/0,false,17,0,0,0,0,1,0,3,1,0,0,0,0,0,0,0,0,0,0,0,0,0,0,0,0,0,3,1,0,false
E:\OOD_Projects\ck-mvn-plugin\Real_Estate_System-master\src\View\LimiteConImovel.java,View.LimiteConImovel$Anonymous1,actionPerformed/1[java.awt.event.ActionEvent],false,63,1,20,0,20,1,4,6,0,2,1,4,0,0,0,0,0,0,0,0,2,0,0,0,0,0,9,1,0,false
E:\OOD_Projects\ck-mvn-plugin\Real_Estate_System-master\src\View\LimiteVisita.java,View.LimiteVisita,actionPerformed/1[java.awt.event.ActionEvent],false,106,5,5,0,5,2,14,36,0,18,1,14,0,0,0,0,0,0,4,0,17,1,1,0,0,0,34,1,0,false
E:\OOD_Projects\ck-mvn-plugin\Real_Estate_System-master\src\View\LimiteVisita.java,View.LimiteVisita,"LimiteVisita/2[Controler.ControlePrincipal,Model.Imovel]",true,39,2,1,1,0,1,8,49,0,0,2,8,0,0,0,0,0,0,6,13,21,0,0,0,0,0,35,1,0,false
E:\OOD_Projects\ck-mvn-plugin\Real_Estate_System-master\src\View\LimiteRelatorios.java,View.LimiteRelatorios$Anonymous7,actionPerformed/1[java.awt.event.ActionEvent],false,222,3,20,0,20,8,15,66,0,20,1,15,0,0,0,7,0,0,14,8,38,5,1,0,0,0,35,1,0,false
E:\OOD_Projects\ck-mvn-plugin\Real_Estate_System-master\src\View\LimiteRelatorios.java,View.LimiteRelatorios$Anonymous6,actionPerformed/1[java.awt.event.ActionEvent],false,150,1,20,0,20,1,3,12,0,0,1,3,0,0,0,0,0,0,1,1,1,0,0,0,0,0,12,1,0,false
E:\OOD_Projects\ck-mvn-plugin\Real_Estate_System-master\src\View\LimiteCadImovel.java,View.LimiteCadImovel,actionPerformed/1[java.awt.event.ActionEvent],false,109,1,1,0,1,2,6,20,0,11,1,6,0,0,0,0,0,0,3,0,13,1,2,0,0,0,18,1,0,false
E:\OOD_Projects\ck-mvn-plugin\Real_Estate_System-master\src\View\LimiteCadImovel.java,View.LimiteCadImovel,LimiteCadImovel/1[Controler.ControlePrincipal],true,31,1,1,1,0,1,8,58,0,0,1,8,0,0,0,0,0,0,10,20,25,0,0,0,0,0,35,1,0,false
E:\OOD_Projects\ck-mvn-plugin\Real_Estate_System-master\src\View\LimiteRelatorios.java,View.LimiteRelatorios$Anonymous3,actionPerformed/1[java.awt.event.ActionEvent],false,96,1,20,0,20,1,2,11,0,0,1,2,0,0,0,0,0,0,0,1,1,0,0,0,0,0,12,1,0,false
E:\OOD_Projects\ck-mvn-plugin\Real_Estate_System-master\src\Controler\ControleCorretor.java,Controler.ControleCorretor,"cadastraCorretor/6[java.lang.String,java.lang.String,java.lang.String,java.lang.String,java.lang.String,double]",false,29,1,3,2,1,1,3,6,0,1,6,3,0,0,0,0,0,0,3,1,1,0,0,0,0,0,6,1,0,false
E:\OOD_Projects\ck-mvn-plugin\Real_Estate_System-master\src\Controler\ControleCorretor.java,Controler.ControleCorretor,ControleCorretor/0,true,23,1,2,1,1,1,1,3,0,0,0,1,1,1,0,0,0,0,0,0,0,0,0,0,0,0,3,1,0,false
E:\OOD_Projects\ck-mvn-plugin\Real_Estate_System-master\src\Controler\ControleCorretor.java,Controler.ControleCorretor,desserializaCorretor/0,false,45,1,2,2,0,2,3,11,0,2,0,3,0,0,0,0,1,0,2,0,3,0,1,0,0,0,13,0,0,false
E:\OOD_Projects\ck-mvn-plugin\Real_Estate_System-master\src\Controler\ControleCorretor.java,Controler.ControleCorretor,serializaCorretor/0,false,57,0,1,1,0,2,3,11,0,2,0,3,0,0,0,0,1,0,2,0,2,0,1,0,0,0,14,0,0,false
E:\OOD_Projects\ck-mvn-plugin\Real_Estate_System-master\src\Controler\ControleCorretor.java,Controler.ControleCorretor,retornaCorretorPorCpf/1[java.lang.String],false,36,2,2,1,1,3,2,8,2,0,1,2,0,0,1,0,0,0,0,0,0,0,2,0,0,0,8,1,0,false
E:\OOD_Projects\ck-mvn-plugin\Real_Estate_System-master\src\View\LimiteRelatorios.java,View.LimiteRelatorios$Anonymous2,actionPerformed/1[java.awt.event.ActionEvent],false,77,1,20,0,20,1,4,13,0,0,1,4,0,0,0,0,0,0,2,1,1,0,0,0,0,0,12,1,0,false
E:\OOD_Projects\ck-mvn-plugin\Real_Estate_System-master\src\View\LimiteRelatorios.java,View.LimiteRelatorios$Anonymous5,actionPerformed/1[java.awt.event.ActionEvent],false,132,1,20,0,20,1,4,13,0,0,1,4,0,0,0,0,0,0,2,1,1,0,0,0,0,0,12,1,0,false
E:\OOD_Projects\ck-mvn-plugin\Real_Estate_System-master\src\View\LimiteRelatorios.java,View.LimiteRelatorios$Anonymous4,actionPerformed/1[java.awt.event.ActionEvent],false,113,1,20,0,20,1,4,13,0,0,1,4,0,0,0,0,0,0,2,1,1,0,0,0,0,0,12,1,0,false
E:\OOD_Projects\ck-mvn-plugin\Real_Estate_System-master\src\View\LimiteRelatorios.java,View.LimiteRelatorios$Anonymous1,actionPerformed/1[java.awt.event.ActionEvent],false,60,1,20,0,20,1,2,11,0,0,1,2,0,0,0,0,0,0,0,1,1,0,0,0,0,0,12,1,0,false
E:\OOD_Projects\ck-mvn-plugin\Real_Estate_System-master\src\View\LimiteConCatalogo.java,View.LimiteConCatalogo,actionPerformed/1[java.awt.event.ActionEvent],false,112,2,4,0,4,3,12,14,0,1,1,12,0,0,1,0,0,0,2,0,3,1,2,0,0,0,14,1,0,false
E:\OOD_Projects\ck-mvn-plugin\Real_Estate_System-master\src\View\LimiteConCatalogo.java,View.LimiteConCatalogo,LimiteConCatalogo/1[Controler.ControlePrincipal],true,40,2,7,1,6,3,21,59,0,0,1,21,0,0,1,0,0,0,4,2,8,1,2,1,0,0,51,1,0,false
E:\OOD_Projects\ck-mvn-plugin\Real_Estate_System-master\src\View\LimiteConPropostas.java,View.LimiteConPropostas,LimiteConPropostas/1[Controler.ControlePrincipal],true,39,3,8,1,7,6,20,109,0,1,1,20,0,0,2,1,0,0,4,2,10,1,4,2,0,0,57,1,0,false
E:\OOD_Projects\ck-mvn-plugin\Real_Estate_System-master\src\View\LimiteConPropostas.java,View.LimiteConPropostas,actionPerformed/1[java.awt.event.ActionEvent],false,166,0,0,0,0,1,1,3,0,0,1,1,0,0,0,0,0,0,1,0,0,0,0,0,0,0,5,1,0,false
E:\OOD_Projects\ck-mvn-plugin\Real_Estate_System-master\src\View\LimiteConCatalogo.java,View.LimiteConCatalogo$Anonymous1,valueChanged/1[javax.swing.event.ListSelectionEvent],false,67,2,9,0,9,5,7,24,0,4,1,7,0,0,1,1,0,0,3,1,6,1,3,0,0,0,26,1,0,false
E:\OOD_Projects\ck-mvn-plugin\Real_Estate_System-master\src\View\LimiteConImovel.java,View.LimiteConImovel,LimiteConImovel/1[Controler.ControlePrincipal],true,39,1,2,1,1,1,12,45,0,0,1,12,0,0,0,0,0,0,4,7,11,0,0,1,0,0,40,1,0,false
E:\OOD_Projects\ck-mvn-plugin\Real_Estate_System-master\src\View\LimiteConImovel.java,View.LimiteConImovel,actionPerformed/1[java.awt.event.ActionEvent],false,100,2,3,0,3,3,12,24,0,4,1,12,0,0,0,1,0,0,7,2,5,0,2,0,0,0,18,1,0,false
E:\OOD_Projects\ck-mvn-plugin\Real_Estate_System-master\src\View\LimiteEscolhaProposta.java,View.LimiteEscolhaProposta,actionPerformed/1[java.awt.event.ActionEvent],false,111,1,1,0,1,1,2,4,0,0,1,2,0,0,0,0,0,0,0,0,0,0,0,0,0,0,6,1,0,false
E:\OOD_Projects\ck-mvn-plugin\Real_Estate_System-master\src\View\LimiteEscolhaProposta.java,View.LimiteEscolhaProposta,"LimiteEscolhaProposta/3[Controler.ControlePrincipal,Model.Imovel,Model.Proposta]",true,41,5,12,1,11,1,28,51,0,3,3,28,0,0,0,0,0,0,11,9,20,5,0,1,0,0,50,1,0,false
E:\OOD_Projects\ck-mvn-plugin\Real_Estate_System-master\src\Model\Imovel.java,Model.Imovel,agendaVisita/1[Model.Visita],false,39,1,1,1,0,3,2,7,2,0,1,2,0,0,0,0,0,0,0,0,0,0,1,0,0,0,5,1,0,false
E:\OOD_Projects\ck-mvn-plugin\Real_Estate_System-master\src\Model\Imovel.java,Model.Imovel,getArquivoFoto/0,false,102,0,2,2,0,1,0,3,1,0,0,0,0,0,0,0,0,0,0,0,0,0,0,0,0,0,4,1,0,false
E:\OOD_Projects\ck-mvn-plugin\Real_Estate_System-master\src\Model\Imovel.java,Model.Imovel,aceitaProposta/1[Model.Proposta],false,73,1,2,0,2,4,3,11,3,0,1,3,0,0,0,0,0,0,0,0,1,0,1,0,0,0,5,1,0,false
E:\OOD_Projects\ck-mvn-plugin\Real_Estate_System-master\src\Model\Imovel.java,Model.Imovel,getCodigo/0,false,86,0,14,14,0,1,0,3,1,0,0,0,0,0,0,0,0,0,0,0,0,0,0,0,0,0,3,1,0,false
E:\OOD_Projects\ck-mvn-plugin\Real_Estate_System-master\src\Model\Imovel.java,Model.Imovel,"Imovel/9[int,java.lang.String,java.lang.String,java.lang.String,java.lang.String,double,double,java.util.Calendar,Model.Vendedor]",true,22,1,2,2,0,1,0,12,0,0,9,0,0,0,0,0,0,0,0,0,10,0,0,0,0,0,12,1,0,false
E:\OOD_Projects\ck-mvn-plugin\Real_Estate_System-master\src\Model\Imovel.java,Model.Imovel,getListaPropostas/0,false,69,1,7,7,0,1,0,3,1,0,0,0,0,0,0,0,0,0,0,0,0,0,0,0,0,0,4,1,0,false
E:\OOD_Projects\ck-mvn-plugin\Real_Estate_System-master\src\Model\Imovel.java,Model.Imovel,getEstado/0,false,106,0,5,5,0,1,0,3,1,0,0,0,0,0,0,0,0,0,0,0,0,0,0,0,0,0,3,1,0,false
E:\OOD_Projects\ck-mvn-plugin\Real_Estate_System-master\src\Model\Imovel.java,Model.Imovel,getEndereco/0,false,98,0,0,0,0,1,0,3,1,0,0,0,0,0,0,0,0,0,0,0,0,0,0,0,0,0,3,1,0,false
E:\OOD_Projects\ck-mvn-plugin\Real_Estate_System-master\src\Model\Imovel.java,Model.Imovel,getComissao/0,false,114,0,3,3,0,1,0,3,1,0,0,0,0,0,0,0,0,0,0,0,0,0,0,0,0,0,3,1,0,false
E:\OOD_Projects\ck-mvn-plugin\Real_Estate_System-master\src\Model\Imovel.java,Model.Imovel,getListaVisitas/0,false,56,1,2,2,0,1,0,3,1,0,0,0,0,0,0,0,0,0,0,0,0,0,0,0,0,0,4,1,0,false
E:\OOD_Projects\ck-mvn-plugin\Real_Estate_System-master\src\Model\Imovel.java,Model.Imovel,getPreco/0,false,110,0,1,1,0,1,0,3,1,0,0,0,0,0,0,0,0,0,0,0,0,0,0,0,0,0,3,1,0,false
E:\OOD_Projects\ck-mvn-plugin\Real_Estate_System-master\src\Model\Imovel.java,Model.Imovel,getDataInclusao/0,false,118,0,0,0,0,1,0,3,1,0,0,0,0,0,0,0,0,0,0,0,0,0,0,0,0,0,5,1,0,false
E:\OOD_Projects\ck-mvn-plugin\Real_Estate_System-master\src\Model\Imovel.java,Model.Imovel,realizaVisita/1[Model.Visita],false,48,1,1,0,1,1,1,3,0,0,1,1,0,0,0,0,0,0,0,0,0,0,0,0,0,0,3,1,0,false
E:\OOD_Projects\ck-mvn-plugin\Real_Estate_System-master\src\Model\Imovel.java,Model.Imovel,cancelaVisita/1[Model.Visita],false,52,1,1,0,1,1,1,3,0,0,1,1,0,0,0,0,0,0,0,0,0,0,0,0,0,0,3,1,0,false
E:\OOD_Projects\ck-mvn-plugin\Real_Estate_System-master\src\Model\Imovel.java,Model.Imovel,getTipo/0,false,90,0,3,3,0,1,0,3,1,0,0,0,0,0,0,0,0,0,0,0,0,0,0,0,0,0,3,1,0,false
E:\OOD_Projects\ck-mvn-plugin\Real_Estate_System-master\src\Model\Imovel.java,Model.Imovel,registraProposta/1[Model.Proposta],false,60,1,1,1,0,3,2,7,2,0,1,2,0,0,0,0,0,0,0,0,0,0,1,0,0,0,5,1,0,false
E:\OOD_Projects\ck-mvn-plugin\Real_Estate_System-master\src\Model\Imovel.java,Model.Imovel,addArquivoFoto/1[java.lang.String],false,35,0,0,0,0,1,0,3,0,0,1,0,0,0,0,0,0,0,0,0,1,0,0,0,0,0,4,1,0,false
E:\OOD_Projects\ck-mvn-plugin\Real_Estate_System-master\src\Model\Imovel.java,Model.Imovel,getDescricao/0,false,94,0,7,7,0,1,0,3,1,0,0,0,0,0,0,0,0,0,0,0,0,0,0,0,0,0,3,1,0,false
E:\OOD_Projects\ck-mvn-plugin\Real_Estate_System-master\src\Model\Imovel.java,Model.Imovel,getVendedor/0,false,122,1,1,1,0,1,0,3,1,0,0,0,0,0,0,0,0,0,0,0,0,0,0,0,0,0,3,1,0,false
E:\OOD_Projects\ck-mvn-plugin\Real_Estate_System-master\src\Model\Imovel.java,Model.Imovel,setEstado/1[java.lang.String],false,126,0,2,2,0,1,0,3,0,0,1,0,0,0,0,0,0,0,0,0,1,0,0,0,0,0,3,1,0,false
E:\OOD_Projects\ck-mvn-plugin\Real_Estate_System-master\src\Controler\ControleVendedor.java,Controler.ControleVendedor,existeVendedor/1[java.lang.String],false,36,1,2,1,1,3,2,6,2,0,1,2,0,0,1,0,0,0,0,0,0,0,2,0,0,0,7,1,0,false
E:\OOD_Projects\ck-mvn-plugin\Real_Estate_System-master\src\Controler\ControleVendedor.java,Controler.ControleVendedor,"cadastraVendedor/5[java.lang.String,java.lang.String,java.lang.String,java.lang.String,java.lang.String]",false,29,1,3,2,1,1,3,6,0,1,5,3,0,0,0,0,0,0,3,1,1,0,0,0,0,0,6,1,0,false
E:\OOD_Projects\ck-mvn-plugin\Real_Estate_System-master\src\Controler\ControleVendedor.java,Controler.ControleVendedor,retornaVendedorPorCpf/1[java.lang.String],false,44,2,3,2,1,3,2,6,2,0,1,2,0,0,1,0,0,0,0,0,0,0,2,0,0,0,8,1,0,false
E:\OOD_Projects\ck-mvn-plugin\Real_Estate_System-master\src\Controler\ControleVendedor.java,Controler.ControleVendedor,desserializaVendedor/0,false,52,1,2,2,0,2,3,11,0,2,0,3,0,0,0,0,1,0,2,0,3,0,1,0,0,0,13,0,0,false
E:\OOD_Projects\ck-mvn-plugin\Real_Estate_System-master\src\Controler\ControleVendedor.java,Controler.ControleVendedor,ControleVendedor/0,true,24,1,2,1,1,1,1,3,0,0,0,1,1,1,0,0,0,0,0,0,0,0,0,0,0,0,3,1,0,false
E:\OOD_Projects\ck-mvn-plugin\Real_Estate_System-master\src\Controler\ControleVendedor.java,Controler.ControleVendedor,serializaVendedor/0,false,64,0,1,1,0,2,3,11,0,2,0,3,0,0,0,0,1,0,2,0,2,0,1,0,0,0,14,0,0,false
E:\OOD_Projects\ck-mvn-plugin\Real_Estate_System-master\src\Model\Visita.java,Model.Visita,getData/0,false,20,0,2,2,0,1,0,3,1,0,0,0,0,0,0,0,0,0,0,0,0,0,0,0,0,0,4,1,0,false
E:\OOD_Projects\ck-mvn-plugin\Real_Estate_System-master\src\Model\Visita.java,Model.Visita,getEstado/0,false,32,0,0,0,0,1,0,3,1,0,0,0,0,0,0,0,0,0,0,0,0,0,0,0,0,0,3,1,0,false
E:\OOD_Projects\ck-mvn-plugin\Real_Estate_System-master\src\Model\Visita.java,Model.Visita,"Visita/3[java.util.Calendar,Model.Comprador,Model.Corretor]",true,13,2,1,1,0,1,0,6,0,0,3,0,0,0,0,0,0,0,0,0,4,0,0,0,0,0,5,1,0,false
E:\OOD_Projects\ck-mvn-plugin\Real_Estate_System-master\src\Model\Visita.java,Model.Visita,getComprador/0,false,24,1,1,1,0,1,0,3,1,0,0,0,0,0,0,0,0,0,0,0,0,0,0,0,0,0,3,1,0,false
E:\OOD_Projects\ck-mvn-plugin\Real_Estate_System-master\src\Model\Visita.java,Model.Visita,setEstado/1[java.lang.String],false,36,0,2,2,0,1,0,3,0,0,1,0,0,0,0,0,0,0,0,0,1,0,0,0,0,0,3,1,0,false
E:\OOD_Projects\ck-mvn-plugin\Real_Estate_System-master\src\Model\Visita.java,Model.Visita,getCorretor/0,false,28,1,2,2,0,1,0,3,1,0,0,0,0,0,0,0,0,0,0,0,0,0,0,0,0,0,3,1,0,false
