file,class,type,cbo,cboModified,fanin,fanout,wmc,dit,noc,rfc,lcom,lcom*,tcc,lcc,totalMethodsQty,staticMethodsQty,publicMethodsQty,privateMethodsQty,protectedMethodsQty,defaultMethodsQty,visibleMethodsQty,abstractMethodsQty,finalMethodsQty,synchronizedMethodsQty,totalFieldsQty,staticFieldsQty,publicFieldsQty,privateFieldsQty,protectedFieldsQty,defaultFieldsQty,finalFieldsQty,synchronizedFieldsQty,nosi,loc,returnQty,loopQty,comparisonsQty,tryCatchQty,parenthesizedExpsQty,stringLiteralsQty,numbersQty,assignmentsQty,mathOperationsQty,variablesQty,maxNestedBlocksQty,anonymousClassesQty,innerClassesQty,lambdasQty,uniqueWordsQty,modifiers,logStatementsQty
E:\OOD_Projects\ck-mvn-plugin\Blockchain-Voting-System-master\src\voting\voter\VoteHelper.java,voting.voter.VoteHelper$Anonymous1,anonymous,1,1,0,1,1,1,0,1,0,0.0,NaN,NaN,1,0,1,0,0,0,1,0,0,0,0,0,0,0,0,0,0,0,0,5,0,0,0,0,0,0,0,0,0,0,0,0,0,0,6,-1,0
E:\OOD_Projects\ck-mvn-plugin\Blockchain-Voting-System-master\src\voting\system\ChairmanPanel.java,voting.system.ChairmanPanel$Anonymous1,anonymous,1,1,0,1,1,1,0,1,0,0.0,NaN,NaN,1,0,1,0,0,0,1,0,0,0,0,0,0,0,0,0,0,0,0,5,0,0,0,0,0,0,0,0,0,0,0,0,0,0,6,-1,0
E:\OOD_Projects\ck-mvn-plugin\Blockchain-Voting-System-master\src\voting\voter\VoteHelper.java,voting.voter.VoteHelper$Anonymous2,anonymous,1,1,0,1,1,1,0,1,0,0.0,NaN,NaN,1,0,1,0,0,0,1,0,0,0,0,0,0,0,0,0,0,0,0,5,0,0,0,0,0,0,0,0,0,0,0,0,0,0,6,-1,0
E:\OOD_Projects\ck-mvn-plugin\Blockchain-Voting-System-master\src\voting\system\ChairmanPanel.java,voting.system.ChairmanPanel$Anonymous2,anonymous,1,1,0,1,1,1,0,1,0,0.0,NaN,NaN,1,0,1,0,0,0,1,0,0,0,0,0,0,0,0,0,0,0,0,5,0,0,0,0,0,0,0,0,0,0,0,0,0,0,6,-1,0
E:\OOD_Projects\ck-mvn-plugin\Blockchain-Voting-System-master\src\voting\voter\VoteHelper.java,voting.voter.VoteHelper$Anonymous3,anonymous,1,1,0,1,2,1,0,4,0,0.0,NaN,NaN,1,0,1,0,0,0,1,0,0,0,0,0,0,0,0,0,0,0,1,10,0,0,0,1,0,0,0,0,0,0,1,0,0,0,7,-1,0
E:\OOD_Projects\ck-mvn-plugin\Blockchain-Voting-System-master\src\voting\system\AuthorizeVoter.java,voting.system.AuthorizeVoter,class,2,7,5,2,12,6,0,46,9,0.77777773,1.0,1.0,6,1,1,4,1,0,2,0,0,0,6,0,0,6,0,0,0,0,9,94,0,0,1,2,0,15,22,7,1,7,2,3,0,0,80,1,0
E:\OOD_Projects\ck-mvn-plugin\Blockchain-Voting-System-master\src\voting\system\AuthorizeVoter.java,voting.system.AuthorizeVoter$Anonymous1,anonymous,1,1,0,1,1,1,0,1,0,0.0,NaN,NaN,1,0,1,0,0,0,1,0,0,0,0,0,0,0,0,0,0,0,0,5,0,0,0,0,0,0,0,0,0,0,0,0,0,0,6,-1,0
E:\OOD_Projects\ck-mvn-plugin\Blockchain-Voting-System-master\src\voting\system\ManageElection.java,voting.system.ManageElection,class,6,10,4,6,14,6,0,57,3,0.7380952,1.0,1.0,6,1,1,4,1,0,2,0,0,0,7,0,0,7,0,0,0,0,12,108,0,1,2,2,0,15,20,12,0,12,3,2,0,1,92,1,0
E:\OOD_Projects\ck-mvn-plugin\Blockchain-Voting-System-master\src\voting\system\AuthorizeVoter.java,voting.system.AuthorizeVoter$Anonymous3,anonymous,1,1,0,1,1,1,0,1,0,0.0,NaN,NaN,1,0,1,0,0,0,1,0,0,0,0,0,0,0,0,0,0,0,0,5,0,0,0,0,0,0,0,0,0,0,0,0,0,0,5,-1,0
E:\OOD_Projects\ck-mvn-plugin\Blockchain-Voting-System-master\src\voting\system\AuthorizeVoter.java,voting.system.AuthorizeVoter$Anonymous2,anonymous,1,1,0,1,1,1,0,1,0,0.0,NaN,NaN,1,0,1,0,0,0,1,0,0,0,0,0,0,0,0,0,0,0,0,5,0,0,0,0,0,0,0,0,0,0,0,0,0,0,6,-1,0
E:\OOD_Projects\ck-mvn-plugin\Blockchain-Voting-System-master\src\voting\system\ManageElection.java,voting.system.ManageElection$Anonymous1,anonymous,1,1,0,1,1,1,0,1,0,0.0,NaN,NaN,1,0,1,0,0,0,1,0,0,0,0,0,0,0,0,0,0,0,0,5,0,0,0,0,0,0,0,0,0,0,0,0,0,0,7,-1,0
E:\OOD_Projects\ck-mvn-plugin\Blockchain-Voting-System-master\src\voting\system\ManageElection.java,voting.system.ManageElection$Anonymous2,anonymous,1,1,0,1,1,1,0,1,0,0.0,NaN,NaN,1,0,1,0,0,0,1,0,0,0,0,0,0,0,0,0,0,0,0,5,0,0,0,0,0,0,0,0,0,0,0,0,0,0,6,-1,0
E:\OOD_Projects\ck-mvn-plugin\Blockchain-Voting-System-master\src\voting\ballot\Ballot.java,voting.ballot.Ballot$Anonymous10,anonymous,0,0,0,0,0,1,0,0,0,0.0,-1.0,-1.0,0,0,0,0,0,0,0,0,0,0,0,0,0,0,0,0,0,0,0,2,0,0,0,0,0,0,0,0,0,0,0,0,0,0,0,-1,0
E:\OOD_Projects\ck-mvn-plugin\Blockchain-Voting-System-master\src\voting\voter\VoteHelper.java,voting.voter.VoteHelper,class,4,9,5,4,15,6,0,55,9,0.77551025,1.0,1.0,7,1,2,5,0,0,2,0,0,0,7,0,0,7,0,0,1,0,17,121,1,1,0,3,1,18,27,14,1,14,2,3,0,0,88,1,0
E:\OOD_Projects\ck-mvn-plugin\Blockchain-Voting-System-master\src\voting\system\ViewResults.java,voting.system.ViewResults,class,1,4,3,1,10,6,0,52,8,0.76666665,1.0,1.0,5,1,1,3,1,0,2,0,0,0,6,0,0,6,0,0,1,0,9,82,0,1,0,1,0,14,17,11,2,10,1,1,0,1,78,1,0
E:\OOD_Projects\ck-mvn-plugin\Blockchain-Voting-System-master\src\voting\ballot\Ballot.java,voting.ballot.Ballot$Anonymous1,anonymous,0,0,0,0,0,1,0,0,0,0.0,-1.0,-1.0,0,0,0,0,0,0,0,0,0,0,0,0,0,0,0,0,0,0,0,2,0,0,0,0,0,0,0,0,0,0,0,0,0,0,0,-1,0
E:\OOD_Projects\ck-mvn-plugin\Blockchain-Voting-System-master\src\voting\system\ChairmanPanel.java,voting.system.ChairmanPanel,class,7,10,3,7,15,6,0,67,30,0.8611112,0.0,0.0,9,1,3,6,0,0,3,0,0,0,15,1,0,14,1,0,0,0,14,141,2,1,0,2,0,27,53,23,1,23,1,2,0,1,125,1,0
E:\OOD_Projects\ck-mvn-plugin\Blockchain-Voting-System-master\src\voting\ballot\Ballot.java,voting.ballot.Ballot$Anonymous2,anonymous,0,0,0,0,0,1,0,0,0,0.0,-1.0,-1.0,0,0,0,0,0,0,0,0,0,0,0,0,0,0,0,0,0,0,0,2,0,0,0,0,0,0,0,0,0,0,0,0,0,0,0,-1,0
E:\OOD_Projects\ck-mvn-plugin\Blockchain-Voting-System-master\src\voting\ballot\Ballot.java,voting.ballot.Ballot$Anonymous3,anonymous,0,0,0,0,0,1,0,0,0,0.0,-1.0,-1.0,0,0,0,0,0,0,0,0,0,0,0,0,0,0,0,0,0,0,0,2,0,0,0,0,0,0,0,0,0,0,0,0,0,0,0,-1,0
E:\OOD_Projects\ck-mvn-plugin\Blockchain-Voting-System-master\src\voting\ballot\Ballot.java,voting.ballot.Ballot$Anonymous13,anonymous,0,0,0,0,0,1,0,0,0,0.0,-1.0,-1.0,0,0,0,0,0,0,0,0,0,0,0,0,0,0,0,0,0,0,0,2,0,0,0,0,0,0,0,0,0,0,0,0,0,0,0,-1,0
E:\OOD_Projects\ck-mvn-plugin\Blockchain-Voting-System-master\src\voting\ballot\Ballot.java,voting.ballot.Ballot$Anonymous4,anonymous,0,0,0,0,0,1,0,0,0,0.0,-1.0,-1.0,0,0,0,0,0,0,0,0,0,0,0,0,0,0,0,0,0,0,0,2,0,0,0,0,0,0,0,0,0,0,0,0,0,0,0,-1,0
E:\OOD_Projects\ck-mvn-plugin\Blockchain-Voting-System-master\src\voting\voter\Vote.java,voting.voter.Vote$Anonymous1,anonymous,1,1,0,1,1,1,0,1,0,0.0,NaN,NaN,1,0,1,0,0,0,1,0,0,0,0,0,0,0,0,0,0,0,0,5,0,0,0,0,0,0,0,0,0,0,0,0,0,0,6,-1,0
E:\OOD_Projects\ck-mvn-plugin\Blockchain-Voting-System-master\src\voting\ballot\Ballot.java,voting.ballot.Ballot$Anonymous5,anonymous,0,0,0,0,0,1,0,0,0,0.0,-1.0,-1.0,0,0,0,0,0,0,0,0,0,0,0,0,0,0,0,0,0,0,0,2,0,0,0,0,0,0,0,0,0,0,0,0,0,0,0,-1,0
E:\OOD_Projects\ck-mvn-plugin\Blockchain-Voting-System-master\src\voting\ballot\Ballot.java,voting.ballot.Ballot$Anonymous6,anonymous,3,3,0,3,1,1,0,3,0,0.0,NaN,NaN,1,0,1,0,0,0,1,0,0,0,0,0,0,0,0,0,0,0,0,6,1,0,0,0,0,0,2,1,0,1,0,0,0,0,11,-1,0
E:\OOD_Projects\ck-mvn-plugin\Blockchain-Voting-System-master\src\voting\ballot\Ballot.java,voting.ballot.Ballot$Anonymous11,anonymous,2,2,0,2,1,1,0,3,0,0.0,NaN,NaN,1,0,1,0,0,0,1,0,0,0,0,0,0,0,0,0,0,0,0,6,1,0,0,0,0,0,4,1,0,1,0,0,0,0,12,-1,0
E:\OOD_Projects\ck-mvn-plugin\Blockchain-Voting-System-master\src\voting\voter\Vote.java,voting.voter.Vote$Anonymous3,anonymous,1,1,0,1,1,1,0,1,0,0.0,NaN,NaN,1,0,1,0,0,0,1,0,0,0,0,0,0,0,0,0,0,0,0,5,0,0,0,0,0,0,0,0,0,0,0,0,0,0,6,-1,0
E:\OOD_Projects\ck-mvn-plugin\Blockchain-Voting-System-master\src\voting\ballot\Ballot.java,voting.ballot.Ballot$Anonymous7,anonymous,0,0,0,0,0,1,0,0,0,0.0,-1.0,-1.0,0,0,0,0,0,0,0,0,0,0,0,0,0,0,0,0,0,0,0,2,0,0,0,0,0,0,0,0,0,0,0,0,0,0,0,-1,0
E:\OOD_Projects\ck-mvn-plugin\Blockchain-Voting-System-master\src\voting\ballot\Ballot.java,voting.ballot.Ballot$Anonymous12,anonymous,0,0,0,0,0,1,0,0,0,0.0,-1.0,-1.0,0,0,0,0,0,0,0,0,0,0,0,0,0,0,0,0,0,0,0,2,0,0,0,0,0,0,0,0,0,0,0,0,0,0,0,-1,0
E:\OOD_Projects\ck-mvn-plugin\Blockchain-Voting-System-master\src\voting\voter\Vote.java,voting.voter.Vote$Anonymous2,anonymous,1,1,0,1,1,1,0,1,0,0.0,NaN,NaN,1,0,1,0,0,0,1,0,0,0,0,0,0,0,0,0,0,0,0,5,0,0,0,0,0,0,0,0,0,0,0,0,0,0,6,-1,0
E:\OOD_Projects\ck-mvn-plugin\Blockchain-Voting-System-master\src\voting\ballot\Ballot.java,voting.ballot.Ballot$Anonymous8,anonymous,0,0,0,0,0,1,0,0,0,0.0,-1.0,-1.0,0,0,0,0,0,0,0,0,0,0,0,0,0,0,0,0,0,0,0,2,0,0,0,0,0,0,0,0,0,0,0,0,0,0,0,-1,0
E:\OOD_Projects\ck-mvn-plugin\Blockchain-Voting-System-master\src\voting\system\ViewResults.java,voting.system.ViewResults$Anonymous1,anonymous,1,1,0,1,1,1,0,1,0,0.0,NaN,NaN,1,0,1,0,0,0,1,0,0,0,0,0,0,0,0,0,0,0,0,5,0,0,0,0,0,0,0,0,0,0,0,0,0,0,6,-1,0
E:\OOD_Projects\ck-mvn-plugin\Blockchain-Voting-System-master\src\voting\ballot\Ballot.java,voting.ballot.Ballot$Anonymous9,anonymous,0,0,0,0,0,1,0,0,0,0.0,-1.0,-1.0,0,0,0,0,0,0,0,0,0,0,0,0,0,0,0,0,0,0,0,2,0,0,0,0,0,0,0,0,0,0,0,0,0,0,0,-1,0
E:\OOD_Projects\ck-mvn-plugin\Blockchain-Voting-System-master\src\voting\voter\Delegator.java,voting.voter.Delegator,class,3,7,4,3,9,6,0,46,9,0.7666666,1.0,1.0,6,1,1,4,1,0,2,0,0,0,5,0,0,5,0,0,1,0,11,82,0,0,0,2,0,16,17,7,1,7,2,2,0,1,78,1,0
E:\OOD_Projects\ck-mvn-plugin\Blockchain-Voting-System-master\src\voting\voter\Delegator.java,voting.voter.Delegator$Anonymous1,anonymous,1,1,0,1,1,1,0,1,0,0.0,NaN,NaN,1,0,1,0,0,0,1,0,0,0,0,0,0,0,0,0,0,0,0,5,0,0,0,0,0,0,0,0,0,0,0,0,0,0,6,-1,0
E:\OOD_Projects\ck-mvn-plugin\Blockchain-Voting-System-master\src\voting\voter\Vote.java,voting.voter.Vote,class,7,12,5,7,20,6,0,56,22,0.8541667,0.0,0.0,8,1,2,6,0,0,2,0,0,0,12,0,0,12,0,0,0,0,23,168,2,0,0,4,0,37,44,23,0,21,3,3,0,1,99,1,0
E:\OOD_Projects\ck-mvn-plugin\Blockchain-Voting-System-master\src\voting\ballot\Ballot.java,voting.ballot.Ballot,class,15,22,7,15,23,2,0,8,197,0.93115956,0.11067194,0.11067194,23,8,19,0,4,0,23,0,0,0,12,12,11,1,0,0,12,0,26,132,19,0,0,0,0,12,0,27,0,27,0,13,0,0,94,1,0
E:\OOD_Projects\ck-mvn-plugin\Blockchain-Voting-System-master\src\voting\voter\Delegator.java,voting.voter.Delegator$Anonymous2,anonymous,1,1,0,1,1,1,0,1,0,0.0,NaN,NaN,1,0,1,0,0,0,1,0,0,0,0,0,0,0,0,0,0,0,0,5,0,0,0,0,0,0,0,0,0,0,0,0,0,0,6,-1,0
