file,class,method,constructor,line,cbo,cboModified,fanin,fanout,wmc,rfc,loc,returnsQty,variablesQty,parametersQty,methodsInvokedQty,methodsInvokedLocalQty,methodsInvokedIndirectLocalQty,loopQty,comparisonsQty,tryCatchQty,parenthesizedExpsQty,stringLiteralsQty,numbersQty,assignmentsQty,mathOperationsQty,maxNestedBlocksQty,anonymousClassesQty,innerClassesQty,lambdasQty,uniqueWordsQty,modifiers,logStatementsQty,hasJavaDoc
E:\OOD_Projects\ck-mvn-plugin\Blockchain-Voting-System-master\src\voting\voter\VoteHelper.java,voting.voter.VoteHelper$Anonymous1,actionPerformed/1[java.awt.event.ActionEvent],false,97,1,14,0,14,1,1,3,0,0,1,1,0,0,0,0,0,0,0,0,0,0,0,0,0,0,6,1,0,false
E:\OOD_Projects\ck-mvn-plugin\Blockchain-Voting-System-master\src\voting\system\ChairmanPanel.java,voting.system.ChairmanPanel$Anonymous1,actionPerformed/1[java.awt.event.ActionEvent],false,101,1,14,0,14,1,1,3,0,0,1,1,0,0,0,0,0,0,0,0,0,0,0,0,0,0,6,1,0,false
E:\OOD_Projects\ck-mvn-plugin\Blockchain-Voting-System-master\src\voting\voter\VoteHelper.java,voting.voter.VoteHelper$Anonymous2,actionPerformed/1[java.awt.event.ActionEvent],false,105,1,14,0,14,1,1,3,0,0,1,1,0,0,0,0,0,0,0,0,0,0,0,0,0,0,6,1,0,false
E:\OOD_Projects\ck-mvn-plugin\Blockchain-Voting-System-master\src\voting\system\ChairmanPanel.java,voting.system.ChairmanPanel$Anonymous2,actionPerformed/1[java.awt.event.ActionEvent],false,109,1,14,0,14,1,1,3,0,0,1,1,0,0,0,0,0,0,0,0,0,0,0,0,0,0,6,1,0,false
E:\OOD_Projects\ck-mvn-plugin\Blockchain-Voting-System-master\src\voting\voter\VoteHelper.java,voting.voter.VoteHelper$Anonymous3,run/0,false,200,1,2,0,2,2,4,8,0,0,0,4,0,0,0,0,1,0,0,0,0,0,1,0,0,0,7,1,0,false
E:\OOD_Projects\ck-mvn-plugin\Blockchain-Voting-System-master\src\voting\system\AuthorizeVoter.java,voting.system.AuthorizeVoter,btnCancelActionPerformed/1[java.awt.event.ActionEvent],false,132,0,1,1,0,1,1,3,0,0,1,1,0,0,0,0,0,0,0,0,0,0,0,0,0,0,6,2,0,false
E:\OOD_Projects\ck-mvn-plugin\Blockchain-Voting-System-master\src\voting\system\AuthorizeVoter.java,voting.system.AuthorizeVoter,setIcon/0,false,42,0,1,1,0,1,5,3,0,0,0,5,0,0,0,0,0,0,1,0,0,0,0,0,0,0,6,2,0,false
E:\OOD_Projects\ck-mvn-plugin\Blockchain-Voting-System-master\src\voting\system\AuthorizeVoter.java,voting.system.AuthorizeVoter,AuthorizeVoter/1[voting.ballot.Ballot],true,36,2,3,1,2,1,2,5,0,0,1,2,2,1,0,0,0,0,0,0,1,0,0,0,0,0,10,1,0,true
E:\OOD_Projects\ck-mvn-plugin\Blockchain-Voting-System-master\src\voting\system\AuthorizeVoter.java,voting.system.AuthorizeVoter,initComponents/0,false,53,0,2,1,1,1,27,37,0,1,0,27,0,0,0,0,0,0,11,22,6,0,0,2,0,0,55,2,0,true
E:\OOD_Projects\ck-mvn-plugin\Blockchain-Voting-System-master\src\voting\system\AuthorizeVoter.java,voting.system.AuthorizeVoter,btnAddActionPerformed/1[java.awt.event.ActionEvent],false,136,2,2,1,1,3,9,15,0,0,1,9,0,0,0,1,1,0,3,0,0,1,2,0,0,0,9,2,0,false
E:\OOD_Projects\ck-mvn-plugin\Blockchain-Voting-System-master\src\voting\system\AuthorizeVoter.java,voting.system.AuthorizeVoter,main/1[voting.ballot.Ballot],false,156,2,2,1,1,5,6,23,0,0,1,6,0,0,0,0,1,0,0,0,0,0,1,1,0,0,21,12,0,true
E:\OOD_Projects\ck-mvn-plugin\Blockchain-Voting-System-master\src\voting\system\AuthorizeVoter.java,voting.system.AuthorizeVoter$Anonymous1,actionPerformed/1[java.awt.event.ActionEvent],false,75,1,14,0,14,1,1,3,0,0,1,1,0,0,0,0,0,0,0,0,0,0,0,0,0,0,6,1,0,false
E:\OOD_Projects\ck-mvn-plugin\Blockchain-Voting-System-master\src\voting\system\ManageElection.java,voting.system.ManageElection,initComponents/0,false,63,0,2,1,1,1,29,39,0,1,0,29,0,0,0,0,0,0,12,19,6,0,0,2,0,0,62,2,0,true
E:\OOD_Projects\ck-mvn-plugin\Blockchain-Voting-System-master\src\voting\system\ManageElection.java,voting.system.ManageElection,btnAddVoterActionPerformed/1[java.awt.event.ActionEvent],false,141,1,2,1,1,2,2,8,0,0,1,2,0,0,0,1,0,0,1,0,0,0,1,0,0,0,8,2,0,false
E:\OOD_Projects\ck-mvn-plugin\Blockchain-Voting-System-master\src\voting\system\ManageElection.java,voting.system.ManageElection,setIcon/0,false,52,0,1,1,0,1,5,3,0,0,0,5,0,0,0,0,0,0,1,0,0,0,0,0,0,0,6,2,0,false
E:\OOD_Projects\ck-mvn-plugin\Blockchain-Voting-System-master\src\voting\system\ManageElection.java,voting.system.ManageElection,"ManageElection/2[voting.ballot.Ballot,int]",true,44,2,3,1,2,1,4,7,0,0,2,4,2,1,0,0,0,0,0,0,2,0,0,0,0,0,16,1,0,true
E:\OOD_Projects\ck-mvn-plugin\Blockchain-Voting-System-master\src\voting\system\ManageElection.java,voting.system.ManageElection,btnDoneActionPerformed/1[java.awt.event.ActionEvent],false,150,5,5,1,4,4,15,21,0,4,1,15,0,0,1,1,1,0,1,1,4,0,3,0,0,0,18,2,0,false
E:\OOD_Projects\ck-mvn-plugin\Blockchain-Voting-System-master\src\voting\system\ManageElection.java,voting.system.ManageElection,"main/2[voting.ballot.Ballot,int]",false,178,2,2,1,1,5,7,21,0,0,2,7,0,0,0,0,1,0,0,0,0,0,1,0,0,1,18,12,0,true
E:\OOD_Projects\ck-mvn-plugin\Blockchain-Voting-System-master\src\voting\system\AuthorizeVoter.java,voting.system.AuthorizeVoter$Anonymous3,run/0,false,177,1,2,0,2,1,1,3,0,0,0,1,0,0,0,0,0,0,0,0,0,0,0,0,0,0,5,1,0,false
E:\OOD_Projects\ck-mvn-plugin\Blockchain-Voting-System-master\src\voting\system\AuthorizeVoter.java,voting.system.AuthorizeVoter$Anonymous2,actionPerformed/1[java.awt.event.ActionEvent],false,83,1,14,0,14,1,1,3,0,0,1,1,0,0,0,0,0,0,0,0,0,0,0,0,0,0,6,1,0,false
E:\OOD_Projects\ck-mvn-plugin\Blockchain-Voting-System-master\src\voting\system\ManageElection.java,voting.system.ManageElection$Anonymous1,actionPerformed/1[java.awt.event.ActionEvent],false,80,1,14,0,14,1,1,3,0,0,1,1,0,0,0,0,0,0,0,0,0,0,0,0,0,0,7,1,0,false
E:\OOD_Projects\ck-mvn-plugin\Blockchain-Voting-System-master\src\voting\system\ManageElection.java,voting.system.ManageElection$Anonymous2,actionPerformed/1[java.awt.event.ActionEvent],false,88,1,14,0,14,1,1,3,0,0,1,1,0,0,0,0,0,0,0,0,0,0,0,0,0,0,6,1,0,false
E:\OOD_Projects\ck-mvn-plugin\Blockchain-Voting-System-master\src\voting\voter\VoteHelper.java,voting.voter.VoteHelper,VoteHelper/1[voting.ballot.Ballot],true,42,2,4,1,3,1,3,6,0,0,1,3,3,1,0,0,0,0,0,0,2,0,0,0,0,0,14,1,0,true
E:\OOD_Projects\ck-mvn-plugin\Blockchain-Voting-System-master\src\voting\voter\VoteHelper.java,voting.voter.VoteHelper,main/1[voting.ballot.Ballot],false,178,2,2,1,1,5,6,28,0,0,1,6,0,0,0,0,1,0,0,0,0,0,1,1,0,0,21,9,0,true
E:\OOD_Projects\ck-mvn-plugin\Blockchain-Voting-System-master\src\voting\voter\VoteHelper.java,voting.voter.VoteHelper,btnCancelActionPerformed/1[java.awt.event.ActionEvent],false,153,0,1,1,0,1,1,3,0,0,1,1,0,0,0,0,0,0,0,1,0,0,0,0,0,0,5,2,0,false
E:\OOD_Projects\ck-mvn-plugin\Blockchain-Voting-System-master\src\voting\voter\VoteHelper.java,voting.voter.VoteHelper,btnVoteActionPerformed/1[java.awt.event.ActionEvent],false,157,3,2,1,1,3,10,19,0,2,1,10,0,0,0,0,1,0,6,1,2,1,2,0,0,0,11,2,0,false
E:\OOD_Projects\ck-mvn-plugin\Blockchain-Voting-System-master\src\voting\voter\VoteHelper.java,voting.voter.VoteHelper,loadCandidates/1[voting.ballot.Ballot],false,53,2,3,1,2,3,12,16,1,4,1,12,0,0,1,0,1,1,0,1,4,0,2,0,0,0,11,2,0,false
E:\OOD_Projects\ck-mvn-plugin\Blockchain-Voting-System-master\src\voting\voter\VoteHelper.java,voting.voter.VoteHelper,setIcon/0,false,49,0,1,1,0,1,5,3,0,0,0,5,0,0,0,0,0,0,1,0,0,0,0,0,0,0,6,2,0,false
E:\OOD_Projects\ck-mvn-plugin\Blockchain-Voting-System-master\src\voting\voter\VoteHelper.java,voting.voter.VoteHelper,initComponents/0,false,76,0,2,1,1,1,26,37,0,1,0,26,0,0,0,0,0,0,11,24,6,0,0,2,0,0,56,2,0,true
E:\OOD_Projects\ck-mvn-plugin\Blockchain-Voting-System-master\src\voting\system\ViewResults.java,voting.system.ViewResults,"main/2[java.lang.String,java.util.HashMap<java.lang.String,java.lang.Integer>]",false,135,1,2,1,1,5,7,21,0,0,2,7,0,0,0,0,1,0,0,0,0,0,1,0,0,1,14,12,0,true
E:\OOD_Projects\ck-mvn-plugin\Blockchain-Voting-System-master\src\voting\system\ViewResults.java,voting.system.ViewResults,jButton1ActionPerformed/1[java.awt.event.ActionEvent],false,127,0,1,1,0,1,1,3,0,0,1,1,0,0,0,0,0,0,0,1,0,0,0,0,0,0,5,2,0,false
E:\OOD_Projects\ck-mvn-plugin\Blockchain-Voting-System-master\src\voting\system\ViewResults.java,voting.system.ViewResults,setIcon/0,false,50,0,1,1,0,1,5,3,0,0,0,5,0,0,0,0,0,0,1,0,0,0,0,0,0,0,6,2,0,false
E:\OOD_Projects\ck-mvn-plugin\Blockchain-Voting-System-master\src\voting\system\ViewResults.java,voting.system.ViewResults,"ViewResults/2[java.lang.String,java.util.HashMap<java.lang.String,java.lang.Integer>]",true,36,1,3,1,2,2,8,13,0,3,2,8,2,1,1,0,0,0,4,0,5,2,1,0,0,0,18,1,0,true
E:\OOD_Projects\ck-mvn-plugin\Blockchain-Voting-System-master\src\voting\system\ViewResults.java,voting.system.ViewResults,initComponents/0,false,61,0,2,1,1,1,32,34,0,1,0,32,0,0,0,0,0,0,9,16,6,0,0,1,0,0,54,2,0,true
E:\OOD_Projects\ck-mvn-plugin\Blockchain-Voting-System-master\src\voting\system\ChairmanPanel.java,voting.system.ChairmanPanel,ChairmanPanel/0,true,46,2,3,1,2,1,2,5,0,0,0,2,2,1,0,0,0,0,0,0,1,0,0,0,0,0,9,1,0,true
E:\OOD_Projects\ck-mvn-plugin\Blockchain-Voting-System-master\src\voting\system\ChairmanPanel.java,voting.system.ChairmanPanel,initComponents/0,false,63,0,2,1,1,1,34,58,0,1,0,34,0,0,0,0,0,0,23,48,12,0,0,2,0,0,64,2,0,true
E:\OOD_Projects\ck-mvn-plugin\Blockchain-Voting-System-master\src\voting\system\ChairmanPanel.java,voting.system.ChairmanPanel,setIcon/0,false,52,0,1,1,0,1,5,3,0,0,0,5,0,0,0,0,0,0,1,0,0,0,0,0,0,0,6,2,0,false
E:\OOD_Projects\ck-mvn-plugin\Blockchain-Voting-System-master\src\voting\system\ChairmanPanel.java,voting.system.ChairmanPanel,deploy/0,false,191,6,4,1,3,3,16,21,0,4,0,16,2,1,1,0,1,0,3,0,8,1,1,0,0,0,46,2,0,false
E:\OOD_Projects\ck-mvn-plugin\Blockchain-Voting-System-master\src\voting\system\ChairmanPanel.java,voting.system.ChairmanPanel,btnDeployActionPerformed/1[java.awt.event.ActionEvent],false,187,1,2,1,1,1,1,3,0,0,1,1,1,2,0,0,0,0,0,0,0,0,0,0,0,0,6,2,0,false
E:\OOD_Projects\ck-mvn-plugin\Blockchain-Voting-System-master\src\voting\system\ChairmanPanel.java,voting.system.ChairmanPanel,btnCancelActionPerformed/1[java.awt.event.ActionEvent],false,183,0,1,1,0,1,1,3,0,0,1,1,0,0,0,0,0,0,0,1,0,0,0,0,0,0,5,2,0,false
E:\OOD_Projects\ck-mvn-plugin\Blockchain-Voting-System-master\src\voting\system\ChairmanPanel.java,voting.system.ChairmanPanel,stringToBytes32/1[java.lang.String],false,218,1,1,1,0,1,3,7,1,2,1,3,0,0,0,0,0,0,0,4,2,0,0,0,0,0,6,1,0,false
E:\OOD_Projects\ck-mvn-plugin\Blockchain-Voting-System-master\src\voting\system\ChairmanPanel.java,voting.system.ChairmanPanel,main/1[java.lang.String[]],false,229,1,1,0,1,5,7,21,0,0,1,7,0,0,0,0,1,0,0,0,0,0,1,0,0,1,17,9,0,true
E:\OOD_Projects\ck-mvn-plugin\Blockchain-Voting-System-master\src\voting\system\ChairmanPanel.java,voting.system.ChairmanPanel,"deployContract/2[voting.system.Web3j,voting.system.Credentials]",false,213,3,2,1,1,1,2,3,1,0,2,2,0,0,0,0,0,0,0,0,0,0,0,0,0,0,6,2,0,false
E:\OOD_Projects\ck-mvn-plugin\Blockchain-Voting-System-master\src\voting\voter\Vote.java,voting.voter.Vote$Anonymous1,actionPerformed/1[java.awt.event.ActionEvent],false,90,1,14,0,14,1,1,3,0,0,1,1,0,0,0,0,0,0,0,0,0,0,0,0,0,0,6,1,0,false
E:\OOD_Projects\ck-mvn-plugin\Blockchain-Voting-System-master\src\voting\ballot\Ballot.java,voting.ballot.Ballot$Anonymous6,call/0,false,156,3,0,0,0,1,3,4,1,1,0,3,0,0,0,0,0,0,0,2,1,0,0,0,0,0,11,1,0,false
E:\OOD_Projects\ck-mvn-plugin\Blockchain-Voting-System-master\src\voting\ballot\Ballot.java,voting.ballot.Ballot$Anonymous11,call/0,false,180,2,0,0,0,1,3,4,1,1,0,3,0,0,0,0,0,0,0,4,1,0,0,0,0,0,12,1,0,false
E:\OOD_Projects\ck-mvn-plugin\Blockchain-Voting-System-master\src\voting\voter\Vote.java,voting.voter.Vote$Anonymous3,actionPerformed/1[java.awt.event.ActionEvent],false,118,1,14,0,14,1,1,3,0,0,1,1,0,0,0,0,0,0,0,0,0,0,0,0,0,0,6,1,0,false
E:\OOD_Projects\ck-mvn-plugin\Blockchain-Voting-System-master\src\voting\voter\Vote.java,voting.voter.Vote$Anonymous2,actionPerformed/1[java.awt.event.ActionEvent],false,98,1,14,0,14,1,1,3,0,0,1,1,0,0,0,0,0,0,0,0,0,0,0,0,0,0,6,1,0,false
E:\OOD_Projects\ck-mvn-plugin\Blockchain-Voting-System-master\src\voting\system\ViewResults.java,voting.system.ViewResults$Anonymous1,actionPerformed/1[java.awt.event.ActionEvent],false,80,1,14,0,14,1,1,3,0,0,1,1,0,0,0,0,0,0,0,0,0,0,0,0,0,0,6,1,0,false
E:\OOD_Projects\ck-mvn-plugin\Blockchain-Voting-System-master\src\voting\voter\Delegator.java,voting.voter.Delegator,btnDelegateActionPerformed/1[java.awt.event.ActionEvent],false,123,3,2,1,1,3,9,18,0,1,1,9,0,0,0,0,1,0,6,1,1,1,2,0,0,0,10,2,0,false
E:\OOD_Projects\ck-mvn-plugin\Blockchain-Voting-System-master\src\voting\voter\Delegator.java,voting.voter.Delegator,Delegator/1[voting.ballot.Ballot],true,38,2,3,1,2,1,2,5,0,0,1,2,2,1,0,0,0,0,0,0,1,0,0,0,0,0,9,1,0,true
E:\OOD_Projects\ck-mvn-plugin\Blockchain-Voting-System-master\src\voting\voter\Delegator.java,voting.voter.Delegator,main/1[voting.ballot.Ballot],false,147,2,2,1,1,2,7,12,0,0,1,7,0,0,0,0,1,0,0,0,0,0,1,0,0,1,18,12,0,true
E:\OOD_Projects\ck-mvn-plugin\Blockchain-Voting-System-master\src\voting\voter\Delegator.java,voting.voter.Delegator,initComponents/0,false,55,0,2,1,1,1,26,34,0,1,0,26,0,0,0,0,0,0,9,15,5,0,0,2,0,0,54,2,0,true
E:\OOD_Projects\ck-mvn-plugin\Blockchain-Voting-System-master\src\voting\voter\Delegator.java,voting.voter.Delegator,setIcon/0,false,44,0,1,1,0,1,5,3,0,0,0,5,0,0,0,0,0,0,1,0,0,0,0,0,0,0,6,2,0,false
E:\OOD_Projects\ck-mvn-plugin\Blockchain-Voting-System-master\src\voting\voter\Delegator.java,voting.voter.Delegator,btnCancelActionPerformed/1[java.awt.event.ActionEvent],false,139,0,1,1,0,1,1,3,0,0,1,1,0,0,0,0,0,0,0,1,0,0,0,0,0,0,5,2,0,false
E:\OOD_Projects\ck-mvn-plugin\Blockchain-Voting-System-master\src\voting\voter\Delegator.java,voting.voter.Delegator$Anonymous1,actionPerformed/1[java.awt.event.ActionEvent],false,75,1,14,0,14,1,1,3,0,0,1,1,0,0,0,0,0,0,0,0,0,0,0,0,0,0,6,1,0,false
E:\OOD_Projects\ck-mvn-plugin\Blockchain-Voting-System-master\src\voting\voter\Vote.java,voting.voter.Vote,checkVoted/1[java.lang.String],false,232,2,3,2,1,3,6,11,2,0,1,6,0,0,0,0,1,0,0,0,0,0,2,0,0,0,7,2,0,false
E:\OOD_Projects\ck-mvn-plugin\Blockchain-Voting-System-master\src\voting\voter\Vote.java,voting.voter.Vote,btnCancelActionPerformed/1[java.awt.event.ActionEvent],false,181,0,1,1,0,1,1,3,0,0,1,1,0,0,0,0,0,0,0,0,0,0,0,0,0,0,6,2,0,false
E:\OOD_Projects\ck-mvn-plugin\Blockchain-Voting-System-master\src\voting\voter\Vote.java,voting.voter.Vote,btnVoteActionPerformed/1[java.awt.event.ActionEvent],false,186,6,5,1,4,4,15,25,0,4,1,15,1,1,0,0,1,0,6,1,5,0,3,0,0,0,27,2,0,false
E:\OOD_Projects\ck-mvn-plugin\Blockchain-Voting-System-master\src\voting\voter\Vote.java,voting.voter.Vote,setIcon/0,false,45,0,1,1,0,1,5,3,0,0,0,5,0,0,0,0,0,0,1,0,0,0,0,0,0,0,6,2,0,false
E:\OOD_Projects\ck-mvn-plugin\Blockchain-Voting-System-master\src\voting\voter\Vote.java,voting.voter.Vote,main/1[java.lang.String[]],false,246,1,1,0,1,5,7,21,0,0,1,7,0,0,0,0,1,0,0,0,0,0,1,0,0,1,16,9,0,true
E:\OOD_Projects\ck-mvn-plugin\Blockchain-Voting-System-master\src\voting\voter\Vote.java,voting.voter.Vote,initComponents/0,false,56,0,2,1,1,1,27,62,0,1,0,27,0,0,0,0,0,0,24,42,12,0,0,3,0,0,59,2,0,true
E:\OOD_Projects\ck-mvn-plugin\Blockchain-Voting-System-master\src\voting\voter\Vote.java,voting.voter.Vote,Vote/0,true,40,1,3,1,2,1,2,4,0,0,0,2,2,1,0,0,0,0,0,0,0,0,0,0,0,0,7,1,0,true
E:\OOD_Projects\ck-mvn-plugin\Blockchain-Voting-System-master\src\voting\voter\Vote.java,voting.voter.Vote,btnDelegateActionPerformed/1[java.awt.event.ActionEvent],false,209,6,5,1,4,4,15,25,0,4,1,15,1,1,0,0,1,0,6,1,5,0,3,0,0,0,27,2,0,false
E:\OOD_Projects\ck-mvn-plugin\Blockchain-Voting-System-master\src\voting\ballot\Ballot.java,voting.ballot.Ballot,"deploy/4[voting.ballot.Web3j,voting.ballot.TransactionManager,voting.ballot.ContractGasProvider,java.util.List<byte[]>]",false,84,8,0,0,0,1,4,4,1,1,4,4,0,0,0,0,0,0,0,0,1,0,0,0,0,0,10,9,0,false
E:\OOD_Projects\ck-mvn-plugin\Blockchain-Voting-System-master\src\voting\ballot\Ballot.java,voting.ballot.Ballot,"deploy/5[voting.ballot.Web3j,voting.ballot.TransactionManager,java.math.BigInteger,java.math.BigInteger,java.util.List<byte[]>]",false,98,7,0,0,0,1,4,4,1,1,5,4,0,0,0,0,0,0,0,0,1,0,0,0,0,0,10,9,0,false
E:\OOD_Projects\ck-mvn-plugin\Blockchain-Voting-System-master\src\voting\ballot\Ballot.java,voting.ballot.Ballot,winningProposal/0,false,198,3,0,0,0,1,3,6,1,1,0,3,0,0,0,0,0,0,0,0,1,0,0,1,0,0,12,1,0,false
E:\OOD_Projects\ck-mvn-plugin\Blockchain-Voting-System-master\src\voting\ballot\Ballot.java,voting.ballot.Ballot,chairperson/0,false,104,3,0,0,0,1,3,6,1,1,0,3,0,0,0,0,0,0,0,0,1,0,0,1,0,0,11,1,0,false
E:\OOD_Projects\ck-mvn-plugin\Blockchain-Voting-System-master\src\voting\ballot\Ballot.java,voting.ballot.Ballot,"Ballot/5[java.lang.String,voting.ballot.Web3j,voting.ballot.Credentials,java.math.BigInteger,java.math.BigInteger]",true,61,2,2,2,0,1,0,3,0,0,5,0,0,0,0,0,0,0,0,0,0,0,0,0,0,0,3,4,0,false
E:\OOD_Projects\ck-mvn-plugin\Blockchain-Voting-System-master\src\voting\ballot\Ballot.java,voting.ballot.Ballot,voters/1[java.lang.String],false,173,5,2,1,1,1,2,18,1,1,1,2,0,0,0,0,0,0,0,0,1,0,0,5,0,0,17,1,0,false
E:\OOD_Projects\ck-mvn-plugin\Blockchain-Voting-System-master\src\voting\ballot\Ballot.java,voting.ballot.Ballot,"Ballot/4[java.lang.String,voting.ballot.Web3j,voting.ballot.TransactionManager,voting.ballot.ContractGasProvider]",true,74,3,0,0,0,1,0,3,0,0,4,0,0,0,0,0,0,0,0,0,0,0,0,0,0,0,4,4,0,false
E:\OOD_Projects\ck-mvn-plugin\Blockchain-Voting-System-master\src\voting\ballot\Ballot.java,voting.ballot.Ballot,"deploy/5[voting.ballot.Web3j,voting.ballot.Credentials,java.math.BigInteger,java.math.BigInteger,java.util.List<byte[]>]",false,91,7,1,1,0,1,4,4,1,1,5,4,0,0,0,0,0,0,0,0,1,0,0,0,0,0,10,9,0,false
E:\OOD_Projects\ck-mvn-plugin\Blockchain-Voting-System-master\src\voting\ballot\Ballot.java,voting.ballot.Ballot,winnerName/0,false,191,4,1,1,0,1,3,6,1,1,0,3,0,0,0,0,0,0,0,0,1,0,0,1,0,0,12,1,0,false
E:\OOD_Projects\ck-mvn-plugin\Blockchain-Voting-System-master\src\voting\ballot\Ballot.java,voting.ballot.Ballot,"Ballot/4[java.lang.String,voting.ballot.Web3j,voting.ballot.Credentials,voting.ballot.ContractGasProvider]",true,65,3,2,2,0,1,0,3,0,0,4,0,0,0,0,0,0,0,0,0,0,0,0,0,0,0,4,4,0,false
E:\OOD_Projects\ck-mvn-plugin\Blockchain-Voting-System-master\src\voting\ballot\Ballot.java,voting.ballot.Ballot,"load/4[java.lang.String,voting.ballot.Web3j,voting.ballot.TransactionManager,voting.ballot.ContractGasProvider]",false,219,4,1,0,1,1,0,3,1,0,4,0,0,0,0,0,0,0,0,0,0,0,0,0,0,0,5,9,0,false
E:\OOD_Projects\ck-mvn-plugin\Blockchain-Voting-System-master\src\voting\ballot\Ballot.java,voting.ballot.Ballot,"Ballot/5[java.lang.String,voting.ballot.Web3j,voting.ballot.TransactionManager,java.math.BigInteger,java.math.BigInteger]",true,70,2,0,0,0,1,0,3,0,0,5,0,0,0,0,0,0,0,0,0,0,0,0,0,0,0,3,4,0,false
E:\OOD_Projects\ck-mvn-plugin\Blockchain-Voting-System-master\src\voting\ballot\Ballot.java,voting.ballot.Ballot,numberProposals/0,false,142,3,1,1,0,1,3,6,1,1,0,3,0,0,0,0,0,0,0,0,1,0,0,1,0,0,12,1,0,false
E:\OOD_Projects\ck-mvn-plugin\Blockchain-Voting-System-master\src\voting\ballot\Ballot.java,voting.ballot.Ballot,close/0,false,111,4,1,1,0,1,3,4,1,1,0,3,0,0,0,0,0,0,0,0,1,0,0,0,0,0,10,1,0,false
E:\OOD_Projects\ck-mvn-plugin\Blockchain-Voting-System-master\src\voting\ballot\Ballot.java,voting.ballot.Ballot,"load/5[java.lang.String,voting.ballot.Web3j,voting.ballot.TransactionManager,java.math.BigInteger,java.math.BigInteger]",false,211,3,1,0,1,1,0,3,1,0,5,0,0,0,0,0,0,0,0,0,0,0,0,0,0,0,4,9,0,false
E:\OOD_Projects\ck-mvn-plugin\Blockchain-Voting-System-master\src\voting\ballot\Ballot.java,voting.ballot.Ballot,"load/4[java.lang.String,voting.ballot.Web3j,voting.ballot.Credentials,voting.ballot.ContractGasProvider]",false,215,4,1,0,1,1,0,3,1,0,4,0,0,0,0,0,0,0,0,0,0,0,0,0,0,0,5,9,0,false
E:\OOD_Projects\ck-mvn-plugin\Blockchain-Voting-System-master\src\voting\ballot\Ballot.java,voting.ballot.Ballot,"deploy/4[voting.ballot.Web3j,voting.ballot.Credentials,voting.ballot.ContractGasProvider,java.util.List<byte[]>]",false,78,8,0,0,0,1,4,4,1,1,4,4,0,0,0,0,0,0,0,0,1,0,0,0,0,0,10,9,0,false
E:\OOD_Projects\ck-mvn-plugin\Blockchain-Voting-System-master\src\voting\ballot\Ballot.java,voting.ballot.Ballot,proposals/1[java.math.BigInteger],false,149,5,3,2,1,1,2,14,1,1,1,2,0,0,0,0,0,0,0,0,1,0,0,3,0,0,16,1,0,false
E:\OOD_Projects\ck-mvn-plugin\Blockchain-Voting-System-master\src\voting\ballot\Ballot.java,voting.ballot.Ballot,inProgress/0,false,135,3,2,2,0,1,3,6,1,1,0,3,0,0,0,0,0,0,0,0,1,0,0,1,0,0,12,1,0,false
E:\OOD_Projects\ck-mvn-plugin\Blockchain-Voting-System-master\src\voting\ballot\Ballot.java,voting.ballot.Ballot,vote/1[java.math.BigInteger],false,165,5,1,1,0,1,3,4,1,1,1,3,0,0,0,0,0,0,0,0,1,0,0,0,0,0,13,1,0,false
E:\OOD_Projects\ck-mvn-plugin\Blockchain-Voting-System-master\src\voting\ballot\Ballot.java,voting.ballot.Ballot,"load/5[java.lang.String,voting.ballot.Web3j,voting.ballot.Credentials,java.math.BigInteger,java.math.BigInteger]",false,206,3,3,2,1,1,0,3,1,0,5,0,0,0,0,0,0,0,0,0,0,0,0,0,0,0,4,9,0,false
E:\OOD_Projects\ck-mvn-plugin\Blockchain-Voting-System-master\src\voting\ballot\Ballot.java,voting.ballot.Ballot,giveRightToVote/1[java.lang.String],false,127,5,1,1,0,1,3,4,1,1,1,3,0,0,0,0,0,0,0,0,1,0,0,0,0,0,14,1,0,false
E:\OOD_Projects\ck-mvn-plugin\Blockchain-Voting-System-master\src\voting\ballot\Ballot.java,voting.ballot.Ballot,delegate/1[java.lang.String],false,119,5,1,1,0,1,3,4,1,1,1,3,0,0,0,0,0,0,0,0,1,0,0,0,0,0,11,1,0,false
E:\OOD_Projects\ck-mvn-plugin\Blockchain-Voting-System-master\src\voting\voter\Delegator.java,voting.voter.Delegator$Anonymous2,actionPerformed/1[java.awt.event.ActionEvent],false,83,1,14,0,14,1,1,3,0,0,1,1,0,0,0,0,0,0,0,0,0,0,0,0,0,0,6,1,0,false
