file,class,method,variable,usage
E:\OOD_Projects\ck-mvn-plugin\Blockchain-Voting-System-master\src\voting\voter\VoteHelper.java,voting.voter.VoteHelper$Anonymous1,actionPerformed/1[java.awt.event.ActionEvent],evt,1
E:\OOD_Projects\ck-mvn-plugin\Blockchain-Voting-System-master\src\voting\system\ChairmanPanel.java,voting.system.ChairmanPanel$Anonymous1,actionPerformed/1[java.awt.event.ActionEvent],evt,1
E:\OOD_Projects\ck-mvn-plugin\Blockchain-Voting-System-master\src\voting\voter\VoteHelper.java,voting.voter.VoteHelper$Anonymous2,actionPerformed/1[java.awt.event.ActionEvent],evt,1
E:\OOD_Projects\ck-mvn-plugin\Blockchain-Voting-System-master\src\voting\system\ChairmanPanel.java,voting.system.ChairmanPanel$Anonymous2,actionPerformed/1[java.awt.event.ActionEvent],evt,1
E:\OOD_Projects\ck-mvn-plugin\Blockchain-Voting-System-master\src\voting\voter\VoteHelper.java,voting.voter.VoteHelper$Anonymous3,run/0,ex,1
E:\OOD_Projects\ck-mvn-plugin\Blockchain-Voting-System-master\src\voting\system\AuthorizeVoter.java,voting.system.AuthorizeVoter,btnCancelActionPerformed/1[java.awt.event.ActionEvent],evt,0
E:\OOD_Projects\ck-mvn-plugin\Blockchain-Voting-System-master\src\voting\system\AuthorizeVoter.java,voting.system.AuthorizeVoter,AuthorizeVoter/1[voting.ballot.Ballot],ballot,2
E:\OOD_Projects\ck-mvn-plugin\Blockchain-Voting-System-master\src\voting\system\AuthorizeVoter.java,voting.system.AuthorizeVoter,initComponents/0,layout,14
E:\OOD_Projects\ck-mvn-plugin\Blockchain-Voting-System-master\src\voting\system\AuthorizeVoter.java,voting.system.AuthorizeVoter,btnAddActionPerformed/1[java.awt.event.ActionEvent],evt,0
E:\OOD_Projects\ck-mvn-plugin\Blockchain-Voting-System-master\src\voting\system\AuthorizeVoter.java,voting.system.AuthorizeVoter,btnAddActionPerformed/1[java.awt.event.ActionEvent],ex,1
E:\OOD_Projects\ck-mvn-plugin\Blockchain-Voting-System-master\src\voting\system\AuthorizeVoter.java,voting.system.AuthorizeVoter,main/1[voting.ballot.Ballot],ballot,0
E:\OOD_Projects\ck-mvn-plugin\Blockchain-Voting-System-master\src\voting\system\AuthorizeVoter.java,voting.system.AuthorizeVoter,main/1[voting.ballot.Ballot],ex,7
E:\OOD_Projects\ck-mvn-plugin\Blockchain-Voting-System-master\src\voting\system\AuthorizeVoter.java,voting.system.AuthorizeVoter$Anonymous1,actionPerformed/1[java.awt.event.ActionEvent],evt,1
E:\OOD_Projects\ck-mvn-plugin\Blockchain-Voting-System-master\src\voting\system\ManageElection.java,voting.system.ManageElection,initComponents/0,layout,12
E:\OOD_Projects\ck-mvn-plugin\Blockchain-Voting-System-master\src\voting\system\ManageElection.java,voting.system.ManageElection,btnAddVoterActionPerformed/1[java.awt.event.ActionEvent],evt,0
E:\OOD_Projects\ck-mvn-plugin\Blockchain-Voting-System-master\src\voting\system\ManageElection.java,voting.system.ManageElection,"ManageElection/2[voting.ballot.Ballot,int]",ballot,3
E:\OOD_Projects\ck-mvn-plugin\Blockchain-Voting-System-master\src\voting\system\ManageElection.java,voting.system.ManageElection,"ManageElection/2[voting.ballot.Ballot,int]",n,1
E:\OOD_Projects\ck-mvn-plugin\Blockchain-Voting-System-master\src\voting\system\ManageElection.java,voting.system.ManageElection,btnDoneActionPerformed/1[java.awt.event.ActionEvent],a,2
E:\OOD_Projects\ck-mvn-plugin\Blockchain-Voting-System-master\src\voting\system\ManageElection.java,voting.system.ManageElection,btnDoneActionPerformed/1[java.awt.event.ActionEvent],evt,0
E:\OOD_Projects\ck-mvn-plugin\Blockchain-Voting-System-master\src\voting\system\ManageElection.java,voting.system.ManageElection,btnDoneActionPerformed/1[java.awt.event.ActionEvent],winner,1
E:\OOD_Projects\ck-mvn-plugin\Blockchain-Voting-System-master\src\voting\system\ManageElection.java,voting.system.ManageElection,btnDoneActionPerformed/1[java.awt.event.ActionEvent],ex,1
E:\OOD_Projects\ck-mvn-plugin\Blockchain-Voting-System-master\src\voting\system\ManageElection.java,voting.system.ManageElection,btnDoneActionPerformed/1[java.awt.event.ActionEvent],i,3
E:\OOD_Projects\ck-mvn-plugin\Blockchain-Voting-System-master\src\voting\system\ManageElection.java,voting.system.ManageElection,btnDoneActionPerformed/1[java.awt.event.ActionEvent],map,2
E:\OOD_Projects\ck-mvn-plugin\Blockchain-Voting-System-master\src\voting\system\ManageElection.java,voting.system.ManageElection,"main/2[voting.ballot.Ballot,int]",ballot,1
E:\OOD_Projects\ck-mvn-plugin\Blockchain-Voting-System-master\src\voting\system\ManageElection.java,voting.system.ManageElection,"main/2[voting.ballot.Ballot,int]",ex,7
E:\OOD_Projects\ck-mvn-plugin\Blockchain-Voting-System-master\src\voting\system\ManageElection.java,voting.system.ManageElection,"main/2[voting.ballot.Ballot,int]",n,1
E:\OOD_Projects\ck-mvn-plugin\Blockchain-Voting-System-master\src\voting\system\AuthorizeVoter.java,voting.system.AuthorizeVoter$Anonymous2,actionPerformed/1[java.awt.event.ActionEvent],evt,1
E:\OOD_Projects\ck-mvn-plugin\Blockchain-Voting-System-master\src\voting\system\ManageElection.java,voting.system.ManageElection$Anonymous1,actionPerformed/1[java.awt.event.ActionEvent],evt,1
E:\OOD_Projects\ck-mvn-plugin\Blockchain-Voting-System-master\src\voting\system\ManageElection.java,voting.system.ManageElection$Anonymous2,actionPerformed/1[java.awt.event.ActionEvent],evt,1
E:\OOD_Projects\ck-mvn-plugin\Blockchain-Voting-System-master\src\voting\voter\VoteHelper.java,voting.voter.VoteHelper,VoteHelper/1[voting.ballot.Ballot],ballot,3
E:\OOD_Projects\ck-mvn-plugin\Blockchain-Voting-System-master\src\voting\voter\VoteHelper.java,voting.voter.VoteHelper,main/1[voting.ballot.Ballot],ballot,0
E:\OOD_Projects\ck-mvn-plugin\Blockchain-Voting-System-master\src\voting\voter\VoteHelper.java,voting.voter.VoteHelper,main/1[voting.ballot.Ballot],ex,7
E:\OOD_Projects\ck-mvn-plugin\Blockchain-Voting-System-master\src\voting\voter\VoteHelper.java,voting.voter.VoteHelper,btnCancelActionPerformed/1[java.awt.event.ActionEvent],evt,0
E:\OOD_Projects\ck-mvn-plugin\Blockchain-Voting-System-master\src\voting\voter\VoteHelper.java,voting.voter.VoteHelper,btnVoteActionPerformed/1[java.awt.event.ActionEvent],evt,0
E:\OOD_Projects\ck-mvn-plugin\Blockchain-Voting-System-master\src\voting\voter\VoteHelper.java,voting.voter.VoteHelper,btnVoteActionPerformed/1[java.awt.event.ActionEvent],ex,1
E:\OOD_Projects\ck-mvn-plugin\Blockchain-Voting-System-master\src\voting\voter\VoteHelper.java,voting.voter.VoteHelper,btnVoteActionPerformed/1[java.awt.event.ActionEvent],tr,2
E:\OOD_Projects\ck-mvn-plugin\Blockchain-Voting-System-master\src\voting\voter\VoteHelper.java,voting.voter.VoteHelper,btnVoteActionPerformed/1[java.awt.event.ActionEvent],option,1
E:\OOD_Projects\ck-mvn-plugin\Blockchain-Voting-System-master\src\voting\voter\VoteHelper.java,voting.voter.VoteHelper,loadCandidates/1[voting.ballot.Ballot],ballot,2
E:\OOD_Projects\ck-mvn-plugin\Blockchain-Voting-System-master\src\voting\voter\VoteHelper.java,voting.voter.VoteHelper,loadCandidates/1[voting.ballot.Ballot],candidates,2
E:\OOD_Projects\ck-mvn-plugin\Blockchain-Voting-System-master\src\voting\voter\VoteHelper.java,voting.voter.VoteHelper,loadCandidates/1[voting.ballot.Ballot],candidate,2
E:\OOD_Projects\ck-mvn-plugin\Blockchain-Voting-System-master\src\voting\voter\VoteHelper.java,voting.voter.VoteHelper,loadCandidates/1[voting.ballot.Ballot],numberProposals,2
E:\OOD_Projects\ck-mvn-plugin\Blockchain-Voting-System-master\src\voting\voter\VoteHelper.java,voting.voter.VoteHelper,loadCandidates/1[voting.ballot.Ballot],ex,1
E:\OOD_Projects\ck-mvn-plugin\Blockchain-Voting-System-master\src\voting\voter\VoteHelper.java,voting.voter.VoteHelper,loadCandidates/1[voting.ballot.Ballot],count,2
E:\OOD_Projects\ck-mvn-plugin\Blockchain-Voting-System-master\src\voting\voter\VoteHelper.java,voting.voter.VoteHelper,initComponents/0,layout,13
E:\OOD_Projects\ck-mvn-plugin\Blockchain-Voting-System-master\src\voting\system\ViewResults.java,voting.system.ViewResults,"main/2[java.lang.String,java.util.HashMap<java.lang.String,java.lang.Integer>]",ex,7
E:\OOD_Projects\ck-mvn-plugin\Blockchain-Voting-System-master\src\voting\system\ViewResults.java,voting.system.ViewResults,"main/2[java.lang.String,java.util.HashMap<java.lang.String,java.lang.Integer>]",name,1
E:\OOD_Projects\ck-mvn-plugin\Blockchain-Voting-System-master\src\voting\system\ViewResults.java,voting.system.ViewResults,"main/2[java.lang.String,java.util.HashMap<java.lang.String,java.lang.Integer>]",map,1
E:\OOD_Projects\ck-mvn-plugin\Blockchain-Voting-System-master\src\voting\system\ViewResults.java,voting.system.ViewResults,jButton1ActionPerformed/1[java.awt.event.ActionEvent],evt,0
E:\OOD_Projects\ck-mvn-plugin\Blockchain-Voting-System-master\src\voting\system\ViewResults.java,voting.system.ViewResults,"ViewResults/2[java.lang.String,java.util.HashMap<java.lang.String,java.lang.Integer>]",result,3
E:\OOD_Projects\ck-mvn-plugin\Blockchain-Voting-System-master\src\voting\system\ViewResults.java,voting.system.ViewResults,"ViewResults/2[java.lang.String,java.util.HashMap<java.lang.String,java.lang.Integer>]",entry,2
E:\OOD_Projects\ck-mvn-plugin\Blockchain-Voting-System-master\src\voting\system\ViewResults.java,voting.system.ViewResults,"ViewResults/2[java.lang.String,java.util.HashMap<java.lang.String,java.lang.Integer>]",name,1
E:\OOD_Projects\ck-mvn-plugin\Blockchain-Voting-System-master\src\voting\system\ViewResults.java,voting.system.ViewResults,"ViewResults/2[java.lang.String,java.util.HashMap<java.lang.String,java.lang.Integer>]",map,3
E:\OOD_Projects\ck-mvn-plugin\Blockchain-Voting-System-master\src\voting\system\ViewResults.java,voting.system.ViewResults,"ViewResults/2[java.lang.String,java.util.HashMap<java.lang.String,java.lang.Integer>]",value,1
E:\OOD_Projects\ck-mvn-plugin\Blockchain-Voting-System-master\src\voting\system\ViewResults.java,voting.system.ViewResults,"ViewResults/2[java.lang.String,java.util.HashMap<java.lang.String,java.lang.Integer>]",key,1
E:\OOD_Projects\ck-mvn-plugin\Blockchain-Voting-System-master\src\voting\system\ViewResults.java,voting.system.ViewResults,initComponents/0,layout,10
E:\OOD_Projects\ck-mvn-plugin\Blockchain-Voting-System-master\src\voting\system\ChairmanPanel.java,voting.system.ChairmanPanel,initComponents/0,layout,17
E:\OOD_Projects\ck-mvn-plugin\Blockchain-Voting-System-master\src\voting\system\ChairmanPanel.java,voting.system.ChairmanPanel,deploy/0,ballot,2
E:\OOD_Projects\ck-mvn-plugin\Blockchain-Voting-System-master\src\voting\system\ChairmanPanel.java,voting.system.ChairmanPanel,deploy/0,ex,1
E:\OOD_Projects\ck-mvn-plugin\Blockchain-Voting-System-master\src\voting\system\ChairmanPanel.java,voting.system.ChairmanPanel,deploy/0,credentials,1
E:\OOD_Projects\ck-mvn-plugin\Blockchain-Voting-System-master\src\voting\system\ChairmanPanel.java,voting.system.ChairmanPanel,deploy/0,web3j,1
E:\OOD_Projects\ck-mvn-plugin\Blockchain-Voting-System-master\src\voting\system\ChairmanPanel.java,voting.system.ChairmanPanel,deploy/0,candidateList,2
E:\OOD_Projects\ck-mvn-plugin\Blockchain-Voting-System-master\src\voting\system\ChairmanPanel.java,voting.system.ChairmanPanel,btnDeployActionPerformed/1[java.awt.event.ActionEvent],evt,0
E:\OOD_Projects\ck-mvn-plugin\Blockchain-Voting-System-master\src\voting\system\ChairmanPanel.java,voting.system.ChairmanPanel,btnCancelActionPerformed/1[java.awt.event.ActionEvent],evt,0
E:\OOD_Projects\ck-mvn-plugin\Blockchain-Voting-System-master\src\voting\system\ChairmanPanel.java,voting.system.ChairmanPanel,stringToBytes32/1[java.lang.String],byteValueLen32,3
E:\OOD_Projects\ck-mvn-plugin\Blockchain-Voting-System-master\src\voting\system\ChairmanPanel.java,voting.system.ChairmanPanel,stringToBytes32/1[java.lang.String],string,1
E:\OOD_Projects\ck-mvn-plugin\Blockchain-Voting-System-master\src\voting\system\ChairmanPanel.java,voting.system.ChairmanPanel,stringToBytes32/1[java.lang.String],byteValue,2
E:\OOD_Projects\ck-mvn-plugin\Blockchain-Voting-System-master\src\voting\system\ChairmanPanel.java,voting.system.ChairmanPanel,main/1[java.lang.String[]],args,0
E:\OOD_Projects\ck-mvn-plugin\Blockchain-Voting-System-master\src\voting\system\ChairmanPanel.java,voting.system.ChairmanPanel,main/1[java.lang.String[]],ex,7
E:\OOD_Projects\ck-mvn-plugin\Blockchain-Voting-System-master\src\voting\system\ChairmanPanel.java,voting.system.ChairmanPanel,"deployContract/2[voting.system.Web3j,voting.system.Credentials]",credentials,1
E:\OOD_Projects\ck-mvn-plugin\Blockchain-Voting-System-master\src\voting\system\ChairmanPanel.java,voting.system.ChairmanPanel,"deployContract/2[voting.system.Web3j,voting.system.Credentials]",web3j,1
E:\OOD_Projects\ck-mvn-plugin\Blockchain-Voting-System-master\src\voting\voter\Vote.java,voting.voter.Vote$Anonymous1,actionPerformed/1[java.awt.event.ActionEvent],evt,1
E:\OOD_Projects\ck-mvn-plugin\Blockchain-Voting-System-master\src\voting\ballot\Ballot.java,voting.ballot.Ballot$Anonymous6,call/0,results,2
E:\OOD_Projects\ck-mvn-plugin\Blockchain-Voting-System-master\src\voting\ballot\Ballot.java,voting.ballot.Ballot$Anonymous11,call/0,results,4
E:\OOD_Projects\ck-mvn-plugin\Blockchain-Voting-System-master\src\voting\voter\Vote.java,voting.voter.Vote$Anonymous3,actionPerformed/1[java.awt.event.ActionEvent],evt,1
E:\OOD_Projects\ck-mvn-plugin\Blockchain-Voting-System-master\src\voting\voter\Vote.java,voting.voter.Vote$Anonymous2,actionPerformed/1[java.awt.event.ActionEvent],evt,1
E:\OOD_Projects\ck-mvn-plugin\Blockchain-Voting-System-master\src\voting\system\ViewResults.java,voting.system.ViewResults$Anonymous1,actionPerformed/1[java.awt.event.ActionEvent],evt,1
E:\OOD_Projects\ck-mvn-plugin\Blockchain-Voting-System-master\src\voting\voter\Delegator.java,voting.voter.Delegator,btnDelegateActionPerformed/1[java.awt.event.ActionEvent],evt,0
E:\OOD_Projects\ck-mvn-plugin\Blockchain-Voting-System-master\src\voting\voter\Delegator.java,voting.voter.Delegator,btnDelegateActionPerformed/1[java.awt.event.ActionEvent],ex,1
E:\OOD_Projects\ck-mvn-plugin\Blockchain-Voting-System-master\src\voting\voter\Delegator.java,voting.voter.Delegator,btnDelegateActionPerformed/1[java.awt.event.ActionEvent],tr,2
E:\OOD_Projects\ck-mvn-plugin\Blockchain-Voting-System-master\src\voting\voter\Delegator.java,voting.voter.Delegator,Delegator/1[voting.ballot.Ballot],ballot,2
E:\OOD_Projects\ck-mvn-plugin\Blockchain-Voting-System-master\src\voting\voter\Delegator.java,voting.voter.Delegator,main/1[voting.ballot.Ballot],ballot,1
E:\OOD_Projects\ck-mvn-plugin\Blockchain-Voting-System-master\src\voting\voter\Delegator.java,voting.voter.Delegator,main/1[voting.ballot.Ballot],ex,1
E:\OOD_Projects\ck-mvn-plugin\Blockchain-Voting-System-master\src\voting\voter\Delegator.java,voting.voter.Delegator,initComponents/0,layout,11
E:\OOD_Projects\ck-mvn-plugin\Blockchain-Voting-System-master\src\voting\voter\Delegator.java,voting.voter.Delegator,btnCancelActionPerformed/1[java.awt.event.ActionEvent],evt,0
E:\OOD_Projects\ck-mvn-plugin\Blockchain-Voting-System-master\src\voting\voter\Delegator.java,voting.voter.Delegator$Anonymous1,actionPerformed/1[java.awt.event.ActionEvent],evt,1
E:\OOD_Projects\ck-mvn-plugin\Blockchain-Voting-System-master\src\voting\voter\Vote.java,voting.voter.Vote,checkVoted/1[java.lang.String],ex,1
E:\OOD_Projects\ck-mvn-plugin\Blockchain-Voting-System-master\src\voting\voter\Vote.java,voting.voter.Vote,checkVoted/1[java.lang.String],addr,1
E:\OOD_Projects\ck-mvn-plugin\Blockchain-Voting-System-master\src\voting\voter\Vote.java,voting.voter.Vote,btnCancelActionPerformed/1[java.awt.event.ActionEvent],evt,0
E:\OOD_Projects\ck-mvn-plugin\Blockchain-Voting-System-master\src\voting\voter\Vote.java,voting.voter.Vote,btnVoteActionPerformed/1[java.awt.event.ActionEvent],evt,0
E:\OOD_Projects\ck-mvn-plugin\Blockchain-Voting-System-master\src\voting\voter\Vote.java,voting.voter.Vote,btnVoteActionPerformed/1[java.awt.event.ActionEvent],address,1
E:\OOD_Projects\ck-mvn-plugin\Blockchain-Voting-System-master\src\voting\voter\Vote.java,voting.voter.Vote,btnVoteActionPerformed/1[java.awt.event.ActionEvent],ex,1
E:\OOD_Projects\ck-mvn-plugin\Blockchain-Voting-System-master\src\voting\voter\Vote.java,voting.voter.Vote,btnVoteActionPerformed/1[java.awt.event.ActionEvent],credentials,2
E:\OOD_Projects\ck-mvn-plugin\Blockchain-Voting-System-master\src\voting\voter\Vote.java,voting.voter.Vote,btnVoteActionPerformed/1[java.awt.event.ActionEvent],web3j,1
E:\OOD_Projects\ck-mvn-plugin\Blockchain-Voting-System-master\src\voting\voter\Vote.java,voting.voter.Vote,btnVoteActionPerformed/1[java.awt.event.ActionEvent],key,1
E:\OOD_Projects\ck-mvn-plugin\Blockchain-Voting-System-master\src\voting\voter\Vote.java,voting.voter.Vote,main/1[java.lang.String[]],args,0
E:\OOD_Projects\ck-mvn-plugin\Blockchain-Voting-System-master\src\voting\voter\Vote.java,voting.voter.Vote,main/1[java.lang.String[]],ex,7
E:\OOD_Projects\ck-mvn-plugin\Blockchain-Voting-System-master\src\voting\voter\Vote.java,voting.voter.Vote,initComponents/0,layout,17
E:\OOD_Projects\ck-mvn-plugin\Blockchain-Voting-System-master\src\voting\voter\Vote.java,voting.voter.Vote,btnDelegateActionPerformed/1[java.awt.event.ActionEvent],evt,0
E:\OOD_Projects\ck-mvn-plugin\Blockchain-Voting-System-master\src\voting\voter\Vote.java,voting.voter.Vote,btnDelegateActionPerformed/1[java.awt.event.ActionEvent],address,1
E:\OOD_Projects\ck-mvn-plugin\Blockchain-Voting-System-master\src\voting\voter\Vote.java,voting.voter.Vote,btnDelegateActionPerformed/1[java.awt.event.ActionEvent],ex,1
E:\OOD_Projects\ck-mvn-plugin\Blockchain-Voting-System-master\src\voting\voter\Vote.java,voting.voter.Vote,btnDelegateActionPerformed/1[java.awt.event.ActionEvent],credentials,2
E:\OOD_Projects\ck-mvn-plugin\Blockchain-Voting-System-master\src\voting\voter\Vote.java,voting.voter.Vote,btnDelegateActionPerformed/1[java.awt.event.ActionEvent],web3j,1
E:\OOD_Projects\ck-mvn-plugin\Blockchain-Voting-System-master\src\voting\voter\Vote.java,voting.voter.Vote,btnDelegateActionPerformed/1[java.awt.event.ActionEvent],key,1
E:\OOD_Projects\ck-mvn-plugin\Blockchain-Voting-System-master\src\voting\ballot\Ballot.java,voting.ballot.Ballot,"deploy/4[voting.ballot.Web3j,voting.ballot.TransactionManager,voting.ballot.ContractGasProvider,java.util.List<byte[]>]",encodedConstructor,1
E:\OOD_Projects\ck-mvn-plugin\Blockchain-Voting-System-master\src\voting\ballot\Ballot.java,voting.ballot.Ballot,"deploy/4[voting.ballot.Web3j,voting.ballot.TransactionManager,voting.ballot.ContractGasProvider,java.util.List<byte[]>]",web3j,5
E:\OOD_Projects\ck-mvn-plugin\Blockchain-Voting-System-master\src\voting\ballot\Ballot.java,voting.ballot.Ballot,"deploy/4[voting.ballot.Web3j,voting.ballot.TransactionManager,voting.ballot.ContractGasProvider,java.util.List<byte[]>]",contractGasProvider,1
E:\OOD_Projects\ck-mvn-plugin\Blockchain-Voting-System-master\src\voting\ballot\Ballot.java,voting.ballot.Ballot,"deploy/4[voting.ballot.Web3j,voting.ballot.TransactionManager,voting.ballot.ContractGasProvider,java.util.List<byte[]>]",transactionManager,1
E:\OOD_Projects\ck-mvn-plugin\Blockchain-Voting-System-master\src\voting\ballot\Ballot.java,voting.ballot.Ballot,"deploy/4[voting.ballot.Web3j,voting.ballot.TransactionManager,voting.ballot.ContractGasProvider,java.util.List<byte[]>]",proposalNames,1
E:\OOD_Projects\ck-mvn-plugin\Blockchain-Voting-System-master\src\voting\ballot\Ballot.java,voting.ballot.Ballot,"deploy/5[voting.ballot.Web3j,voting.ballot.TransactionManager,java.math.BigInteger,java.math.BigInteger,java.util.List<byte[]>]",encodedConstructor,1
E:\OOD_Projects\ck-mvn-plugin\Blockchain-Voting-System-master\src\voting\ballot\Ballot.java,voting.ballot.Ballot,"deploy/5[voting.ballot.Web3j,voting.ballot.TransactionManager,java.math.BigInteger,java.math.BigInteger,java.util.List<byte[]>]",gasLimit,1
E:\OOD_Projects\ck-mvn-plugin\Blockchain-Voting-System-master\src\voting\ballot\Ballot.java,voting.ballot.Ballot,"deploy/5[voting.ballot.Web3j,voting.ballot.TransactionManager,java.math.BigInteger,java.math.BigInteger,java.util.List<byte[]>]",web3j,5
E:\OOD_Projects\ck-mvn-plugin\Blockchain-Voting-System-master\src\voting\ballot\Ballot.java,voting.ballot.Ballot,"deploy/5[voting.ballot.Web3j,voting.ballot.TransactionManager,java.math.BigInteger,java.math.BigInteger,java.util.List<byte[]>]",transactionManager,1
E:\OOD_Projects\ck-mvn-plugin\Blockchain-Voting-System-master\src\voting\ballot\Ballot.java,voting.ballot.Ballot,"deploy/5[voting.ballot.Web3j,voting.ballot.TransactionManager,java.math.BigInteger,java.math.BigInteger,java.util.List<byte[]>]",proposalNames,1
E:\OOD_Projects\ck-mvn-plugin\Blockchain-Voting-System-master\src\voting\ballot\Ballot.java,voting.ballot.Ballot,"deploy/5[voting.ballot.Web3j,voting.ballot.TransactionManager,java.math.BigInteger,java.math.BigInteger,java.util.List<byte[]>]",gasPrice,1
E:\OOD_Projects\ck-mvn-plugin\Blockchain-Voting-System-master\src\voting\ballot\Ballot.java,voting.ballot.Ballot,winningProposal/0,function,1
E:\OOD_Projects\ck-mvn-plugin\Blockchain-Voting-System-master\src\voting\ballot\Ballot.java,voting.ballot.Ballot,chairperson/0,function,1
E:\OOD_Projects\ck-mvn-plugin\Blockchain-Voting-System-master\src\voting\ballot\Ballot.java,voting.ballot.Ballot,"Ballot/5[java.lang.String,voting.ballot.Web3j,voting.ballot.Credentials,java.math.BigInteger,java.math.BigInteger]",gasLimit,1
E:\OOD_Projects\ck-mvn-plugin\Blockchain-Voting-System-master\src\voting\ballot\Ballot.java,voting.ballot.Ballot,"Ballot/5[java.lang.String,voting.ballot.Web3j,voting.ballot.Credentials,java.math.BigInteger,java.math.BigInteger]",credentials,1
E:\OOD_Projects\ck-mvn-plugin\Blockchain-Voting-System-master\src\voting\ballot\Ballot.java,voting.ballot.Ballot,"Ballot/5[java.lang.String,voting.ballot.Web3j,voting.ballot.Credentials,java.math.BigInteger,java.math.BigInteger]",web3j,1
E:\OOD_Projects\ck-mvn-plugin\Blockchain-Voting-System-master\src\voting\ballot\Ballot.java,voting.ballot.Ballot,"Ballot/5[java.lang.String,voting.ballot.Web3j,voting.ballot.Credentials,java.math.BigInteger,java.math.BigInteger]",contractAddress,1
E:\OOD_Projects\ck-mvn-plugin\Blockchain-Voting-System-master\src\voting\ballot\Ballot.java,voting.ballot.Ballot,"Ballot/5[java.lang.String,voting.ballot.Web3j,voting.ballot.Credentials,java.math.BigInteger,java.math.BigInteger]",gasPrice,1
E:\OOD_Projects\ck-mvn-plugin\Blockchain-Voting-System-master\src\voting\ballot\Ballot.java,voting.ballot.Ballot,voters/1[java.lang.String],function,0
E:\OOD_Projects\ck-mvn-plugin\Blockchain-Voting-System-master\src\voting\ballot\Ballot.java,voting.ballot.Ballot,voters/1[java.lang.String],param0,1
E:\OOD_Projects\ck-mvn-plugin\Blockchain-Voting-System-master\src\voting\ballot\Ballot.java,voting.ballot.Ballot,"Ballot/4[java.lang.String,voting.ballot.Web3j,voting.ballot.TransactionManager,voting.ballot.ContractGasProvider]",web3j,1
E:\OOD_Projects\ck-mvn-plugin\Blockchain-Voting-System-master\src\voting\ballot\Ballot.java,voting.ballot.Ballot,"Ballot/4[java.lang.String,voting.ballot.Web3j,voting.ballot.TransactionManager,voting.ballot.ContractGasProvider]",contractAddress,1
E:\OOD_Projects\ck-mvn-plugin\Blockchain-Voting-System-master\src\voting\ballot\Ballot.java,voting.ballot.Ballot,"Ballot/4[java.lang.String,voting.ballot.Web3j,voting.ballot.TransactionManager,voting.ballot.ContractGasProvider]",contractGasProvider,1
E:\OOD_Projects\ck-mvn-plugin\Blockchain-Voting-System-master\src\voting\ballot\Ballot.java,voting.ballot.Ballot,"Ballot/4[java.lang.String,voting.ballot.Web3j,voting.ballot.TransactionManager,voting.ballot.ContractGasProvider]",transactionManager,1
E:\OOD_Projects\ck-mvn-plugin\Blockchain-Voting-System-master\src\voting\ballot\Ballot.java,voting.ballot.Ballot,"deploy/5[voting.ballot.Web3j,voting.ballot.Credentials,java.math.BigInteger,java.math.BigInteger,java.util.List<byte[]>]",encodedConstructor,1
E:\OOD_Projects\ck-mvn-plugin\Blockchain-Voting-System-master\src\voting\ballot\Ballot.java,voting.ballot.Ballot,"deploy/5[voting.ballot.Web3j,voting.ballot.Credentials,java.math.BigInteger,java.math.BigInteger,java.util.List<byte[]>]",gasLimit,1
E:\OOD_Projects\ck-mvn-plugin\Blockchain-Voting-System-master\src\voting\ballot\Ballot.java,voting.ballot.Ballot,"deploy/5[voting.ballot.Web3j,voting.ballot.Credentials,java.math.BigInteger,java.math.BigInteger,java.util.List<byte[]>]",credentials,1
E:\OOD_Projects\ck-mvn-plugin\Blockchain-Voting-System-master\src\voting\ballot\Ballot.java,voting.ballot.Ballot,"deploy/5[voting.ballot.Web3j,voting.ballot.Credentials,java.math.BigInteger,java.math.BigInteger,java.util.List<byte[]>]",web3j,5
E:\OOD_Projects\ck-mvn-plugin\Blockchain-Voting-System-master\src\voting\ballot\Ballot.java,voting.ballot.Ballot,"deploy/5[voting.ballot.Web3j,voting.ballot.Credentials,java.math.BigInteger,java.math.BigInteger,java.util.List<byte[]>]",proposalNames,1
E:\OOD_Projects\ck-mvn-plugin\Blockchain-Voting-System-master\src\voting\ballot\Ballot.java,voting.ballot.Ballot,"deploy/5[voting.ballot.Web3j,voting.ballot.Credentials,java.math.BigInteger,java.math.BigInteger,java.util.List<byte[]>]",gasPrice,1
E:\OOD_Projects\ck-mvn-plugin\Blockchain-Voting-System-master\src\voting\ballot\Ballot.java,voting.ballot.Ballot,winnerName/0,function,1
E:\OOD_Projects\ck-mvn-plugin\Blockchain-Voting-System-master\src\voting\ballot\Ballot.java,voting.ballot.Ballot,"Ballot/4[java.lang.String,voting.ballot.Web3j,voting.ballot.Credentials,voting.ballot.ContractGasProvider]",credentials,1
E:\OOD_Projects\ck-mvn-plugin\Blockchain-Voting-System-master\src\voting\ballot\Ballot.java,voting.ballot.Ballot,"Ballot/4[java.lang.String,voting.ballot.Web3j,voting.ballot.Credentials,voting.ballot.ContractGasProvider]",web3j,1
E:\OOD_Projects\ck-mvn-plugin\Blockchain-Voting-System-master\src\voting\ballot\Ballot.java,voting.ballot.Ballot,"Ballot/4[java.lang.String,voting.ballot.Web3j,voting.ballot.Credentials,voting.ballot.ContractGasProvider]",contractAddress,1
E:\OOD_Projects\ck-mvn-plugin\Blockchain-Voting-System-master\src\voting\ballot\Ballot.java,voting.ballot.Ballot,"Ballot/4[java.lang.String,voting.ballot.Web3j,voting.ballot.Credentials,voting.ballot.ContractGasProvider]",contractGasProvider,1
E:\OOD_Projects\ck-mvn-plugin\Blockchain-Voting-System-master\src\voting\ballot\Ballot.java,voting.ballot.Ballot,"load/4[java.lang.String,voting.ballot.Web3j,voting.ballot.TransactionManager,voting.ballot.ContractGasProvider]",web3j,1
E:\OOD_Projects\ck-mvn-plugin\Blockchain-Voting-System-master\src\voting\ballot\Ballot.java,voting.ballot.Ballot,"load/4[java.lang.String,voting.ballot.Web3j,voting.ballot.TransactionManager,voting.ballot.ContractGasProvider]",contractAddress,1
E:\OOD_Projects\ck-mvn-plugin\Blockchain-Voting-System-master\src\voting\ballot\Ballot.java,voting.ballot.Ballot,"load/4[java.lang.String,voting.ballot.Web3j,voting.ballot.TransactionManager,voting.ballot.ContractGasProvider]",contractGasProvider,1
E:\OOD_Projects\ck-mvn-plugin\Blockchain-Voting-System-master\src\voting\ballot\Ballot.java,voting.ballot.Ballot,"load/4[java.lang.String,voting.ballot.Web3j,voting.ballot.TransactionManager,voting.ballot.ContractGasProvider]",transactionManager,1
E:\OOD_Projects\ck-mvn-plugin\Blockchain-Voting-System-master\src\voting\ballot\Ballot.java,voting.ballot.Ballot,"Ballot/5[java.lang.String,voting.ballot.Web3j,voting.ballot.TransactionManager,java.math.BigInteger,java.math.BigInteger]",gasLimit,1
E:\OOD_Projects\ck-mvn-plugin\Blockchain-Voting-System-master\src\voting\ballot\Ballot.java,voting.ballot.Ballot,"Ballot/5[java.lang.String,voting.ballot.Web3j,voting.ballot.TransactionManager,java.math.BigInteger,java.math.BigInteger]",web3j,1
E:\OOD_Projects\ck-mvn-plugin\Blockchain-Voting-System-master\src\voting\ballot\Ballot.java,voting.ballot.Ballot,"Ballot/5[java.lang.String,voting.ballot.Web3j,voting.ballot.TransactionManager,java.math.BigInteger,java.math.BigInteger]",contractAddress,1
E:\OOD_Projects\ck-mvn-plugin\Blockchain-Voting-System-master\src\voting\ballot\Ballot.java,voting.ballot.Ballot,"Ballot/5[java.lang.String,voting.ballot.Web3j,voting.ballot.TransactionManager,java.math.BigInteger,java.math.BigInteger]",transactionManager,1
E:\OOD_Projects\ck-mvn-plugin\Blockchain-Voting-System-master\src\voting\ballot\Ballot.java,voting.ballot.Ballot,"Ballot/5[java.lang.String,voting.ballot.Web3j,voting.ballot.TransactionManager,java.math.BigInteger,java.math.BigInteger]",gasPrice,1
E:\OOD_Projects\ck-mvn-plugin\Blockchain-Voting-System-master\src\voting\ballot\Ballot.java,voting.ballot.Ballot,numberProposals/0,function,1
E:\OOD_Projects\ck-mvn-plugin\Blockchain-Voting-System-master\src\voting\ballot\Ballot.java,voting.ballot.Ballot,close/0,function,1
E:\OOD_Projects\ck-mvn-plugin\Blockchain-Voting-System-master\src\voting\ballot\Ballot.java,voting.ballot.Ballot,"load/5[java.lang.String,voting.ballot.Web3j,voting.ballot.TransactionManager,java.math.BigInteger,java.math.BigInteger]",gasLimit,1
E:\OOD_Projects\ck-mvn-plugin\Blockchain-Voting-System-master\src\voting\ballot\Ballot.java,voting.ballot.Ballot,"load/5[java.lang.String,voting.ballot.Web3j,voting.ballot.TransactionManager,java.math.BigInteger,java.math.BigInteger]",web3j,1
E:\OOD_Projects\ck-mvn-plugin\Blockchain-Voting-System-master\src\voting\ballot\Ballot.java,voting.ballot.Ballot,"load/5[java.lang.String,voting.ballot.Web3j,voting.ballot.TransactionManager,java.math.BigInteger,java.math.BigInteger]",contractAddress,1
E:\OOD_Projects\ck-mvn-plugin\Blockchain-Voting-System-master\src\voting\ballot\Ballot.java,voting.ballot.Ballot,"load/5[java.lang.String,voting.ballot.Web3j,voting.ballot.TransactionManager,java.math.BigInteger,java.math.BigInteger]",transactionManager,1
E:\OOD_Projects\ck-mvn-plugin\Blockchain-Voting-System-master\src\voting\ballot\Ballot.java,voting.ballot.Ballot,"load/5[java.lang.String,voting.ballot.Web3j,voting.ballot.TransactionManager,java.math.BigInteger,java.math.BigInteger]",gasPrice,1
E:\OOD_Projects\ck-mvn-plugin\Blockchain-Voting-System-master\src\voting\ballot\Ballot.java,voting.ballot.Ballot,"load/4[java.lang.String,voting.ballot.Web3j,voting.ballot.Credentials,voting.ballot.ContractGasProvider]",credentials,1
E:\OOD_Projects\ck-mvn-plugin\Blockchain-Voting-System-master\src\voting\ballot\Ballot.java,voting.ballot.Ballot,"load/4[java.lang.String,voting.ballot.Web3j,voting.ballot.Credentials,voting.ballot.ContractGasProvider]",web3j,1
E:\OOD_Projects\ck-mvn-plugin\Blockchain-Voting-System-master\src\voting\ballot\Ballot.java,voting.ballot.Ballot,"load/4[java.lang.String,voting.ballot.Web3j,voting.ballot.Credentials,voting.ballot.ContractGasProvider]",contractAddress,1
E:\OOD_Projects\ck-mvn-plugin\Blockchain-Voting-System-master\src\voting\ballot\Ballot.java,voting.ballot.Ballot,"load/4[java.lang.String,voting.ballot.Web3j,voting.ballot.Credentials,voting.ballot.ContractGasProvider]",contractGasProvider,1
E:\OOD_Projects\ck-mvn-plugin\Blockchain-Voting-System-master\src\voting\ballot\Ballot.java,voting.ballot.Ballot,"deploy/4[voting.ballot.Web3j,voting.ballot.Credentials,voting.ballot.ContractGasProvider,java.util.List<byte[]>]",encodedConstructor,1
E:\OOD_Projects\ck-mvn-plugin\Blockchain-Voting-System-master\src\voting\ballot\Ballot.java,voting.ballot.Ballot,"deploy/4[voting.ballot.Web3j,voting.ballot.Credentials,voting.ballot.ContractGasProvider,java.util.List<byte[]>]",credentials,1
E:\OOD_Projects\ck-mvn-plugin\Blockchain-Voting-System-master\src\voting\ballot\Ballot.java,voting.ballot.Ballot,"deploy/4[voting.ballot.Web3j,voting.ballot.Credentials,voting.ballot.ContractGasProvider,java.util.List<byte[]>]",web3j,5
E:\OOD_Projects\ck-mvn-plugin\Blockchain-Voting-System-master\src\voting\ballot\Ballot.java,voting.ballot.Ballot,"deploy/4[voting.ballot.Web3j,voting.ballot.Credentials,voting.ballot.ContractGasProvider,java.util.List<byte[]>]",contractGasProvider,1
E:\OOD_Projects\ck-mvn-plugin\Blockchain-Voting-System-master\src\voting\ballot\Ballot.java,voting.ballot.Ballot,"deploy/4[voting.ballot.Web3j,voting.ballot.Credentials,voting.ballot.ContractGasProvider,java.util.List<byte[]>]",proposalNames,1
E:\OOD_Projects\ck-mvn-plugin\Blockchain-Voting-System-master\src\voting\ballot\Ballot.java,voting.ballot.Ballot,proposals/1[java.math.BigInteger],function,0
E:\OOD_Projects\ck-mvn-plugin\Blockchain-Voting-System-master\src\voting\ballot\Ballot.java,voting.ballot.Ballot,proposals/1[java.math.BigInteger],param0,1
E:\OOD_Projects\ck-mvn-plugin\Blockchain-Voting-System-master\src\voting\ballot\Ballot.java,voting.ballot.Ballot,inProgress/0,function,1
E:\OOD_Projects\ck-mvn-plugin\Blockchain-Voting-System-master\src\voting\ballot\Ballot.java,voting.ballot.Ballot,vote/1[java.math.BigInteger],proposal,1
E:\OOD_Projects\ck-mvn-plugin\Blockchain-Voting-System-master\src\voting\ballot\Ballot.java,voting.ballot.Ballot,vote/1[java.math.BigInteger],function,1
E:\OOD_Projects\ck-mvn-plugin\Blockchain-Voting-System-master\src\voting\ballot\Ballot.java,voting.ballot.Ballot,"load/5[java.lang.String,voting.ballot.Web3j,voting.ballot.Credentials,java.math.BigInteger,java.math.BigInteger]",gasLimit,1
E:\OOD_Projects\ck-mvn-plugin\Blockchain-Voting-System-master\src\voting\ballot\Ballot.java,voting.ballot.Ballot,"load/5[java.lang.String,voting.ballot.Web3j,voting.ballot.Credentials,java.math.BigInteger,java.math.BigInteger]",credentials,1
E:\OOD_Projects\ck-mvn-plugin\Blockchain-Voting-System-master\src\voting\ballot\Ballot.java,voting.ballot.Ballot,"load/5[java.lang.String,voting.ballot.Web3j,voting.ballot.Credentials,java.math.BigInteger,java.math.BigInteger]",web3j,1
E:\OOD_Projects\ck-mvn-plugin\Blockchain-Voting-System-master\src\voting\ballot\Ballot.java,voting.ballot.Ballot,"load/5[java.lang.String,voting.ballot.Web3j,voting.ballot.Credentials,java.math.BigInteger,java.math.BigInteger]",contractAddress,1
E:\OOD_Projects\ck-mvn-plugin\Blockchain-Voting-System-master\src\voting\ballot\Ballot.java,voting.ballot.Ballot,"load/5[java.lang.String,voting.ballot.Web3j,voting.ballot.Credentials,java.math.BigInteger,java.math.BigInteger]",gasPrice,1
E:\OOD_Projects\ck-mvn-plugin\Blockchain-Voting-System-master\src\voting\ballot\Ballot.java,voting.ballot.Ballot,giveRightToVote/1[java.lang.String],function,1
E:\OOD_Projects\ck-mvn-plugin\Blockchain-Voting-System-master\src\voting\ballot\Ballot.java,voting.ballot.Ballot,giveRightToVote/1[java.lang.String],voter,1
E:\OOD_Projects\ck-mvn-plugin\Blockchain-Voting-System-master\src\voting\ballot\Ballot.java,voting.ballot.Ballot,delegate/1[java.lang.String],function,1
E:\OOD_Projects\ck-mvn-plugin\Blockchain-Voting-System-master\src\voting\ballot\Ballot.java,voting.ballot.Ballot,delegate/1[java.lang.String],to,1
E:\OOD_Projects\ck-mvn-plugin\Blockchain-Voting-System-master\src\voting\voter\Delegator.java,voting.voter.Delegator$Anonymous2,actionPerformed/1[java.awt.event.ActionEvent],evt,1
