file,class,method,variable,usage
E:\OOD_Projects\ck-mvn-plugin\Bomberman-main\src\Server\Server.java,Server.Server,runServer/0,port,1
E:\OOD_Projects\ck-mvn-plugin\Bomberman-main\src\Frame\ProfilePage.java,Frame.ProfilePage,ProfilePage/0,pq,9
E:\OOD_Projects\ck-mvn-plugin\Bomberman-main\src\Frame\ProfilePage.java,Frame.ProfilePage,ProfilePage/0,screenSize,26
E:\OOD_Projects\ck-mvn-plugin\Bomberman-main\src\Frame\ProfilePage.java,Frame.ProfilePage,ProfilePage/0,level,6
E:\OOD_Projects\ck-mvn-plugin\Bomberman-main\src\Frame\ProfilePage.java,Frame.ProfilePage,ProfilePage/0,lbl,5
E:\OOD_Projects\ck-mvn-plugin\Bomberman-main\src\Frame\ProfilePage.java,Frame.ProfilePage,ProfilePage/0,lbl1,6
E:\OOD_Projects\ck-mvn-plugin\Bomberman-main\src\Frame\ProfilePage.java,Frame.ProfilePage,ProfilePage/0,contentPane,26
E:\OOD_Projects\ck-mvn-plugin\Bomberman-main\src\Frame\ProfilePage.java,Frame.ProfilePage,ProfilePage/0,username,6
E:\OOD_Projects\ck-mvn-plugin\Bomberman-main\src\Client\Client.java,Client.Client,Client/1[java.net.Socket],socket,1
E:\OOD_Projects\ck-mvn-plugin\Bomberman-main\src\Client\Client.java,Client.Client,run/0,in,1
E:\OOD_Projects\ck-mvn-plugin\Bomberman-main\src\Client\Client.java,Client.Client,run/0,socket,2
E:\OOD_Projects\ck-mvn-plugin\Bomberman-main\src\Client\Client.java,Client.Client,run/0,out,1
E:\OOD_Projects\ck-mvn-plugin\Bomberman-main\src\Client\Client.java,Client.Client,giveFromServer/0,in,1
E:\OOD_Projects\ck-mvn-plugin\Bomberman-main\src\Client\Client.java,Client.Client,sendToServer/1[java.lang.String],out,1
E:\OOD_Projects\ck-mvn-plugin\Bomberman-main\src\Player\Player.java,Player.Player,setHighScore/1[double],highScore,3
E:\OOD_Projects\ck-mvn-plugin\Bomberman-main\src\Player\Player.java,Player.Player,setPic/1[byte[]],pic,3
E:\OOD_Projects\ck-mvn-plugin\Bomberman-main\src\Player\Player.java,Player.Player,setPassWord/1[java.lang.String],passWord,3
E:\OOD_Projects\ck-mvn-plugin\Bomberman-main\src\Player\Player.java,Player.Player,setUserName/1[java.lang.String],userName,3
E:\OOD_Projects\ck-mvn-plugin\Bomberman-main\src\Player\Player.java,Player.Player,setEmail/1[java.lang.String],email,3
E:\OOD_Projects\ck-mvn-plugin\Bomberman-main\src\Player\Player.java,Player.Player,getUserName/0,userName,1
E:\OOD_Projects\ck-mvn-plugin\Bomberman-main\src\Player\Player.java,Player.Player,getPassWord/0,passWord,1
E:\OOD_Projects\ck-mvn-plugin\Bomberman-main\src\Player\Player.java,Player.Player,getHighScore/0,highScore,1
E:\OOD_Projects\ck-mvn-plugin\Bomberman-main\src\Player\Player.java,Player.Player,getEmail/0,email,1
E:\OOD_Projects\ck-mvn-plugin\Bomberman-main\src\Player\Player.java,Player.Player,"Player/8[java.lang.Integer,java.lang.String,java.lang.String,java.lang.String,byte[],double,int,double]",passWord,3
E:\OOD_Projects\ck-mvn-plugin\Bomberman-main\src\Player\Player.java,Player.Player,"Player/8[java.lang.Integer,java.lang.String,java.lang.String,java.lang.String,byte[],double,int,double]",highScore,3
E:\OOD_Projects\ck-mvn-plugin\Bomberman-main\src\Player\Player.java,Player.Player,"Player/8[java.lang.Integer,java.lang.String,java.lang.String,java.lang.String,byte[],double,int,double]",level,3
E:\OOD_Projects\ck-mvn-plugin\Bomberman-main\src\Player\Player.java,Player.Player,"Player/8[java.lang.Integer,java.lang.String,java.lang.String,java.lang.String,byte[],double,int,double]",xp,3
E:\OOD_Projects\ck-mvn-plugin\Bomberman-main\src\Player\Player.java,Player.Player,"Player/8[java.lang.Integer,java.lang.String,java.lang.String,java.lang.String,byte[],double,int,double]",id,3
E:\OOD_Projects\ck-mvn-plugin\Bomberman-main\src\Player\Player.java,Player.Player,"Player/8[java.lang.Integer,java.lang.String,java.lang.String,java.lang.String,byte[],double,int,double]",pic,3
E:\OOD_Projects\ck-mvn-plugin\Bomberman-main\src\Player\Player.java,Player.Player,"Player/8[java.lang.Integer,java.lang.String,java.lang.String,java.lang.String,byte[],double,int,double]",userName,3
E:\OOD_Projects\ck-mvn-plugin\Bomberman-main\src\Player\Player.java,Player.Player,"Player/8[java.lang.Integer,java.lang.String,java.lang.String,java.lang.String,byte[],double,int,double]",email,3
E:\OOD_Projects\ck-mvn-plugin\Bomberman-main\src\Player\Player.java,Player.Player,getPic/0,pic,1
E:\OOD_Projects\ck-mvn-plugin\Bomberman-main\src\Player\Player.java,Player.Player,setId/1[java.lang.Integer],id,3
E:\OOD_Projects\ck-mvn-plugin\Bomberman-main\src\Player\Player.java,Player.Player,getId/0,id,1
E:\OOD_Projects\ck-mvn-plugin\Bomberman-main\src\Player\Player.java,Player.Player,getXp/0,xp,1
E:\OOD_Projects\ck-mvn-plugin\Bomberman-main\src\Player\Player.java,Player.Player,getLevel/0,level,1
E:\OOD_Projects\ck-mvn-plugin\Bomberman-main\src\Player\Player.java,Player.Player,setXp/1[double],xp,3
E:\OOD_Projects\ck-mvn-plugin\Bomberman-main\src\Player\Player.java,Player.Player,setLevel/1[int],level,3
E:\OOD_Projects\ck-mvn-plugin\Bomberman-main\src\Game\Ghost.java,Game.Ghost,Ghost/1[int],bool,1
E:\OOD_Projects\ck-mvn-plugin\Bomberman-main\src\Game\Ghost.java,Game.Ghost,Ghost/1[int],num,4
E:\OOD_Projects\ck-mvn-plugin\Bomberman-main\src\Game\Ghost.java,Game.Ghost,Ghost/1[int],jghost,1
E:\OOD_Projects\ck-mvn-plugin\Bomberman-main\src\Game\Ghost.java,Game.Ghost,Ghost/1[int],ighost,1
E:\OOD_Projects\ck-mvn-plugin\Bomberman-main\src\Frame\SinglePlayerSettingPage.java,Frame.SinglePlayerSettingPage,SinglePlayerSettingPage/0,pq,2
E:\OOD_Projects\ck-mvn-plugin\Bomberman-main\src\Frame\SinglePlayerSettingPage.java,Frame.SinglePlayerSettingPage,SinglePlayerSettingPage/0,mp,2
E:\OOD_Projects\ck-mvn-plugin\Bomberman-main\src\Frame\SinglePlayerSettingPage.java,Frame.SinglePlayerSettingPage,SinglePlayerSettingPage/0,screenSize,19
E:\OOD_Projects\ck-mvn-plugin\Bomberman-main\src\Frame\SinglePlayerSettingPage.java,Frame.SinglePlayerSettingPage,SinglePlayerSettingPage/0,contentPane,15
E:\OOD_Projects\ck-mvn-plugin\Bomberman-main\src\Frame\SinglePlayerSettingPage.java,Frame.SinglePlayerSettingPage,SinglePlayerSettingPage/0,username,6
E:\OOD_Projects\ck-mvn-plugin\Bomberman-main\src\Game\Ghost.java,Game.Ghost$Handler,run/0,ghostfrontbrown,1
E:\OOD_Projects\ck-mvn-plugin\Bomberman-main\src\Game\Ghost.java,Game.Ghost$Handler,run/0,num,9
E:\OOD_Projects\ck-mvn-plugin\Bomberman-main\src\Game\Ghost.java,Game.Ghost$Handler,run/0,ghostbackgreen,1
E:\OOD_Projects\ck-mvn-plugin\Bomberman-main\src\Game\Ghost.java,Game.Ghost$Handler,run/0,ghostleftgreen,1
E:\OOD_Projects\ck-mvn-plugin\Bomberman-main\src\Game\Ghost.java,Game.Ghost$Handler,run/0,i,142
E:\OOD_Projects\ck-mvn-plugin\Bomberman-main\src\Game\Ghost.java,Game.Ghost$Handler,run/0,j,142
E:\OOD_Projects\ck-mvn-plugin\Bomberman-main\src\Game\Ghost.java,Game.Ghost$Handler,run/0,bg2,8
E:\OOD_Projects\ck-mvn-plugin\Bomberman-main\src\Game\Ghost.java,Game.Ghost$Handler,run/0,bg1,8
E:\OOD_Projects\ck-mvn-plugin\Bomberman-main\src\Game\Ghost.java,Game.Ghost$Handler,run/0,ghostrightgreen,1
E:\OOD_Projects\ck-mvn-plugin\Bomberman-main\src\Game\Ghost.java,Game.Ghost$Handler,run/0,ghostfrontgreen,1
E:\OOD_Projects\ck-mvn-plugin\Bomberman-main\src\Game\Ghost.java,Game.Ghost$Handler,run/0,ghostrightbrown,1
E:\OOD_Projects\ck-mvn-plugin\Bomberman-main\src\Game\Ghost.java,Game.Ghost$Handler,run/0,ghostleftbrown,1
E:\OOD_Projects\ck-mvn-plugin\Bomberman-main\src\Game\Ghost.java,Game.Ghost$Handler,run/0,ghostbackbrown,1
E:\OOD_Projects\ck-mvn-plugin\Bomberman-main\src\Game\Ghost.java,Game.Ghost$Handler,"Handler/3[int,int,int]",ghostfrontbrown,1
E:\OOD_Projects\ck-mvn-plugin\Bomberman-main\src\Game\Ghost.java,Game.Ghost$Handler,"Handler/3[int,int,int]",ghostfrontgreen,1
E:\OOD_Projects\ck-mvn-plugin\Bomberman-main\src\Game\Ghost.java,Game.Ghost$Handler,"Handler/3[int,int,int]",num,3
E:\OOD_Projects\ck-mvn-plugin\Bomberman-main\src\Game\Ghost.java,Game.Ghost$Handler,"Handler/3[int,int,int]",i,1
E:\OOD_Projects\ck-mvn-plugin\Bomberman-main\src\Game\Ghost.java,Game.Ghost$Handler,"Handler/3[int,int,int]",j,1
E:\OOD_Projects\ck-mvn-plugin\Bomberman-main\src\Frame\MultyPlayerSettingPage.java,Frame.MultyPlayerSettingPage,MultyPlayerSettingPage/0,pq,2
E:\OOD_Projects\ck-mvn-plugin\Bomberman-main\src\Frame\MultyPlayerSettingPage.java,Frame.MultyPlayerSettingPage,MultyPlayerSettingPage/0,mp,2
E:\OOD_Projects\ck-mvn-plugin\Bomberman-main\src\Frame\MultyPlayerSettingPage.java,Frame.MultyPlayerSettingPage,MultyPlayerSettingPage/0,screenSize,17
E:\OOD_Projects\ck-mvn-plugin\Bomberman-main\src\Frame\MultyPlayerSettingPage.java,Frame.MultyPlayerSettingPage,MultyPlayerSettingPage/0,hosts,8
E:\OOD_Projects\ck-mvn-plugin\Bomberman-main\src\Frame\MultyPlayerSettingPage.java,Frame.MultyPlayerSettingPage,MultyPlayerSettingPage/0,socket,1
E:\OOD_Projects\ck-mvn-plugin\Bomberman-main\src\Frame\MultyPlayerSettingPage.java,Frame.MultyPlayerSettingPage,MultyPlayerSettingPage/0,contentPane,15
E:\OOD_Projects\ck-mvn-plugin\Bomberman-main\src\Frame\MultyPlayerSettingPage.java,Frame.MultyPlayerSettingPage,MultyPlayerSettingPage/0,username,6
E:\OOD_Projects\ck-mvn-plugin\Bomberman-main\src\Frame\IntroPage.java,Frame.IntroPage,IntroPage/0,contentPane,7
E:\OOD_Projects\ck-mvn-plugin\Bomberman-main\src\Game\Bomb.java,Game.Bomb,"Bomb/3[int,int,int]",radiation,3
E:\OOD_Projects\ck-mvn-plugin\Bomberman-main\src\Game\Bomb.java,Game.Bomb,"Bomb/3[int,int,int]",dropped,3
E:\OOD_Projects\ck-mvn-plugin\Bomberman-main\src\Game\Bomb.java,Game.Bomb,"Bomb/3[int,int,int]",i,12
E:\OOD_Projects\ck-mvn-plugin\Bomberman-main\src\Game\Bomb.java,Game.Bomb,"Bomb/3[int,int,int]",j,12
E:\OOD_Projects\ck-mvn-plugin\Bomberman-main\src\Game\Bomb.java,Game.Bomb,"Bomb/3[int,int,int]",bg2,1
E:\OOD_Projects\ck-mvn-plugin\Bomberman-main\src\Game\Bomb.java,Game.Bomb,"Bomb/3[int,int,int]",bg1,1
E:\OOD_Projects\ck-mvn-plugin\Bomberman-main\src\Game\Bomb.java,Game.Bomb,"Bomb/4[int,int,int,boolean]",radiation,3
E:\OOD_Projects\ck-mvn-plugin\Bomberman-main\src\Game\Bomb.java,Game.Bomb,"Bomb/4[int,int,int,boolean]",onbomb,1
E:\OOD_Projects\ck-mvn-plugin\Bomberman-main\src\Game\Bomb.java,Game.Bomb,"Bomb/4[int,int,int,boolean]",dropped,2
E:\OOD_Projects\ck-mvn-plugin\Bomberman-main\src\Game\Bomb.java,Game.Bomb,"Bomb/4[int,int,int,boolean]",i,24
E:\OOD_Projects\ck-mvn-plugin\Bomberman-main\src\Game\Bomb.java,Game.Bomb,"Bomb/4[int,int,int,boolean]",online,3
E:\OOD_Projects\ck-mvn-plugin\Bomberman-main\src\Game\Bomb.java,Game.Bomb,"Bomb/4[int,int,int,boolean]",j,24
E:\OOD_Projects\ck-mvn-plugin\Bomberman-main\src\Game\Bomb.java,Game.Bomb,"Bomb/5[int,int,int,boolean,boolean]",radiation,3
E:\OOD_Projects\ck-mvn-plugin\Bomberman-main\src\Game\Bomb.java,Game.Bomb,"Bomb/5[int,int,int,boolean,boolean]",onbomb,1
E:\OOD_Projects\ck-mvn-plugin\Bomberman-main\src\Game\Bomb.java,Game.Bomb,"Bomb/5[int,int,int,boolean,boolean]",dropped,2
E:\OOD_Projects\ck-mvn-plugin\Bomberman-main\src\Game\Bomb.java,Game.Bomb,"Bomb/5[int,int,int,boolean,boolean]",i,24
E:\OOD_Projects\ck-mvn-plugin\Bomberman-main\src\Game\Bomb.java,Game.Bomb,"Bomb/5[int,int,int,boolean,boolean]",online,3
E:\OOD_Projects\ck-mvn-plugin\Bomberman-main\src\Game\Bomb.java,Game.Bomb,"Bomb/5[int,int,int,boolean,boolean]",j,24
E:\OOD_Projects\ck-mvn-plugin\Bomberman-main\src\Game\Bomb.java,Game.Bomb,"Bomb/5[int,int,int,boolean,boolean]",someoneElse,3
E:\OOD_Projects\ck-mvn-plugin\Bomberman-main\src\Game\Bomb.java,Game.Bomb,run/0,bg,5
E:\OOD_Projects\ck-mvn-plugin\Bomberman-main\src\Game\Bomb.java,Game.Bomb,run/0,dropped,1
E:\OOD_Projects\ck-mvn-plugin\Bomberman-main\src\Game\Bomb.java,Game.Bomb,run/0,i,500
E:\OOD_Projects\ck-mvn-plugin\Bomberman-main\src\Game\Bomb.java,Game.Bomb,run/0,bombr,7
E:\OOD_Projects\ck-mvn-plugin\Bomberman-main\src\Game\Bomb.java,Game.Bomb,run/0,j,500
E:\OOD_Projects\ck-mvn-plugin\Bomberman-main\src\Game\Bomb.java,Game.Bomb,run/0,bombu,7
E:\OOD_Projects\ck-mvn-plugin\Bomberman-main\src\Game\Bomb.java,Game.Bomb,run/0,someoneElse,4
E:\OOD_Projects\ck-mvn-plugin\Bomberman-main\src\Game\Bomb.java,Game.Bomb,run/0,bombl,7
E:\OOD_Projects\ck-mvn-plugin\Bomberman-main\src\Game\Bomb.java,Game.Bomb,run/0,radiation,4
E:\OOD_Projects\ck-mvn-plugin\Bomberman-main\src\Game\Bomb.java,Game.Bomb,run/0,bombc,2
E:\OOD_Projects\ck-mvn-plugin\Bomberman-main\src\Game\Bomb.java,Game.Bomb,run/0,online,1
E:\OOD_Projects\ck-mvn-plugin\Bomberman-main\src\Game\Bomb.java,Game.Bomb,run/0,ground,5
E:\OOD_Projects\ck-mvn-plugin\Bomberman-main\src\Game\Bomb.java,Game.Bomb,run/0,bombd,7
E:\OOD_Projects\ck-mvn-plugin\Bomberman-main\src\Server\Console.java,Server.Console,"println/2[java.lang.String,boolean]",trace,2
E:\OOD_Projects\ck-mvn-plugin\Bomberman-main\src\Server\Console.java,Server.Console,doCommand/1[java.lang.String],trace,8
E:\OOD_Projects\ck-mvn-plugin\Bomberman-main\src\Server\Console.java,Server.Console,doCommand/1[java.lang.String],loopTimesTemp,5
E:\OOD_Projects\ck-mvn-plugin\Bomberman-main\src\Server\Console.java,Server.Console,doCommand/1[java.lang.String],loopTimes,3
E:\OOD_Projects\ck-mvn-plugin\Bomberman-main\src\Server\Console.java,Server.Console,doCommand/1[java.lang.String],loop,2
E:\OOD_Projects\ck-mvn-plugin\Bomberman-main\src\Server\Console.java,Server.Console,"println/3[java.lang.String,boolean,java.awt.Color]",trace,2
E:\OOD_Projects\ck-mvn-plugin\Bomberman-main\src\Server\Console.java,Server.Console,initialize/0,console,9
E:\OOD_Projects\ck-mvn-plugin\Bomberman-main\src\Server\Console.java,Server.Console,initialize/0,input,10
E:\OOD_Projects\ck-mvn-plugin\Bomberman-main\src\Server\Console.java,Server.Console,initialize/0,scrollPane,7
E:\OOD_Projects\ck-mvn-plugin\Bomberman-main\src\Server\Console.java,Server.Console,initialize/0,document,1
E:\OOD_Projects\ck-mvn-plugin\Bomberman-main\src\Server\Console.java,Server.Console,initialize/0,frame,8
E:\OOD_Projects\ck-mvn-plugin\Bomberman-main\src\Server\Console.java,Server.Console,scrollBottom/0,console,2
E:\OOD_Projects\ck-mvn-plugin\Bomberman-main\src\Server\Console.java,Server.Console,"print/2[java.lang.String,boolean]",trace,2
E:\OOD_Projects\ck-mvn-plugin\Bomberman-main\src\Server\Console.java,Server.Console,"print/3[java.lang.String,boolean,java.awt.Color]",console,1
E:\OOD_Projects\ck-mvn-plugin\Bomberman-main\src\Server\Console.java,Server.Console,"print/3[java.lang.String,boolean,java.awt.Color]",trace,2
E:\OOD_Projects\ck-mvn-plugin\Bomberman-main\src\Server\Console.java,Server.Console,"print/3[java.lang.String,boolean,java.awt.Color]",document,2
E:\OOD_Projects\ck-mvn-plugin\Bomberman-main\src\Server\Console.java,Server.Console,scrollTop/0,console,1
E:\OOD_Projects\ck-mvn-plugin\Bomberman-main\src\Server\Console.java,Server.Console,clear/0,document,2
E:\OOD_Projects\ck-mvn-plugin\Bomberman-main\src\Code\MusicPlayer.java,Code.MusicPlayer,run/0,pth,1
E:\OOD_Projects\ck-mvn-plugin\Bomberman-main\src\Code\MusicPlayer.java,Code.MusicPlayer,run/0,repeat,1
E:\OOD_Projects\ck-mvn-plugin\Bomberman-main\src\Code\MusicPlayer.java,Code.MusicPlayer,"MusicPlayer/2[java.lang.String,boolean]",pth,3
E:\OOD_Projects\ck-mvn-plugin\Bomberman-main\src\Code\MusicPlayer.java,Code.MusicPlayer,"MusicPlayer/2[java.lang.String,boolean]",repeat,3
E:\OOD_Projects\ck-mvn-plugin\Bomberman-main\src\Frame\ResultScreenPage.java,Frame.ResultScreenPage,ResultScreenPage/0,pq,2
E:\OOD_Projects\ck-mvn-plugin\Bomberman-main\src\Frame\ResultScreenPage.java,Frame.ResultScreenPage,ResultScreenPage/0,mp,2
E:\OOD_Projects\ck-mvn-plugin\Bomberman-main\src\Frame\ResultScreenPage.java,Frame.ResultScreenPage,ResultScreenPage/0,screenSize,16
E:\OOD_Projects\ck-mvn-plugin\Bomberman-main\src\Frame\ResultScreenPage.java,Frame.ResultScreenPage,ResultScreenPage/0,mod,6
E:\OOD_Projects\ck-mvn-plugin\Bomberman-main\src\Frame\ResultScreenPage.java,Frame.ResultScreenPage,ResultScreenPage/0,showPoint,6
E:\OOD_Projects\ck-mvn-plugin\Bomberman-main\src\Frame\ResultScreenPage.java,Frame.ResultScreenPage,ResultScreenPage/0,showTime,6
E:\OOD_Projects\ck-mvn-plugin\Bomberman-main\src\Frame\ResultScreenPage.java,Frame.ResultScreenPage,ResultScreenPage/0,time,7
E:\OOD_Projects\ck-mvn-plugin\Bomberman-main\src\Frame\ResultScreenPage.java,Frame.ResultScreenPage,ResultScreenPage/0,contentPane,17
E:\OOD_Projects\ck-mvn-plugin\Bomberman-main\src\Frame\ResultScreenPage.java,Frame.ResultScreenPage,ResultScreenPage/0,win,6
E:\OOD_Projects\ck-mvn-plugin\Bomberman-main\src\Frame\ResultScreenPage.java,Frame.ResultScreenPage,ResultScreenPage/0,username,6
E:\OOD_Projects\ck-mvn-plugin\Bomberman-main\src\Frame\EditProfilePage.java,Frame.EditProfilePage,EditProfilePage/0,pq,8
E:\OOD_Projects\ck-mvn-plugin\Bomberman-main\src\Frame\EditProfilePage.java,Frame.EditProfilePage,EditProfilePage/0,screenSize,26
E:\OOD_Projects\ck-mvn-plugin\Bomberman-main\src\Frame\EditProfilePage.java,Frame.EditProfilePage,EditProfilePage/0,level,6
E:\OOD_Projects\ck-mvn-plugin\Bomberman-main\src\Frame\EditProfilePage.java,Frame.EditProfilePage,EditProfilePage/0,lbl,5
E:\OOD_Projects\ck-mvn-plugin\Bomberman-main\src\Frame\EditProfilePage.java,Frame.EditProfilePage,EditProfilePage/0,lbl1,6
E:\OOD_Projects\ck-mvn-plugin\Bomberman-main\src\Frame\EditProfilePage.java,Frame.EditProfilePage,EditProfilePage/0,contentPane,30
E:\OOD_Projects\ck-mvn-plugin\Bomberman-main\src\Frame\EditProfilePage.java,Frame.EditProfilePage,EditProfilePage/0,username,6
E:\OOD_Projects\ck-mvn-plugin\Bomberman-main\src\Server\Server.java,Server.Server$Handler,run/0,isHost,2
E:\OOD_Projects\ck-mvn-plugin\Bomberman-main\src\Server\Server.java,Server.Server$Handler,run/0,in,2
E:\OOD_Projects\ck-mvn-plugin\Bomberman-main\src\Server\Server.java,Server.Server$Handler,run/0,allHost,5
E:\OOD_Projects\ck-mvn-plugin\Bomberman-main\src\Server\Server.java,Server.Server$Handler,run/0,name,9
E:\OOD_Projects\ck-mvn-plugin\Bomberman-main\src\Server\Server.java,Server.Server$Handler,run/0,socket,3
E:\OOD_Projects\ck-mvn-plugin\Bomberman-main\src\Server\Server.java,Server.Server$Handler,run/0,out,10
E:\OOD_Projects\ck-mvn-plugin\Bomberman-main\src\Server\Server.java,Server.Server$Handler,Handler/1[java.net.Socket],socket,3
E:\OOD_Projects\ck-mvn-plugin\Bomberman-main\src\Game\Field.java,Game.Field,generateField/0,loc,16
E:\OOD_Projects\ck-mvn-plugin\Bomberman-main\src\Game\Field.java,Game.Field,generateField/0,type,3
E:\OOD_Projects\ck-mvn-plugin\Bomberman-main\src\Game\Field.java,Game.Field,"changeLoc/3[int,int,java.lang.String]",loc,1
E:\OOD_Projects\ck-mvn-plugin\Bomberman-main\src\Game\Field.java,Game.Field,updateField/0,loc,1
E:\OOD_Projects\ck-mvn-plugin\Bomberman-main\src\Game\Field.java,Game.Field,Field/1[java.lang.String],type,4
E:\OOD_Projects\ck-mvn-plugin\Bomberman-main\src\Game\Field.java,Game.Field,generateOnlineField/0,loc,6
E:\OOD_Projects\ck-mvn-plugin\Bomberman-main\src\Frame\LoginPage.java,Frame.LoginPage,LoginPage/0,password,11
E:\OOD_Projects\ck-mvn-plugin\Bomberman-main\src\Frame\LoginPage.java,Frame.LoginPage,LoginPage/0,screenSize,20
E:\OOD_Projects\ck-mvn-plugin\Bomberman-main\src\Frame\LoginPage.java,Frame.LoginPage,LoginPage/0,lblSoroushShemshadi,7
E:\OOD_Projects\ck-mvn-plugin\Bomberman-main\src\Frame\LoginPage.java,Frame.LoginPage,LoginPage/0,nickname,12
E:\OOD_Projects\ck-mvn-plugin\Bomberman-main\src\Frame\LoginPage.java,Frame.LoginPage,LoginPage/0,nicknameOrEmail,12
E:\OOD_Projects\ck-mvn-plugin\Bomberman-main\src\Frame\LoginPage.java,Frame.LoginPage,LoginPage/0,login,8
E:\OOD_Projects\ck-mvn-plugin\Bomberman-main\src\Frame\LoginPage.java,Frame.LoginPage,LoginPage/0,contentPane,16
E:\OOD_Projects\ck-mvn-plugin\Bomberman-main\src\Frame\LoginPage.java,Frame.LoginPage,LoginPage/0,email,11
E:\OOD_Projects\ck-mvn-plugin\Bomberman-main\src\Frame\LoginPage.java,Frame.LoginPage,LoginPage/0,logPassword,12
E:\OOD_Projects\ck-mvn-plugin\Bomberman-main\src\Frame\LoginPage.java,Frame.LoginPage,LoginPage/0,lblNewLabel,5
E:\OOD_Projects\ck-mvn-plugin\Bomberman-main\src\Frame\LoginPage.java,Frame.LoginPage,isUsernameExist/1[java.lang.String],nickname,1
E:\OOD_Projects\ck-mvn-plugin\Bomberman-main\src\Frame\LoginPage.java,Frame.LoginPage,isEmailExist/1[java.lang.String],nickname,1
E:\OOD_Projects\ck-mvn-plugin\Bomberman-main\src\Game\BomberMan.java,Game.BomberMan,"BomberMan/3[int,boolean,int]",numOfBombs,3
E:\OOD_Projects\ck-mvn-plugin\Bomberman-main\src\Game\BomberMan.java,Game.BomberMan,"BomberMan/3[int,boolean,int]",alive,3
E:\OOD_Projects\ck-mvn-plugin\Bomberman-main\src\Game\BomberMan.java,Game.BomberMan,"BomberMan/3[int,boolean,int]",health,3
E:\OOD_Projects\ck-mvn-plugin\Bomberman-main\src\Game\BomberMan.java,Game.BomberMan,"placeBomb/3[int,int,int]",online,1
E:\OOD_Projects\ck-mvn-plugin\Bomberman-main\src\Game\BomberMan.java,Game.BomberMan,moveUp/0,onlineMode,16
E:\OOD_Projects\ck-mvn-plugin\Bomberman-main\src\Game\BomberMan.java,Game.BomberMan,moveUp/0,online,1
E:\OOD_Projects\ck-mvn-plugin\Bomberman-main\src\Game\BomberMan.java,Game.BomberMan,moveUp/0,t2,24
E:\OOD_Projects\ck-mvn-plugin\Bomberman-main\src\Game\BomberMan.java,Game.BomberMan,moveRight/0,onlineMode,16
E:\OOD_Projects\ck-mvn-plugin\Bomberman-main\src\Game\BomberMan.java,Game.BomberMan,moveRight/0,online,1
E:\OOD_Projects\ck-mvn-plugin\Bomberman-main\src\Game\BomberMan.java,Game.BomberMan,moveRight/0,t2,24
E:\OOD_Projects\ck-mvn-plugin\Bomberman-main\src\Game\BomberMan.java,Game.BomberMan,moveLeft/0,onlineMode,16
E:\OOD_Projects\ck-mvn-plugin\Bomberman-main\src\Game\BomberMan.java,Game.BomberMan,moveLeft/0,online,1
E:\OOD_Projects\ck-mvn-plugin\Bomberman-main\src\Game\BomberMan.java,Game.BomberMan,moveLeft/0,t2,20
E:\OOD_Projects\ck-mvn-plugin\Bomberman-main\src\Game\BomberMan.java,Game.BomberMan,"BomberMan/2[boolean,int]",onlineMode,3
E:\OOD_Projects\ck-mvn-plugin\Bomberman-main\src\Game\BomberMan.java,Game.BomberMan,"BomberMan/2[boolean,int]",online,3
E:\OOD_Projects\ck-mvn-plugin\Bomberman-main\src\Game\BomberMan.java,Game.BomberMan,moveDown/0,onlineMode,16
E:\OOD_Projects\ck-mvn-plugin\Bomberman-main\src\Game\BomberMan.java,Game.BomberMan,moveDown/0,online,1
E:\OOD_Projects\ck-mvn-plugin\Bomberman-main\src\Game\BomberMan.java,Game.BomberMan,moveDown/0,t2,24
E:\OOD_Projects\ck-mvn-plugin\Bomberman-main\src\Frame\GameLoadPage.java,Frame.GameLoadPage,GameLoadPage/0,logo2,6
E:\OOD_Projects\ck-mvn-plugin\Bomberman-main\src\Frame\GameLoadPage.java,Frame.GameLoadPage,GameLoadPage/0,mp,2
E:\OOD_Projects\ck-mvn-plugin\Bomberman-main\src\Frame\GameLoadPage.java,Frame.GameLoadPage,GameLoadPage/0,logo1,6
E:\OOD_Projects\ck-mvn-plugin\Bomberman-main\src\Frame\GameLoadPage.java,Frame.GameLoadPage,GameLoadPage/0,screenSize,2
E:\OOD_Projects\ck-mvn-plugin\Bomberman-main\src\Frame\GameLoadPage.java,Frame.GameLoadPage,GameLoadPage/0,contentPane,8
E:\OOD_Projects\ck-mvn-plugin\Bomberman-main\src\Frame\ChatRoomPage.java,Frame.ChatRoomPage,ChatRoomPage/0,pq,5
E:\OOD_Projects\ck-mvn-plugin\Bomberman-main\src\Frame\ChatRoomPage.java,Frame.ChatRoomPage,ChatRoomPage/0,screenSize,4
E:\OOD_Projects\ck-mvn-plugin\Bomberman-main\src\Frame\ChatRoomPage.java,Frame.ChatRoomPage,ChatRoomPage/0,level,6
E:\OOD_Projects\ck-mvn-plugin\Bomberman-main\src\Frame\ChatRoomPage.java,Frame.ChatRoomPage,ChatRoomPage/0,lbl,5
E:\OOD_Projects\ck-mvn-plugin\Bomberman-main\src\Frame\ChatRoomPage.java,Frame.ChatRoomPage,ChatRoomPage/0,lbl1,6
E:\OOD_Projects\ck-mvn-plugin\Bomberman-main\src\Frame\ChatRoomPage.java,Frame.ChatRoomPage,ChatRoomPage/0,contentPane,18
E:\OOD_Projects\ck-mvn-plugin\Bomberman-main\src\Frame\ChatRoomPage.java,Frame.ChatRoomPage,ChatRoomPage/0,username,6
E:\OOD_Projects\ck-mvn-plugin\Bomberman-main\src\Frame\SinglePlayPage.java,Frame.SinglePlayPage,SinglePlayPage/0,pq,2
E:\OOD_Projects\ck-mvn-plugin\Bomberman-main\src\Frame\SinglePlayPage.java,Frame.SinglePlayPage,SinglePlayPage/0,loc,31
E:\OOD_Projects\ck-mvn-plugin\Bomberman-main\src\Frame\SinglePlayPage.java,Frame.SinglePlayPage,SinglePlayPage/0,showPoint,5
E:\OOD_Projects\ck-mvn-plugin\Bomberman-main\src\Frame\SinglePlayPage.java,Frame.SinglePlayPage,SinglePlayPage/0,showTime,5
E:\OOD_Projects\ck-mvn-plugin\Bomberman-main\src\Frame\SinglePlayPage.java,Frame.SinglePlayPage,SinglePlayPage/0,bm,3
E:\OOD_Projects\ck-mvn-plugin\Bomberman-main\src\Frame\SinglePlayPage.java,Frame.SinglePlayPage,SinglePlayPage/0,type,3
E:\OOD_Projects\ck-mvn-plugin\Bomberman-main\src\Frame\SinglePlayPage.java,Frame.SinglePlayPage,SinglePlayPage/0,contentPane,19
E:\OOD_Projects\ck-mvn-plugin\Bomberman-main\src\Frame\SinglePlayPage.java,Frame.SinglePlayPage,SinglePlayPage/0,showHarth,6
E:\OOD_Projects\ck-mvn-plugin\Bomberman-main\src\Frame\SinglePlayPage.java,Frame.SinglePlayPage,SinglePlayPage/0,screenSize,8
E:\OOD_Projects\ck-mvn-plugin\Bomberman-main\src\Frame\SinglePlayPage.java,Frame.SinglePlayPage,SinglePlayPage/0,Fields,15
E:\OOD_Projects\ck-mvn-plugin\Bomberman-main\src\Frame\SinglePlayPage.java,Frame.SinglePlayPage,SinglePlayPage/0,field,1
E:\OOD_Projects\ck-mvn-plugin\Bomberman-main\src\Frame\SinglePlayPage.java,Frame.SinglePlayPage,SinglePlayPage/0,ghosts,3
E:\OOD_Projects\ck-mvn-plugin\Bomberman-main\src\Frame\SinglePlayPage.java,Frame.SinglePlayPage,SinglePlayPage/0,showBomb,8
E:\OOD_Projects\ck-mvn-plugin\Bomberman-main\src\Frame\SinglePlayPage.java,Frame.SinglePlayPage,SinglePlayPage/0,showSuper,5
E:\OOD_Projects\ck-mvn-plugin\Bomberman-main\src\Frame\SinglePlayPage.java,Frame.SinglePlayPage,SinglePlayPage/0,time,6
E:\OOD_Projects\ck-mvn-plugin\Bomberman-main\src\Frame\SinglePlayPage.java,Frame.SinglePlayPage,SinglePlayPage/0,bmj,21
E:\OOD_Projects\ck-mvn-plugin\Bomberman-main\src\Frame\SinglePlayPage.java,Frame.SinglePlayPage,SinglePlayPage/0,username,6
E:\OOD_Projects\ck-mvn-plugin\Bomberman-main\src\Frame\SinglePlayPage.java,Frame.SinglePlayPage,SinglePlayPage/0,bmi,21
E:\OOD_Projects\ck-mvn-plugin\Bomberman-main\src\Frame\SinglePlayPage.java,Frame.SinglePlayPage,keyPressed/1[java.awt.event.KeyEvent],rad,4
E:\OOD_Projects\ck-mvn-plugin\Bomberman-main\src\Frame\SinglePlayPage.java,Frame.SinglePlayPage,keyPressed/1[java.awt.event.KeyEvent],lastDir,4
E:\OOD_Projects\ck-mvn-plugin\Bomberman-main\src\Frame\SinglePlayPage.java,Frame.SinglePlayPage,keyPressed/1[java.awt.event.KeyEvent],loose,4
E:\OOD_Projects\ck-mvn-plugin\Bomberman-main\src\Frame\SinglePlayPage.java,Frame.SinglePlayPage,keyPressed/1[java.awt.event.KeyEvent],showBomb,1
E:\OOD_Projects\ck-mvn-plugin\Bomberman-main\src\Frame\SinglePlayPage.java,Frame.SinglePlayPage,keyPressed/1[java.awt.event.KeyEvent],bm,8
E:\OOD_Projects\ck-mvn-plugin\Bomberman-main\src\Frame\SinglePlayPage.java,Frame.SinglePlayPage,keyPressed/1[java.awt.event.KeyEvent],bmj,4
E:\OOD_Projects\ck-mvn-plugin\Bomberman-main\src\Frame\SinglePlayPage.java,Frame.SinglePlayPage,keyPressed/1[java.awt.event.KeyEvent],bmi,4
E:\OOD_Projects\ck-mvn-plugin\Bomberman-main\src\Frame\MultyPlayPage.java,Frame.MultyPlayPage,MultyPlayPage/0,msg,6
E:\OOD_Projects\ck-mvn-plugin\Bomberman-main\src\Frame\MultyPlayPage.java,Frame.MultyPlayPage,MultyPlayPage/0,pq,3
E:\OOD_Projects\ck-mvn-plugin\Bomberman-main\src\Frame\MultyPlayPage.java,Frame.MultyPlayPage,MultyPlayPage/0,b3name,5
E:\OOD_Projects\ck-mvn-plugin\Bomberman-main\src\Frame\MultyPlayPage.java,Frame.MultyPlayPage,MultyPlayPage/0,loc,1
E:\OOD_Projects\ck-mvn-plugin\Bomberman-main\src\Frame\MultyPlayPage.java,Frame.MultyPlayPage,MultyPlayPage/0,b4point,5
E:\OOD_Projects\ck-mvn-plugin\Bomberman-main\src\Frame\MultyPlayPage.java,Frame.MultyPlayPage,MultyPlayPage/0,showTime,5
E:\OOD_Projects\ck-mvn-plugin\Bomberman-main\src\Frame\MultyPlayPage.java,Frame.MultyPlayPage,MultyPlayPage/0,contentPane,24
E:\OOD_Projects\ck-mvn-plugin\Bomberman-main\src\Frame\MultyPlayPage.java,Frame.MultyPlayPage,MultyPlayPage/0,isHost,1
E:\OOD_Projects\ck-mvn-plugin\Bomberman-main\src\Frame\MultyPlayPage.java,Frame.MultyPlayPage,MultyPlayPage/0,screenSize,8
E:\OOD_Projects\ck-mvn-plugin\Bomberman-main\src\Frame\MultyPlayPage.java,Frame.MultyPlayPage,MultyPlayPage/0,b2point,5
E:\OOD_Projects\ck-mvn-plugin\Bomberman-main\src\Frame\MultyPlayPage.java,Frame.MultyPlayPage,MultyPlayPage/0,Fields,5
E:\OOD_Projects\ck-mvn-plugin\Bomberman-main\src\Frame\MultyPlayPage.java,Frame.MultyPlayPage,MultyPlayPage/0,b2name,5
E:\OOD_Projects\ck-mvn-plugin\Bomberman-main\src\Frame\MultyPlayPage.java,Frame.MultyPlayPage,MultyPlayPage/0,b4name,5
E:\OOD_Projects\ck-mvn-plugin\Bomberman-main\src\Frame\MultyPlayPage.java,Frame.MultyPlayPage,MultyPlayPage/0,b3point,5
E:\OOD_Projects\ck-mvn-plugin\Bomberman-main\src\Frame\MultyPlayPage.java,Frame.MultyPlayPage,MultyPlayPage/0,client,2
E:\OOD_Projects\ck-mvn-plugin\Bomberman-main\src\Frame\MultyPlayPage.java,Frame.MultyPlayPage,MultyPlayPage/0,b1name,6
E:\OOD_Projects\ck-mvn-plugin\Bomberman-main\src\Frame\MultyPlayPage.java,Frame.MultyPlayPage,MultyPlayPage/0,socket,1
E:\OOD_Projects\ck-mvn-plugin\Bomberman-main\src\Frame\MultyPlayPage.java,Frame.MultyPlayPage,MultyPlayPage/0,time,6
E:\OOD_Projects\ck-mvn-plugin\Bomberman-main\src\Frame\MultyPlayPage.java,Frame.MultyPlayPage,MultyPlayPage/0,panel,6
E:\OOD_Projects\ck-mvn-plugin\Bomberman-main\src\Frame\MultyPlayPage.java,Frame.MultyPlayPage,MultyPlayPage/0,username,6
E:\OOD_Projects\ck-mvn-plugin\Bomberman-main\src\Frame\MultyPlayPage.java,Frame.MultyPlayPage,MultyPlayPage/0,b1point,6
E:\OOD_Projects\ck-mvn-plugin\Bomberman-main\src\Frame\MultyPlayPage.java,Frame.MultyPlayPage,keyPressed/1[java.awt.event.KeyEvent],rad,8
E:\OOD_Projects\ck-mvn-plugin\Bomberman-main\src\Frame\MultyPlayPage.java,Frame.MultyPlayPage,keyPressed/1[java.awt.event.KeyEvent],lastDir,4
E:\OOD_Projects\ck-mvn-plugin\Bomberman-main\src\Frame\MultyPlayPage.java,Frame.MultyPlayPage,keyPressed/1[java.awt.event.KeyEvent],loose,4
E:\OOD_Projects\ck-mvn-plugin\Bomberman-main\src\Frame\MultyPlayPage.java,Frame.MultyPlayPage,keyPressed/1[java.awt.event.KeyEvent],client,4
E:\OOD_Projects\ck-mvn-plugin\Bomberman-main\src\Frame\MultyPlayPage.java,Frame.MultyPlayPage,keyPressed/1[java.awt.event.KeyEvent],bm,8
E:\OOD_Projects\ck-mvn-plugin\Bomberman-main\src\Frame\MultyPlayPage.java,Frame.MultyPlayPage,keyPressed/1[java.awt.event.KeyEvent],bmj,8
E:\OOD_Projects\ck-mvn-plugin\Bomberman-main\src\Frame\MultyPlayPage.java,Frame.MultyPlayPage,keyPressed/1[java.awt.event.KeyEvent],bmi,8
E:\OOD_Projects\ck-mvn-plugin\Bomberman-main\src\Frame\MainPage.java,Frame.MainPage,MainPage/0,play,6
E:\OOD_Projects\ck-mvn-plugin\Bomberman-main\src\Frame\MainPage.java,Frame.MainPage,MainPage/0,currentPlayerId,5
E:\OOD_Projects\ck-mvn-plugin\Bomberman-main\src\Frame\MainPage.java,Frame.MainPage,MainPage/0,pq,5
E:\OOD_Projects\ck-mvn-plugin\Bomberman-main\src\Frame\MainPage.java,Frame.MainPage,MainPage/0,mp,2
E:\OOD_Projects\ck-mvn-plugin\Bomberman-main\src\Frame\MainPage.java,Frame.MainPage,MainPage/0,level,6
E:\OOD_Projects\ck-mvn-plugin\Bomberman-main\src\Frame\MainPage.java,Frame.MainPage,MainPage/0,lbl1,6
E:\OOD_Projects\ck-mvn-plugin\Bomberman-main\src\Frame\MainPage.java,Frame.MainPage,MainPage/0,contentPane,21
E:\OOD_Projects\ck-mvn-plugin\Bomberman-main\src\Frame\MainPage.java,Frame.MainPage,MainPage/0,musicIsPlayed,2
E:\OOD_Projects\ck-mvn-plugin\Bomberman-main\src\Frame\MainPage.java,Frame.MainPage,MainPage/0,single,8
E:\OOD_Projects\ck-mvn-plugin\Bomberman-main\src\Frame\MainPage.java,Frame.MainPage,MainPage/0,screenSize,29
E:\OOD_Projects\ck-mvn-plugin\Bomberman-main\src\Frame\MainPage.java,Frame.MainPage,MainPage/0,lbl,5
E:\OOD_Projects\ck-mvn-plugin\Bomberman-main\src\Frame\MainPage.java,Frame.MainPage,MainPage/0,multy,8
E:\OOD_Projects\ck-mvn-plugin\Bomberman-main\src\Frame\MainPage.java,Frame.MainPage,MainPage/0,username,6
E:\OOD_Projects\ck-mvn-plugin\Bomberman-main\src\Game\Block.java,Game.Block,Block/1[java.lang.String],type,3
E:\OOD_Projects\ck-mvn-plugin\Bomberman-main\src\Game\Item.java,Game.Item,"Item/4[int,int,boolean,java.lang.String]",i,3
E:\OOD_Projects\ck-mvn-plugin\Bomberman-main\src\Game\Item.java,Game.Item,"Item/4[int,int,boolean,java.lang.String]",online,3
E:\OOD_Projects\ck-mvn-plugin\Bomberman-main\src\Game\Item.java,Game.Item,"Item/4[int,int,boolean,java.lang.String]",client,1
E:\OOD_Projects\ck-mvn-plugin\Bomberman-main\src\Game\Item.java,Game.Item,"Item/4[int,int,boolean,java.lang.String]",j,3
E:\OOD_Projects\ck-mvn-plugin\Bomberman-main\src\Game\Item.java,Game.Item,"Item/4[int,int,boolean,java.lang.String]",socket,2
E:\OOD_Projects\ck-mvn-plugin\Bomberman-main\src\Game\Item.java,Game.Item,"Item/4[int,int,boolean,java.lang.String]",type,3
E:\OOD_Projects\ck-mvn-plugin\Bomberman-main\src\Game\Item.java,Game.Item,"Item/3[int,int,java.lang.String]",i,3
E:\OOD_Projects\ck-mvn-plugin\Bomberman-main\src\Game\Item.java,Game.Item,"Item/3[int,int,java.lang.String]",j,3
E:\OOD_Projects\ck-mvn-plugin\Bomberman-main\src\Game\Item.java,Game.Item,"Item/3[int,int,java.lang.String]",type,3
E:\OOD_Projects\ck-mvn-plugin\Bomberman-main\src\Game\Item.java,Game.Item,run/0,color,8
E:\OOD_Projects\ck-mvn-plugin\Bomberman-main\src\Game\Item.java,Game.Item,run/0,online,1
E:\OOD_Projects\ck-mvn-plugin\Bomberman-main\src\Game\Item.java,Game.Item,run/0,client,3
E:\OOD_Projects\ck-mvn-plugin\Bomberman-main\src\Game\Item.java,Game.Item,run/0,i,25
E:\OOD_Projects\ck-mvn-plugin\Bomberman-main\src\Game\Item.java,Game.Item,run/0,j,25
E:\OOD_Projects\ck-mvn-plugin\Bomberman-main\src\Game\Item.java,Game.Item,run/0,type,5
E:\OOD_Projects\ck-mvn-plugin\Bomberman-main\src\Frame\LoadPage.java,Frame.LoadPage,initialize/0,closed,1
E:\OOD_Projects\ck-mvn-plugin\Bomberman-main\src\Frame\LoadPage.java,Frame.LoadPage,initialize/0,frame,11
