file,class,method,constructor,line,cbo,cboModified,fanin,fanout,wmc,rfc,loc,returnsQty,variablesQty,parametersQty,methodsInvokedQty,methodsInvokedLocalQty,methodsInvokedIndirectLocalQty,loopQty,comparisonsQty,tryCatchQty,parenthesizedExpsQty,stringLiteralsQty,numbersQty,assignmentsQty,mathOperationsQty,maxNestedBlocksQty,anonymousClassesQty,innerClassesQty,lambdasQty,uniqueWordsQty,modifiers,logStatementsQty,hasJavaDoc
E:\OOD_Projects\ck-mvn-plugin\Bomberman-main\src\Frame\MultyPlayerSettingPage.java,Frame.MultyPlayerSettingPage$Anonymous2,mouseClicked/1[java.awt.event.MouseEvent],false,85,1,7,0,7,1,3,6,0,1,1,3,0,0,0,0,0,0,1,0,1,0,0,0,0,0,10,1,0,false
E:\OOD_Projects\ck-mvn-plugin\Bomberman-main\src\Server\Server.java,Server.Server,runServer/0,false,27,1,2,1,1,5,5,27,0,1,0,5,0,0,1,0,3,0,2,0,2,0,2,0,0,0,15,10,0,false
E:\OOD_Projects\ck-mvn-plugin\Bomberman-main\src\Server\Server.java,Server.Server,main/1[java.lang.String[]],false,23,1,1,0,1,1,1,3,0,0,1,1,1,1,0,0,0,0,0,0,0,0,0,0,0,0,4,9,0,false
E:\OOD_Projects\ck-mvn-plugin\Bomberman-main\src\Frame\MultyPlayerSettingPage.java,Frame.MultyPlayerSettingPage$Anonymous1,run/0,false,51,1,22,0,22,2,2,9,0,1,0,2,0,0,0,0,1,0,0,0,1,0,1,0,0,0,9,1,0,false
E:\OOD_Projects\ck-mvn-plugin\Bomberman-main\src\Frame\ProfilePage.java,Frame.ProfilePage,main/1[java.lang.String[]],false,45,0,1,0,1,1,1,14,0,0,1,1,0,0,0,0,0,0,0,0,0,0,0,1,0,0,12,9,0,true
E:\OOD_Projects\ck-mvn-plugin\Bomberman-main\src\Frame\ProfilePage.java,Frame.ProfilePage,ProfilePage/0,true,61,2,10,2,8,1,35,209,0,20,0,35,0,0,0,0,0,24,36,221,25,56,0,7,0,0,77,1,0,true
E:\OOD_Projects\ck-mvn-plugin\Bomberman-main\src\Player\PlayerQuery.java,Player.PlayerQuery,players/0,false,126,2,13,11,2,3,10,19,1,5,0,10,0,0,1,0,1,0,10,0,5,0,2,0,0,0,22,1,0,false
E:\OOD_Projects\ck-mvn-plugin\Bomberman-main\src\Player\PlayerQuery.java,Player.PlayerQuery,addPlayer/1[Player.Player],false,15,2,9,1,8,3,16,24,0,2,1,16,0,0,0,1,1,0,4,8,2,0,2,0,0,0,24,1,0,false
E:\OOD_Projects\ck-mvn-plugin\Bomberman-main\src\Player\PlayerQuery.java,Player.PlayerQuery,"updatePlayer/4[Player.Player,boolean,boolean,boolean]",false,47,2,7,1,6,24,13,85,0,3,4,13,0,0,0,19,4,4,13,24,10,0,4,0,0,0,38,1,0,true
E:\OOD_Projects\ck-mvn-plugin\Bomberman-main\src\Frame\MultyPlayerSettingPage.java,Frame.MultyPlayerSettingPage$Anonymous5,actionPerformed/1[java.awt.event.ActionEvent],false,202,5,25,0,25,13,17,52,0,5,1,17,0,0,2,6,0,2,18,21,6,6,6,0,0,0,26,1,0,false
E:\OOD_Projects\ck-mvn-plugin\Bomberman-main\src\Frame\MultyPlayerSettingPage.java,Frame.MultyPlayerSettingPage$Anonymous4,mouseClicked/1[java.awt.event.MouseEvent],false,169,1,7,0,7,3,6,12,0,4,1,6,0,0,2,0,0,0,4,5,4,2,1,0,0,0,8,1,0,false
E:\OOD_Projects\ck-mvn-plugin\Bomberman-main\src\Client\Client.java,Client.Client,Client/1[java.net.Socket],true,22,0,3,3,0,1,0,3,0,0,1,0,0,0,0,0,0,0,0,0,1,0,0,0,0,0,3,1,0,false
E:\OOD_Projects\ck-mvn-plugin\Bomberman-main\src\Client\Client.java,Client.Client,run/0,false,26,0,0,0,0,2,3,9,0,0,0,3,0,0,0,0,1,0,0,0,2,0,1,0,0,0,13,1,0,false
E:\OOD_Projects\ck-mvn-plugin\Bomberman-main\src\Client\Client.java,Client.Client,giveFromServer/0,false,48,0,3,3,0,2,2,10,1,1,0,2,0,0,0,0,1,0,0,0,2,0,1,0,0,0,14,1,0,true
E:\OOD_Projects\ck-mvn-plugin\Bomberman-main\src\Client\Client.java,Client.Client,sendToServer/1[java.lang.String],false,40,0,10,10,0,1,1,3,0,0,1,1,0,0,0,0,0,0,0,0,0,0,0,0,0,0,14,1,0,true
E:\OOD_Projects\ck-mvn-plugin\Bomberman-main\src\Frame\MultyPlayerSettingPage.java,Frame.MultyPlayerSettingPage$Anonymous3,actionPerformed/1[java.awt.event.ActionEvent],false,145,5,25,0,25,1,10,11,0,1,1,10,0,0,0,0,0,0,4,2,4,2,0,0,0,0,15,1,0,false
E:\OOD_Projects\ck-mvn-plugin\Bomberman-main\src\Game\Field.java,Game.Field$randomItemsDistributionOnline,run/0,false,164,2,2,0,2,23,7,27,0,3,0,7,1,1,2,2,1,8,21,15,6,10,2,0,0,0,11,1,0,false
E:\OOD_Projects\ck-mvn-plugin\Bomberman-main\src\Game\Field.java,Game.Field$randomItemsDistributionOnline,"random/2[int,int]",false,159,0,1,1,0,1,1,4,1,1,2,1,0,0,0,0,0,3,0,1,1,4,0,0,0,0,4,1,0,false
E:\OOD_Projects\ck-mvn-plugin\Bomberman-main\src\Game\Field.java,Game.Field$randomItemsDistributionOnline,randomItemsDistributionOnline/0,true,155,0,1,1,0,1,0,2,0,0,0,0,0,0,0,0,0,0,0,0,0,0,0,0,0,0,4,1,0,false
E:\OOD_Projects\ck-mvn-plugin\Bomberman-main\src\Player\Player.java,Player.Player,setHighScore/1[double],false,59,0,0,0,0,1,0,3,0,0,1,0,0,0,0,0,0,0,0,0,1,0,0,0,0,0,4,1,0,false
E:\OOD_Projects\ck-mvn-plugin\Bomberman-main\src\Player\Player.java,Player.Player,setPic/1[byte[]],false,53,1,0,0,0,1,0,3,0,0,1,0,0,0,0,0,0,0,0,0,1,0,0,0,0,0,3,1,0,false
E:\OOD_Projects\ck-mvn-plugin\Bomberman-main\src\Player\Player.java,Player.Player,setPassWord/1[java.lang.String],false,41,0,0,0,0,1,0,3,0,0,1,0,0,0,0,0,0,0,0,0,1,0,0,0,0,0,4,1,0,false
E:\OOD_Projects\ck-mvn-plugin\Bomberman-main\src\Player\Player.java,Player.Player,setUserName/1[java.lang.String],false,35,0,0,0,0,1,0,3,0,0,1,0,0,0,0,0,0,0,0,0,1,0,0,0,0,0,4,1,0,false
E:\OOD_Projects\ck-mvn-plugin\Bomberman-main\src\Player\Player.java,Player.Player,setEmail/1[java.lang.String],false,47,0,0,0,0,1,0,3,0,0,1,0,0,0,0,0,0,0,0,0,1,0,0,0,0,0,3,1,0,false
E:\OOD_Projects\ck-mvn-plugin\Bomberman-main\src\Player\Player.java,Player.Player,getUserName/0,false,32,0,13,13,0,1,0,3,1,0,0,0,0,0,0,0,0,0,0,0,0,0,0,0,0,0,4,1,0,false
E:\OOD_Projects\ck-mvn-plugin\Bomberman-main\src\Player\Player.java,Player.Player,getPassWord/0,false,38,0,2,2,0,1,0,3,1,0,0,0,0,0,0,0,0,0,0,0,0,0,0,0,0,0,4,1,0,false
E:\OOD_Projects\ck-mvn-plugin\Bomberman-main\src\Player\Player.java,Player.Player,Player/0,true,13,0,0,0,0,1,0,2,0,0,0,0,0,0,0,0,0,0,0,0,0,0,0,0,0,0,1,1,0,false
E:\OOD_Projects\ck-mvn-plugin\Bomberman-main\src\Player\Player.java,Player.Player,getHighScore/0,false,56,0,2,2,0,1,0,3,1,0,0,0,0,0,0,0,0,0,0,0,0,0,0,0,0,0,4,1,0,false
E:\OOD_Projects\ck-mvn-plugin\Bomberman-main\src\Player\Player.java,Player.Player,getEmail/0,false,44,0,4,4,0,1,0,3,1,0,0,0,0,0,0,0,0,0,0,0,0,0,0,0,0,0,3,1,0,false
E:\OOD_Projects\ck-mvn-plugin\Bomberman-main\src\Player\Player.java,Player.Player,"Player/8[java.lang.Integer,java.lang.String,java.lang.String,java.lang.String,byte[],double,int,double]",true,15,1,2,2,0,1,0,10,0,0,8,0,0,0,0,0,0,0,0,0,8,0,0,0,0,0,13,1,0,false
E:\OOD_Projects\ck-mvn-plugin\Bomberman-main\src\Player\Player.java,Player.Player,getPic/0,false,50,1,11,11,0,1,0,3,1,0,0,0,0,0,0,0,0,0,0,0,0,0,0,0,0,0,3,1,0,false
E:\OOD_Projects\ck-mvn-plugin\Bomberman-main\src\Player\Player.java,Player.Player,setId/1[java.lang.Integer],false,29,0,0,0,0,1,0,3,0,0,1,0,0,0,0,0,0,0,0,0,1,0,0,0,0,0,4,1,0,false
E:\OOD_Projects\ck-mvn-plugin\Bomberman-main\src\Player\Player.java,Player.Player,getId/0,false,26,0,1,1,0,1,0,3,1,0,0,0,0,0,0,0,0,0,0,0,0,0,0,0,0,0,4,1,0,false
E:\OOD_Projects\ck-mvn-plugin\Bomberman-main\src\Player\Player.java,Player.Player,getXp/0,false,68,0,5,5,0,1,0,3,1,0,0,0,0,0,0,0,0,0,0,0,0,0,0,0,0,0,3,1,0,false
E:\OOD_Projects\ck-mvn-plugin\Bomberman-main\src\Player\Player.java,Player.Player,getLevel/0,false,62,0,5,5,0,1,0,3,1,0,0,0,0,0,0,0,0,0,0,0,0,0,0,0,0,0,3,1,0,false
E:\OOD_Projects\ck-mvn-plugin\Bomberman-main\src\Player\Player.java,Player.Player,setXp/1[double],false,71,0,0,0,0,1,0,3,0,0,1,0,0,0,0,0,0,0,0,0,1,0,0,0,0,0,3,1,0,false
E:\OOD_Projects\ck-mvn-plugin\Bomberman-main\src\Player\Player.java,Player.Player,setLevel/1[int],false,65,0,0,0,0,1,0,3,0,0,1,0,0,0,0,0,0,0,0,0,1,0,0,0,0,0,3,1,0,false
E:\OOD_Projects\ck-mvn-plugin\Bomberman-main\src\Game\Ghost.java,Game.Ghost,Ghost/1[int],true,17,1,2,1,1,8,5,16,0,3,1,5,0,0,2,0,0,8,6,9,6,8,2,0,0,0,7,1,0,false
E:\OOD_Projects\ck-mvn-plugin\Bomberman-main\src\Game\Ghost.java,Game.Ghost,"random/2[int,int]",false,38,0,0,0,0,1,1,4,1,1,2,1,0,0,0,0,0,3,0,1,1,4,0,0,0,0,4,1,0,false
E:\OOD_Projects\ck-mvn-plugin\Bomberman-main\src\Frame\SinglePlayerSettingPage.java,Frame.SinglePlayerSettingPage,main/1[java.lang.String[]],false,38,0,1,0,1,1,1,14,0,0,1,1,0,0,0,0,0,0,0,0,0,0,0,1,0,0,14,9,0,true
E:\OOD_Projects\ck-mvn-plugin\Bomberman-main\src\Frame\SinglePlayerSettingPage.java,Frame.SinglePlayerSettingPage,SinglePlayerSettingPage/0,true,54,3,7,2,5,1,26,121,0,12,0,26,0,0,0,0,0,15,13,89,15,32,0,4,0,0,57,1,0,true
E:\OOD_Projects\ck-mvn-plugin\Bomberman-main\src\Frame\GameLoadPage.java,Frame.GameLoadPage$Anonymous1,run/0,false,41,1,22,0,22,2,2,9,0,1,0,2,0,0,0,0,1,0,0,0,1,0,1,0,0,0,8,1,0,false
E:\OOD_Projects\ck-mvn-plugin\Bomberman-main\src\Frame\GameLoadPage.java,Frame.GameLoadPage$Anonymous2,actionPerformed/1[java.awt.event.ActionEvent],false,89,1,25,0,25,4,4,14,0,1,1,4,0,0,0,1,0,0,0,1,2,0,2,0,0,0,14,1,0,false
E:\OOD_Projects\ck-mvn-plugin\Bomberman-main\src\Frame\EditProfilePage.java,Frame.EditProfilePage$Anonymous1,run/0,false,65,1,22,0,22,2,2,9,0,1,0,2,0,0,0,0,1,0,0,0,1,0,1,0,0,0,8,1,0,false
E:\OOD_Projects\ck-mvn-plugin\Bomberman-main\src\Frame\EditProfilePage.java,Frame.EditProfilePage$Anonymous5,actionPerformed/1[java.awt.event.ActionEvent],false,190,2,25,0,25,2,4,11,0,1,1,4,0,0,0,0,0,0,2,0,1,0,1,0,0,0,14,1,0,false
E:\OOD_Projects\ck-mvn-plugin\Bomberman-main\src\Frame\EditProfilePage.java,Frame.EditProfilePage$Anonymous4,actionPerformed/1[java.awt.event.ActionEvent],false,174,2,25,0,25,1,3,6,0,1,1,3,0,0,0,0,0,0,1,0,1,0,0,0,0,0,12,1,0,false
E:\OOD_Projects\ck-mvn-plugin\Bomberman-main\src\Frame\EditProfilePage.java,Frame.EditProfilePage$Anonymous3,actionPerformed/1[java.awt.event.ActionEvent],false,158,2,25,0,25,1,3,6,0,1,1,3,0,0,0,0,0,0,1,0,1,0,0,0,0,0,12,1,0,false
E:\OOD_Projects\ck-mvn-plugin\Bomberman-main\src\Frame\EditProfilePage.java,Frame.EditProfilePage$Anonymous2,actionPerformed/1[java.awt.event.ActionEvent],false,110,0,25,0,25,2,2,12,0,0,1,2,0,0,0,0,0,0,2,6,2,0,1,0,0,0,8,1,0,false
E:\OOD_Projects\ck-mvn-plugin\Bomberman-main\src\Frame\EditProfilePage.java,Frame.EditProfilePage$Anonymous9,actionPerformed/1[java.awt.event.ActionEvent],false,329,7,25,0,25,12,22,68,0,11,1,22,0,0,0,1,2,0,4,13,15,0,4,0,0,0,50,1,0,false
E:\OOD_Projects\ck-mvn-plugin\Bomberman-main\src\Frame\ProfilePage.java,Frame.ProfilePage$Anonymous1,run/0,false,47,1,22,0,22,2,2,9,0,1,0,2,0,0,0,0,1,0,0,0,1,0,1,0,0,0,7,1,0,false
E:\OOD_Projects\ck-mvn-plugin\Bomberman-main\src\Frame\EditProfilePage.java,Frame.EditProfilePage$Anonymous8,actionPerformed/1[java.awt.event.ActionEvent],false,250,2,25,0,25,1,2,5,0,1,1,2,0,0,0,0,0,0,1,0,2,0,0,0,0,0,14,1,0,false
E:\OOD_Projects\ck-mvn-plugin\Bomberman-main\src\Frame\EditProfilePage.java,Frame.EditProfilePage$Anonymous7,actionPerformed/1[java.awt.event.ActionEvent],false,229,1,25,0,25,1,2,4,0,0,1,2,0,0,0,0,0,0,1,1,0,0,0,0,0,0,7,1,0,false
E:\OOD_Projects\ck-mvn-plugin\Bomberman-main\src\Frame\ProfilePage.java,Frame.ProfilePage$Anonymous3,actionPerformed/1[java.awt.event.ActionEvent],false,140,2,25,0,25,1,3,6,0,1,1,3,0,0,0,0,0,0,1,0,1,0,0,0,0,0,12,1,0,false
E:\OOD_Projects\ck-mvn-plugin\Bomberman-main\src\Frame\EditProfilePage.java,Frame.EditProfilePage$Anonymous6,actionPerformed/1[java.awt.event.ActionEvent],false,211,2,25,0,25,1,5,8,0,1,1,5,0,0,0,0,0,0,2,0,1,0,0,0,0,0,12,1,0,false
E:\OOD_Projects\ck-mvn-plugin\Bomberman-main\src\Frame\ProfilePage.java,Frame.ProfilePage$Anonymous2,actionPerformed/1[java.awt.event.ActionEvent],false,92,0,25,0,25,2,2,12,0,0,1,2,0,0,0,0,0,0,2,6,2,0,1,0,0,0,8,1,0,false
E:\OOD_Projects\ck-mvn-plugin\Bomberman-main\src\Frame\ProfilePage.java,Frame.ProfilePage$Anonymous5,actionPerformed/1[java.awt.event.ActionEvent],false,169,2,25,0,25,2,4,11,0,1,1,4,0,0,0,0,0,0,2,0,1,0,1,0,0,0,14,1,0,false
E:\OOD_Projects\ck-mvn-plugin\Bomberman-main\src\Frame\ProfilePage.java,Frame.ProfilePage$Anonymous4,actionPerformed/1[java.awt.event.ActionEvent],false,156,1,25,0,25,1,1,3,0,0,1,1,0,0,0,0,0,0,1,0,0,0,0,0,0,0,7,1,0,false
E:\OOD_Projects\ck-mvn-plugin\Bomberman-main\src\Frame\ProfilePage.java,Frame.ProfilePage$Anonymous7,actionPerformed/1[java.awt.event.ActionEvent],false,208,1,25,0,25,1,2,4,0,0,1,2,0,0,0,0,0,0,1,1,0,0,0,0,0,0,7,1,0,false
E:\OOD_Projects\ck-mvn-plugin\Bomberman-main\src\Frame\ProfilePage.java,Frame.ProfilePage$Anonymous6,actionPerformed/1[java.awt.event.ActionEvent],false,190,2,25,0,25,1,5,8,0,1,1,5,0,0,0,0,0,0,2,0,1,0,0,0,0,0,12,1,0,false
E:\OOD_Projects\ck-mvn-plugin\Bomberman-main\src\Frame\ProfilePage.java,Frame.ProfilePage$Anonymous8,actionPerformed/1[java.awt.event.ActionEvent],false,268,2,25,0,25,1,3,6,0,1,1,3,0,0,0,0,0,0,1,0,1,0,0,0,0,0,13,1,0,false
E:\OOD_Projects\ck-mvn-plugin\Bomberman-main\src\Game\Ghost.java,Game.Ghost$Handler,run/0,false,84,2,2,0,2,99,13,227,0,1,0,13,1,1,1,4,1,0,132,115,25,100,4,0,0,0,23,1,0,false
E:\OOD_Projects\ck-mvn-plugin\Bomberman-main\src\Game\Ghost.java,Game.Ghost$Handler,"random/2[int,int]",false,79,0,1,1,0,1,1,4,1,1,2,1,0,0,0,0,0,3,0,1,1,4,0,0,0,0,4,1,0,false
E:\OOD_Projects\ck-mvn-plugin\Bomberman-main\src\Game\Ghost.java,Game.Ghost$Handler,"Handler/3[int,int,int]",true,66,0,1,1,0,3,2,13,0,0,3,2,0,0,0,0,0,0,4,0,5,0,1,0,0,0,7,1,0,false
E:\OOD_Projects\ck-mvn-plugin\Bomberman-main\src\Frame\MultyPlayerSettingPage.java,Frame.MultyPlayerSettingPage,main/1[java.lang.String[]],false,49,0,1,0,1,1,1,14,0,0,1,1,0,0,0,0,0,0,0,0,0,0,0,1,0,0,14,9,0,true
E:\OOD_Projects\ck-mvn-plugin\Bomberman-main\src\Frame\MultyPlayerSettingPage.java,Frame.MultyPlayerSettingPage,MultyPlayerSettingPage/0,true,65,4,8,2,6,3,33,185,0,15,0,33,0,0,2,0,0,12,17,120,20,27,2,4,0,0,91,1,0,true
E:\OOD_Projects\ck-mvn-plugin\Bomberman-main\src\Frame\MultyPlayPage.java,Frame.MultyPlayPage$Anonymous1,run/0,false,83,1,22,0,22,2,2,9,0,1,0,2,0,0,0,0,1,0,0,0,1,0,1,0,0,0,8,1,0,false
E:\OOD_Projects\ck-mvn-plugin\Bomberman-main\src\Frame\MultyPlayPage.java,Frame.MultyPlayPage$Anonymous2,actionPerformed/1[java.awt.event.ActionEvent],false,101,1,25,0,25,7,4,27,0,0,1,4,0,0,0,4,0,0,5,7,2,2,2,0,0,0,10,1,0,false
E:\OOD_Projects\ck-mvn-plugin\Bomberman-main\src\Frame\MultyPlayPage.java,Frame.MultyPlayPage$Anonymous3,run/0,false,128,6,22,0,22,135,24,467,0,39,0,24,0,0,5,76,2,0,99,396,72,6,5,0,0,0,47,1,0,false
E:\OOD_Projects\ck-mvn-plugin\Bomberman-main\src\Frame\IntroPage.java,Frame.IntroPage,main/1[java.lang.String[]],false,29,0,1,0,1,1,1,14,0,0,1,1,0,0,0,0,0,0,0,0,0,0,0,1,0,0,12,9,0,true
E:\OOD_Projects\ck-mvn-plugin\Bomberman-main\src\Frame\IntroPage.java,Frame.IntroPage,IntroPage/0,true,45,1,4,2,2,1,14,38,0,5,0,14,0,0,0,0,0,8,3,33,6,13,0,1,0,0,42,1,0,true
E:\OOD_Projects\ck-mvn-plugin\Bomberman-main\src\Frame\ResultScreenPage.java,Frame.ResultScreenPage$Anonymous2,mouseClicked/1[java.awt.event.MouseEvent],false,77,2,7,0,7,1,4,7,0,1,1,4,0,0,0,0,0,0,2,0,1,0,0,0,0,0,12,1,0,false
E:\OOD_Projects\ck-mvn-plugin\Bomberman-main\src\Game\BomberMan.java,Game.BomberMan$Anonymous1,run/0,false,31,0,22,0,22,4,4,23,0,0,0,4,0,0,0,0,2,0,3,4,2,3,2,0,0,0,8,1,0,false
E:\OOD_Projects\ck-mvn-plugin\Bomberman-main\src\Frame\MainPage.java,Frame.MainPage$Anonymous6,actionPerformed/1[java.awt.event.ActionEvent],false,235,1,25,0,25,1,1,3,0,0,1,1,0,0,0,0,0,0,1,0,0,0,0,0,0,0,7,1,0,false
E:\OOD_Projects\ck-mvn-plugin\Bomberman-main\src\Frame\MainPage.java,Frame.MainPage$Anonymous7,actionPerformed/1[java.awt.event.ActionEvent],false,248,2,25,0,25,1,3,6,0,1,1,3,0,0,0,0,0,0,1,0,1,0,0,0,0,0,12,1,0,false
E:\OOD_Projects\ck-mvn-plugin\Bomberman-main\src\Frame\MainPage.java,Frame.MainPage$Anonymous8,actionPerformed/1[java.awt.event.ActionEvent],false,264,2,25,0,25,2,4,11,0,1,1,4,0,0,0,0,0,0,2,0,1,0,1,0,0,0,15,1,0,false
E:\OOD_Projects\ck-mvn-plugin\Bomberman-main\src\DataBase\Connect.java,DataBase.Connect,getConnection/0,false,14,0,6,6,0,2,4,11,1,1,0,4,0,0,0,0,1,0,4,0,2,0,1,0,0,0,7,9,0,false
E:\OOD_Projects\ck-mvn-plugin\Bomberman-main\src\Frame\MainPage.java,Frame.MainPage$Anonymous9,actionPerformed/1[java.awt.event.ActionEvent],false,285,2,25,0,25,1,5,8,0,1,1,5,0,0,0,0,0,0,2,0,1,0,0,0,0,0,12,1,0,false
E:\OOD_Projects\ck-mvn-plugin\Bomberman-main\src\Game\Bomb.java,Game.Bomb,"Bomb/3[int,int,int]",true,39,1,2,1,1,6,7,22,0,0,3,7,0,0,0,0,0,0,9,2,8,2,1,0,0,0,10,1,0,false
E:\OOD_Projects\ck-mvn-plugin\Bomberman-main\src\Game\Bomb.java,Game.Bomb,"Bomb/4[int,int,int,boolean]",true,61,1,3,2,1,20,3,15,0,0,4,3,0,0,0,0,0,0,21,0,7,0,1,0,0,0,10,1,0,false
E:\OOD_Projects\ck-mvn-plugin\Bomberman-main\src\Game\Bomb.java,Game.Bomb,"Bomb/5[int,int,int,boolean,boolean]",true,92,1,1,0,1,20,3,16,0,0,5,3,0,0,0,0,0,0,21,0,8,0,1,0,0,0,12,1,0,false
E:\OOD_Projects\ck-mvn-plugin\Bomberman-main\src\Game\Bomb.java,Game.Bomb,run/0,false,125,2,2,0,2,488,13,449,0,8,0,13,0,0,8,25,3,0,526,60,18,522,6,0,0,0,24,1,0,false
E:\OOD_Projects\ck-mvn-plugin\Bomberman-main\src\Frame\MainPage.java,Frame.MainPage$Anonymous2,mouseClicked/1[java.awt.event.MouseEvent],false,98,3,7,0,7,5,5,20,0,2,1,5,0,0,0,0,0,0,3,0,4,0,1,0,0,0,23,1,0,false
E:\OOD_Projects\ck-mvn-plugin\Bomberman-main\src\Frame\MainPage.java,Frame.MainPage$Anonymous3,actionPerformed/1[java.awt.event.ActionEvent],false,124,1,25,0,25,1,2,7,0,0,1,2,0,0,0,0,0,0,1,6,2,0,0,0,0,0,12,1,0,false
E:\OOD_Projects\ck-mvn-plugin\Bomberman-main\src\Frame\MainPage.java,Frame.MainPage$Anonymous4,actionPerformed/1[java.awt.event.ActionEvent],false,141,1,25,0,25,2,3,12,0,0,1,3,0,0,0,0,0,0,2,6,2,0,1,0,0,0,14,1,0,false
E:\OOD_Projects\ck-mvn-plugin\Bomberman-main\src\Frame\MainPage.java,Frame.MainPage$Anonymous5,actionPerformed/1[java.awt.event.ActionEvent],false,178,1,25,0,25,4,4,23,0,0,1,4,0,0,0,0,1,0,4,7,4,0,2,0,0,0,20,1,0,false
E:\OOD_Projects\ck-mvn-plugin\Bomberman-main\src\Frame\LoginPage.java,Frame.LoginPage$Anonymous10,mouseClicked/1[java.awt.event.MouseEvent],false,433,1,7,0,7,1,2,4,0,0,1,2,0,0,0,0,0,0,1,1,0,0,0,0,0,0,7,1,0,false
E:\OOD_Projects\ck-mvn-plugin\Bomberman-main\src\Server\Console.java,Server.Console,"println/2[java.lang.String,boolean]",false,156,1,2,1,1,1,1,3,0,0,2,1,1,2,0,0,0,0,0,3,0,0,0,0,0,0,3,1,0,false
E:\OOD_Projects\ck-mvn-plugin\Bomberman-main\src\Server\Console.java,Server.Console,doCommand/1[java.lang.String],false,56,2,5,1,4,13,7,78,0,2,1,7,2,2,1,0,1,0,17,32,10,2,4,1,0,0,41,1,0,false
E:\OOD_Projects\ck-mvn-plugin\Bomberman-main\src\Server\Console.java,Server.Console,Console/0,true,175,1,2,1,1,1,1,3,0,0,0,1,1,1,0,0,0,0,0,0,0,0,0,0,0,0,4,1,0,true
E:\OOD_Projects\ck-mvn-plugin\Bomberman-main\src\Server\Console.java,Server.Console,"println/3[java.lang.String,boolean,java.awt.Color]",false,160,1,4,3,1,1,1,3,0,0,3,1,1,1,0,0,0,0,1,0,0,1,0,0,0,0,4,1,0,false
E:\OOD_Projects\ck-mvn-plugin\Bomberman-main\src\Server\Console.java,Server.Console,initialize/0,false,182,0,2,1,1,1,22,65,0,0,0,22,0,0,0,0,0,0,3,33,5,0,0,2,0,0,42,2,0,true
E:\OOD_Projects\ck-mvn-plugin\Bomberman-main\src\Server\Console.java,Server.Console,scrollBottom/0,false,132,0,2,2,0,1,3,3,0,0,0,3,0,0,0,0,0,0,0,0,0,0,0,0,0,0,2,1,0,false
E:\OOD_Projects\ck-mvn-plugin\Bomberman-main\src\Server\Console.java,Server.Console,"print/2[java.lang.String,boolean]",false,136,1,1,0,1,1,1,3,0,0,2,1,1,1,0,0,0,0,0,3,0,0,0,0,0,0,3,1,0,false
E:\OOD_Projects\ck-mvn-plugin\Bomberman-main\src\Server\Console.java,Server.Console,"print/3[java.lang.String,boolean,java.awt.Color]",false,140,0,2,2,0,3,6,15,0,4,3,6,0,0,0,0,1,0,2,1,5,1,1,0,0,0,12,1,0,false
E:\OOD_Projects\ck-mvn-plugin\Bomberman-main\src\Server\Console.java,Server.Console,scrollTop/0,false,128,0,0,0,0,1,1,3,0,0,0,1,0,0,0,0,0,0,0,1,0,0,0,0,0,0,2,1,0,false
E:\OOD_Projects\ck-mvn-plugin\Bomberman-main\src\Server\Console.java,Server.Console,clear/0,false,164,0,1,1,0,2,2,7,0,0,0,2,0,0,0,0,1,0,0,1,0,0,1,0,0,0,3,1,0,false
E:\OOD_Projects\ck-mvn-plugin\Bomberman-main\src\Server\Console.java,Server.Console,main/1[java.lang.String[]],false,43,0,1,0,1,1,1,14,0,0,1,1,0,0,0,0,0,0,0,0,0,0,0,1,0,0,11,9,0,true
E:\OOD_Projects\ck-mvn-plugin\Bomberman-main\src\Code\MusicPlayer.java,Code.MusicPlayer,run/0,false,21,1,0,0,0,5,2,25,0,4,0,2,0,0,1,0,2,0,0,0,5,0,3,0,0,0,18,1,0,false
E:\OOD_Projects\ck-mvn-plugin\Bomberman-main\src\Code\MusicPlayer.java,Code.MusicPlayer,"MusicPlayer/2[java.lang.String,boolean]",true,16,0,17,17,0,1,0,4,0,0,2,0,0,0,0,0,0,0,0,0,2,0,0,0,0,0,4,1,0,false
E:\OOD_Projects\ck-mvn-plugin\Bomberman-main\src\Frame\MainPage.java,Frame.MainPage$Anonymous10,actionPerformed/1[java.awt.event.ActionEvent],false,303,1,25,0,25,1,2,4,0,0,1,2,0,0,0,0,0,0,1,1,0,0,0,0,0,0,7,1,0,false
E:\OOD_Projects\ck-mvn-plugin\Bomberman-main\src\Frame\ResultScreenPage.java,Frame.ResultScreenPage,main/1[java.lang.String[]],false,43,0,1,0,1,1,1,14,0,0,1,1,0,0,0,0,0,0,0,0,0,0,0,1,0,0,13,9,0,true
E:\OOD_Projects\ck-mvn-plugin\Bomberman-main\src\Frame\ResultScreenPage.java,Frame.ResultScreenPage,ResultScreenPage/0,true,59,3,6,1,5,1,29,95,0,10,0,29,0,0,0,0,0,12,18,99,18,26,0,1,0,0,59,1,0,true
E:\OOD_Projects\ck-mvn-plugin\Bomberman-main\src\Frame\ResultScreenPage.java,Frame.ResultScreenPage$Anonymous1,run/0,false,45,1,22,0,22,2,2,9,0,1,0,2,0,0,0,0,1,0,0,0,1,0,1,0,0,0,8,1,0,false
E:\OOD_Projects\ck-mvn-plugin\Bomberman-main\src\Frame\EditProfilePage.java,Frame.EditProfilePage,main/1[java.lang.String[]],false,63,0,1,0,1,1,1,14,0,0,1,1,0,0,0,0,0,0,0,0,0,0,0,1,0,0,13,9,0,true
E:\OOD_Projects\ck-mvn-plugin\Bomberman-main\src\Frame\EditProfilePage.java,Frame.EditProfilePage,EditProfilePage/0,true,79,2,9,2,7,1,36,311,0,24,0,36,0,0,0,0,0,24,44,271,29,55,0,8,0,0,133,1,0,true
E:\OOD_Projects\ck-mvn-plugin\Bomberman-main\src\Server\Server.java,Server.Server$Handler,run/0,false,67,1,2,0,2,42,33,169,0,10,0,33,0,0,14,5,3,0,60,89,32,21,7,0,0,0,41,1,0,false
E:\OOD_Projects\ck-mvn-plugin\Bomberman-main\src\Server\Server.java,Server.Server$Handler,Handler/1[java.net.Socket],true,63,0,1,1,0,1,0,3,0,0,1,0,0,0,0,0,0,0,0,0,1,0,0,0,0,0,3,1,0,false
E:\OOD_Projects\ck-mvn-plugin\Bomberman-main\src\Frame\SinglePlayPage.java,Frame.SinglePlayPage$Anonymous4,mouseClicked/1[java.awt.event.MouseEvent],false,251,2,7,0,7,1,3,6,0,1,1,3,0,0,0,0,0,0,1,0,1,0,0,0,0,0,12,1,0,false
E:\OOD_Projects\ck-mvn-plugin\Bomberman-main\src\Server\Console.java,Server.Console$Anonymous1,run/0,false,45,1,22,0,22,2,2,9,0,1,0,2,0,0,0,0,1,0,0,0,1,0,1,0,0,0,6,1,0,false
E:\OOD_Projects\ck-mvn-plugin\Bomberman-main\src\Frame\SinglePlayPage.java,Frame.SinglePlayPage$Anonymous3,run/0,false,110,1,22,0,22,22,15,137,0,7,0,15,0,0,1,8,7,0,26,19,10,5,4,0,0,0,25,1,0,false
E:\OOD_Projects\ck-mvn-plugin\Bomberman-main\src\Server\Console.java,Server.Console$Anonymous2,run/0,false,84,1,22,0,22,4,9,26,0,3,0,9,0,0,0,0,3,0,7,19,3,4,2,0,0,0,21,1,0,false
E:\OOD_Projects\ck-mvn-plugin\Bomberman-main\src\Frame\SinglePlayPage.java,Frame.SinglePlayPage$Anonymous2,actionPerformed/1[java.awt.event.ActionEvent],false,86,0,25,0,25,5,2,20,0,0,1,2,0,0,0,3,0,0,4,6,2,2,1,0,0,0,8,1,0,false
E:\OOD_Projects\ck-mvn-plugin\Bomberman-main\src\Server\Console.java,Server.Console$Anonymous3,actionPerformed/1[java.awt.event.ActionEvent],false,211,1,25,0,25,2,7,11,0,1,1,7,0,0,0,0,0,0,0,2,2,0,1,0,0,0,14,1,0,false
E:\OOD_Projects\ck-mvn-plugin\Bomberman-main\src\Frame\SinglePlayPage.java,Frame.SinglePlayPage$Anonymous1,run/0,false,69,1,22,0,22,2,2,9,0,1,0,2,0,0,0,0,1,0,0,0,1,0,1,0,0,0,8,1,0,false
E:\OOD_Projects\ck-mvn-plugin\Bomberman-main\src\Server\Console.java,Server.Console$Anonymous4,keyPressed/1[java.awt.event.KeyEvent],false,225,0,0,0,0,6,4,13,0,0,1,4,0,0,0,2,0,0,0,4,0,3,2,0,0,0,9,1,0,false
E:\OOD_Projects\ck-mvn-plugin\Bomberman-main\src\Server\Console.java,Server.Console$Anonymous4,keyReleased/1[java.awt.event.KeyEvent],false,239,0,0,0,0,1,0,2,0,0,1,0,0,0,0,0,0,0,0,0,0,0,0,0,0,0,5,1,0,false
E:\OOD_Projects\ck-mvn-plugin\Bomberman-main\src\Server\Console.java,Server.Console$Anonymous4,keyTyped/1[java.awt.event.KeyEvent],false,243,0,0,0,0,1,0,2,0,0,1,0,0,0,0,0,0,0,0,0,0,0,0,0,0,0,5,1,0,false
E:\OOD_Projects\ck-mvn-plugin\Bomberman-main\src\Game\Field.java,Game.Field,generateField/0,false,23,0,1,1,0,23,2,64,1,14,0,2,0,0,10,6,0,28,18,40,29,18,4,0,0,0,8,1,0,false
E:\OOD_Projects\ck-mvn-plugin\Bomberman-main\src\Game\Field.java,Game.Field,"changeLoc/3[int,int,java.lang.String]",false,108,0,0,0,0,1,0,3,0,0,3,0,0,0,0,0,0,0,0,0,1,0,0,0,0,0,3,1,0,false
E:\OOD_Projects\ck-mvn-plugin\Bomberman-main\src\Game\Field.java,Game.Field,updateField/0,false,104,0,0,0,0,1,0,3,1,0,0,0,0,0,0,0,0,0,0,0,0,0,0,0,0,0,3,1,0,false
E:\OOD_Projects\ck-mvn-plugin\Bomberman-main\src\Game\Field.java,Game.Field,Field/1[java.lang.String],true,14,2,3,1,2,2,2,9,0,0,1,2,0,0,0,0,0,0,1,0,1,0,1,0,0,0,6,1,0,false
E:\OOD_Projects\ck-mvn-plugin\Bomberman-main\src\Game\Field.java,Game.Field,generateOnlineField/0,false,83,0,1,1,0,9,0,22,1,4,0,0,0,0,4,4,0,1,5,17,9,3,3,0,0,0,6,1,0,false
E:\OOD_Projects\ck-mvn-plugin\Bomberman-main\src\Frame\LoginPage.java,Frame.LoginPage,main/1[java.lang.String[]],false,62,0,1,0,1,1,1,14,0,0,1,1,0,0,0,0,0,0,0,0,0,0,0,1,0,0,12,9,0,true
E:\OOD_Projects\ck-mvn-plugin\Bomberman-main\src\Frame\LoginPage.java,Frame.LoginPage,LoginPage/0,true,114,0,3,2,1,4,34,329,0,9,0,34,0,0,0,1,1,16,25,126,19,32,1,9,0,0,124,1,0,true
E:\OOD_Projects\ck-mvn-plugin\Bomberman-main\src\Frame\LoginPage.java,Frame.LoginPage,isUsernameExist/1[java.lang.String],false,75,1,2,1,1,3,7,18,1,4,1,7,0,0,0,0,1,0,1,1,5,0,2,0,0,0,27,1,0,false
E:\OOD_Projects\ck-mvn-plugin\Bomberman-main\src\Frame\LoginPage.java,Frame.LoginPage,isEmailExist/1[java.lang.String],false,93,1,2,1,1,3,7,18,1,4,1,7,0,0,0,0,1,0,1,1,5,0,2,0,0,0,27,1,0,false
E:\OOD_Projects\ck-mvn-plugin\Bomberman-main\src\Code\PicBrowse.java,Code.PicBrowse,"resizePic/4[java.lang.String,byte[],int,int]",false,33,1,1,1,0,2,2,13,1,3,4,2,0,0,0,1,0,0,0,0,5,0,1,0,0,0,31,1,0,true
E:\OOD_Projects\ck-mvn-plugin\Bomberman-main\src\Code\PicBrowse.java,Code.PicBrowse,browseImage/1[javax.swing.JLabel],false,54,1,2,1,1,3,11,17,1,5,1,11,1,1,0,2,0,0,7,0,6,0,1,0,0,0,36,1,0,true
E:\OOD_Projects\ck-mvn-plugin\Bomberman-main\src\Frame\LoginPage.java,Frame.LoginPage$Anonymous8,mouseExited/1[java.awt.event.MouseEvent],false,379,0,0,0,0,2,4,6,0,0,1,4,0,0,0,0,0,0,1,1,0,0,1,0,0,0,5,1,0,false
E:\OOD_Projects\ck-mvn-plugin\Bomberman-main\src\Frame\LoginPage.java,Frame.LoginPage$Anonymous8,mouseClicked/1[java.awt.event.MouseEvent],false,373,1,7,0,7,1,2,4,0,0,1,2,0,0,0,0,0,0,2,0,0,0,0,0,0,0,7,1,0,false
E:\OOD_Projects\ck-mvn-plugin\Bomberman-main\src\Frame\LoginPage.java,Frame.LoginPage$Anonymous9,mouseClicked/1[java.awt.event.MouseEvent],false,415,1,7,0,7,2,4,8,0,0,1,4,0,0,0,0,1,0,2,0,0,0,1,0,0,0,12,1,0,false
E:\OOD_Projects\ck-mvn-plugin\Bomberman-main\src\Frame\SinglePlayerSettingPage.java,Frame.SinglePlayerSettingPage$Anonymous1,run/0,false,40,1,22,0,22,2,2,9,0,1,0,2,0,0,0,0,1,0,0,0,1,0,1,0,0,0,9,1,0,false
E:\OOD_Projects\ck-mvn-plugin\Bomberman-main\src\Frame\SinglePlayerSettingPage.java,Frame.SinglePlayerSettingPage$Anonymous4,mouseClicked/1[java.awt.event.MouseEvent],false,138,2,7,0,7,1,5,10,0,1,1,5,0,0,0,0,0,0,4,0,2,0,0,0,0,0,13,1,0,false
E:\OOD_Projects\ck-mvn-plugin\Bomberman-main\src\Frame\SinglePlayerSettingPage.java,Frame.SinglePlayerSettingPage$Anonymous5,mouseClicked/1[java.awt.event.MouseEvent],false,164,2,7,0,7,1,5,10,0,1,1,5,0,0,0,0,0,0,4,0,2,0,0,0,0,0,13,1,0,false
E:\OOD_Projects\ck-mvn-plugin\Bomberman-main\src\Frame\SinglePlayerSettingPage.java,Frame.SinglePlayerSettingPage$Anonymous2,mouseClicked/1[java.awt.event.MouseEvent],false,72,2,7,0,7,1,4,7,0,1,1,4,0,0,0,0,0,0,2,0,1,0,0,0,0,0,12,1,0,false
E:\OOD_Projects\ck-mvn-plugin\Bomberman-main\src\Frame\SinglePlayerSettingPage.java,Frame.SinglePlayerSettingPage$Anonymous3,mouseClicked/1[java.awt.event.MouseEvent],false,110,2,7,0,7,1,5,11,0,1,1,5,0,0,0,0,0,0,4,1,3,0,0,0,0,0,13,1,0,false
E:\OOD_Projects\ck-mvn-plugin\Bomberman-main\src\Frame\LoginPage.java,Frame.LoginPage$Anonymous1,run/0,false,64,1,22,0,22,2,2,9,0,1,0,2,0,0,0,0,1,0,0,0,1,0,1,0,0,0,7,1,0,false
E:\OOD_Projects\ck-mvn-plugin\Bomberman-main\src\Game\BomberMan.java,Game.BomberMan,"BomberMan/3[int,boolean,int]",true,24,0,1,1,0,1,0,5,0,0,3,0,0,0,0,0,0,0,0,0,3,0,0,0,0,0,7,1,0,false
E:\OOD_Projects\ck-mvn-plugin\Bomberman-main\src\Game\BomberMan.java,Game.BomberMan,"placeBomb/3[int,int,int]",false,1399,1,4,2,2,2,1,8,0,0,3,1,0,0,0,0,0,0,0,0,0,0,1,0,0,0,4,1,0,false
E:\OOD_Projects\ck-mvn-plugin\Bomberman-main\src\Game\BomberMan.java,Game.BomberMan,moveUp/0,false,54,2,4,2,2,84,14,310,0,17,0,14,0,0,0,8,0,0,155,192,62,136,5,0,0,0,19,1,0,false
E:\OOD_Projects\ck-mvn-plugin\Bomberman-main\src\Game\BomberMan.java,Game.BomberMan,kickBomb/0,false,1408,0,0,0,0,1,0,2,0,0,0,0,0,0,0,0,0,0,0,0,0,0,0,0,0,0,2,1,0,false
E:\OOD_Projects\ck-mvn-plugin\Bomberman-main\src\Game\BomberMan.java,Game.BomberMan,moveRight/0,false,730,2,4,2,2,84,14,310,0,17,0,14,0,0,0,8,0,0,155,192,62,136,5,0,0,0,19,1,0,false
E:\OOD_Projects\ck-mvn-plugin\Bomberman-main\src\Game\BomberMan.java,Game.BomberMan,moveLeft/0,false,1068,2,4,2,2,82,14,304,0,17,0,14,0,0,0,8,0,0,155,192,62,136,5,0,0,0,19,1,0,false
E:\OOD_Projects\ck-mvn-plugin\Bomberman-main\src\Game\BomberMan.java,Game.BomberMan,"BomberMan/2[boolean,int]",true,19,0,1,1,0,1,0,4,0,0,2,0,0,0,0,0,0,0,0,0,2,0,0,0,0,0,4,1,0,false
E:\OOD_Projects\ck-mvn-plugin\Bomberman-main\src\Game\BomberMan.java,Game.BomberMan,moveDown/0,false,392,2,4,2,2,84,14,310,0,17,0,14,0,0,0,8,0,0,155,192,62,136,5,0,0,0,19,1,0,false
E:\OOD_Projects\ck-mvn-plugin\Bomberman-main\src\Frame\LoginPage.java,Frame.LoginPage$Anonymous2,actionPerformed/1[java.awt.event.ActionEvent],false,129,6,25,0,25,8,12,41,0,8,1,12,0,0,0,0,1,0,10,3,7,0,2,0,0,0,42,1,0,false
E:\OOD_Projects\ck-mvn-plugin\Bomberman-main\src\Frame\LoginPage.java,Frame.LoginPage$Anonymous3,mouseExited/1[java.awt.event.MouseEvent],false,191,0,0,0,0,2,4,6,0,0,1,4,0,0,0,0,0,0,1,1,0,0,1,0,0,0,5,1,0,false
E:\OOD_Projects\ck-mvn-plugin\Bomberman-main\src\Frame\LoginPage.java,Frame.LoginPage$Anonymous3,mouseClicked/1[java.awt.event.MouseEvent],false,185,1,7,0,7,1,2,4,0,0,1,2,0,0,0,0,0,0,2,0,0,0,0,0,0,0,7,1,0,false
E:\OOD_Projects\ck-mvn-plugin\Bomberman-main\src\Frame\LoginPage.java,Frame.LoginPage$Anonymous4,mouseExited/1[java.awt.event.MouseEvent],false,217,0,0,0,0,2,4,6,0,0,1,4,0,0,0,0,0,0,1,1,0,0,1,0,0,0,5,1,0,false
E:\OOD_Projects\ck-mvn-plugin\Bomberman-main\src\Frame\LoginPage.java,Frame.LoginPage$Anonymous4,mouseClicked/1[java.awt.event.MouseEvent],false,211,1,7,0,7,1,2,4,0,0,1,2,0,0,0,0,0,0,2,0,0,0,0,0,0,0,7,1,0,false
E:\OOD_Projects\ck-mvn-plugin\Bomberman-main\src\Frame\LoginPage.java,Frame.LoginPage$Anonymous5,mouseExited/1[java.awt.event.MouseEvent],false,243,0,0,0,0,2,4,6,0,0,1,4,0,0,0,0,0,0,1,1,0,0,1,0,0,0,5,1,0,false
E:\OOD_Projects\ck-mvn-plugin\Bomberman-main\src\Frame\LoginPage.java,Frame.LoginPage$Anonymous5,mouseClicked/1[java.awt.event.MouseEvent],false,237,1,7,0,7,1,2,4,0,0,1,2,0,0,0,0,0,0,2,0,0,0,0,0,0,0,7,1,0,false
E:\OOD_Projects\ck-mvn-plugin\Bomberman-main\src\Frame\LoginPage.java,Frame.LoginPage$Anonymous6,actionPerformed/1[java.awt.event.ActionEvent],false,261,3,25,0,25,9,18,73,0,7,1,18,0,0,0,0,3,0,16,4,12,1,4,0,0,0,49,1,0,false
E:\OOD_Projects\ck-mvn-plugin\Bomberman-main\src\Frame\LoginPage.java,Frame.LoginPage$Anonymous7,mouseExited/1[java.awt.event.MouseEvent],false,353,0,0,0,0,2,4,6,0,0,1,4,0,0,0,0,0,0,1,1,0,0,1,0,0,0,6,1,0,false
E:\OOD_Projects\ck-mvn-plugin\Bomberman-main\src\Frame\LoginPage.java,Frame.LoginPage$Anonymous7,mouseClicked/1[java.awt.event.MouseEvent],false,347,1,7,0,7,1,2,4,0,0,1,2,0,0,0,0,0,0,2,0,0,0,0,0,0,0,7,1,0,false
E:\OOD_Projects\ck-mvn-plugin\Bomberman-main\src\Frame\GameLoadPage.java,Frame.GameLoadPage,GameLoadPage/0,true,55,1,4,2,2,1,18,49,0,2,0,18,0,0,0,0,0,8,3,35,6,14,0,1,0,0,49,1,0,true
E:\OOD_Projects\ck-mvn-plugin\Bomberman-main\src\Frame\GameLoadPage.java,Frame.GameLoadPage,main/1[java.lang.String[]],false,39,0,1,0,1,1,1,14,0,0,1,1,0,0,0,0,0,0,0,0,0,0,0,1,0,0,13,9,0,true
E:\OOD_Projects\ck-mvn-plugin\Bomberman-main\src\Frame\ChatRoomPage.java,Frame.ChatRoomPage,ChatRoomPage/0,true,56,2,8,2,6,1,32,150,0,11,0,32,0,0,0,0,0,2,22,130,16,8,0,6,0,0,66,1,0,true
E:\OOD_Projects\ck-mvn-plugin\Bomberman-main\src\Frame\ChatRoomPage.java,Frame.ChatRoomPage,main/1[java.lang.String[]],false,40,0,1,0,1,1,1,14,0,0,1,1,0,0,0,0,0,0,0,0,0,0,0,1,0,0,13,9,0,true
E:\OOD_Projects\ck-mvn-plugin\Bomberman-main\src\Frame\LoadPage.java,Frame.LoadPage$Anonymous1,run/0,false,27,1,22,0,22,2,2,9,0,1,0,2,0,0,0,0,1,0,0,0,1,0,1,0,0,0,7,1,0,false
E:\OOD_Projects\ck-mvn-plugin\Bomberman-main\src\Frame\LoadPage.java,Frame.LoadPage$Anonymous2,actionPerformed/1[java.awt.event.ActionEvent],false,72,1,25,0,25,2,4,11,0,1,1,4,0,0,0,1,0,0,0,1,2,0,1,0,0,0,11,1,0,false
E:\OOD_Projects\ck-mvn-plugin\Bomberman-main\src\Frame\SinglePlayPage.java,Frame.SinglePlayPage,keyTyped/1[java.awt.event.KeyEvent],false,511,0,0,0,0,1,0,2,0,0,1,0,0,0,0,0,0,0,0,0,0,0,0,0,0,0,5,1,0,false
E:\OOD_Projects\ck-mvn-plugin\Bomberman-main\src\Frame\SinglePlayPage.java,Frame.SinglePlayPage,SinglePlayPage/0,true,83,5,9,2,7,29,34,367,0,34,0,34,0,0,5,0,0,27,63,159,70,31,3,3,0,0,108,1,0,true
E:\OOD_Projects\ck-mvn-plugin\Bomberman-main\src\Frame\SinglePlayPage.java,Frame.SinglePlayPage,keyPressed/1[java.awt.event.KeyEvent],false,464,1,5,0,5,16,8,43,0,1,1,8,0,0,0,4,0,0,0,9,1,4,3,0,0,0,9,1,0,false
E:\OOD_Projects\ck-mvn-plugin\Bomberman-main\src\Frame\SinglePlayPage.java,Frame.SinglePlayPage,main/1[java.lang.String[]],false,67,0,1,0,1,1,1,14,0,0,1,1,0,0,0,0,0,0,0,0,0,0,0,1,0,0,13,9,0,true
E:\OOD_Projects\ck-mvn-plugin\Bomberman-main\src\Frame\SinglePlayPage.java,Frame.SinglePlayPage,keyReleased/1[java.awt.event.KeyEvent],false,506,0,0,0,0,1,0,2,0,0,1,0,0,0,0,0,0,0,0,0,0,0,0,0,0,0,5,1,0,false
E:\OOD_Projects\ck-mvn-plugin\Bomberman-main\src\Frame\MultyPlayPage.java,Frame.MultyPlayPage,keyTyped/1[java.awt.event.KeyEvent],false,751,0,0,0,0,1,0,2,0,0,1,0,0,0,0,0,0,0,0,0,0,0,0,0,0,0,5,1,0,false
E:\OOD_Projects\ck-mvn-plugin\Bomberman-main\src\Frame\MultyPlayPage.java,Frame.MultyPlayPage,main/1[java.lang.String[]],false,81,0,1,0,1,1,1,14,0,0,1,1,0,0,0,0,0,0,0,0,0,0,0,1,0,0,13,9,0,true
E:\OOD_Projects\ck-mvn-plugin\Bomberman-main\src\Frame\MultyPlayPage.java,Frame.MultyPlayPage,MultyPlayPage/0,true,97,3,7,2,5,4,30,640,0,17,0,30,0,0,2,0,0,3,29,140,35,8,2,3,0,0,129,1,0,true
E:\OOD_Projects\ck-mvn-plugin\Bomberman-main\src\Frame\MultyPlayPage.java,Frame.MultyPlayPage,keyReleased/1[java.awt.event.KeyEvent],false,745,0,0,0,0,1,0,2,0,0,1,0,0,0,0,0,0,0,0,0,0,0,0,0,0,0,5,1,0,false
E:\OOD_Projects\ck-mvn-plugin\Bomberman-main\src\Frame\MultyPlayPage.java,Frame.MultyPlayPage,keyPressed/1[java.awt.event.KeyEvent],false,700,2,6,0,6,14,8,42,0,1,1,8,0,0,0,4,0,0,12,12,1,12,2,0,0,0,11,1,0,false
E:\OOD_Projects\ck-mvn-plugin\Bomberman-main\src\Frame\MainPage.java,Frame.MainPage$Anonymous1,run/0,false,62,1,22,0,22,2,2,9,0,1,0,2,0,0,0,0,1,0,0,0,1,0,1,0,0,0,7,1,0,false
E:\OOD_Projects\ck-mvn-plugin\Bomberman-main\src\Frame\ChatRoomPage.java,Frame.ChatRoomPage$Anonymous1,run/0,false,42,1,22,0,22,2,2,9,0,1,0,2,0,0,0,0,1,0,0,0,1,0,1,0,0,0,8,1,0,false
E:\OOD_Projects\ck-mvn-plugin\Bomberman-main\src\Frame\ChatRoomPage.java,Frame.ChatRoomPage$Anonymous3,actionPerformed/1[java.awt.event.ActionEvent],false,135,2,25,0,25,1,3,6,0,1,1,3,0,0,0,0,0,0,1,0,1,0,0,0,0,0,12,1,0,false
E:\OOD_Projects\ck-mvn-plugin\Bomberman-main\src\Frame\ChatRoomPage.java,Frame.ChatRoomPage$Anonymous2,actionPerformed/1[java.awt.event.ActionEvent],false,87,0,25,0,25,2,2,12,0,0,1,2,0,0,0,0,0,0,2,6,2,0,1,0,0,0,8,1,0,false
E:\OOD_Projects\ck-mvn-plugin\Bomberman-main\src\Frame\ChatRoomPage.java,Frame.ChatRoomPage$Anonymous5,actionPerformed/1[java.awt.event.ActionEvent],false,167,1,25,0,25,1,1,3,0,0,1,1,0,0,0,0,0,0,1,0,0,0,0,0,0,0,7,1,0,false
E:\OOD_Projects\ck-mvn-plugin\Bomberman-main\src\Frame\ChatRoomPage.java,Frame.ChatRoomPage$Anonymous4,actionPerformed/1[java.awt.event.ActionEvent],false,151,2,25,0,25,1,3,6,0,1,1,3,0,0,0,0,0,0,1,0,1,0,0,0,0,0,12,1,0,false
E:\OOD_Projects\ck-mvn-plugin\Bomberman-main\src\Frame\ChatRoomPage.java,Frame.ChatRoomPage$Anonymous7,actionPerformed/1[java.awt.event.ActionEvent],false,199,1,25,0,25,1,2,4,0,0,1,2,0,0,0,0,0,0,1,1,0,0,0,0,0,0,7,1,0,false
E:\OOD_Projects\ck-mvn-plugin\Bomberman-main\src\Frame\ChatRoomPage.java,Frame.ChatRoomPage$Anonymous6,actionPerformed/1[java.awt.event.ActionEvent],false,181,2,25,0,25,1,5,8,0,1,1,5,0,0,0,0,0,0,2,0,1,0,0,0,0,0,12,1,0,false
E:\OOD_Projects\ck-mvn-plugin\Bomberman-main\src\Frame\MultyPlayPage.java,Frame.MultyPlayPage$Anonymous4,mouseClicked/1[java.awt.event.MouseEvent],false,550,2,7,0,7,1,3,6,0,1,1,3,0,0,0,0,0,0,1,0,1,0,0,0,0,0,12,1,0,false
E:\OOD_Projects\ck-mvn-plugin\Bomberman-main\src\Frame\MainPage.java,Frame.MainPage,MainPage/0,true,76,3,10,3,7,2,34,238,0,11,0,34,0,0,0,0,0,27,25,177,21,58,1,9,0,0,96,1,0,true
E:\OOD_Projects\ck-mvn-plugin\Bomberman-main\src\Frame\MainPage.java,Frame.MainPage,main/1[java.lang.String[]],false,60,0,1,0,1,1,1,14,0,0,1,1,0,0,0,0,0,0,0,0,0,0,0,1,0,0,12,9,0,true
E:\OOD_Projects\ck-mvn-plugin\Bomberman-main\src\Game\Block.java,Game.Block,destroy/0,false,14,0,0,0,0,1,0,2,0,0,0,0,0,0,0,0,0,0,0,0,0,0,0,0,0,0,1,1,0,false
E:\OOD_Projects\ck-mvn-plugin\Bomberman-main\src\Game\Block.java,Game.Block,Block/0,true,7,0,0,0,0,1,0,2,0,0,0,0,0,0,0,0,0,0,0,0,0,0,0,0,0,0,1,1,0,false
E:\OOD_Projects\ck-mvn-plugin\Bomberman-main\src\Game\Block.java,Game.Block,Block/1[java.lang.String],true,10,0,0,0,0,1,0,3,0,0,1,0,0,0,0,0,0,0,0,0,1,0,0,0,0,0,2,1,0,false
E:\OOD_Projects\ck-mvn-plugin\Bomberman-main\src\Game\Field.java,Game.Field$randomItemsDistribution,"random/2[int,int]",false,117,0,1,1,0,1,1,4,1,1,2,1,0,0,0,0,0,3,0,1,1,4,0,0,0,0,4,1,0,false
E:\OOD_Projects\ck-mvn-plugin\Bomberman-main\src\Game\Field.java,Game.Field$randomItemsDistribution,run/0,false,122,2,2,0,2,13,7,30,0,3,0,7,1,1,2,3,1,8,11,16,6,10,2,0,0,0,11,1,0,false
E:\OOD_Projects\ck-mvn-plugin\Bomberman-main\src\Game\Field.java,Game.Field$randomItemsDistribution,randomItemsDistribution/0,true,114,0,1,1,0,1,0,2,0,0,0,0,0,0,0,0,0,0,0,0,0,0,0,0,0,0,3,1,0,false
E:\OOD_Projects\ck-mvn-plugin\Bomberman-main\src\Frame\IntroPage.java,Frame.IntroPage$Anonymous2,run/0,false,48,1,22,0,22,2,5,12,0,1,0,5,0,0,0,0,1,0,0,1,1,0,1,0,0,0,9,1,0,false
E:\OOD_Projects\ck-mvn-plugin\Bomberman-main\src\Frame\IntroPage.java,Frame.IntroPage$Anonymous1,run/0,false,31,1,22,0,22,2,2,9,0,1,0,2,0,0,0,0,1,0,0,0,1,0,1,0,0,0,7,1,0,false
E:\OOD_Projects\ck-mvn-plugin\Bomberman-main\src\Game\Item.java,Game.Item,"Item/4[int,int,boolean,java.lang.String]",true,27,1,2,1,1,2,1,13,0,0,4,1,0,0,0,0,1,0,1,1,6,0,1,0,0,0,12,1,0,false
E:\OOD_Projects\ck-mvn-plugin\Bomberman-main\src\Game\Item.java,Game.Item,"Item/3[int,int,java.lang.String]",true,21,0,1,1,0,1,0,5,0,0,3,0,0,0,0,0,0,0,0,0,3,0,0,0,0,0,4,1,0,false
E:\OOD_Projects\ck-mvn-plugin\Bomberman-main\src\Game\Item.java,Game.Item,run/0,false,40,1,1,0,1,17,9,80,0,8,0,9,0,0,0,0,2,0,44,18,22,3,3,0,0,0,15,1,0,false
E:\OOD_Projects\ck-mvn-plugin\Bomberman-main\src\Frame\LoadPage.java,Frame.LoadPage,LoadPage/0,true,41,1,2,1,1,1,1,3,0,0,0,1,1,1,0,0,0,0,0,0,0,0,0,0,0,0,5,1,0,true
E:\OOD_Projects\ck-mvn-plugin\Bomberman-main\src\Frame\LoadPage.java,Frame.LoadPage,main/1[java.lang.String[]],false,25,0,1,0,1,1,1,14,0,0,1,1,0,0,0,0,0,0,0,0,0,0,0,1,0,0,12,9,0,true
E:\OOD_Projects\ck-mvn-plugin\Bomberman-main\src\Frame\LoadPage.java,Frame.LoadPage,initialize/0,false,48,0,2,1,1,2,17,38,0,4,0,17,0,0,0,0,0,0,2,18,5,0,1,1,0,0,33,2,0,true
