file,class,method,variable,usage
E:\OOD_Projects\ck-mvn-plugin\Bomberman-main\src\Frame\MultyPlayerSettingPage.java,Frame.MultyPlayerSettingPage$Anonymous2,mouseClicked/1[java.awt.event.MouseEvent],arg0,0
E:\OOD_Projects\ck-mvn-plugin\Bomberman-main\src\Frame\MultyPlayerSettingPage.java,Frame.MultyPlayerSettingPage$Anonymous2,mouseClicked/1[java.awt.event.MouseEvent],mpa,1
E:\OOD_Projects\ck-mvn-plugin\Bomberman-main\src\Server\Server.java,Server.Server,runServer/0,e,5
E:\OOD_Projects\ck-mvn-plugin\Bomberman-main\src\Server\Server.java,Server.Server,runServer/0,listener,3
E:\OOD_Projects\ck-mvn-plugin\Bomberman-main\src\Server\Server.java,Server.Server,main/1[java.lang.String[]],args,0
E:\OOD_Projects\ck-mvn-plugin\Bomberman-main\src\Frame\MultyPlayerSettingPage.java,Frame.MultyPlayerSettingPage$Anonymous1,run/0,e,1
E:\OOD_Projects\ck-mvn-plugin\Bomberman-main\src\Frame\MultyPlayerSettingPage.java,Frame.MultyPlayerSettingPage$Anonymous1,run/0,frame,1
E:\OOD_Projects\ck-mvn-plugin\Bomberman-main\src\Frame\ProfilePage.java,Frame.ProfilePage,main/1[java.lang.String[]],args,0
E:\OOD_Projects\ck-mvn-plugin\Bomberman-main\src\Frame\ProfilePage.java,Frame.ProfilePage,ProfilePage/0,iconLogo,1
E:\OOD_Projects\ck-mvn-plugin\Bomberman-main\src\Frame\ProfilePage.java,Frame.ProfilePage,ProfilePage/0,showEmail,5
E:\OOD_Projects\ck-mvn-plugin\Bomberman-main\src\Frame\ProfilePage.java,Frame.ProfilePage,ProfilePage/0,edit,7
E:\OOD_Projects\ck-mvn-plugin\Bomberman-main\src\Frame\ProfilePage.java,Frame.ProfilePage,ProfilePage/0,profilePic,3
E:\OOD_Projects\ck-mvn-plugin\Bomberman-main\src\Frame\ProfilePage.java,Frame.ProfilePage,ProfilePage/0,profile,7
E:\OOD_Projects\ck-mvn-plugin\Bomberman-main\src\Frame\ProfilePage.java,Frame.ProfilePage,ProfilePage/0,showScore,5
E:\OOD_Projects\ck-mvn-plugin\Bomberman-main\src\Frame\ProfilePage.java,Frame.ProfilePage,ProfilePage/0,logoScore,4
E:\OOD_Projects\ck-mvn-plugin\Bomberman-main\src\Frame\ProfilePage.java,Frame.ProfilePage,ProfilePage/0,pic,1
E:\OOD_Projects\ck-mvn-plugin\Bomberman-main\src\Frame\ProfilePage.java,Frame.ProfilePage,ProfilePage/0,picture,1
E:\OOD_Projects\ck-mvn-plugin\Bomberman-main\src\Frame\ProfilePage.java,Frame.ProfilePage,ProfilePage/0,exit,7
E:\OOD_Projects\ck-mvn-plugin\Bomberman-main\src\Frame\ProfilePage.java,Frame.ProfilePage,ProfilePage/0,logout,7
E:\OOD_Projects\ck-mvn-plugin\Bomberman-main\src\Frame\ProfilePage.java,Frame.ProfilePage,ProfilePage/0,showUsername,5
E:\OOD_Projects\ck-mvn-plugin\Bomberman-main\src\Frame\ProfilePage.java,Frame.ProfilePage,ProfilePage/0,backGround,3
E:\OOD_Projects\ck-mvn-plugin\Bomberman-main\src\Frame\ProfilePage.java,Frame.ProfilePage,ProfilePage/0,mainPage,7
E:\OOD_Projects\ck-mvn-plugin\Bomberman-main\src\Frame\ProfilePage.java,Frame.ProfilePage,ProfilePage/0,logoPic,3
E:\OOD_Projects\ck-mvn-plugin\Bomberman-main\src\Frame\ProfilePage.java,Frame.ProfilePage,ProfilePage/0,chat,7
E:\OOD_Projects\ck-mvn-plugin\Bomberman-main\src\Frame\ProfilePage.java,Frame.ProfilePage,ProfilePage/0,logoUsername,4
E:\OOD_Projects\ck-mvn-plugin\Bomberman-main\src\Frame\ProfilePage.java,Frame.ProfilePage,ProfilePage/0,progressBar,6
E:\OOD_Projects\ck-mvn-plugin\Bomberman-main\src\Frame\ProfilePage.java,Frame.ProfilePage,ProfilePage/0,onlineOffline,7
E:\OOD_Projects\ck-mvn-plugin\Bomberman-main\src\Frame\ProfilePage.java,Frame.ProfilePage,ProfilePage/0,logoEmail,4
E:\OOD_Projects\ck-mvn-plugin\Bomberman-main\src\Player\PlayerQuery.java,Player.PlayerQuery,players/0,st,2
E:\OOD_Projects\ck-mvn-plugin\Bomberman-main\src\Player\PlayerQuery.java,Player.PlayerQuery,players/0,rs,10
E:\OOD_Projects\ck-mvn-plugin\Bomberman-main\src\Player\PlayerQuery.java,Player.PlayerQuery,players/0,plist,2
E:\OOD_Projects\ck-mvn-plugin\Bomberman-main\src\Player\PlayerQuery.java,Player.PlayerQuery,players/0,con,1
E:\OOD_Projects\ck-mvn-plugin\Bomberman-main\src\Player\PlayerQuery.java,Player.PlayerQuery,players/0,e,0
E:\OOD_Projects\ck-mvn-plugin\Bomberman-main\src\Player\PlayerQuery.java,Player.PlayerQuery,players/0,player,2
E:\OOD_Projects\ck-mvn-plugin\Bomberman-main\src\Player\PlayerQuery.java,Player.PlayerQuery,addPlayer/1[Player.Player],con,1
E:\OOD_Projects\ck-mvn-plugin\Bomberman-main\src\Player\PlayerQuery.java,Player.PlayerQuery,addPlayer/1[Player.Player],ps,9
E:\OOD_Projects\ck-mvn-plugin\Bomberman-main\src\Player\PlayerQuery.java,Player.PlayerQuery,addPlayer/1[Player.Player],e,1
E:\OOD_Projects\ck-mvn-plugin\Bomberman-main\src\Player\PlayerQuery.java,Player.PlayerQuery,addPlayer/1[Player.Player],player,7
E:\OOD_Projects\ck-mvn-plugin\Bomberman-main\src\Player\PlayerQuery.java,Player.PlayerQuery,"updatePlayer/4[Player.Player,boolean,boolean,boolean]",updateQuery,8
E:\OOD_Projects\ck-mvn-plugin\Bomberman-main\src\Player\PlayerQuery.java,Player.PlayerQuery,"updatePlayer/4[Player.Player,boolean,boolean,boolean]",con,4
E:\OOD_Projects\ck-mvn-plugin\Bomberman-main\src\Player\PlayerQuery.java,Player.PlayerQuery,"updatePlayer/4[Player.Player,boolean,boolean,boolean]",ps,28
E:\OOD_Projects\ck-mvn-plugin\Bomberman-main\src\Player\PlayerQuery.java,Player.PlayerQuery,"updatePlayer/4[Player.Player,boolean,boolean,boolean]",e,7
E:\OOD_Projects\ck-mvn-plugin\Bomberman-main\src\Player\PlayerQuery.java,Player.PlayerQuery,"updatePlayer/4[Player.Player,boolean,boolean,boolean]",withImage,1
E:\OOD_Projects\ck-mvn-plugin\Bomberman-main\src\Player\PlayerQuery.java,Player.PlayerQuery,"updatePlayer/4[Player.Player,boolean,boolean,boolean]",withPass,2
E:\OOD_Projects\ck-mvn-plugin\Bomberman-main\src\Player\PlayerQuery.java,Player.PlayerQuery,"updatePlayer/4[Player.Player,boolean,boolean,boolean]",message,8
E:\OOD_Projects\ck-mvn-plugin\Bomberman-main\src\Player\PlayerQuery.java,Player.PlayerQuery,"updatePlayer/4[Player.Player,boolean,boolean,boolean]",player,16
E:\OOD_Projects\ck-mvn-plugin\Bomberman-main\src\Frame\MultyPlayerSettingPage.java,Frame.MultyPlayerSettingPage$Anonymous5,actionPerformed/1[java.awt.event.ActionEvent],p,1
E:\OOD_Projects\ck-mvn-plugin\Bomberman-main\src\Frame\MultyPlayerSettingPage.java,Frame.MultyPlayerSettingPage$Anonymous5,actionPerformed/1[java.awt.event.ActionEvent],names,4
E:\OOD_Projects\ck-mvn-plugin\Bomberman-main\src\Frame\MultyPlayerSettingPage.java,Frame.MultyPlayerSettingPage$Anonymous5,actionPerformed/1[java.awt.event.ActionEvent],name,2
E:\OOD_Projects\ck-mvn-plugin\Bomberman-main\src\Frame\MultyPlayerSettingPage.java,Frame.MultyPlayerSettingPage$Anonymous5,actionPerformed/1[java.awt.event.ActionEvent],k,8
E:\OOD_Projects\ck-mvn-plugin\Bomberman-main\src\Frame\MultyPlayerSettingPage.java,Frame.MultyPlayerSettingPage$Anonymous5,actionPerformed/1[java.awt.event.ActionEvent],event,2
E:\OOD_Projects\ck-mvn-plugin\Bomberman-main\src\Frame\MultyPlayerSettingPage.java,Frame.MultyPlayerSettingPage$Anonymous5,actionPerformed/1[java.awt.event.ActionEvent],message,7
E:\OOD_Projects\ck-mvn-plugin\Bomberman-main\src\Frame\MultyPlayerSettingPage.java,Frame.MultyPlayerSettingPage$Anonymous5,actionPerformed/1[java.awt.event.ActionEvent],mpp,13
E:\OOD_Projects\ck-mvn-plugin\Bomberman-main\src\Frame\MultyPlayerSettingPage.java,Frame.MultyPlayerSettingPage$Anonymous4,mouseClicked/1[java.awt.event.MouseEvent],line,2
E:\OOD_Projects\ck-mvn-plugin\Bomberman-main\src\Frame\MultyPlayerSettingPage.java,Frame.MultyPlayerSettingPage$Anonymous4,mouseClicked/1[java.awt.event.MouseEvent],arg0,0
E:\OOD_Projects\ck-mvn-plugin\Bomberman-main\src\Frame\MultyPlayerSettingPage.java,Frame.MultyPlayerSettingPage$Anonymous4,mouseClicked/1[java.awt.event.MouseEvent],host,3
E:\OOD_Projects\ck-mvn-plugin\Bomberman-main\src\Frame\MultyPlayerSettingPage.java,Frame.MultyPlayerSettingPage$Anonymous4,mouseClicked/1[java.awt.event.MouseEvent],i,9
E:\OOD_Projects\ck-mvn-plugin\Bomberman-main\src\Client\Client.java,Client.Client,Client/1[java.net.Socket],s,1
E:\OOD_Projects\ck-mvn-plugin\Bomberman-main\src\Client\Client.java,Client.Client,run/0,e,1
E:\OOD_Projects\ck-mvn-plugin\Bomberman-main\src\Client\Client.java,Client.Client,giveFromServer/0,e,1
E:\OOD_Projects\ck-mvn-plugin\Bomberman-main\src\Client\Client.java,Client.Client,giveFromServer/0,message,2
E:\OOD_Projects\ck-mvn-plugin\Bomberman-main\src\Client\Client.java,Client.Client,sendToServer/1[java.lang.String],message,1
E:\OOD_Projects\ck-mvn-plugin\Bomberman-main\src\Frame\MultyPlayerSettingPage.java,Frame.MultyPlayerSettingPage$Anonymous3,actionPerformed/1[java.awt.event.ActionEvent],arg0,0
E:\OOD_Projects\ck-mvn-plugin\Bomberman-main\src\Frame\MultyPlayerSettingPage.java,Frame.MultyPlayerSettingPage$Anonymous3,actionPerformed/1[java.awt.event.ActionEvent],mpp,1
E:\OOD_Projects\ck-mvn-plugin\Bomberman-main\src\Game\Field.java,Game.Field$randomItemsDistributionOnline,run/0,rand,6
E:\OOD_Projects\ck-mvn-plugin\Bomberman-main\src\Game\Field.java,Game.Field$randomItemsDistributionOnline,run/0,e,1
E:\OOD_Projects\ck-mvn-plugin\Bomberman-main\src\Game\Field.java,Game.Field$randomItemsDistributionOnline,run/0,x,22
E:\OOD_Projects\ck-mvn-plugin\Bomberman-main\src\Game\Field.java,Game.Field$randomItemsDistributionOnline,run/0,y,22
E:\OOD_Projects\ck-mvn-plugin\Bomberman-main\src\Game\Field.java,Game.Field$randomItemsDistributionOnline,"random/2[int,int]",rand,1
E:\OOD_Projects\ck-mvn-plugin\Bomberman-main\src\Game\Field.java,Game.Field$randomItemsDistributionOnline,"random/2[int,int]",min,2
E:\OOD_Projects\ck-mvn-plugin\Bomberman-main\src\Game\Field.java,Game.Field$randomItemsDistributionOnline,"random/2[int,int]",max,1
E:\OOD_Projects\ck-mvn-plugin\Bomberman-main\src\Player\Player.java,Player.Player,setHighScore/1[double],highScore,2
E:\OOD_Projects\ck-mvn-plugin\Bomberman-main\src\Player\Player.java,Player.Player,setPic/1[byte[]],pic,2
E:\OOD_Projects\ck-mvn-plugin\Bomberman-main\src\Player\Player.java,Player.Player,setPassWord/1[java.lang.String],passWord,2
E:\OOD_Projects\ck-mvn-plugin\Bomberman-main\src\Player\Player.java,Player.Player,setUserName/1[java.lang.String],userName,2
E:\OOD_Projects\ck-mvn-plugin\Bomberman-main\src\Player\Player.java,Player.Player,setEmail/1[java.lang.String],email,2
E:\OOD_Projects\ck-mvn-plugin\Bomberman-main\src\Player\Player.java,Player.Player,"Player/8[java.lang.Integer,java.lang.String,java.lang.String,java.lang.String,byte[],double,int,double]",passWord,2
E:\OOD_Projects\ck-mvn-plugin\Bomberman-main\src\Player\Player.java,Player.Player,"Player/8[java.lang.Integer,java.lang.String,java.lang.String,java.lang.String,byte[],double,int,double]",highScore,2
E:\OOD_Projects\ck-mvn-plugin\Bomberman-main\src\Player\Player.java,Player.Player,"Player/8[java.lang.Integer,java.lang.String,java.lang.String,java.lang.String,byte[],double,int,double]",level,2
E:\OOD_Projects\ck-mvn-plugin\Bomberman-main\src\Player\Player.java,Player.Player,"Player/8[java.lang.Integer,java.lang.String,java.lang.String,java.lang.String,byte[],double,int,double]",xp,2
E:\OOD_Projects\ck-mvn-plugin\Bomberman-main\src\Player\Player.java,Player.Player,"Player/8[java.lang.Integer,java.lang.String,java.lang.String,java.lang.String,byte[],double,int,double]",id,2
E:\OOD_Projects\ck-mvn-plugin\Bomberman-main\src\Player\Player.java,Player.Player,"Player/8[java.lang.Integer,java.lang.String,java.lang.String,java.lang.String,byte[],double,int,double]",pic,2
E:\OOD_Projects\ck-mvn-plugin\Bomberman-main\src\Player\Player.java,Player.Player,"Player/8[java.lang.Integer,java.lang.String,java.lang.String,java.lang.String,byte[],double,int,double]",userName,2
E:\OOD_Projects\ck-mvn-plugin\Bomberman-main\src\Player\Player.java,Player.Player,"Player/8[java.lang.Integer,java.lang.String,java.lang.String,java.lang.String,byte[],double,int,double]",email,2
E:\OOD_Projects\ck-mvn-plugin\Bomberman-main\src\Player\Player.java,Player.Player,setId/1[java.lang.Integer],id,2
E:\OOD_Projects\ck-mvn-plugin\Bomberman-main\src\Player\Player.java,Player.Player,setXp/1[double],xp,2
E:\OOD_Projects\ck-mvn-plugin\Bomberman-main\src\Player\Player.java,Player.Player,setLevel/1[int],level,2
E:\OOD_Projects\ck-mvn-plugin\Bomberman-main\src\Game\Ghost.java,Game.Ghost,Ghost/1[int],num,3
E:\OOD_Projects\ck-mvn-plugin\Bomberman-main\src\Game\Ghost.java,Game.Ghost,Ghost/1[int],x,10
E:\OOD_Projects\ck-mvn-plugin\Bomberman-main\src\Game\Ghost.java,Game.Ghost,Ghost/1[int],i,3
E:\OOD_Projects\ck-mvn-plugin\Bomberman-main\src\Game\Ghost.java,Game.Ghost,Ghost/1[int],y,10
E:\OOD_Projects\ck-mvn-plugin\Bomberman-main\src\Game\Ghost.java,Game.Ghost,"random/2[int,int]",rand,1
E:\OOD_Projects\ck-mvn-plugin\Bomberman-main\src\Game\Ghost.java,Game.Ghost,"random/2[int,int]",min,2
E:\OOD_Projects\ck-mvn-plugin\Bomberman-main\src\Game\Ghost.java,Game.Ghost,"random/2[int,int]",max,1
E:\OOD_Projects\ck-mvn-plugin\Bomberman-main\src\Frame\SinglePlayerSettingPage.java,Frame.SinglePlayerSettingPage,main/1[java.lang.String[]],args,0
E:\OOD_Projects\ck-mvn-plugin\Bomberman-main\src\Frame\SinglePlayerSettingPage.java,Frame.SinglePlayerSettingPage,SinglePlayerSettingPage/0,mode,5
E:\OOD_Projects\ck-mvn-plugin\Bomberman-main\src\Frame\SinglePlayerSettingPage.java,Frame.SinglePlayerSettingPage,SinglePlayerSettingPage/0,normal,4
E:\OOD_Projects\ck-mvn-plugin\Bomberman-main\src\Frame\SinglePlayerSettingPage.java,Frame.SinglePlayerSettingPage,SinglePlayerSettingPage/0,backGround,3
E:\OOD_Projects\ck-mvn-plugin\Bomberman-main\src\Frame\SinglePlayerSettingPage.java,Frame.SinglePlayerSettingPage,SinglePlayerSettingPage/0,iconLogo,1
E:\OOD_Projects\ck-mvn-plugin\Bomberman-main\src\Frame\SinglePlayerSettingPage.java,Frame.SinglePlayerSettingPage,SinglePlayerSettingPage/0,eazy,5
E:\OOD_Projects\ck-mvn-plugin\Bomberman-main\src\Frame\SinglePlayerSettingPage.java,Frame.SinglePlayerSettingPage,SinglePlayerSettingPage/0,profilePic,3
E:\OOD_Projects\ck-mvn-plugin\Bomberman-main\src\Frame\SinglePlayerSettingPage.java,Frame.SinglePlayerSettingPage,SinglePlayerSettingPage/0,back,5
E:\OOD_Projects\ck-mvn-plugin\Bomberman-main\src\Frame\SinglePlayerSettingPage.java,Frame.SinglePlayerSettingPage,SinglePlayerSettingPage/0,pic,1
E:\OOD_Projects\ck-mvn-plugin\Bomberman-main\src\Frame\SinglePlayerSettingPage.java,Frame.SinglePlayerSettingPage,SinglePlayerSettingPage/0,hard,5
E:\OOD_Projects\ck-mvn-plugin\Bomberman-main\src\Frame\SinglePlayerSettingPage.java,Frame.SinglePlayerSettingPage,SinglePlayerSettingPage/0,hardMode,5
E:\OOD_Projects\ck-mvn-plugin\Bomberman-main\src\Frame\SinglePlayerSettingPage.java,Frame.SinglePlayerSettingPage,SinglePlayerSettingPage/0,eazyMode,5
E:\OOD_Projects\ck-mvn-plugin\Bomberman-main\src\Frame\SinglePlayerSettingPage.java,Frame.SinglePlayerSettingPage,SinglePlayerSettingPage/0,normalMode,5
E:\OOD_Projects\ck-mvn-plugin\Bomberman-main\src\Frame\GameLoadPage.java,Frame.GameLoadPage$Anonymous1,run/0,e,1
E:\OOD_Projects\ck-mvn-plugin\Bomberman-main\src\Frame\GameLoadPage.java,Frame.GameLoadPage$Anonymous1,run/0,frame,1
E:\OOD_Projects\ck-mvn-plugin\Bomberman-main\src\Frame\GameLoadPage.java,Frame.GameLoadPage$Anonymous2,actionPerformed/1[java.awt.event.ActionEvent],spp,1
E:\OOD_Projects\ck-mvn-plugin\Bomberman-main\src\Frame\GameLoadPage.java,Frame.GameLoadPage$Anonymous2,actionPerformed/1[java.awt.event.ActionEvent],e,0
E:\OOD_Projects\ck-mvn-plugin\Bomberman-main\src\Frame\EditProfilePage.java,Frame.EditProfilePage$Anonymous1,run/0,e,1
E:\OOD_Projects\ck-mvn-plugin\Bomberman-main\src\Frame\EditProfilePage.java,Frame.EditProfilePage$Anonymous1,run/0,frame,1
E:\OOD_Projects\ck-mvn-plugin\Bomberman-main\src\Frame\EditProfilePage.java,Frame.EditProfilePage$Anonymous5,actionPerformed/1[java.awt.event.ActionEvent],crp,1
E:\OOD_Projects\ck-mvn-plugin\Bomberman-main\src\Frame\EditProfilePage.java,Frame.EditProfilePage$Anonymous5,actionPerformed/1[java.awt.event.ActionEvent],arg0,0
E:\OOD_Projects\ck-mvn-plugin\Bomberman-main\src\Frame\EditProfilePage.java,Frame.EditProfilePage$Anonymous4,actionPerformed/1[java.awt.event.ActionEvent],pp,1
E:\OOD_Projects\ck-mvn-plugin\Bomberman-main\src\Frame\EditProfilePage.java,Frame.EditProfilePage$Anonymous4,actionPerformed/1[java.awt.event.ActionEvent],arg0,0
E:\OOD_Projects\ck-mvn-plugin\Bomberman-main\src\Frame\EditProfilePage.java,Frame.EditProfilePage$Anonymous3,actionPerformed/1[java.awt.event.ActionEvent],mp,1
E:\OOD_Projects\ck-mvn-plugin\Bomberman-main\src\Frame\EditProfilePage.java,Frame.EditProfilePage$Anonymous3,actionPerformed/1[java.awt.event.ActionEvent],arg0,0
E:\OOD_Projects\ck-mvn-plugin\Bomberman-main\src\Frame\EditProfilePage.java,Frame.EditProfilePage$Anonymous2,actionPerformed/1[java.awt.event.ActionEvent],arg0,0
E:\OOD_Projects\ck-mvn-plugin\Bomberman-main\src\Frame\EditProfilePage.java,Frame.EditProfilePage$Anonymous9,actionPerformed/1[java.awt.event.ActionEvent],pp,1
E:\OOD_Projects\ck-mvn-plugin\Bomberman-main\src\Frame\EditProfilePage.java,Frame.EditProfilePage$Anonymous9,actionPerformed/1[java.awt.event.ActionEvent],rs,3
E:\OOD_Projects\ck-mvn-plugin\Bomberman-main\src\Frame\EditProfilePage.java,Frame.EditProfilePage$Anonymous9,actionPerformed/1[java.awt.event.ActionEvent],img,3
E:\OOD_Projects\ck-mvn-plugin\Bomberman-main\src\Frame\EditProfilePage.java,Frame.EditProfilePage$Anonymous9,actionPerformed/1[java.awt.event.ActionEvent],con,1
E:\OOD_Projects\ck-mvn-plugin\Bomberman-main\src\Frame\EditProfilePage.java,Frame.EditProfilePage$Anonymous9,actionPerformed/1[java.awt.event.ActionEvent],ps,3
E:\OOD_Projects\ck-mvn-plugin\Bomberman-main\src\Frame\EditProfilePage.java,Frame.EditProfilePage$Anonymous9,actionPerformed/1[java.awt.event.ActionEvent],origPass,3
E:\OOD_Projects\ck-mvn-plugin\Bomberman-main\src\Frame\EditProfilePage.java,Frame.EditProfilePage$Anonymous9,actionPerformed/1[java.awt.event.ActionEvent],e,7
E:\OOD_Projects\ck-mvn-plugin\Bomberman-main\src\Frame\EditProfilePage.java,Frame.EditProfilePage$Anonymous9,actionPerformed/1[java.awt.event.ActionEvent],pth,1
E:\OOD_Projects\ck-mvn-plugin\Bomberman-main\src\Frame\EditProfilePage.java,Frame.EditProfilePage$Anonymous9,actionPerformed/1[java.awt.event.ActionEvent],arg0,0
E:\OOD_Projects\ck-mvn-plugin\Bomberman-main\src\Frame\EditProfilePage.java,Frame.EditProfilePage$Anonymous9,actionPerformed/1[java.awt.event.ActionEvent],player,7
E:\OOD_Projects\ck-mvn-plugin\Bomberman-main\src\Frame\ProfilePage.java,Frame.ProfilePage$Anonymous1,run/0,e,1
E:\OOD_Projects\ck-mvn-plugin\Bomberman-main\src\Frame\ProfilePage.java,Frame.ProfilePage$Anonymous1,run/0,frame,1
E:\OOD_Projects\ck-mvn-plugin\Bomberman-main\src\Frame\EditProfilePage.java,Frame.EditProfilePage$Anonymous8,actionPerformed/1[java.awt.event.ActionEvent],arg0,0
E:\OOD_Projects\ck-mvn-plugin\Bomberman-main\src\Frame\EditProfilePage.java,Frame.EditProfilePage$Anonymous8,actionPerformed/1[java.awt.event.ActionEvent],picInserter,1
E:\OOD_Projects\ck-mvn-plugin\Bomberman-main\src\Frame\EditProfilePage.java,Frame.EditProfilePage$Anonymous7,actionPerformed/1[java.awt.event.ActionEvent],arg0,0
E:\OOD_Projects\ck-mvn-plugin\Bomberman-main\src\Frame\ProfilePage.java,Frame.ProfilePage$Anonymous3,actionPerformed/1[java.awt.event.ActionEvent],mp,1
E:\OOD_Projects\ck-mvn-plugin\Bomberman-main\src\Frame\ProfilePage.java,Frame.ProfilePage$Anonymous3,actionPerformed/1[java.awt.event.ActionEvent],arg0,0
E:\OOD_Projects\ck-mvn-plugin\Bomberman-main\src\Frame\EditProfilePage.java,Frame.EditProfilePage$Anonymous6,actionPerformed/1[java.awt.event.ActionEvent],lp,2
E:\OOD_Projects\ck-mvn-plugin\Bomberman-main\src\Frame\EditProfilePage.java,Frame.EditProfilePage$Anonymous6,actionPerformed/1[java.awt.event.ActionEvent],arg0,0
E:\OOD_Projects\ck-mvn-plugin\Bomberman-main\src\Frame\ProfilePage.java,Frame.ProfilePage$Anonymous2,actionPerformed/1[java.awt.event.ActionEvent],arg0,0
E:\OOD_Projects\ck-mvn-plugin\Bomberman-main\src\Frame\ProfilePage.java,Frame.ProfilePage$Anonymous5,actionPerformed/1[java.awt.event.ActionEvent],crp,1
E:\OOD_Projects\ck-mvn-plugin\Bomberman-main\src\Frame\ProfilePage.java,Frame.ProfilePage$Anonymous5,actionPerformed/1[java.awt.event.ActionEvent],arg0,0
E:\OOD_Projects\ck-mvn-plugin\Bomberman-main\src\Frame\ProfilePage.java,Frame.ProfilePage$Anonymous4,actionPerformed/1[java.awt.event.ActionEvent],arg0,0
E:\OOD_Projects\ck-mvn-plugin\Bomberman-main\src\Frame\ProfilePage.java,Frame.ProfilePage$Anonymous7,actionPerformed/1[java.awt.event.ActionEvent],arg0,0
E:\OOD_Projects\ck-mvn-plugin\Bomberman-main\src\Frame\ProfilePage.java,Frame.ProfilePage$Anonymous6,actionPerformed/1[java.awt.event.ActionEvent],lp,2
E:\OOD_Projects\ck-mvn-plugin\Bomberman-main\src\Frame\ProfilePage.java,Frame.ProfilePage$Anonymous6,actionPerformed/1[java.awt.event.ActionEvent],arg0,0
E:\OOD_Projects\ck-mvn-plugin\Bomberman-main\src\Frame\ProfilePage.java,Frame.ProfilePage$Anonymous8,actionPerformed/1[java.awt.event.ActionEvent],epp,1
E:\OOD_Projects\ck-mvn-plugin\Bomberman-main\src\Frame\ProfilePage.java,Frame.ProfilePage$Anonymous8,actionPerformed/1[java.awt.event.ActionEvent],arg0,0
E:\OOD_Projects\ck-mvn-plugin\Bomberman-main\src\Game\Ghost.java,Game.Ghost$Handler,run/0,rand,4
E:\OOD_Projects\ck-mvn-plugin\Bomberman-main\src\Game\Ghost.java,Game.Ghost$Handler,run/0,e,1
E:\OOD_Projects\ck-mvn-plugin\Bomberman-main\src\Game\Ghost.java,Game.Ghost$Handler,"random/2[int,int]",rand,1
E:\OOD_Projects\ck-mvn-plugin\Bomberman-main\src\Game\Ghost.java,Game.Ghost$Handler,"random/2[int,int]",min,2
E:\OOD_Projects\ck-mvn-plugin\Bomberman-main\src\Game\Ghost.java,Game.Ghost$Handler,"random/2[int,int]",max,1
E:\OOD_Projects\ck-mvn-plugin\Bomberman-main\src\Game\Ghost.java,Game.Ghost$Handler,"Handler/3[int,int,int]",firstJ,7
E:\OOD_Projects\ck-mvn-plugin\Bomberman-main\src\Game\Ghost.java,Game.Ghost$Handler,"Handler/3[int,int,int]",firstI,7
E:\OOD_Projects\ck-mvn-plugin\Bomberman-main\src\Game\Ghost.java,Game.Ghost$Handler,"Handler/3[int,int,int]",num,2
E:\OOD_Projects\ck-mvn-plugin\Bomberman-main\src\Frame\MultyPlayerSettingPage.java,Frame.MultyPlayerSettingPage,main/1[java.lang.String[]],args,0
E:\OOD_Projects\ck-mvn-plugin\Bomberman-main\src\Frame\MultyPlayerSettingPage.java,Frame.MultyPlayerSettingPage,MultyPlayerSettingPage/0,iconLogo,1
E:\OOD_Projects\ck-mvn-plugin\Bomberman-main\src\Frame\MultyPlayerSettingPage.java,Frame.MultyPlayerSettingPage,MultyPlayerSettingPage/0,panel1,5
E:\OOD_Projects\ck-mvn-plugin\Bomberman-main\src\Frame\MultyPlayerSettingPage.java,Frame.MultyPlayerSettingPage,MultyPlayerSettingPage/0,profilePic,3
E:\OOD_Projects\ck-mvn-plugin\Bomberman-main\src\Frame\MultyPlayerSettingPage.java,Frame.MultyPlayerSettingPage,MultyPlayerSettingPage/0,start,7
E:\OOD_Projects\ck-mvn-plugin\Bomberman-main\src\Frame\MultyPlayerSettingPage.java,Frame.MultyPlayerSettingPage,MultyPlayerSettingPage/0,back,5
E:\OOD_Projects\ck-mvn-plugin\Bomberman-main\src\Frame\MultyPlayerSettingPage.java,Frame.MultyPlayerSettingPage,MultyPlayerSettingPage/0,i,9
E:\OOD_Projects\ck-mvn-plugin\Bomberman-main\src\Frame\MultyPlayerSettingPage.java,Frame.MultyPlayerSettingPage,MultyPlayerSettingPage/0,hmp,5
E:\OOD_Projects\ck-mvn-plugin\Bomberman-main\src\Frame\MultyPlayerSettingPage.java,Frame.MultyPlayerSettingPage,MultyPlayerSettingPage/0,j,9
E:\OOD_Projects\ck-mvn-plugin\Bomberman-main\src\Frame\MultyPlayerSettingPage.java,Frame.MultyPlayerSettingPage,MultyPlayerSettingPage/0,pic,1
E:\OOD_Projects\ck-mvn-plugin\Bomberman-main\src\Frame\MultyPlayerSettingPage.java,Frame.MultyPlayerSettingPage,MultyPlayerSettingPage/0,hmpf,8
E:\OOD_Projects\ck-mvn-plugin\Bomberman-main\src\Frame\MultyPlayerSettingPage.java,Frame.MultyPlayerSettingPage,MultyPlayerSettingPage/0,mode,5
E:\OOD_Projects\ck-mvn-plugin\Bomberman-main\src\Frame\MultyPlayerSettingPage.java,Frame.MultyPlayerSettingPage,MultyPlayerSettingPage/0,backGround,3
E:\OOD_Projects\ck-mvn-plugin\Bomberman-main\src\Frame\MultyPlayerSettingPage.java,Frame.MultyPlayerSettingPage,MultyPlayerSettingPage/0,client,1
E:\OOD_Projects\ck-mvn-plugin\Bomberman-main\src\Frame\MultyPlayerSettingPage.java,Frame.MultyPlayerSettingPage,MultyPlayerSettingPage/0,warning,5
E:\OOD_Projects\ck-mvn-plugin\Bomberman-main\src\Frame\MultyPlayerSettingPage.java,Frame.MultyPlayerSettingPage,MultyPlayerSettingPage/0,mode1,7
E:\OOD_Projects\ck-mvn-plugin\Bomberman-main\src\Frame\MultyPlayPage.java,Frame.MultyPlayPage$Anonymous1,run/0,e,1
E:\OOD_Projects\ck-mvn-plugin\Bomberman-main\src\Frame\MultyPlayPage.java,Frame.MultyPlayPage$Anonymous1,run/0,frame,1
E:\OOD_Projects\ck-mvn-plugin\Bomberman-main\src\Frame\MultyPlayPage.java,Frame.MultyPlayPage$Anonymous2,actionPerformed/1[java.awt.event.ActionEvent],e,0
E:\OOD_Projects\ck-mvn-plugin\Bomberman-main\src\Frame\MultyPlayPage.java,Frame.MultyPlayPage$Anonymous3,run/0,p1,7
E:\OOD_Projects\ck-mvn-plugin\Bomberman-main\src\Frame\MultyPlayPage.java,Frame.MultyPlayPage$Anonymous3,run/0,temp,1
E:\OOD_Projects\ck-mvn-plugin\Bomberman-main\src\Frame\MultyPlayPage.java,Frame.MultyPlayPage$Anonymous3,run/0,p2,7
E:\OOD_Projects\ck-mvn-plugin\Bomberman-main\src\Frame\MultyPlayPage.java,Frame.MultyPlayPage$Anonymous3,run/0,c,2
E:\OOD_Projects\ck-mvn-plugin\Bomberman-main\src\Frame\MultyPlayPage.java,Frame.MultyPlayPage$Anonymous3,run/0,p3,8
E:\OOD_Projects\ck-mvn-plugin\Bomberman-main\src\Frame\MultyPlayPage.java,Frame.MultyPlayPage$Anonymous3,run/0,p4,8
E:\OOD_Projects\ck-mvn-plugin\Bomberman-main\src\Frame\MultyPlayPage.java,Frame.MultyPlayPage$Anonymous3,run/0,e,3
E:\OOD_Projects\ck-mvn-plugin\Bomberman-main\src\Frame\MultyPlayPage.java,Frame.MultyPlayPage$Anonymous3,run/0,bg,51
E:\OOD_Projects\ck-mvn-plugin\Bomberman-main\src\Frame\MultyPlayPage.java,Frame.MultyPlayPage$Anonymous3,run/0,line,3
E:\OOD_Projects\ck-mvn-plugin\Bomberman-main\src\Frame\MultyPlayPage.java,Frame.MultyPlayPage$Anonymous3,run/0,i,20
E:\OOD_Projects\ck-mvn-plugin\Bomberman-main\src\Frame\MultyPlayPage.java,Frame.MultyPlayPage$Anonymous3,run/0,j,20
E:\OOD_Projects\ck-mvn-plugin\Bomberman-main\src\Frame\MultyPlayPage.java,Frame.MultyPlayPage$Anonymous3,run/0,message,247
E:\OOD_Projects\ck-mvn-plugin\Bomberman-main\src\Frame\MultyPlayPage.java,Frame.MultyPlayPage$Anonymous3,run/0,rsp,15
E:\OOD_Projects\ck-mvn-plugin\Bomberman-main\src\Frame\IntroPage.java,Frame.IntroPage,main/1[java.lang.String[]],args,0
E:\OOD_Projects\ck-mvn-plugin\Bomberman-main\src\Frame\IntroPage.java,Frame.IntroPage,IntroPage/0,logo2,3
E:\OOD_Projects\ck-mvn-plugin\Bomberman-main\src\Frame\IntroPage.java,Frame.IntroPage,IntroPage/0,logo1,3
E:\OOD_Projects\ck-mvn-plugin\Bomberman-main\src\Frame\IntroPage.java,Frame.IntroPage,IntroPage/0,t,1
E:\OOD_Projects\ck-mvn-plugin\Bomberman-main\src\Frame\IntroPage.java,Frame.IntroPage,IntroPage/0,iconLogo1,1
E:\OOD_Projects\ck-mvn-plugin\Bomberman-main\src\Frame\IntroPage.java,Frame.IntroPage,IntroPage/0,iconLogo2,1
E:\OOD_Projects\ck-mvn-plugin\Bomberman-main\src\Frame\ResultScreenPage.java,Frame.ResultScreenPage$Anonymous2,mouseClicked/1[java.awt.event.MouseEvent],arg0,0
E:\OOD_Projects\ck-mvn-plugin\Bomberman-main\src\Frame\ResultScreenPage.java,Frame.ResultScreenPage$Anonymous2,mouseClicked/1[java.awt.event.MouseEvent],mpa,1
E:\OOD_Projects\ck-mvn-plugin\Bomberman-main\src\Game\BomberMan.java,Game.BomberMan$Anonymous1,run/0,e,3
E:\OOD_Projects\ck-mvn-plugin\Bomberman-main\src\Frame\MainPage.java,Frame.MainPage$Anonymous6,actionPerformed/1[java.awt.event.ActionEvent],arg0,0
E:\OOD_Projects\ck-mvn-plugin\Bomberman-main\src\Frame\MainPage.java,Frame.MainPage$Anonymous7,actionPerformed/1[java.awt.event.ActionEvent],pp,1
E:\OOD_Projects\ck-mvn-plugin\Bomberman-main\src\Frame\MainPage.java,Frame.MainPage$Anonymous7,actionPerformed/1[java.awt.event.ActionEvent],arg0,0
E:\OOD_Projects\ck-mvn-plugin\Bomberman-main\src\Frame\MainPage.java,Frame.MainPage$Anonymous8,actionPerformed/1[java.awt.event.ActionEvent],crp,1
E:\OOD_Projects\ck-mvn-plugin\Bomberman-main\src\Frame\MainPage.java,Frame.MainPage$Anonymous8,actionPerformed/1[java.awt.event.ActionEvent],arg0,0
E:\OOD_Projects\ck-mvn-plugin\Bomberman-main\src\DataBase\Connect.java,DataBase.Connect,getConnection/0,con,2
E:\OOD_Projects\ck-mvn-plugin\Bomberman-main\src\DataBase\Connect.java,DataBase.Connect,getConnection/0,e,1
E:\OOD_Projects\ck-mvn-plugin\Bomberman-main\src\Frame\MainPage.java,Frame.MainPage$Anonymous9,actionPerformed/1[java.awt.event.ActionEvent],lp,2
E:\OOD_Projects\ck-mvn-plugin\Bomberman-main\src\Frame\MainPage.java,Frame.MainPage$Anonymous9,actionPerformed/1[java.awt.event.ActionEvent],arg0,0
E:\OOD_Projects\ck-mvn-plugin\Bomberman-main\src\Game\Bomb.java,Game.Bomb,"Bomb/3[int,int,int]",radiation,2
E:\OOD_Projects\ck-mvn-plugin\Bomberman-main\src\Game\Bomb.java,Game.Bomb,"Bomb/3[int,int,int]",i,11
E:\OOD_Projects\ck-mvn-plugin\Bomberman-main\src\Game\Bomb.java,Game.Bomb,"Bomb/3[int,int,int]",j,11
E:\OOD_Projects\ck-mvn-plugin\Bomberman-main\src\Game\Bomb.java,Game.Bomb,"Bomb/4[int,int,int,boolean]",radiation,2
E:\OOD_Projects\ck-mvn-plugin\Bomberman-main\src\Game\Bomb.java,Game.Bomb,"Bomb/4[int,int,int,boolean]",i,23
E:\OOD_Projects\ck-mvn-plugin\Bomberman-main\src\Game\Bomb.java,Game.Bomb,"Bomb/4[int,int,int,boolean]",online,2
E:\OOD_Projects\ck-mvn-plugin\Bomberman-main\src\Game\Bomb.java,Game.Bomb,"Bomb/4[int,int,int,boolean]",j,23
E:\OOD_Projects\ck-mvn-plugin\Bomberman-main\src\Game\Bomb.java,Game.Bomb,"Bomb/5[int,int,int,boolean,boolean]",radiation,2
E:\OOD_Projects\ck-mvn-plugin\Bomberman-main\src\Game\Bomb.java,Game.Bomb,"Bomb/5[int,int,int,boolean,boolean]",i,23
E:\OOD_Projects\ck-mvn-plugin\Bomberman-main\src\Game\Bomb.java,Game.Bomb,"Bomb/5[int,int,int,boolean,boolean]",online,2
E:\OOD_Projects\ck-mvn-plugin\Bomberman-main\src\Game\Bomb.java,Game.Bomb,"Bomb/5[int,int,int,boolean,boolean]",j,23
E:\OOD_Projects\ck-mvn-plugin\Bomberman-main\src\Game\Bomb.java,Game.Bomb,"Bomb/5[int,int,int,boolean,boolean]",someoneElse,2
E:\OOD_Projects\ck-mvn-plugin\Bomberman-main\src\Game\Bomb.java,Game.Bomb,run/0,e,5
E:\OOD_Projects\ck-mvn-plugin\Bomberman-main\src\Game\Bomb.java,Game.Bomb,run/0,k,23
E:\OOD_Projects\ck-mvn-plugin\Bomberman-main\src\Game\Bomb.java,Game.Bomb,run/0,m,504
E:\OOD_Projects\ck-mvn-plugin\Bomberman-main\src\Frame\MainPage.java,Frame.MainPage$Anonymous2,mouseClicked/1[java.awt.event.MouseEvent],mpsp,1
E:\OOD_Projects\ck-mvn-plugin\Bomberman-main\src\Frame\MainPage.java,Frame.MainPage$Anonymous2,mouseClicked/1[java.awt.event.MouseEvent],arg0,0
E:\OOD_Projects\ck-mvn-plugin\Bomberman-main\src\Frame\MainPage.java,Frame.MainPage$Anonymous2,mouseClicked/1[java.awt.event.MouseEvent],spsp,1
E:\OOD_Projects\ck-mvn-plugin\Bomberman-main\src\Frame\MainPage.java,Frame.MainPage$Anonymous3,actionPerformed/1[java.awt.event.ActionEvent],arg0,0
E:\OOD_Projects\ck-mvn-plugin\Bomberman-main\src\Frame\MainPage.java,Frame.MainPage$Anonymous4,actionPerformed/1[java.awt.event.ActionEvent],arg0,0
E:\OOD_Projects\ck-mvn-plugin\Bomberman-main\src\Frame\MainPage.java,Frame.MainPage$Anonymous5,actionPerformed/1[java.awt.event.ActionEvent],e,3
E:\OOD_Projects\ck-mvn-plugin\Bomberman-main\src\Frame\MainPage.java,Frame.MainPage$Anonymous5,actionPerformed/1[java.awt.event.ActionEvent],arg0,0
E:\OOD_Projects\ck-mvn-plugin\Bomberman-main\src\Frame\LoginPage.java,Frame.LoginPage$Anonymous10,mouseClicked/1[java.awt.event.MouseEvent],arg0,0
E:\OOD_Projects\ck-mvn-plugin\Bomberman-main\src\Server\Console.java,Server.Console,"println/2[java.lang.String,boolean]",trace,1
E:\OOD_Projects\ck-mvn-plugin\Bomberman-main\src\Server\Console.java,Server.Console,"println/2[java.lang.String,boolean]",command,1
E:\OOD_Projects\ck-mvn-plugin\Bomberman-main\src\Server\Console.java,Server.Console,doCommand/1[java.lang.String],e,1
E:\OOD_Projects\ck-mvn-plugin\Bomberman-main\src\Server\Console.java,Server.Console,doCommand/1[java.lang.String],i,2
E:\OOD_Projects\ck-mvn-plugin\Bomberman-main\src\Server\Console.java,Server.Console,doCommand/1[java.lang.String],command,1
E:\OOD_Projects\ck-mvn-plugin\Bomberman-main\src\Server\Console.java,Server.Console,doCommand/1[java.lang.String],commands,10
E:\OOD_Projects\ck-mvn-plugin\Bomberman-main\src\Server\Console.java,Server.Console,"println/3[java.lang.String,boolean,java.awt.Color]",trace,1
E:\OOD_Projects\ck-mvn-plugin\Bomberman-main\src\Server\Console.java,Server.Console,"println/3[java.lang.String,boolean,java.awt.Color]",color,1
E:\OOD_Projects\ck-mvn-plugin\Bomberman-main\src\Server\Console.java,Server.Console,"println/3[java.lang.String,boolean,java.awt.Color]",command,1
E:\OOD_Projects\ck-mvn-plugin\Bomberman-main\src\Server\Console.java,Server.Console,"print/2[java.lang.String,boolean]",trace,1
E:\OOD_Projects\ck-mvn-plugin\Bomberman-main\src\Server\Console.java,Server.Console,"print/2[java.lang.String,boolean]",command,1
E:\OOD_Projects\ck-mvn-plugin\Bomberman-main\src\Server\Console.java,Server.Console,"print/3[java.lang.String,boolean,java.awt.Color]",trace,1
E:\OOD_Projects\ck-mvn-plugin\Bomberman-main\src\Server\Console.java,Server.Console,"print/3[java.lang.String,boolean,java.awt.Color]",caller,1
E:\OOD_Projects\ck-mvn-plugin\Bomberman-main\src\Server\Console.java,Server.Console,"print/3[java.lang.String,boolean,java.awt.Color]",color,1
E:\OOD_Projects\ck-mvn-plugin\Bomberman-main\src\Server\Console.java,Server.Console,"print/3[java.lang.String,boolean,java.awt.Color]",t,1
E:\OOD_Projects\ck-mvn-plugin\Bomberman-main\src\Server\Console.java,Server.Console,"print/3[java.lang.String,boolean,java.awt.Color]",e,0
E:\OOD_Projects\ck-mvn-plugin\Bomberman-main\src\Server\Console.java,Server.Console,"print/3[java.lang.String,boolean,java.awt.Color]",elements,1
E:\OOD_Projects\ck-mvn-plugin\Bomberman-main\src\Server\Console.java,Server.Console,"print/3[java.lang.String,boolean,java.awt.Color]",style,2
E:\OOD_Projects\ck-mvn-plugin\Bomberman-main\src\Server\Console.java,Server.Console,"print/3[java.lang.String,boolean,java.awt.Color]",command,3
E:\OOD_Projects\ck-mvn-plugin\Bomberman-main\src\Server\Console.java,Server.Console,clear/0,e,0
E:\OOD_Projects\ck-mvn-plugin\Bomberman-main\src\Server\Console.java,Server.Console,main/1[java.lang.String[]],args,0
E:\OOD_Projects\ck-mvn-plugin\Bomberman-main\src\Code\MusicPlayer.java,Code.MusicPlayer,run/0,fis,2
E:\OOD_Projects\ck-mvn-plugin\Bomberman-main\src\Code\MusicPlayer.java,Code.MusicPlayer,run/0,file,1
E:\OOD_Projects\ck-mvn-plugin\Bomberman-main\src\Code\MusicPlayer.java,Code.MusicPlayer,run/0,e,2
E:\OOD_Projects\ck-mvn-plugin\Bomberman-main\src\Code\MusicPlayer.java,Code.MusicPlayer,run/0,bis,2
E:\OOD_Projects\ck-mvn-plugin\Bomberman-main\src\Code\MusicPlayer.java,Code.MusicPlayer,run/0,player,2
E:\OOD_Projects\ck-mvn-plugin\Bomberman-main\src\Code\MusicPlayer.java,Code.MusicPlayer,"MusicPlayer/2[java.lang.String,boolean]",pth,2
E:\OOD_Projects\ck-mvn-plugin\Bomberman-main\src\Code\MusicPlayer.java,Code.MusicPlayer,"MusicPlayer/2[java.lang.String,boolean]",repeat,2
E:\OOD_Projects\ck-mvn-plugin\Bomberman-main\src\Frame\MainPage.java,Frame.MainPage$Anonymous10,actionPerformed/1[java.awt.event.ActionEvent],arg0,0
E:\OOD_Projects\ck-mvn-plugin\Bomberman-main\src\Frame\ResultScreenPage.java,Frame.ResultScreenPage,main/1[java.lang.String[]],args,0
E:\OOD_Projects\ck-mvn-plugin\Bomberman-main\src\Frame\ResultScreenPage.java,Frame.ResultScreenPage,ResultScreenPage/0,mode,5
E:\OOD_Projects\ck-mvn-plugin\Bomberman-main\src\Frame\ResultScreenPage.java,Frame.ResultScreenPage,ResultScreenPage/0,backGround,3
E:\OOD_Projects\ck-mvn-plugin\Bomberman-main\src\Frame\ResultScreenPage.java,Frame.ResultScreenPage,ResultScreenPage/0,iconLogo,1
E:\OOD_Projects\ck-mvn-plugin\Bomberman-main\src\Frame\ResultScreenPage.java,Frame.ResultScreenPage,ResultScreenPage/0,profilePic,3
E:\OOD_Projects\ck-mvn-plugin\Bomberman-main\src\Frame\ResultScreenPage.java,Frame.ResultScreenPage,ResultScreenPage/0,back,5
E:\OOD_Projects\ck-mvn-plugin\Bomberman-main\src\Frame\ResultScreenPage.java,Frame.ResultScreenPage,ResultScreenPage/0,logo,3
E:\OOD_Projects\ck-mvn-plugin\Bomberman-main\src\Frame\ResultScreenPage.java,Frame.ResultScreenPage,ResultScreenPage/0,pic,1
E:\OOD_Projects\ck-mvn-plugin\Bomberman-main\src\Frame\ResultScreenPage.java,Frame.ResultScreenPage,ResultScreenPage/0,logoi,1
E:\OOD_Projects\ck-mvn-plugin\Bomberman-main\src\Frame\ResultScreenPage.java,Frame.ResultScreenPage,ResultScreenPage/0,panel,4
E:\OOD_Projects\ck-mvn-plugin\Bomberman-main\src\Frame\ResultScreenPage.java,Frame.ResultScreenPage,ResultScreenPage/0,pointlbl,6
E:\OOD_Projects\ck-mvn-plugin\Bomberman-main\src\Frame\ResultScreenPage.java,Frame.ResultScreenPage$Anonymous1,run/0,e,1
E:\OOD_Projects\ck-mvn-plugin\Bomberman-main\src\Frame\ResultScreenPage.java,Frame.ResultScreenPage$Anonymous1,run/0,frame,1
E:\OOD_Projects\ck-mvn-plugin\Bomberman-main\src\Frame\EditProfilePage.java,Frame.EditProfilePage,main/1[java.lang.String[]],args,0
E:\OOD_Projects\ck-mvn-plugin\Bomberman-main\src\Frame\EditProfilePage.java,Frame.EditProfilePage,EditProfilePage/0,brwose,7
E:\OOD_Projects\ck-mvn-plugin\Bomberman-main\src\Frame\EditProfilePage.java,Frame.EditProfilePage,EditProfilePage/0,iconLogo,1
E:\OOD_Projects\ck-mvn-plugin\Bomberman-main\src\Frame\EditProfilePage.java,Frame.EditProfilePage,EditProfilePage/0,showEmail,7
E:\OOD_Projects\ck-mvn-plugin\Bomberman-main\src\Frame\EditProfilePage.java,Frame.EditProfilePage,EditProfilePage/0,edit,7
E:\OOD_Projects\ck-mvn-plugin\Bomberman-main\src\Frame\EditProfilePage.java,Frame.EditProfilePage,EditProfilePage/0,profilePic,3
E:\OOD_Projects\ck-mvn-plugin\Bomberman-main\src\Frame\EditProfilePage.java,Frame.EditProfilePage,EditProfilePage/0,profile,7
E:\OOD_Projects\ck-mvn-plugin\Bomberman-main\src\Frame\EditProfilePage.java,Frame.EditProfilePage,EditProfilePage/0,showNewPass,6
E:\OOD_Projects\ck-mvn-plugin\Bomberman-main\src\Frame\EditProfilePage.java,Frame.EditProfilePage,EditProfilePage/0,pic,1
E:\OOD_Projects\ck-mvn-plugin\Bomberman-main\src\Frame\EditProfilePage.java,Frame.EditProfilePage,EditProfilePage/0,picture,1
E:\OOD_Projects\ck-mvn-plugin\Bomberman-main\src\Frame\EditProfilePage.java,Frame.EditProfilePage,EditProfilePage/0,exit,7
E:\OOD_Projects\ck-mvn-plugin\Bomberman-main\src\Frame\EditProfilePage.java,Frame.EditProfilePage,EditProfilePage/0,oldpas,4
E:\OOD_Projects\ck-mvn-plugin\Bomberman-main\src\Frame\EditProfilePage.java,Frame.EditProfilePage,EditProfilePage/0,logout,7
E:\OOD_Projects\ck-mvn-plugin\Bomberman-main\src\Frame\EditProfilePage.java,Frame.EditProfilePage,EditProfilePage/0,showUsername,7
E:\OOD_Projects\ck-mvn-plugin\Bomberman-main\src\Frame\EditProfilePage.java,Frame.EditProfilePage,EditProfilePage/0,showOldPass,6
E:\OOD_Projects\ck-mvn-plugin\Bomberman-main\src\Frame\EditProfilePage.java,Frame.EditProfilePage,EditProfilePage/0,backGround,3
E:\OOD_Projects\ck-mvn-plugin\Bomberman-main\src\Frame\EditProfilePage.java,Frame.EditProfilePage,EditProfilePage/0,mainPage,7
E:\OOD_Projects\ck-mvn-plugin\Bomberman-main\src\Frame\EditProfilePage.java,Frame.EditProfilePage,EditProfilePage/0,chat,7
E:\OOD_Projects\ck-mvn-plugin\Bomberman-main\src\Frame\EditProfilePage.java,Frame.EditProfilePage,EditProfilePage/0,logoUsername,4
E:\OOD_Projects\ck-mvn-plugin\Bomberman-main\src\Frame\EditProfilePage.java,Frame.EditProfilePage,EditProfilePage/0,progressBar,6
E:\OOD_Projects\ck-mvn-plugin\Bomberman-main\src\Frame\EditProfilePage.java,Frame.EditProfilePage,EditProfilePage/0,onlineOffline,7
E:\OOD_Projects\ck-mvn-plugin\Bomberman-main\src\Frame\EditProfilePage.java,Frame.EditProfilePage,EditProfilePage/0,warning,4
E:\OOD_Projects\ck-mvn-plugin\Bomberman-main\src\Frame\EditProfilePage.java,Frame.EditProfilePage,EditProfilePage/0,logoEmail,4
E:\OOD_Projects\ck-mvn-plugin\Bomberman-main\src\Frame\EditProfilePage.java,Frame.EditProfilePage,EditProfilePage/0,newpas,4
E:\OOD_Projects\ck-mvn-plugin\Bomberman-main\src\Frame\EditProfilePage.java,Frame.EditProfilePage,EditProfilePage/0,profPic,3
E:\OOD_Projects\ck-mvn-plugin\Bomberman-main\src\Server\Server.java,Server.Server$Handler,run/0,names,3
E:\OOD_Projects\ck-mvn-plugin\Bomberman-main\src\Server\Server.java,Server.Server$Handler,run/0,e,5
E:\OOD_Projects\ck-mvn-plugin\Bomberman-main\src\Server\Server.java,Server.Server$Handler,run/0,line,2
E:\OOD_Projects\ck-mvn-plugin\Bomberman-main\src\Server\Server.java,Server.Server$Handler,run/0,fieldg,2
E:\OOD_Projects\ck-mvn-plugin\Bomberman-main\src\Server\Server.java,Server.Server$Handler,run/0,i,29
E:\OOD_Projects\ck-mvn-plugin\Bomberman-main\src\Server\Server.java,Server.Server$Handler,run/0,j,3
E:\OOD_Projects\ck-mvn-plugin\Bomberman-main\src\Server\Server.java,Server.Server$Handler,run/0,hostN,1
E:\OOD_Projects\ck-mvn-plugin\Bomberman-main\src\Server\Server.java,Server.Server$Handler,run/0,writer,19
E:\OOD_Projects\ck-mvn-plugin\Bomberman-main\src\Server\Server.java,Server.Server$Handler,run/0,k,3
E:\OOD_Projects\ck-mvn-plugin\Bomberman-main\src\Server\Server.java,Server.Server$Handler,run/0,message,46
E:\OOD_Projects\ck-mvn-plugin\Bomberman-main\src\Server\Server.java,Server.Server$Handler,Handler/1[java.net.Socket],socket,2
E:\OOD_Projects\ck-mvn-plugin\Bomberman-main\src\Frame\SinglePlayPage.java,Frame.SinglePlayPage$Anonymous4,mouseClicked/1[java.awt.event.MouseEvent],arg0,0
E:\OOD_Projects\ck-mvn-plugin\Bomberman-main\src\Frame\SinglePlayPage.java,Frame.SinglePlayPage$Anonymous4,mouseClicked/1[java.awt.event.MouseEvent],mpa,1
E:\OOD_Projects\ck-mvn-plugin\Bomberman-main\src\Server\Console.java,Server.Console$Anonymous1,run/0,e,1
E:\OOD_Projects\ck-mvn-plugin\Bomberman-main\src\Server\Console.java,Server.Console$Anonymous1,run/0,window,1
E:\OOD_Projects\ck-mvn-plugin\Bomberman-main\src\Frame\SinglePlayPage.java,Frame.SinglePlayPage$Anonymous3,run/0,e,13
E:\OOD_Projects\ck-mvn-plugin\Bomberman-main\src\Frame\SinglePlayPage.java,Frame.SinglePlayPage$Anonymous3,run/0,bg2,1
E:\OOD_Projects\ck-mvn-plugin\Bomberman-main\src\Frame\SinglePlayPage.java,Frame.SinglePlayPage$Anonymous3,run/0,bg1,1
E:\OOD_Projects\ck-mvn-plugin\Bomberman-main\src\Frame\SinglePlayPage.java,Frame.SinglePlayPage$Anonymous3,run/0,rsp,29
E:\OOD_Projects\ck-mvn-plugin\Bomberman-main\src\Server\Console.java,Server.Console$Anonymous2,run/0,br,1
E:\OOD_Projects\ck-mvn-plugin\Bomberman-main\src\Server\Console.java,Server.Console$Anonymous2,run/0,receive,1
E:\OOD_Projects\ck-mvn-plugin\Bomberman-main\src\Server\Console.java,Server.Console$Anonymous2,run/0,e,5
E:\OOD_Projects\ck-mvn-plugin\Bomberman-main\src\Server\Console.java,Server.Console$Anonymous2,run/0,url,1
E:\OOD_Projects\ck-mvn-plugin\Bomberman-main\src\Frame\SinglePlayPage.java,Frame.SinglePlayPage$Anonymous2,actionPerformed/1[java.awt.event.ActionEvent],e,0
E:\OOD_Projects\ck-mvn-plugin\Bomberman-main\src\Server\Console.java,Server.Console$Anonymous3,actionPerformed/1[java.awt.event.ActionEvent],e,0
E:\OOD_Projects\ck-mvn-plugin\Bomberman-main\src\Server\Console.java,Server.Console$Anonymous3,actionPerformed/1[java.awt.event.ActionEvent],text,4
E:\OOD_Projects\ck-mvn-plugin\Bomberman-main\src\Frame\SinglePlayPage.java,Frame.SinglePlayPage$Anonymous1,run/0,e,1
E:\OOD_Projects\ck-mvn-plugin\Bomberman-main\src\Frame\SinglePlayPage.java,Frame.SinglePlayPage$Anonymous1,run/0,frame,1
E:\OOD_Projects\ck-mvn-plugin\Bomberman-main\src\Server\Console.java,Server.Console$Anonymous4,keyPressed/1[java.awt.event.KeyEvent],e,2
E:\OOD_Projects\ck-mvn-plugin\Bomberman-main\src\Server\Console.java,Server.Console$Anonymous4,keyReleased/1[java.awt.event.KeyEvent],e,0
E:\OOD_Projects\ck-mvn-plugin\Bomberman-main\src\Server\Console.java,Server.Console$Anonymous4,keyTyped/1[java.awt.event.KeyEvent],e,0
E:\OOD_Projects\ck-mvn-plugin\Bomberman-main\src\Game\Field.java,Game.Field,generateField/0,rand,2
E:\OOD_Projects\ck-mvn-plugin\Bomberman-main\src\Game\Field.java,Game.Field,generateField/0,x,17
E:\OOD_Projects\ck-mvn-plugin\Bomberman-main\src\Game\Field.java,Game.Field,generateField/0,i,24
E:\OOD_Projects\ck-mvn-plugin\Bomberman-main\src\Game\Field.java,Game.Field,generateField/0,y,17
E:\OOD_Projects\ck-mvn-plugin\Bomberman-main\src\Game\Field.java,Game.Field,generateField/0,j,9
E:\OOD_Projects\ck-mvn-plugin\Bomberman-main\src\Game\Field.java,Game.Field,"changeLoc/3[int,int,java.lang.String]",x,1
E:\OOD_Projects\ck-mvn-plugin\Bomberman-main\src\Game\Field.java,Game.Field,"changeLoc/3[int,int,java.lang.String]",y,1
E:\OOD_Projects\ck-mvn-plugin\Bomberman-main\src\Game\Field.java,Game.Field,"changeLoc/3[int,int,java.lang.String]",dir,1
E:\OOD_Projects\ck-mvn-plugin\Bomberman-main\src\Game\Field.java,Game.Field,Field/1[java.lang.String],type,3
E:\OOD_Projects\ck-mvn-plugin\Bomberman-main\src\Game\Field.java,Game.Field,generateOnlineField/0,i,14
E:\OOD_Projects\ck-mvn-plugin\Bomberman-main\src\Game\Field.java,Game.Field,generateOnlineField/0,j,8
E:\OOD_Projects\ck-mvn-plugin\Bomberman-main\src\Frame\LoginPage.java,Frame.LoginPage,main/1[java.lang.String[]],args,0
E:\OOD_Projects\ck-mvn-plugin\Bomberman-main\src\Frame\LoginPage.java,Frame.LoginPage,LoginPage/0,bufferedReader,2
E:\OOD_Projects\ck-mvn-plugin\Bomberman-main\src\Frame\LoginPage.java,Frame.LoginPage,LoginPage/0,exit,7
E:\OOD_Projects\ck-mvn-plugin\Bomberman-main\src\Frame\LoginPage.java,Frame.LoginPage,LoginPage/0,backGround,3
E:\OOD_Projects\ck-mvn-plugin\Bomberman-main\src\Frame\LoginPage.java,Frame.LoginPage,LoginPage/0,iconLogo,1
E:\OOD_Projects\ck-mvn-plugin\Bomberman-main\src\Frame\LoginPage.java,Frame.LoginPage,LoginPage/0,e,1
E:\OOD_Projects\ck-mvn-plugin\Bomberman-main\src\Frame\LoginPage.java,Frame.LoginPage,LoginPage/0,log,2
E:\OOD_Projects\ck-mvn-plugin\Bomberman-main\src\Frame\LoginPage.java,Frame.LoginPage,LoginPage/0,line,3
E:\OOD_Projects\ck-mvn-plugin\Bomberman-main\src\Frame\LoginPage.java,Frame.LoginPage,LoginPage/0,chckbxNewCheckBox,7
E:\OOD_Projects\ck-mvn-plugin\Bomberman-main\src\Frame\LoginPage.java,Frame.LoginPage,LoginPage/0,fileReader,2
E:\OOD_Projects\ck-mvn-plugin\Bomberman-main\src\Frame\LoginPage.java,Frame.LoginPage,LoginPage/0,e1,1
E:\OOD_Projects\ck-mvn-plugin\Bomberman-main\src\Frame\LoginPage.java,Frame.LoginPage,LoginPage/0,register,7
E:\OOD_Projects\ck-mvn-plugin\Bomberman-main\src\Frame\LoginPage.java,Frame.LoginPage,isUsernameExist/1[java.lang.String],rs,2
E:\OOD_Projects\ck-mvn-plugin\Bomberman-main\src\Frame\LoginPage.java,Frame.LoginPage,isUsernameExist/1[java.lang.String],con,1
E:\OOD_Projects\ck-mvn-plugin\Bomberman-main\src\Frame\LoginPage.java,Frame.LoginPage,isUsernameExist/1[java.lang.String],ps,3
E:\OOD_Projects\ck-mvn-plugin\Bomberman-main\src\Frame\LoginPage.java,Frame.LoginPage,isUsernameExist/1[java.lang.String],e,1
E:\OOD_Projects\ck-mvn-plugin\Bomberman-main\src\Frame\LoginPage.java,Frame.LoginPage,isUsernameExist/1[java.lang.String],un,0
E:\OOD_Projects\ck-mvn-plugin\Bomberman-main\src\Frame\LoginPage.java,Frame.LoginPage,isUsernameExist/1[java.lang.String],uExist,2
E:\OOD_Projects\ck-mvn-plugin\Bomberman-main\src\Frame\LoginPage.java,Frame.LoginPage,isEmailExist/1[java.lang.String],rs,2
E:\OOD_Projects\ck-mvn-plugin\Bomberman-main\src\Frame\LoginPage.java,Frame.LoginPage,isEmailExist/1[java.lang.String],con,1
E:\OOD_Projects\ck-mvn-plugin\Bomberman-main\src\Frame\LoginPage.java,Frame.LoginPage,isEmailExist/1[java.lang.String],ps,3
E:\OOD_Projects\ck-mvn-plugin\Bomberman-main\src\Frame\LoginPage.java,Frame.LoginPage,isEmailExist/1[java.lang.String],e,1
E:\OOD_Projects\ck-mvn-plugin\Bomberman-main\src\Frame\LoginPage.java,Frame.LoginPage,isEmailExist/1[java.lang.String],un,0
E:\OOD_Projects\ck-mvn-plugin\Bomberman-main\src\Frame\LoginPage.java,Frame.LoginPage,isEmailExist/1[java.lang.String],uExist,2
E:\OOD_Projects\ck-mvn-plugin\Bomberman-main\src\Code\PicBrowse.java,Code.PicBrowse,"resizePic/4[java.lang.String,byte[],int,int]",picPath,3
E:\OOD_Projects\ck-mvn-plugin\Bomberman-main\src\Code\PicBrowse.java,Code.PicBrowse,"resizePic/4[java.lang.String,byte[],int,int]",img,1
E:\OOD_Projects\ck-mvn-plugin\Bomberman-main\src\Code\PicBrowse.java,Code.PicBrowse,"resizePic/4[java.lang.String,byte[],int,int]",width,1
E:\OOD_Projects\ck-mvn-plugin\Bomberman-main\src\Code\PicBrowse.java,Code.PicBrowse,"resizePic/4[java.lang.String,byte[],int,int]",myPicture,2
E:\OOD_Projects\ck-mvn-plugin\Bomberman-main\src\Code\PicBrowse.java,Code.PicBrowse,"resizePic/4[java.lang.String,byte[],int,int]",BLOBpic,0
E:\OOD_Projects\ck-mvn-plugin\Bomberman-main\src\Code\PicBrowse.java,Code.PicBrowse,"resizePic/4[java.lang.String,byte[],int,int]",height,1
E:\OOD_Projects\ck-mvn-plugin\Bomberman-main\src\Code\PicBrowse.java,Code.PicBrowse,"resizePic/4[java.lang.String,byte[],int,int]",myImg,3
E:\OOD_Projects\ck-mvn-plugin\Bomberman-main\src\Code\PicBrowse.java,Code.PicBrowse,browseImage/1[javax.swing.JLabel],fF,1
E:\OOD_Projects\ck-mvn-plugin\Bomberman-main\src\Code\PicBrowse.java,Code.PicBrowse,browseImage/1[javax.swing.JLabel],path,3
E:\OOD_Projects\ck-mvn-plugin\Bomberman-main\src\Code\PicBrowse.java,Code.PicBrowse,browseImage/1[javax.swing.JLabel],selectedFile,1
E:\OOD_Projects\ck-mvn-plugin\Bomberman-main\src\Code\PicBrowse.java,Code.PicBrowse,browseImage/1[javax.swing.JLabel],fileState,2
E:\OOD_Projects\ck-mvn-plugin\Bomberman-main\src\Code\PicBrowse.java,Code.PicBrowse,browseImage/1[javax.swing.JLabel],lbl,3
E:\OOD_Projects\ck-mvn-plugin\Bomberman-main\src\Code\PicBrowse.java,Code.PicBrowse,browseImage/1[javax.swing.JLabel],fc,4
E:\OOD_Projects\ck-mvn-plugin\Bomberman-main\src\Frame\LoginPage.java,Frame.LoginPage$Anonymous8,mouseExited/1[java.awt.event.MouseEvent],arg0,0
E:\OOD_Projects\ck-mvn-plugin\Bomberman-main\src\Frame\LoginPage.java,Frame.LoginPage$Anonymous8,mouseClicked/1[java.awt.event.MouseEvent],arg0,0
E:\OOD_Projects\ck-mvn-plugin\Bomberman-main\src\Frame\LoginPage.java,Frame.LoginPage$Anonymous9,mouseClicked/1[java.awt.event.MouseEvent],e,0
E:\OOD_Projects\ck-mvn-plugin\Bomberman-main\src\Frame\LoginPage.java,Frame.LoginPage$Anonymous9,mouseClicked/1[java.awt.event.MouseEvent],arg0,0
E:\OOD_Projects\ck-mvn-plugin\Bomberman-main\src\Frame\SinglePlayerSettingPage.java,Frame.SinglePlayerSettingPage$Anonymous1,run/0,e,1
E:\OOD_Projects\ck-mvn-plugin\Bomberman-main\src\Frame\SinglePlayerSettingPage.java,Frame.SinglePlayerSettingPage$Anonymous1,run/0,frame,1
E:\OOD_Projects\ck-mvn-plugin\Bomberman-main\src\Frame\SinglePlayerSettingPage.java,Frame.SinglePlayerSettingPage$Anonymous4,mouseClicked/1[java.awt.event.MouseEvent],arg0,0
E:\OOD_Projects\ck-mvn-plugin\Bomberman-main\src\Frame\SinglePlayerSettingPage.java,Frame.SinglePlayerSettingPage$Anonymous4,mouseClicked/1[java.awt.event.MouseEvent],glp,3
E:\OOD_Projects\ck-mvn-plugin\Bomberman-main\src\Frame\SinglePlayerSettingPage.java,Frame.SinglePlayerSettingPage$Anonymous5,mouseClicked/1[java.awt.event.MouseEvent],arg0,0
E:\OOD_Projects\ck-mvn-plugin\Bomberman-main\src\Frame\SinglePlayerSettingPage.java,Frame.SinglePlayerSettingPage$Anonymous5,mouseClicked/1[java.awt.event.MouseEvent],glp,3
E:\OOD_Projects\ck-mvn-plugin\Bomberman-main\src\Frame\SinglePlayerSettingPage.java,Frame.SinglePlayerSettingPage$Anonymous2,mouseClicked/1[java.awt.event.MouseEvent],arg0,0
E:\OOD_Projects\ck-mvn-plugin\Bomberman-main\src\Frame\SinglePlayerSettingPage.java,Frame.SinglePlayerSettingPage$Anonymous2,mouseClicked/1[java.awt.event.MouseEvent],mpa,1
E:\OOD_Projects\ck-mvn-plugin\Bomberman-main\src\Frame\SinglePlayerSettingPage.java,Frame.SinglePlayerSettingPage$Anonymous3,mouseClicked/1[java.awt.event.MouseEvent],arg0,0
E:\OOD_Projects\ck-mvn-plugin\Bomberman-main\src\Frame\SinglePlayerSettingPage.java,Frame.SinglePlayerSettingPage$Anonymous3,mouseClicked/1[java.awt.event.MouseEvent],glp,3
E:\OOD_Projects\ck-mvn-plugin\Bomberman-main\src\Frame\LoginPage.java,Frame.LoginPage$Anonymous1,run/0,e,1
E:\OOD_Projects\ck-mvn-plugin\Bomberman-main\src\Frame\LoginPage.java,Frame.LoginPage$Anonymous1,run/0,frame,1
E:\OOD_Projects\ck-mvn-plugin\Bomberman-main\src\Game\BomberMan.java,Game.BomberMan,"BomberMan/3[int,boolean,int]",numOfBombs,2
E:\OOD_Projects\ck-mvn-plugin\Bomberman-main\src\Game\BomberMan.java,Game.BomberMan,"BomberMan/3[int,boolean,int]",alive,2
E:\OOD_Projects\ck-mvn-plugin\Bomberman-main\src\Game\BomberMan.java,Game.BomberMan,"BomberMan/3[int,boolean,int]",health,2
E:\OOD_Projects\ck-mvn-plugin\Bomberman-main\src\Game\BomberMan.java,Game.BomberMan,"placeBomb/3[int,int,int]",rad,2
E:\OOD_Projects\ck-mvn-plugin\Bomberman-main\src\Game\BomberMan.java,Game.BomberMan,"placeBomb/3[int,int,int]",i,2
E:\OOD_Projects\ck-mvn-plugin\Bomberman-main\src\Game\BomberMan.java,Game.BomberMan,"placeBomb/3[int,int,int]",j,2
E:\OOD_Projects\ck-mvn-plugin\Bomberman-main\src\Game\BomberMan.java,Game.BomberMan,moveUp/0,bg,19
E:\OOD_Projects\ck-mvn-plugin\Bomberman-main\src\Game\BomberMan.java,Game.BomberMan,moveUp/0,ground,1
E:\OOD_Projects\ck-mvn-plugin\Bomberman-main\src\Game\BomberMan.java,Game.BomberMan,moveUp/0,bg2,11
E:\OOD_Projects\ck-mvn-plugin\Bomberman-main\src\Game\BomberMan.java,Game.BomberMan,moveUp/0,bg1,11
E:\OOD_Projects\ck-mvn-plugin\Bomberman-main\src\Game\BomberMan.java,Game.BomberMan,moveRight/0,bg,19
E:\OOD_Projects\ck-mvn-plugin\Bomberman-main\src\Game\BomberMan.java,Game.BomberMan,moveRight/0,ground,1
E:\OOD_Projects\ck-mvn-plugin\Bomberman-main\src\Game\BomberMan.java,Game.BomberMan,moveRight/0,bg2,11
E:\OOD_Projects\ck-mvn-plugin\Bomberman-main\src\Game\BomberMan.java,Game.BomberMan,moveRight/0,bg1,11
E:\OOD_Projects\ck-mvn-plugin\Bomberman-main\src\Game\BomberMan.java,Game.BomberMan,moveLeft/0,bg,19
E:\OOD_Projects\ck-mvn-plugin\Bomberman-main\src\Game\BomberMan.java,Game.BomberMan,moveLeft/0,ground,1
E:\OOD_Projects\ck-mvn-plugin\Bomberman-main\src\Game\BomberMan.java,Game.BomberMan,moveLeft/0,bg2,11
E:\OOD_Projects\ck-mvn-plugin\Bomberman-main\src\Game\BomberMan.java,Game.BomberMan,moveLeft/0,bg1,11
E:\OOD_Projects\ck-mvn-plugin\Bomberman-main\src\Game\BomberMan.java,Game.BomberMan,"BomberMan/2[boolean,int]",onlineMode,2
E:\OOD_Projects\ck-mvn-plugin\Bomberman-main\src\Game\BomberMan.java,Game.BomberMan,"BomberMan/2[boolean,int]",online,2
E:\OOD_Projects\ck-mvn-plugin\Bomberman-main\src\Game\BomberMan.java,Game.BomberMan,moveDown/0,bg,19
E:\OOD_Projects\ck-mvn-plugin\Bomberman-main\src\Game\BomberMan.java,Game.BomberMan,moveDown/0,ground,1
E:\OOD_Projects\ck-mvn-plugin\Bomberman-main\src\Game\BomberMan.java,Game.BomberMan,moveDown/0,bg2,11
E:\OOD_Projects\ck-mvn-plugin\Bomberman-main\src\Game\BomberMan.java,Game.BomberMan,moveDown/0,bg1,11
E:\OOD_Projects\ck-mvn-plugin\Bomberman-main\src\Frame\LoginPage.java,Frame.LoginPage$Anonymous2,actionPerformed/1[java.awt.event.ActionEvent],rs,0
E:\OOD_Projects\ck-mvn-plugin\Bomberman-main\src\Frame\LoginPage.java,Frame.LoginPage$Anonymous2,actionPerformed/1[java.awt.event.ActionEvent],pq,1
E:\OOD_Projects\ck-mvn-plugin\Bomberman-main\src\Frame\LoginPage.java,Frame.LoginPage$Anonymous2,actionPerformed/1[java.awt.event.ActionEvent],lip,0
E:\OOD_Projects\ck-mvn-plugin\Bomberman-main\src\Frame\LoginPage.java,Frame.LoginPage$Anonymous2,actionPerformed/1[java.awt.event.ActionEvent],img,2
E:\OOD_Projects\ck-mvn-plugin\Bomberman-main\src\Frame\LoginPage.java,Frame.LoginPage$Anonymous2,actionPerformed/1[java.awt.event.ActionEvent],con,0
E:\OOD_Projects\ck-mvn-plugin\Bomberman-main\src\Frame\LoginPage.java,Frame.LoginPage$Anonymous2,actionPerformed/1[java.awt.event.ActionEvent],ps,0
E:\OOD_Projects\ck-mvn-plugin\Bomberman-main\src\Frame\LoginPage.java,Frame.LoginPage$Anonymous2,actionPerformed/1[java.awt.event.ActionEvent],pth,1
E:\OOD_Projects\ck-mvn-plugin\Bomberman-main\src\Frame\LoginPage.java,Frame.LoginPage$Anonymous2,actionPerformed/1[java.awt.event.ActionEvent],e,3
E:\OOD_Projects\ck-mvn-plugin\Bomberman-main\src\Frame\LoginPage.java,Frame.LoginPage$Anonymous2,actionPerformed/1[java.awt.event.ActionEvent],arg0,0
E:\OOD_Projects\ck-mvn-plugin\Bomberman-main\src\Frame\LoginPage.java,Frame.LoginPage$Anonymous2,actionPerformed/1[java.awt.event.ActionEvent],player,1
E:\OOD_Projects\ck-mvn-plugin\Bomberman-main\src\Frame\LoginPage.java,Frame.LoginPage$Anonymous3,mouseExited/1[java.awt.event.MouseEvent],arg0,0
E:\OOD_Projects\ck-mvn-plugin\Bomberman-main\src\Frame\LoginPage.java,Frame.LoginPage$Anonymous3,mouseClicked/1[java.awt.event.MouseEvent],arg0,0
E:\OOD_Projects\ck-mvn-plugin\Bomberman-main\src\Frame\LoginPage.java,Frame.LoginPage$Anonymous4,mouseExited/1[java.awt.event.MouseEvent],arg0,0
E:\OOD_Projects\ck-mvn-plugin\Bomberman-main\src\Frame\LoginPage.java,Frame.LoginPage$Anonymous4,mouseClicked/1[java.awt.event.MouseEvent],arg0,0
E:\OOD_Projects\ck-mvn-plugin\Bomberman-main\src\Frame\LoginPage.java,Frame.LoginPage$Anonymous5,mouseExited/1[java.awt.event.MouseEvent],arg0,0
E:\OOD_Projects\ck-mvn-plugin\Bomberman-main\src\Frame\LoginPage.java,Frame.LoginPage$Anonymous5,mouseClicked/1[java.awt.event.MouseEvent],arg0,0
E:\OOD_Projects\ck-mvn-plugin\Bomberman-main\src\Frame\LoginPage.java,Frame.LoginPage$Anonymous6,actionPerformed/1[java.awt.event.ActionEvent],rs,6
E:\OOD_Projects\ck-mvn-plugin\Bomberman-main\src\Frame\LoginPage.java,Frame.LoginPage$Anonymous6,actionPerformed/1[java.awt.event.ActionEvent],con,2
E:\OOD_Projects\ck-mvn-plugin\Bomberman-main\src\Frame\LoginPage.java,Frame.LoginPage$Anonymous6,actionPerformed/1[java.awt.event.ActionEvent],ps,8
E:\OOD_Projects\ck-mvn-plugin\Bomberman-main\src\Frame\LoginPage.java,Frame.LoginPage$Anonymous6,actionPerformed/1[java.awt.event.ActionEvent],mp,7
E:\OOD_Projects\ck-mvn-plugin\Bomberman-main\src\Frame\LoginPage.java,Frame.LoginPage$Anonymous6,actionPerformed/1[java.awt.event.ActionEvent],e,5
E:\OOD_Projects\ck-mvn-plugin\Bomberman-main\src\Frame\LoginPage.java,Frame.LoginPage$Anonymous6,actionPerformed/1[java.awt.event.ActionEvent],arg0,0
E:\OOD_Projects\ck-mvn-plugin\Bomberman-main\src\Frame\LoginPage.java,Frame.LoginPage$Anonymous6,actionPerformed/1[java.awt.event.ActionEvent],writer,7
E:\OOD_Projects\ck-mvn-plugin\Bomberman-main\src\Frame\LoginPage.java,Frame.LoginPage$Anonymous7,mouseExited/1[java.awt.event.MouseEvent],arg0,0
E:\OOD_Projects\ck-mvn-plugin\Bomberman-main\src\Frame\LoginPage.java,Frame.LoginPage$Anonymous7,mouseClicked/1[java.awt.event.MouseEvent],arg0,0
E:\OOD_Projects\ck-mvn-plugin\Bomberman-main\src\Frame\GameLoadPage.java,Frame.GameLoadPage,GameLoadPage/0,timer,1
E:\OOD_Projects\ck-mvn-plugin\Bomberman-main\src\Frame\GameLoadPage.java,Frame.GameLoadPage,GameLoadPage/0,progressBar,5
E:\OOD_Projects\ck-mvn-plugin\Bomberman-main\src\Frame\GameLoadPage.java,Frame.GameLoadPage,main/1[java.lang.String[]],args,0
E:\OOD_Projects\ck-mvn-plugin\Bomberman-main\src\Frame\ChatRoomPage.java,Frame.ChatRoomPage,ChatRoomPage/0,exit,7
E:\OOD_Projects\ck-mvn-plugin\Bomberman-main\src\Frame\ChatRoomPage.java,Frame.ChatRoomPage,ChatRoomPage/0,logout,7
E:\OOD_Projects\ck-mvn-plugin\Bomberman-main\src\Frame\ChatRoomPage.java,Frame.ChatRoomPage,ChatRoomPage/0,backGround,3
E:\OOD_Projects\ck-mvn-plugin\Bomberman-main\src\Frame\ChatRoomPage.java,Frame.ChatRoomPage,ChatRoomPage/0,iconLogo,1
E:\OOD_Projects\ck-mvn-plugin\Bomberman-main\src\Frame\ChatRoomPage.java,Frame.ChatRoomPage,ChatRoomPage/0,mainPage,7
E:\OOD_Projects\ck-mvn-plugin\Bomberman-main\src\Frame\ChatRoomPage.java,Frame.ChatRoomPage,ChatRoomPage/0,chat,7
E:\OOD_Projects\ck-mvn-plugin\Bomberman-main\src\Frame\ChatRoomPage.java,Frame.ChatRoomPage,ChatRoomPage/0,profilePic,3
E:\OOD_Projects\ck-mvn-plugin\Bomberman-main\src\Frame\ChatRoomPage.java,Frame.ChatRoomPage,ChatRoomPage/0,progressBar,6
E:\OOD_Projects\ck-mvn-plugin\Bomberman-main\src\Frame\ChatRoomPage.java,Frame.ChatRoomPage,ChatRoomPage/0,profile,7
E:\OOD_Projects\ck-mvn-plugin\Bomberman-main\src\Frame\ChatRoomPage.java,Frame.ChatRoomPage,ChatRoomPage/0,onlineOffline,7
E:\OOD_Projects\ck-mvn-plugin\Bomberman-main\src\Frame\ChatRoomPage.java,Frame.ChatRoomPage,ChatRoomPage/0,pic,1
E:\OOD_Projects\ck-mvn-plugin\Bomberman-main\src\Frame\ChatRoomPage.java,Frame.ChatRoomPage,main/1[java.lang.String[]],args,0
E:\OOD_Projects\ck-mvn-plugin\Bomberman-main\src\Frame\LoadPage.java,Frame.LoadPage$Anonymous1,run/0,e,1
E:\OOD_Projects\ck-mvn-plugin\Bomberman-main\src\Frame\LoadPage.java,Frame.LoadPage$Anonymous1,run/0,window,1
E:\OOD_Projects\ck-mvn-plugin\Bomberman-main\src\Frame\LoadPage.java,Frame.LoadPage$Anonymous2,actionPerformed/1[java.awt.event.ActionEvent],e,0
E:\OOD_Projects\ck-mvn-plugin\Bomberman-main\src\Frame\LoadPage.java,Frame.LoadPage$Anonymous2,actionPerformed/1[java.awt.event.ActionEvent],ip,2
E:\OOD_Projects\ck-mvn-plugin\Bomberman-main\src\Frame\SinglePlayPage.java,Frame.SinglePlayPage,keyTyped/1[java.awt.event.KeyEvent],arg0,0
E:\OOD_Projects\ck-mvn-plugin\Bomberman-main\src\Frame\SinglePlayPage.java,Frame.SinglePlayPage,SinglePlayPage/0,iconLogo,1
E:\OOD_Projects\ck-mvn-plugin\Bomberman-main\src\Frame\SinglePlayPage.java,Frame.SinglePlayPage,SinglePlayPage/0,bg,21
E:\OOD_Projects\ck-mvn-plugin\Bomberman-main\src\Frame\SinglePlayPage.java,Frame.SinglePlayPage,SinglePlayPage/0,profilePic,3
E:\OOD_Projects\ck-mvn-plugin\Bomberman-main\src\Frame\SinglePlayPage.java,Frame.SinglePlayPage,SinglePlayPage/0,g,2
E:\OOD_Projects\ck-mvn-plugin\Bomberman-main\src\Frame\SinglePlayPage.java,Frame.SinglePlayPage,SinglePlayPage/0,back,5
E:\OOD_Projects\ck-mvn-plugin\Bomberman-main\src\Frame\SinglePlayPage.java,Frame.SinglePlayPage,SinglePlayPage/0,i,15
E:\OOD_Projects\ck-mvn-plugin\Bomberman-main\src\Frame\SinglePlayPage.java,Frame.SinglePlayPage,SinglePlayPage/0,harth,5
E:\OOD_Projects\ck-mvn-plugin\Bomberman-main\src\Frame\SinglePlayPage.java,Frame.SinglePlayPage,SinglePlayPage/0,j,15
E:\OOD_Projects\ck-mvn-plugin\Bomberman-main\src\Frame\SinglePlayPage.java,Frame.SinglePlayPage,SinglePlayPage/0,pic,1
E:\OOD_Projects\ck-mvn-plugin\Bomberman-main\src\Frame\SinglePlayPage.java,Frame.SinglePlayPage,SinglePlayPage/0,bomb,5
E:\OOD_Projects\ck-mvn-plugin\Bomberman-main\src\Frame\SinglePlayPage.java,Frame.SinglePlayPage,SinglePlayPage/0,pointlbl,5
E:\OOD_Projects\ck-mvn-plugin\Bomberman-main\src\Frame\SinglePlayPage.java,Frame.SinglePlayPage,SinglePlayPage/0,timer,1
E:\OOD_Projects\ck-mvn-plugin\Bomberman-main\src\Frame\SinglePlayPage.java,Frame.SinglePlayPage,SinglePlayPage/0,backGround,3
E:\OOD_Projects\ck-mvn-plugin\Bomberman-main\src\Frame\SinglePlayPage.java,Frame.SinglePlayPage,SinglePlayPage/0,t,1
E:\OOD_Projects\ck-mvn-plugin\Bomberman-main\src\Frame\SinglePlayPage.java,Frame.SinglePlayPage,SinglePlayPage/0,superp,4
E:\OOD_Projects\ck-mvn-plugin\Bomberman-main\src\Frame\SinglePlayPage.java,Frame.SinglePlayPage,SinglePlayPage/0,x,23
E:\OOD_Projects\ck-mvn-plugin\Bomberman-main\src\Frame\SinglePlayPage.java,Frame.SinglePlayPage,SinglePlayPage/0,y,23
E:\OOD_Projects\ck-mvn-plugin\Bomberman-main\src\Frame\SinglePlayPage.java,Frame.SinglePlayPage,SinglePlayPage/0,panel,5
E:\OOD_Projects\ck-mvn-plugin\Bomberman-main\src\Frame\SinglePlayPage.java,Frame.SinglePlayPage,keyPressed/1[java.awt.event.KeyEvent],e,1
E:\OOD_Projects\ck-mvn-plugin\Bomberman-main\src\Frame\SinglePlayPage.java,Frame.SinglePlayPage,keyPressed/1[java.awt.event.KeyEvent],key,1
E:\OOD_Projects\ck-mvn-plugin\Bomberman-main\src\Frame\SinglePlayPage.java,Frame.SinglePlayPage,main/1[java.lang.String[]],args,0
E:\OOD_Projects\ck-mvn-plugin\Bomberman-main\src\Frame\SinglePlayPage.java,Frame.SinglePlayPage,keyReleased/1[java.awt.event.KeyEvent],arg0,0
E:\OOD_Projects\ck-mvn-plugin\Bomberman-main\src\Frame\MultyPlayPage.java,Frame.MultyPlayPage,keyTyped/1[java.awt.event.KeyEvent],arg0,0
E:\OOD_Projects\ck-mvn-plugin\Bomberman-main\src\Frame\MultyPlayPage.java,Frame.MultyPlayPage,main/1[java.lang.String[]],args,0
E:\OOD_Projects\ck-mvn-plugin\Bomberman-main\src\Frame\MultyPlayPage.java,Frame.MultyPlayPage,MultyPlayPage/0,b11,1
E:\OOD_Projects\ck-mvn-plugin\Bomberman-main\src\Frame\MultyPlayPage.java,Frame.MultyPlayPage,MultyPlayPage/0,b22,1
E:\OOD_Projects\ck-mvn-plugin\Bomberman-main\src\Frame\MultyPlayPage.java,Frame.MultyPlayPage,MultyPlayPage/0,b33,1
E:\OOD_Projects\ck-mvn-plugin\Bomberman-main\src\Frame\MultyPlayPage.java,Frame.MultyPlayPage,MultyPlayPage/0,b44,1
E:\OOD_Projects\ck-mvn-plugin\Bomberman-main\src\Frame\MultyPlayPage.java,Frame.MultyPlayPage,MultyPlayPage/0,iconLogo,1
E:\OOD_Projects\ck-mvn-plugin\Bomberman-main\src\Frame\MultyPlayPage.java,Frame.MultyPlayPage,MultyPlayPage/0,profilePic,3
E:\OOD_Projects\ck-mvn-plugin\Bomberman-main\src\Frame\MultyPlayPage.java,Frame.MultyPlayPage,MultyPlayPage/0,back,5
E:\OOD_Projects\ck-mvn-plugin\Bomberman-main\src\Frame\MultyPlayPage.java,Frame.MultyPlayPage,MultyPlayPage/0,i,6
E:\OOD_Projects\ck-mvn-plugin\Bomberman-main\src\Frame\MultyPlayPage.java,Frame.MultyPlayPage,MultyPlayPage/0,j,6
E:\OOD_Projects\ck-mvn-plugin\Bomberman-main\src\Frame\MultyPlayPage.java,Frame.MultyPlayPage,MultyPlayPage/0,pic,1
E:\OOD_Projects\ck-mvn-plugin\Bomberman-main\src\Frame\MultyPlayPage.java,Frame.MultyPlayPage,MultyPlayPage/0,b1,3
E:\OOD_Projects\ck-mvn-plugin\Bomberman-main\src\Frame\MultyPlayPage.java,Frame.MultyPlayPage,MultyPlayPage/0,b2,3
E:\OOD_Projects\ck-mvn-plugin\Bomberman-main\src\Frame\MultyPlayPage.java,Frame.MultyPlayPage,MultyPlayPage/0,timer,0
E:\OOD_Projects\ck-mvn-plugin\Bomberman-main\src\Frame\MultyPlayPage.java,Frame.MultyPlayPage,MultyPlayPage/0,b3,3
E:\OOD_Projects\ck-mvn-plugin\Bomberman-main\src\Frame\MultyPlayPage.java,Frame.MultyPlayPage,MultyPlayPage/0,b4,3
E:\OOD_Projects\ck-mvn-plugin\Bomberman-main\src\Frame\MultyPlayPage.java,Frame.MultyPlayPage,MultyPlayPage/0,backGround,3
E:\OOD_Projects\ck-mvn-plugin\Bomberman-main\src\Frame\MultyPlayPage.java,Frame.MultyPlayPage,MultyPlayPage/0,t,1
E:\OOD_Projects\ck-mvn-plugin\Bomberman-main\src\Frame\MultyPlayPage.java,Frame.MultyPlayPage,keyReleased/1[java.awt.event.KeyEvent],arg0,0
E:\OOD_Projects\ck-mvn-plugin\Bomberman-main\src\Frame\MultyPlayPage.java,Frame.MultyPlayPage,keyPressed/1[java.awt.event.KeyEvent],e,1
E:\OOD_Projects\ck-mvn-plugin\Bomberman-main\src\Frame\MultyPlayPage.java,Frame.MultyPlayPage,keyPressed/1[java.awt.event.KeyEvent],key,1
E:\OOD_Projects\ck-mvn-plugin\Bomberman-main\src\Frame\MainPage.java,Frame.MainPage$Anonymous1,run/0,e,1
E:\OOD_Projects\ck-mvn-plugin\Bomberman-main\src\Frame\MainPage.java,Frame.MainPage$Anonymous1,run/0,frame,1
E:\OOD_Projects\ck-mvn-plugin\Bomberman-main\src\Frame\ChatRoomPage.java,Frame.ChatRoomPage$Anonymous1,run/0,e,1
E:\OOD_Projects\ck-mvn-plugin\Bomberman-main\src\Frame\ChatRoomPage.java,Frame.ChatRoomPage$Anonymous1,run/0,frame,1
E:\OOD_Projects\ck-mvn-plugin\Bomberman-main\src\Frame\ChatRoomPage.java,Frame.ChatRoomPage$Anonymous3,actionPerformed/1[java.awt.event.ActionEvent],mp,1
E:\OOD_Projects\ck-mvn-plugin\Bomberman-main\src\Frame\ChatRoomPage.java,Frame.ChatRoomPage$Anonymous3,actionPerformed/1[java.awt.event.ActionEvent],arg0,0
E:\OOD_Projects\ck-mvn-plugin\Bomberman-main\src\Frame\ChatRoomPage.java,Frame.ChatRoomPage$Anonymous2,actionPerformed/1[java.awt.event.ActionEvent],arg0,0
E:\OOD_Projects\ck-mvn-plugin\Bomberman-main\src\Frame\ChatRoomPage.java,Frame.ChatRoomPage$Anonymous5,actionPerformed/1[java.awt.event.ActionEvent],arg0,0
E:\OOD_Projects\ck-mvn-plugin\Bomberman-main\src\Frame\ChatRoomPage.java,Frame.ChatRoomPage$Anonymous4,actionPerformed/1[java.awt.event.ActionEvent],pp,1
E:\OOD_Projects\ck-mvn-plugin\Bomberman-main\src\Frame\ChatRoomPage.java,Frame.ChatRoomPage$Anonymous4,actionPerformed/1[java.awt.event.ActionEvent],arg0,0
E:\OOD_Projects\ck-mvn-plugin\Bomberman-main\src\Frame\ChatRoomPage.java,Frame.ChatRoomPage$Anonymous7,actionPerformed/1[java.awt.event.ActionEvent],arg0,0
E:\OOD_Projects\ck-mvn-plugin\Bomberman-main\src\Frame\ChatRoomPage.java,Frame.ChatRoomPage$Anonymous6,actionPerformed/1[java.awt.event.ActionEvent],lp,2
E:\OOD_Projects\ck-mvn-plugin\Bomberman-main\src\Frame\ChatRoomPage.java,Frame.ChatRoomPage$Anonymous6,actionPerformed/1[java.awt.event.ActionEvent],arg0,0
E:\OOD_Projects\ck-mvn-plugin\Bomberman-main\src\Frame\MultyPlayPage.java,Frame.MultyPlayPage$Anonymous4,mouseClicked/1[java.awt.event.MouseEvent],arg0,0
E:\OOD_Projects\ck-mvn-plugin\Bomberman-main\src\Frame\MultyPlayPage.java,Frame.MultyPlayPage$Anonymous4,mouseClicked/1[java.awt.event.MouseEvent],mpa,1
E:\OOD_Projects\ck-mvn-plugin\Bomberman-main\src\Frame\MainPage.java,Frame.MainPage,MainPage/0,exit,7
E:\OOD_Projects\ck-mvn-plugin\Bomberman-main\src\Frame\MainPage.java,Frame.MainPage,MainPage/0,logout,7
E:\OOD_Projects\ck-mvn-plugin\Bomberman-main\src\Frame\MainPage.java,Frame.MainPage,MainPage/0,backGround,3
E:\OOD_Projects\ck-mvn-plugin\Bomberman-main\src\Frame\MainPage.java,Frame.MainPage,MainPage/0,iconLogo,1
E:\OOD_Projects\ck-mvn-plugin\Bomberman-main\src\Frame\MainPage.java,Frame.MainPage,MainPage/0,mainPage,7
E:\OOD_Projects\ck-mvn-plugin\Bomberman-main\src\Frame\MainPage.java,Frame.MainPage,MainPage/0,chat,7
E:\OOD_Projects\ck-mvn-plugin\Bomberman-main\src\Frame\MainPage.java,Frame.MainPage,MainPage/0,profilePic,3
E:\OOD_Projects\ck-mvn-plugin\Bomberman-main\src\Frame\MainPage.java,Frame.MainPage,MainPage/0,progressBar,6
E:\OOD_Projects\ck-mvn-plugin\Bomberman-main\src\Frame\MainPage.java,Frame.MainPage,MainPage/0,profile,7
E:\OOD_Projects\ck-mvn-plugin\Bomberman-main\src\Frame\MainPage.java,Frame.MainPage,MainPage/0,onlineOffline,7
E:\OOD_Projects\ck-mvn-plugin\Bomberman-main\src\Frame\MainPage.java,Frame.MainPage,MainPage/0,pic,1
E:\OOD_Projects\ck-mvn-plugin\Bomberman-main\src\Frame\MainPage.java,Frame.MainPage,main/1[java.lang.String[]],args,0
E:\OOD_Projects\ck-mvn-plugin\Bomberman-main\src\Game\Block.java,Game.Block,Block/1[java.lang.String],type,2
E:\OOD_Projects\ck-mvn-plugin\Bomberman-main\src\Game\Field.java,Game.Field$randomItemsDistribution,"random/2[int,int]",rand,1
E:\OOD_Projects\ck-mvn-plugin\Bomberman-main\src\Game\Field.java,Game.Field$randomItemsDistribution,"random/2[int,int]",min,2
E:\OOD_Projects\ck-mvn-plugin\Bomberman-main\src\Game\Field.java,Game.Field$randomItemsDistribution,"random/2[int,int]",max,1
E:\OOD_Projects\ck-mvn-plugin\Bomberman-main\src\Game\Field.java,Game.Field$randomItemsDistribution,run/0,rand,7
E:\OOD_Projects\ck-mvn-plugin\Bomberman-main\src\Game\Field.java,Game.Field$randomItemsDistribution,run/0,e,1
E:\OOD_Projects\ck-mvn-plugin\Bomberman-main\src\Game\Field.java,Game.Field$randomItemsDistribution,run/0,x,12
E:\OOD_Projects\ck-mvn-plugin\Bomberman-main\src\Game\Field.java,Game.Field$randomItemsDistribution,run/0,y,12
E:\OOD_Projects\ck-mvn-plugin\Bomberman-main\src\Frame\IntroPage.java,Frame.IntroPage$Anonymous2,run/0,lp,2
E:\OOD_Projects\ck-mvn-plugin\Bomberman-main\src\Frame\IntroPage.java,Frame.IntroPage$Anonymous2,run/0,e,1
E:\OOD_Projects\ck-mvn-plugin\Bomberman-main\src\Frame\IntroPage.java,Frame.IntroPage$Anonymous1,run/0,e,1
E:\OOD_Projects\ck-mvn-plugin\Bomberman-main\src\Frame\IntroPage.java,Frame.IntroPage$Anonymous1,run/0,frame,1
E:\OOD_Projects\ck-mvn-plugin\Bomberman-main\src\Game\Item.java,Game.Item,"Item/4[int,int,boolean,java.lang.String]",e,1
E:\OOD_Projects\ck-mvn-plugin\Bomberman-main\src\Game\Item.java,Game.Item,"Item/4[int,int,boolean,java.lang.String]",i,2
E:\OOD_Projects\ck-mvn-plugin\Bomberman-main\src\Game\Item.java,Game.Item,"Item/4[int,int,boolean,java.lang.String]",online,2
E:\OOD_Projects\ck-mvn-plugin\Bomberman-main\src\Game\Item.java,Game.Item,"Item/4[int,int,boolean,java.lang.String]",j,2
E:\OOD_Projects\ck-mvn-plugin\Bomberman-main\src\Game\Item.java,Game.Item,"Item/4[int,int,boolean,java.lang.String]",type,2
E:\OOD_Projects\ck-mvn-plugin\Bomberman-main\src\Game\Item.java,Game.Item,"Item/3[int,int,java.lang.String]",i,2
E:\OOD_Projects\ck-mvn-plugin\Bomberman-main\src\Game\Item.java,Game.Item,"Item/3[int,int,java.lang.String]",j,2
E:\OOD_Projects\ck-mvn-plugin\Bomberman-main\src\Game\Item.java,Game.Item,"Item/3[int,int,java.lang.String]",type,2
E:\OOD_Projects\ck-mvn-plugin\Bomberman-main\src\Game\Item.java,Game.Item,run/0,e,3
E:\OOD_Projects\ck-mvn-plugin\Bomberman-main\src\Game\Item.java,Game.Item,run/0,bg,15
E:\OOD_Projects\ck-mvn-plugin\Bomberman-main\src\Frame\LoadPage.java,Frame.LoadPage,main/1[java.lang.String[]],args,0
E:\OOD_Projects\ck-mvn-plugin\Bomberman-main\src\Frame\LoadPage.java,Frame.LoadPage,initialize/0,timer,2
E:\OOD_Projects\ck-mvn-plugin\Bomberman-main\src\Frame\LoadPage.java,Frame.LoadPage,initialize/0,progressBar,3
E:\OOD_Projects\ck-mvn-plugin\Bomberman-main\src\Frame\LoadPage.java,Frame.LoadPage,initialize/0,logo,1
E:\OOD_Projects\ck-mvn-plugin\Bomberman-main\src\Frame\LoadPage.java,Frame.LoadPage,initialize/0,label,3
