file,class,type,cbo,cboModified,fanin,fanout,wmc,dit,noc,rfc,lcom,lcom*,tcc,lcc,totalMethodsQty,staticMethodsQty,publicMethodsQty,privateMethodsQty,protectedMethodsQty,defaultMethodsQty,visibleMethodsQty,abstractMethodsQty,finalMethodsQty,synchronizedMethodsQty,totalFieldsQty,staticFieldsQty,publicFieldsQty,privateFieldsQty,protectedFieldsQty,defaultFieldsQty,finalFieldsQty,synchronizedFieldsQty,nosi,loc,returnQty,loopQty,comparisonsQty,tryCatchQty,parenthesizedExpsQty,stringLiteralsQty,numbersQty,assignmentsQty,mathOperationsQty,variablesQty,maxNestedBlocksQty,anonymousClassesQty,innerClassesQty,lambdasQty,uniqueWordsQty,modifiers,logStatementsQty
E:\OOD_Projects\ck-mvn-plugin\java-space-invaders-master\src\main\java\Alien.java,Alien,class,2,3,1,2,3,2,0,4,1,0.5,0.33333334,0.33333334,3,0,3,0,0,0,3,0,0,0,2,0,0,2,0,0,1,0,0,17,1,0,0,0,0,1,0,6,0,3,0,0,0,0,15,1,0
E:\OOD_Projects\ck-mvn-plugin\java-space-invaders-master\src\main\java\Player.java,Player,class,2,4,2,2,10,2,0,8,4,0.6875,0.16666667,0.16666667,4,0,4,0,0,0,4,0,0,0,4,0,0,4,0,0,3,0,0,36,0,0,4,0,0,1,10,14,4,7,1,0,0,0,33,1,0
E:\OOD_Projects\ck-mvn-plugin\java-space-invaders-master\src\main\java\GameOver.java,GameOver,class,3,5,2,3,3,2,0,8,1,0.5,0.33333334,0.33333334,3,0,3,0,0,0,3,0,0,0,2,0,0,2,0,0,1,0,0,17,1,0,0,0,0,1,2,3,0,3,0,0,0,0,16,1,0
E:\OOD_Projects\ck-mvn-plugin\java-space-invaders-master\src\main\java\Sprite.java,Sprite,class,0,8,8,0,12,1,6,0,46,0.8333333,0.15151516,0.15151516,12,0,11,0,1,0,12,0,0,0,6,0,0,2,4,0,0,0,0,44,5,0,0,0,0,0,0,7,0,6,0,0,0,0,18,1,0
E:\OOD_Projects\ck-mvn-plugin\java-space-invaders-master\src\main\java\Board.java,Board$TAdapter,innerclass,3,3,0,3,5,2,0,6,1,0.0,0.0,0.0,2,0,2,0,0,0,2,0,0,0,0,0,0,0,0,0,0,0,0,16,0,0,1,0,0,0,0,4,0,3,3,0,0,0,13,2,0
E:\OOD_Projects\ck-mvn-plugin\java-space-invaders-master\src\main\java\SpaceInvaders.java,SpaceInvaders$ButtonListener,innerclass,2,2,0,2,1,1,0,8,0,0.0,NaN,NaN,1,0,1,0,0,0,1,0,0,0,0,0,0,0,0,0,0,0,0,11,0,0,0,0,0,0,0,0,0,0,0,0,0,0,13,2,0
E:\OOD_Projects\ck-mvn-plugin\java-space-invaders-master\src\main\java\PushPanel.java,PushPanel,class,1,1,0,1,1,5,0,3,0,0.5,NaN,NaN,1,0,1,0,0,0,1,0,0,0,2,1,0,2,0,0,1,0,0,15,0,0,0,0,0,1,5,2,0,2,0,0,1,0,14,1,0
E:\OOD_Projects\ck-mvn-plugin\java-space-invaders-master\src\main\java\Board.java,Board,class,10,12,2,10,61,6,0,54,24,0.8333334,0.3030303,0.6818182,12,0,12,0,0,0,12,0,0,0,17,1,0,17,0,0,3,0,5,252,0,11,6,1,9,7,48,72,25,60,4,0,1,0,122,1,0
E:\OOD_Projects\ck-mvn-plugin\java-space-invaders-master\src\main\java\Commons.java,Commons,interface,0,5,5,0,0,1,0,0,0,NaN,-1.0,-1.0,0,0,0,0,0,0,0,0,0,0,14,14,14,0,0,0,14,0,0,16,0,0,0,0,0,0,14,14,0,14,0,0,0,0,22,1,0
E:\OOD_Projects\ck-mvn-plugin\java-space-invaders-master\src\main\java\SpaceInvaders.java,SpaceInvaders$CloseHelp,innerclass,1,1,0,1,1,1,0,1,0,0.0,NaN,NaN,1,0,1,0,0,0,1,0,0,0,0,0,0,0,0,0,0,0,0,5,0,0,0,0,0,0,0,0,0,0,0,0,0,0,9,2,0
E:\OOD_Projects\ck-mvn-plugin\java-space-invaders-master\src\main\java\Won.java,Won,class,2,3,1,2,3,2,0,7,0,0.33333334,1.0,1.0,3,0,3,0,0,0,3,0,0,0,2,0,0,2,0,0,1,0,0,17,1,0,0,0,0,1,2,4,0,3,0,0,0,0,15,1,0
E:\OOD_Projects\ck-mvn-plugin\java-space-invaders-master\src\main\java\SpaceInvaders.java,SpaceInvaders$HelpButton,innerclass,1,1,0,1,1,1,0,9,0,0.0,NaN,NaN,1,0,1,0,0,0,1,0,0,0,0,0,0,0,0,0,0,0,0,22,0,0,0,0,0,7,4,7,2,7,0,0,0,0,34,2,0
E:\OOD_Projects\ck-mvn-plugin\java-space-invaders-master\src\main\java\Bomb.java,Bomb,class,2,5,3,2,3,2,0,5,1,0.5,0.33333334,0.33333334,3,0,3,0,0,0,3,0,0,0,2,0,0,2,0,0,1,0,0,17,1,0,0,0,0,1,0,5,0,3,0,0,0,0,14,1,0
E:\OOD_Projects\ck-mvn-plugin\java-space-invaders-master\src\main\java\Shot.java,Shot,class,1,3,2,1,2,2,0,6,1,0.5,0.0,0.0,2,0,2,0,0,0,2,0,0,0,3,0,0,3,0,0,2,0,0,13,0,0,0,0,0,1,2,4,2,4,0,0,0,0,20,1,0
E:\OOD_Projects\ck-mvn-plugin\java-space-invaders-master\src\main\java\SpaceInvaders.java,SpaceInvaders,class,4,8,4,4,4,6,0,11,2,0.8,0.33333334,0.5,4,1,4,0,0,0,4,0,0,0,9,5,0,6,0,3,5,0,0,85,0,0,0,0,0,24,9,17,4,17,0,0,3,0,78,1,0
E:\OOD_Projects\ck-mvn-plugin\java-space-invaders-master\src\main\java\PushPanel.java,PushPanel$ButtonListener,innerclass,1,1,0,1,1,1,0,0,0,0.0,NaN,NaN,1,0,1,0,0,0,1,0,0,0,0,0,0,0,0,0,0,0,0,5,0,0,0,0,0,0,0,0,0,0,0,0,0,0,9,2,0
