file,class,method,variable,usage
E:\OOD_Projects\ck-mvn-plugin\java-space-invaders-master\src\main\java\Alien.java,Alien,"Alien/2[int,int]",bomb,1
E:\OOD_Projects\ck-mvn-plugin\java-space-invaders-master\src\main\java\Alien.java,Alien,"Alien/2[int,int]",alien,1
E:\OOD_Projects\ck-mvn-plugin\java-space-invaders-master\src\main\java\Alien.java,Alien,getBomb/0,bomb,1
E:\OOD_Projects\ck-mvn-plugin\java-space-invaders-master\src\main\java\Player.java,Player,act/0,width,2
E:\OOD_Projects\ck-mvn-plugin\java-space-invaders-master\src\main\java\Player.java,Player,Player/0,width,1
E:\OOD_Projects\ck-mvn-plugin\java-space-invaders-master\src\main\java\Player.java,Player,Player/0,START_Y,1
E:\OOD_Projects\ck-mvn-plugin\java-space-invaders-master\src\main\java\Player.java,Player,Player/0,START_X,1
E:\OOD_Projects\ck-mvn-plugin\java-space-invaders-master\src\main\java\Player.java,Player,Player/0,player,1
E:\OOD_Projects\ck-mvn-plugin\java-space-invaders-master\src\main\java\GameOver.java,GameOver,getWidth/0,width,1
E:\OOD_Projects\ck-mvn-plugin\java-space-invaders-master\src\main\java\GameOver.java,GameOver,setWidth/1[int],width,3
E:\OOD_Projects\ck-mvn-plugin\java-space-invaders-master\src\main\java\GameOver.java,GameOver,GameOver/0,gameOver,1
E:\OOD_Projects\ck-mvn-plugin\java-space-invaders-master\src\main\java\Sprite.java,Sprite,setDying/1[boolean],dying,3
E:\OOD_Projects\ck-mvn-plugin\java-space-invaders-master\src\main\java\Sprite.java,Sprite,getX/0,x,1
E:\OOD_Projects\ck-mvn-plugin\java-space-invaders-master\src\main\java\Sprite.java,Sprite,isDying/0,dying,1
E:\OOD_Projects\ck-mvn-plugin\java-space-invaders-master\src\main\java\Sprite.java,Sprite,isVisible/0,visible,1
E:\OOD_Projects\ck-mvn-plugin\java-space-invaders-master\src\main\java\Sprite.java,Sprite,setVisible/1[boolean],visible,3
E:\OOD_Projects\ck-mvn-plugin\java-space-invaders-master\src\main\java\Sprite.java,Sprite,Sprite/0,visible,1
E:\OOD_Projects\ck-mvn-plugin\java-space-invaders-master\src\main\java\Sprite.java,Sprite,setY/1[int],y,3
E:\OOD_Projects\ck-mvn-plugin\java-space-invaders-master\src\main\java\Sprite.java,Sprite,getY/0,y,1
E:\OOD_Projects\ck-mvn-plugin\java-space-invaders-master\src\main\java\Sprite.java,Sprite,setX/1[int],x,3
E:\OOD_Projects\ck-mvn-plugin\java-space-invaders-master\src\main\java\Sprite.java,Sprite,die/0,visible,1
E:\OOD_Projects\ck-mvn-plugin\java-space-invaders-master\src\main\java\Sprite.java,Sprite,setImage/1[java.awt.Image],image,3
E:\OOD_Projects\ck-mvn-plugin\java-space-invaders-master\src\main\java\Sprite.java,Sprite,getImage/0,image,1
E:\OOD_Projects\ck-mvn-plugin\java-space-invaders-master\src\main\java\PushPanel.java,PushPanel,PushPanel/0,push,4
E:\OOD_Projects\ck-mvn-plugin\java-space-invaders-master\src\main\java\Board.java,Board,drawGameEnd/1[java.awt.Graphics],gameend,1
E:\OOD_Projects\ck-mvn-plugin\java-space-invaders-master\src\main\java\Board.java,Board,animationCycle/0,expl,2
E:\OOD_Projects\ck-mvn-plugin\java-space-invaders-master\src\main\java\Board.java,Board,animationCycle/0,havewon,1
E:\OOD_Projects\ck-mvn-plugin\java-space-invaders-master\src\main\java\Board.java,Board,animationCycle/0,aliens,6
E:\OOD_Projects\ck-mvn-plugin\java-space-invaders-master\src\main\java\Board.java,Board,animationCycle/0,ingame,2
E:\OOD_Projects\ck-mvn-plugin\java-space-invaders-master\src\main\java\Board.java,Board,animationCycle/0,message,2
E:\OOD_Projects\ck-mvn-plugin\java-space-invaders-master\src\main\java\Board.java,Board,animationCycle/0,deaths,2
E:\OOD_Projects\ck-mvn-plugin\java-space-invaders-master\src\main\java\Board.java,Board,animationCycle/0,player,6
E:\OOD_Projects\ck-mvn-plugin\java-space-invaders-master\src\main\java\Board.java,Board,animationCycle/0,shot,8
E:\OOD_Projects\ck-mvn-plugin\java-space-invaders-master\src\main\java\Board.java,Board,animationCycle/0,direction,5
E:\OOD_Projects\ck-mvn-plugin\java-space-invaders-master\src\main\java\Board.java,Board,Board/0,d,1
E:\OOD_Projects\ck-mvn-plugin\java-space-invaders-master\src\main\java\Board.java,Board,drawShot/1[java.awt.Graphics],shot,4
E:\OOD_Projects\ck-mvn-plugin\java-space-invaders-master\src\main\java\Board.java,Board,paint/1[java.awt.Graphics],ingame,1
E:\OOD_Projects\ck-mvn-plugin\java-space-invaders-master\src\main\java\Board.java,Board,gameOver/0,havewon,1
E:\OOD_Projects\ck-mvn-plugin\java-space-invaders-master\src\main\java\Board.java,Board,gameOver/0,message,2
E:\OOD_Projects\ck-mvn-plugin\java-space-invaders-master\src\main\java\Board.java,Board,gameOver/0,gameend,2
E:\OOD_Projects\ck-mvn-plugin\java-space-invaders-master\src\main\java\Board.java,Board,gameOver/0,vunnet,2
E:\OOD_Projects\ck-mvn-plugin\java-space-invaders-master\src\main\java\Board.java,Board,gameInit/0,aliens,2
E:\OOD_Projects\ck-mvn-plugin\java-space-invaders-master\src\main\java\Board.java,Board,gameInit/0,alienX,1
E:\OOD_Projects\ck-mvn-plugin\java-space-invaders-master\src\main\java\Board.java,Board,gameInit/0,alienpix,1
E:\OOD_Projects\ck-mvn-plugin\java-space-invaders-master\src\main\java\Board.java,Board,gameInit/0,alienY,1
E:\OOD_Projects\ck-mvn-plugin\java-space-invaders-master\src\main\java\Board.java,Board,gameInit/0,ingame,1
E:\OOD_Projects\ck-mvn-plugin\java-space-invaders-master\src\main\java\Board.java,Board,gameInit/0,animator,3
E:\OOD_Projects\ck-mvn-plugin\java-space-invaders-master\src\main\java\Board.java,Board,gameInit/0,player,1
E:\OOD_Projects\ck-mvn-plugin\java-space-invaders-master\src\main\java\Board.java,Board,gameInit/0,shot,1
E:\OOD_Projects\ck-mvn-plugin\java-space-invaders-master\src\main\java\Board.java,Board,drawBombing/1[java.awt.Graphics],aliens,1
E:\OOD_Projects\ck-mvn-plugin\java-space-invaders-master\src\main\java\Board.java,Board,drawAliens/1[java.awt.Graphics],aliens,1
E:\OOD_Projects\ck-mvn-plugin\java-space-invaders-master\src\main\java\Board.java,Board,drawPlayer/1[java.awt.Graphics],havewon,1
E:\OOD_Projects\ck-mvn-plugin\java-space-invaders-master\src\main\java\Board.java,Board,drawPlayer/1[java.awt.Graphics],ingame,1
E:\OOD_Projects\ck-mvn-plugin\java-space-invaders-master\src\main\java\Board.java,Board,drawPlayer/1[java.awt.Graphics],player,6
E:\OOD_Projects\ck-mvn-plugin\java-space-invaders-master\src\main\java\Board.java,Board,run/0,ingame,1
E:\OOD_Projects\ck-mvn-plugin\java-space-invaders-master\src\main\java\Won.java,Won,getWidth/0,width,1
E:\OOD_Projects\ck-mvn-plugin\java-space-invaders-master\src\main\java\Won.java,Won,Won/0,won,1
E:\OOD_Projects\ck-mvn-plugin\java-space-invaders-master\src\main\java\Won.java,Won,Won/0,width,1
E:\OOD_Projects\ck-mvn-plugin\java-space-invaders-master\src\main\java\Won.java,Won,setWidth/1[int],width,3
E:\OOD_Projects\ck-mvn-plugin\java-space-invaders-master\src\main\java\Bomb.java,Bomb,"Bomb/2[int,int]",bomb,1
E:\OOD_Projects\ck-mvn-plugin\java-space-invaders-master\src\main\java\Bomb.java,Bomb,isDestroyed/0,destroyed,1
E:\OOD_Projects\ck-mvn-plugin\java-space-invaders-master\src\main\java\Bomb.java,Bomb,setDestroyed/1[boolean],destroyed,3
E:\OOD_Projects\ck-mvn-plugin\java-space-invaders-master\src\main\java\Shot.java,Shot,"Shot/2[int,int]",V_SPACE,1
E:\OOD_Projects\ck-mvn-plugin\java-space-invaders-master\src\main\java\Shot.java,Shot,"Shot/2[int,int]",H_SPACE,1
E:\OOD_Projects\ck-mvn-plugin\java-space-invaders-master\src\main\java\Shot.java,Shot,"Shot/2[int,int]",shot,1
E:\OOD_Projects\ck-mvn-plugin\java-space-invaders-master\src\main\java\SpaceInvaders.java,SpaceInvaders,closeHelp/0,frame3,1
E:\OOD_Projects\ck-mvn-plugin\java-space-invaders-master\src\main\java\SpaceInvaders.java,SpaceInvaders,closeIntro/0,frame3,1
E:\OOD_Projects\ck-mvn-plugin\java-space-invaders-master\src\main\java\SpaceInvaders.java,SpaceInvaders,closeIntro/0,frame2,1
E:\OOD_Projects\ck-mvn-plugin\java-space-invaders-master\src\main\java\SpaceInvaders.java,SpaceInvaders,SpaceInvaders/0,TOP_MESSAGE,1
E:\OOD_Projects\ck-mvn-plugin\java-space-invaders-master\src\main\java\SpaceInvaders.java,SpaceInvaders,SpaceInvaders/0,help,3
E:\OOD_Projects\ck-mvn-plugin\java-space-invaders-master\src\main\java\SpaceInvaders.java,SpaceInvaders,SpaceInvaders/0,INITIAL_MESSAGE,1
E:\OOD_Projects\ck-mvn-plugin\java-space-invaders-master\src\main\java\SpaceInvaders.java,SpaceInvaders,SpaceInvaders/0,frame2,8
E:\OOD_Projects\ck-mvn-plugin\java-space-invaders-master\src\main\java\SpaceInvaders.java,SpaceInvaders,SpaceInvaders/0,start,4
