file,class,method,constructor,line,cbo,cboModified,fanin,fanout,wmc,rfc,loc,returnsQty,variablesQty,parametersQty,methodsInvokedQty,methodsInvokedLocalQty,methodsInvokedIndirectLocalQty,loopQty,comparisonsQty,tryCatchQty,parenthesizedExpsQty,stringLiteralsQty,numbersQty,assignmentsQty,mathOperationsQty,maxNestedBlocksQty,anonymousClassesQty,innerClassesQty,lambdasQty,uniqueWordsQty,modifiers,logStatementsQty,hasJavaDoc
E:\OOD_Projects\ck-mvn-plugin\java-space-invaders-master\src\main\java\Alien.java,Alien,"Alien/2[int,int]",true,15,2,3,1,2,1,4,7,0,1,2,4,0,0,0,0,0,0,0,0,4,0,0,0,0,0,10,1,0,false
E:\OOD_Projects\ck-mvn-plugin\java-space-invaders-master\src\main\java\Alien.java,Alien,act/1[int],false,25,0,1,1,0,1,0,3,0,0,1,0,0,0,0,0,0,0,0,0,1,0,0,0,0,0,2,1,0,false
E:\OOD_Projects\ck-mvn-plugin\java-space-invaders-master\src\main\java\Alien.java,Alien,getBomb/0,false,33,1,2,2,0,1,0,3,1,0,0,0,0,0,0,0,0,0,0,0,0,0,0,0,0,0,3,1,0,false
E:\OOD_Projects\ck-mvn-plugin\java-space-invaders-master\src\main\java\Player.java,Player,act/0,false,30,0,1,1,0,3,0,5,0,0,0,0,0,0,0,0,0,0,0,4,3,4,1,0,0,0,14,1,0,false
E:\OOD_Projects\ck-mvn-plugin\java-space-invaders-master\src\main\java\Player.java,Player,keyPressed/1[java.awt.event.KeyEvent],false,38,0,1,1,0,3,1,9,0,1,1,1,0,0,0,2,0,0,0,2,3,0,1,0,0,0,6,1,0,false
E:\OOD_Projects\ck-mvn-plugin\java-space-invaders-master\src\main\java\Player.java,Player,keyReleased/1[java.awt.event.KeyEvent],false,51,0,1,1,0,3,1,9,0,1,1,1,0,0,0,2,0,0,0,2,3,0,1,0,0,0,6,1,0,false
E:\OOD_Projects\ck-mvn-plugin\java-space-invaders-master\src\main\java\Player.java,Player,Player/0,true,20,1,4,1,3,1,7,7,0,1,0,7,0,0,0,0,0,0,0,0,2,0,0,0,0,0,15,1,0,false
E:\OOD_Projects\ck-mvn-plugin\java-space-invaders-master\src\main\java\GameOver.java,GameOver,getWidth/0,false,29,0,0,0,0,1,0,3,1,0,0,0,0,0,0,0,0,0,0,0,0,0,0,0,0,0,3,1,0,false
E:\OOD_Projects\ck-mvn-plugin\java-space-invaders-master\src\main\java\GameOver.java,GameOver,setWidth/1[int],false,33,0,1,1,0,1,0,3,0,0,1,0,0,0,0,0,0,0,0,0,1,0,0,0,0,0,3,1,0,false
E:\OOD_Projects\ck-mvn-plugin\java-space-invaders-master\src\main\java\GameOver.java,GameOver,GameOver/0,true,15,2,5,1,4,1,8,7,0,1,0,8,1,1,0,0,0,0,0,2,1,0,0,0,0,0,11,1,0,false
E:\OOD_Projects\ck-mvn-plugin\java-space-invaders-master\src\main\java\Sprite.java,Sprite,setDying/1[boolean],false,58,0,1,1,0,1,0,3,0,0,1,0,0,0,0,0,0,0,0,0,1,0,0,0,0,0,3,1,0,false
E:\OOD_Projects\ck-mvn-plugin\java-space-invaders-master\src\main\java\Sprite.java,Sprite,getX/0,false,54,0,6,6,0,1,0,3,1,0,0,0,0,0,0,0,0,0,0,0,0,0,0,0,0,0,3,1,0,false
E:\OOD_Projects\ck-mvn-plugin\java-space-invaders-master\src\main\java\Sprite.java,Sprite,isDying/0,false,62,0,2,2,0,1,0,3,1,0,0,0,0,0,0,0,0,0,0,0,0,0,0,0,0,0,2,1,0,false
E:\OOD_Projects\ck-mvn-plugin\java-space-invaders-master\src\main\java\Sprite.java,Sprite,isVisible/0,false,27,0,5,5,0,1,0,3,1,0,0,0,0,0,0,0,0,0,0,0,0,0,0,0,0,0,3,1,0,false
E:\OOD_Projects\ck-mvn-plugin\java-space-invaders-master\src\main\java\Sprite.java,Sprite,setVisible/1[boolean],false,31,0,0,0,0,1,0,3,0,0,1,0,0,0,0,0,0,0,0,0,1,0,0,0,0,0,3,4,0,false
E:\OOD_Projects\ck-mvn-plugin\java-space-invaders-master\src\main\java\Sprite.java,Sprite,Sprite/0,true,19,0,0,0,0,1,0,3,0,0,0,0,0,0,0,0,0,0,0,0,1,0,0,0,0,0,3,1,0,false
E:\OOD_Projects\ck-mvn-plugin\java-space-invaders-master\src\main\java\Sprite.java,Sprite,setY/1[int],false,47,0,5,5,0,1,0,3,0,0,1,0,0,0,0,0,0,0,0,0,1,0,0,0,0,0,3,1,0,false
E:\OOD_Projects\ck-mvn-plugin\java-space-invaders-master\src\main\java\Sprite.java,Sprite,getY/0,false,50,0,6,6,0,1,0,3,1,0,0,0,0,0,0,0,0,0,0,0,0,0,0,0,0,0,3,1,0,false
E:\OOD_Projects\ck-mvn-plugin\java-space-invaders-master\src\main\java\Sprite.java,Sprite,setX/1[int],false,43,0,5,5,0,1,0,3,0,0,1,0,0,0,0,0,0,0,0,0,1,0,0,0,0,0,3,1,0,false
E:\OOD_Projects\ck-mvn-plugin\java-space-invaders-master\src\main\java\Sprite.java,Sprite,die/0,false,23,0,3,3,0,1,0,3,0,0,0,0,0,0,0,0,0,0,0,0,1,0,0,0,0,0,3,1,0,false
E:\OOD_Projects\ck-mvn-plugin\java-space-invaders-master\src\main\java\Sprite.java,Sprite,setImage/1[java.awt.Image],false,35,0,8,8,0,1,0,3,0,0,1,0,0,0,0,0,0,0,0,0,1,0,0,0,0,0,3,1,0,false
E:\OOD_Projects\ck-mvn-plugin\java-space-invaders-master\src\main\java\Sprite.java,Sprite,getImage/0,false,39,0,6,6,0,1,0,3,1,0,0,0,0,0,0,0,0,0,0,0,0,0,0,0,0,0,3,1,0,false
E:\OOD_Projects\ck-mvn-plugin\java-space-invaders-master\src\main\java\Board.java,Board$TAdapter,keyReleased/1[java.awt.event.KeyEvent],false,345,1,1,0,1,1,1,3,0,0,1,1,0,0,0,0,0,0,0,0,0,0,0,0,0,0,5,1,0,false
E:\OOD_Projects\ck-mvn-plugin\java-space-invaders-master\src\main\java\Board.java,Board$TAdapter,keyPressed/1[java.awt.event.KeyEvent],false,349,3,5,0,5,4,5,11,0,3,1,5,0,0,0,1,0,0,0,0,4,0,3,0,0,0,10,1,0,false
E:\OOD_Projects\ck-mvn-plugin\java-space-invaders-master\src\main\java\SpaceInvaders.java,SpaceInvaders$ButtonListener,actionPerformed/1[java.awt.event.ActionEvent],false,99,2,2,0,2,1,8,9,0,0,1,8,0,0,0,0,0,0,0,0,0,0,0,0,0,0,11,1,0,false
E:\OOD_Projects\ck-mvn-plugin\java-space-invaders-master\src\main\java\PushPanel.java,PushPanel,PushPanel/0,true,20,1,1,0,1,1,3,6,0,0,0,3,0,0,0,0,0,0,1,4,1,0,0,0,0,0,7,1,0,false
E:\OOD_Projects\ck-mvn-plugin\java-space-invaders-master\src\main\java\Board.java,Board,addNotify/0,false,62,1,1,0,1,1,2,4,0,0,0,2,1,1,0,0,0,0,0,0,0,0,0,0,0,0,4,1,0,false
E:\OOD_Projects\ck-mvn-plugin\java-space-invaders-master\src\main\java\Board.java,Board,drawGameEnd/1[java.awt.Graphics],false,117,1,1,0,1,1,2,3,0,0,1,2,0,0,0,0,0,0,0,2,0,0,0,0,0,0,5,1,0,false
E:\OOD_Projects\ck-mvn-plugin\java-space-invaders-master\src\main\java\Board.java,Board,animationCycle/0,false,187,4,14,1,13,33,20,95,0,28,0,20,0,0,6,4,0,8,2,8,36,10,4,0,0,0,59,1,0,false
E:\OOD_Projects\ck-mvn-plugin\java-space-invaders-master\src\main\java\Board.java,Board,Board/0,true,52,2,3,1,2,1,5,8,0,0,0,5,1,1,0,0,0,0,0,0,1,0,0,0,0,0,16,1,0,false
E:\OOD_Projects\ck-mvn-plugin\java-space-invaders-master\src\main\java\Board.java,Board,drawShot/1[java.awt.Graphics],false,121,1,5,1,4,2,5,3,0,0,1,5,0,0,0,0,0,0,0,0,0,0,1,0,0,0,4,1,0,false
E:\OOD_Projects\ck-mvn-plugin\java-space-invaders-master\src\main\java\Board.java,Board,paint/1[java.awt.Graphics],false,140,1,4,0,4,2,11,15,0,0,1,11,4,1,0,0,0,0,0,3,0,0,1,0,0,0,9,1,0,false
E:\OOD_Projects\ck-mvn-plugin\java-space-invaders-master\src\main\java\Board.java,Board,gameOver/0,false,160,3,4,1,3,2,10,21,0,3,0,10,0,0,0,1,0,1,1,22,5,9,1,0,0,0,26,1,0,false
E:\OOD_Projects\ck-mvn-plugin\java-space-invaders-master\src\main\java\Board.java,Board,gameInit/0,false,67,4,6,2,4,5,6,17,0,4,0,6,0,0,2,1,0,0,0,6,8,4,2,0,0,0,22,1,0,false
E:\OOD_Projects\ck-mvn-plugin\java-space-invaders-master\src\main\java\Board.java,Board,drawBombing/1[java.awt.Graphics],false,126,3,6,1,5,3,9,10,0,3,1,9,0,0,1,0,0,0,0,0,3,0,2,0,0,0,10,1,0,false
E:\OOD_Projects\ck-mvn-plugin\java-space-invaders-master\src\main\java\Board.java,Board,drawAliens/1[java.awt.Graphics],false,89,2,7,1,6,4,10,12,0,2,1,10,0,0,1,0,0,0,0,0,2,0,2,0,0,0,8,1,0,false
E:\OOD_Projects\ck-mvn-plugin\java-space-invaders-master\src\main\java\Board.java,Board,drawPlayer/1[java.awt.Graphics],false,105,1,7,1,6,3,7,10,0,0,1,7,0,0,0,0,0,0,0,0,2,0,1,0,0,0,7,1,0,false
E:\OOD_Projects\ck-mvn-plugin\java-space-invaders-master\src\main\java\Board.java,Board,run/0,false,319,1,2,0,2,4,6,19,0,3,0,6,2,1,1,0,1,0,1,2,5,2,2,0,0,0,20,1,0,false
E:\OOD_Projects\ck-mvn-plugin\java-space-invaders-master\src\main\java\SpaceInvaders.java,SpaceInvaders$CloseHelp,actionPerformed/1[java.awt.event.ActionEvent],false,113,1,1,0,1,1,1,3,0,0,1,1,0,0,0,0,0,0,0,0,0,0,0,0,0,0,7,1,0,false
E:\OOD_Projects\ck-mvn-plugin\java-space-invaders-master\src\main\java\Won.java,Won,getWidth/0,false,28,0,0,0,0,1,0,3,1,0,0,0,0,0,0,0,0,0,0,0,0,0,0,0,0,0,3,1,0,false
E:\OOD_Projects\ck-mvn-plugin\java-space-invaders-master\src\main\java\Won.java,Won,Won/0,true,14,1,4,1,3,1,7,7,0,1,0,7,0,0,0,0,0,0,0,2,2,0,0,0,0,0,10,1,0,false
E:\OOD_Projects\ck-mvn-plugin\java-space-invaders-master\src\main\java\Won.java,Won,setWidth/1[int],false,32,0,0,0,0,1,0,3,0,0,1,0,0,0,0,0,0,0,0,0,1,0,0,0,0,0,3,1,0,false
E:\OOD_Projects\ck-mvn-plugin\java-space-invaders-master\src\main\java\SpaceInvaders.java,SpaceInvaders$HelpButton,actionPerformed/1[java.awt.event.ActionEvent],false,119,1,1,0,1,1,9,20,0,7,1,9,0,0,0,0,0,0,7,4,7,2,0,0,0,0,33,1,0,false
E:\OOD_Projects\ck-mvn-plugin\java-space-invaders-master\src\main\java\Bomb.java,Bomb,"Bomb/2[int,int]",true,15,2,3,1,2,1,5,7,0,1,2,5,1,1,0,0,0,0,0,0,3,0,0,0,0,0,10,1,0,false
E:\OOD_Projects\ck-mvn-plugin\java-space-invaders-master\src\main\java\Bomb.java,Bomb,isDestroyed/0,false,27,0,2,2,0,1,0,3,1,0,0,0,0,0,0,0,0,0,0,0,0,0,0,0,0,0,3,1,0,false
E:\OOD_Projects\ck-mvn-plugin\java-space-invaders-master\src\main\java\Bomb.java,Bomb,setDestroyed/1[boolean],false,23,0,2,2,0,1,0,3,0,0,1,0,0,0,0,0,0,0,0,0,1,0,0,0,0,0,3,1,0,false
E:\OOD_Projects\ck-mvn-plugin\java-space-invaders-master\src\main\java\Shot.java,Shot,"Shot/2[int,int]",true,13,1,4,1,3,1,6,6,0,1,2,6,0,0,0,0,0,0,0,0,1,2,0,0,0,0,18,1,0,false
E:\OOD_Projects\ck-mvn-plugin\java-space-invaders-master\src\main\java\Shot.java,Shot,Shot/0,true,10,0,1,1,0,1,0,2,0,0,0,0,0,0,0,0,0,0,0,0,0,0,0,0,0,0,1,1,0,false
E:\OOD_Projects\ck-mvn-plugin\java-space-invaders-master\src\main\java\SpaceInvaders.java,SpaceInvaders,main/1[java.lang.String[]],false,93,1,1,0,1,1,0,3,0,0,1,0,0,0,0,0,0,0,0,0,0,0,0,0,0,0,4,9,0,false
E:\OOD_Projects\ck-mvn-plugin\java-space-invaders-master\src\main\java\SpaceInvaders.java,SpaceInvaders,closeHelp/0,false,86,0,1,1,0,1,1,3,0,0,0,1,0,0,0,0,0,0,0,0,0,0,0,0,0,0,2,1,0,false
E:\OOD_Projects\ck-mvn-plugin\java-space-invaders-master\src\main\java\SpaceInvaders.java,SpaceInvaders,closeIntro/0,false,81,0,1,1,0,1,1,4,0,0,0,1,0,0,0,0,0,0,0,0,0,0,0,0,0,0,2,1,0,false
E:\OOD_Projects\ck-mvn-plugin\java-space-invaders-master\src\main\java\SpaceInvaders.java,SpaceInvaders,SpaceInvaders/0,true,44,2,4,2,2,1,10,26,0,7,0,10,0,0,0,0,0,0,9,8,9,2,0,0,0,0,34,1,0,false
E:\OOD_Projects\ck-mvn-plugin\java-space-invaders-master\src\main\java\PushPanel.java,PushPanel$ButtonListener,actionPerformed/1[java.awt.event.ActionEvent],false,30,1,1,0,1,1,0,3,0,0,1,0,0,0,0,0,0,0,0,0,0,0,0,0,0,0,7,1,0,false
