file,class,type,cbo,cboModified,fanin,fanout,wmc,dit,noc,rfc,lcom,lcom*,tcc,lcc,totalMethodsQty,staticMethodsQty,publicMethodsQty,privateMethodsQty,protectedMethodsQty,defaultMethodsQty,visibleMethodsQty,abstractMethodsQty,finalMethodsQty,synchronizedMethodsQty,totalFieldsQty,staticFieldsQty,publicFieldsQty,privateFieldsQty,protectedFieldsQty,defaultFieldsQty,finalFieldsQty,synchronizedFieldsQty,nosi,loc,returnQty,loopQty,comparisonsQty,tryCatchQty,parenthesizedExpsQty,stringLiteralsQty,numbersQty,assignmentsQty,mathOperationsQty,variablesQty,maxNestedBlocksQty,anonymousClassesQty,innerClassesQty,lambdasQty,uniqueWordsQty,modifiers,logStatementsQty
E:\ck-mvn-plugin\8americain-master\src\model\effets\EffetAvecInput.java,model.effets.EffetAvecInput,class,2,14,12,2,3,2,2,0,3,0.0,0.0,0.0,3,0,3,0,0,0,3,2,0,0,0,0,0,0,0,0,0,0,0,7,0,0,0,0,0,0,0,0,0,0,0,0,0,0,59,1025,0
E:\ck-mvn-plugin\8americain-master\src\model\Joueur.java,model.Joueur,class,1,27,26,1,10,1,1,0,33,0.8,0.13333334,0.13333334,10,0,10,0,0,0,10,0,0,0,5,0,0,5,0,0,0,0,0,37,5,0,0,0,0,0,2,9,0,5,0,0,0,0,36,1,0
E:\ck-mvn-plugin\8americain-master\src\model\effets\EffetClassique.java,model.effets.EffetClassique,class,3,4,1,3,2,2,0,0,1,0.0,0.0,0.0,2,0,2,0,0,0,2,0,0,0,0,0,0,0,0,0,0,0,0,8,1,0,0,0,0,0,0,0,0,0,0,0,0,0,25,1,0
E:\ck-mvn-plugin\8americain-master\src\model\variantes\Basique.java,model.variantes.Basique,class,8,13,5,8,9,2,0,2,1,0.0,0.0,0.0,2,1,2,0,0,0,2,0,0,0,0,0,0,0,0,0,0,0,0,39,1,0,0,0,0,8,2,9,0,2,1,0,0,0,55,1,0
E:\ck-mvn-plugin\8americain-master\src\model\effets\EffetRejouer.java,model.effets.EffetRejouer,class,4,6,2,4,2,2,0,3,1,0.5,0.0,0.0,2,0,2,0,0,0,2,0,0,0,1,1,0,1,0,0,1,0,1,12,1,0,0,0,0,0,1,2,0,2,0,0,0,0,29,1,0
E:\ck-mvn-plugin\8americain-master\src\model\Passif.java,model.Passif,class,7,8,1,7,26,1,0,12,6,0.0,0.0,0.0,4,0,4,0,0,0,4,0,0,0,0,0,0,0,0,0,0,0,8,79,4,5,10,0,0,0,21,27,2,15,3,0,0,0,33,1,0
E:\ck-mvn-plugin\8americain-master\src\model\effets\Effet.java,model.effets.Effet,class,2,13,11,2,5,1,6,0,6,0.6,0.2,0.2,5,0,5,0,0,0,5,1,0,0,2,0,0,1,1,0,0,0,0,17,2,0,0,0,0,0,0,3,0,2,0,0,0,0,64,1025,0
E:\ck-mvn-plugin\8americain-master\src\view\interfaceGraphique\InterfaceGraphiqueInitJoueurs.java,view.interfaceGraphique.InterfaceGraphiqueInitJoueurs$Anonymous3,anonymous,0,0,0,0,1,1,0,1,0,0.0,NaN,NaN,1,0,1,0,0,0,1,0,0,0,0,0,0,0,0,0,0,0,1,5,0,0,0,0,0,0,1,0,0,0,0,0,0,0,5,-1,0
E:\ck-mvn-plugin\8americain-master\src\view\interfaceGraphique\InterfaceGraphiqueInitJoueurs.java,view.interfaceGraphique.InterfaceGraphiqueInitJoueurs$Anonymous1,anonymous,1,1,0,1,6,1,0,13,0,0.0,NaN,NaN,1,0,1,0,0,0,1,0,0,0,0,0,0,0,0,0,0,0,3,31,0,0,0,0,0,5,4,0,1,0,3,0,0,0,19,-1,0
E:\ck-mvn-plugin\8americain-master\src\model\Jeu.java,model.Jeu,class,13,41,28,13,122,2,0,80,664,0.92682934,0.09815078,0.5376956,41,1,38,3,0,0,38,0,0,0,18,7,6,12,0,0,6,0,5,517,25,19,19,2,16,2,52,85,2,56,6,0,0,0,260,1,0
E:\ck-mvn-plugin\8americain-master\src\view\interfaceGraphique\InterfaceGraphiqueInitJoueurs.java,view.interfaceGraphique.InterfaceGraphiqueInitJoueurs$Anonymous2,anonymous,4,4,0,4,3,1,0,11,0,0.0,NaN,NaN,1,0,1,0,0,0,1,0,0,0,0,0,0,0,0,0,0,0,1,14,0,0,0,0,0,2,1,0,0,0,1,0,0,0,21,-1,0
E:\ck-mvn-plugin\8americain-master\src\view\interfaceGraphique\InterfaceGraphiqueJoueurArtificiel.java,view.interfaceGraphique.InterfaceGraphiqueJoueurArtificiel,class,2,4,2,2,2,5,0,27,1,0.6,NaN,NaN,2,0,1,1,0,0,1,0,0,0,5,1,0,5,0,0,1,0,1,30,0,0,0,0,0,3,3,6,2,6,0,0,0,0,55,1,0
E:\ck-mvn-plugin\8americain-master\src\view\interfaceGraphique\InterfaceGraphiqueInitJoueurs.java,view.interfaceGraphique.InterfaceGraphiqueInitJoueurs,class,4,6,2,4,3,3,0,16,0,0.3333333,0.33333334,0.33333334,3,0,3,0,0,0,3,0,0,0,7,0,0,7,0,0,0,0,0,125,1,0,0,0,0,12,9,21,0,21,0,3,0,0,93,1,0
E:\ck-mvn-plugin\8americain-master\src\view\interfaceConsole\InterfaceConsoleEffetChangerCouleur.java,view.interfaceConsole.InterfaceConsoleEffetChangerCouleur,class,7,9,2,7,9,3,0,8,0,0.375,0.6666667,1.0,4,0,4,0,0,0,4,0,0,0,2,0,0,2,0,0,0,0,0,39,1,2,2,1,0,4,5,7,1,5,3,0,0,0,60,1,0
E:\ck-mvn-plugin\8americain-master\src\model\Message.java,model.Message$Types,enum,0,0,0,0,0,1,0,0,0,0.0,-1.0,-1.0,0,0,0,0,0,0,0,0,0,0,0,0,0,0,0,0,0,0,0,1,0,0,0,0,0,0,0,0,0,0,0,0,0,0,10,9,0
E:\ck-mvn-plugin\8americain-master\src\model\effets\EffetChangerSensJeu.java,model.effets.EffetChangerSensJeu,class,4,6,2,4,2,2,0,3,1,0.5,0.0,0.0,2,0,2,0,0,0,2,0,0,0,1,1,0,1,0,0,1,0,1,12,1,0,0,0,0,0,1,2,0,2,0,0,0,0,23,1,0
E:\ck-mvn-plugin\8americain-master\src\model\Message.java,model.Message,class,4,16,12,4,19,1,0,0,149,0.8888889,0.064327486,0.064327486,19,0,19,0,0,0,19,0,0,0,9,0,0,9,0,0,0,0,0,69,9,0,0,0,0,0,0,10,0,9,0,0,1,0,61,1,0
E:\ck-mvn-plugin\8americain-master\src\view\interfaceGraphique\InterfaceGraphique.java,view.interfaceGraphique.InterfaceGraphique$Anonymous8$Anonymous9,anonymous,4,4,0,4,2,1,0,8,0,0.0,NaN,NaN,1,0,1,0,0,0,1,0,0,0,0,0,0,0,0,0,0,0,1,12,0,0,0,1,0,0,1,1,0,0,1,0,0,0,12,-1,0
E:\ck-mvn-plugin\8americain-master\src\model\ErreurCarteInposable.java,model.ErreurCarteInposable,class,0,1,1,0,0,3,0,0,0,NaN,-1.0,-1.0,0,0,0,0,0,0,0,0,0,0,1,1,0,1,0,0,1,0,0,3,0,0,0,0,0,0,1,1,0,1,0,0,0,0,21,1,0
E:\ck-mvn-plugin\8americain-master\src\view\interfaceGraphique\InterfaceGraphique.java,view.interfaceGraphique.InterfaceGraphique,class,12,16,4,12,52,2,2,87,0,0.71264374,0.0,0.0,9,0,3,6,0,0,3,0,0,0,29,0,0,29,0,0,0,0,4,466,0,3,4,0,50,75,70,50,28,51,4,8,0,0,227,1,0
E:\ck-mvn-plugin\8americain-master\src\model\variantes\Variante.java,model.variantes.Variante,class,1,6,5,1,1,1,3,0,0,0.0,NaN,NaN,1,0,1,0,0,0,1,1,0,0,0,0,0,0,0,0,0,0,0,3,0,0,0,0,0,0,0,0,0,0,0,0,0,0,27,1025,0
E:\ck-mvn-plugin\8americain-master\src\model\JoueurArtificiel.java,model.JoueurArtificiel,class,5,10,5,5,7,2,0,4,0,0.53333336,1.0,1.0,5,0,5,0,0,0,5,0,0,0,3,2,2,1,0,0,2,0,0,30,4,0,0,0,0,0,2,5,0,3,1,0,0,0,42,1,0
E:\ck-mvn-plugin\8americain-master\src\controleur\Controleur.java,controleur.Controleur,class,5,26,21,5,4,1,0,5,4,0.5,0.16666667,0.16666667,4,1,4,0,0,0,4,0,0,0,1,0,0,1,0,0,0,0,1,20,1,0,0,0,0,0,0,4,0,4,0,0,0,0,21,1,0
E:\ck-mvn-plugin\8americain-master\src\model\effets\ErreurDonneesEffet.java,model.effets.ErreurDonneesEffet,class,0,2,2,0,0,3,0,0,0,NaN,-1.0,-1.0,0,0,0,0,0,0,0,0,0,0,1,1,0,1,0,0,1,0,0,3,0,0,0,0,0,0,1,1,0,1,0,0,0,0,15,1,0
E:\ck-mvn-plugin\8americain-master\src\view\interfaceConsole\InterfaceConsoleInitPartie.java,view.interfaceConsole.InterfaceConsoleInitPartie,class,9,11,2,9,29,3,0,15,6,0.0,0.0,0.0,4,0,2,2,0,0,2,0,0,0,0,0,0,0,0,0,0,0,1,161,0,5,5,2,0,30,12,33,1,13,3,0,0,0,111,1,0
E:\ck-mvn-plugin\8americain-master\src\view\interfaceGraphique\InterfaceGraphiqueInitPartie.java,view.interfaceGraphique.InterfaceGraphiqueInitPartie,class,4,6,2,4,3,3,0,18,1,0.6,0.0,0.0,3,0,2,1,0,0,2,0,0,0,5,0,0,5,0,0,0,0,1,124,1,0,0,0,0,19,10,16,0,16,0,3,0,0,89,1,0
E:\ck-mvn-plugin\8americain-master\src\view\interfaceConsole\InterfaceConsoleInitJoueurs.java,view.interfaceConsole.InterfaceConsoleInitJoueurs,class,7,9,2,7,16,3,0,9,3,0.0,0.0,0.0,3,0,2,1,0,0,2,0,0,0,0,0,0,0,0,0,0,0,0,80,3,2,8,0,0,17,2,15,3,10,6,0,0,0,84,1,0
E:\ck-mvn-plugin\8americain-master\src\view\interfaceConsole\InterfaceConsoleJouerTour.java,view.interfaceConsole.InterfaceConsoleJouerTour,class,7,9,2,7,21,3,0,22,0,0.0,1.0,1.0,4,0,2,2,0,0,2,0,0,0,1,0,0,1,0,0,0,0,5,99,2,5,4,2,0,24,4,16,8,8,4,0,0,0,92,1,0
E:\ck-mvn-plugin\8americain-master\src\model\effets\EffetChangerCouleur.java,model.effets.EffetChangerCouleur,class,7,10,3,7,7,3,1,8,0,0.5,0.6,0.6,5,0,4,0,1,0,5,0,0,0,2,1,0,1,1,0,1,0,1,31,2,0,0,0,0,2,6,7,1,5,1,0,0,0,52,1,0
E:\ck-mvn-plugin\8americain-master\src\model\Agressif.java,model.Agressif,class,7,8,1,7,30,1,0,12,6,0.0,0.0,0.0,4,0,4,0,0,0,4,0,0,0,0,0,0,0,0,0,0,0,9,84,4,6,12,0,1,0,22,28,2,15,3,0,0,0,33,1,0
E:\ck-mvn-plugin\8americain-master\src\model\effets\EffetAttaque.java,model.effets.EffetAttaque,class,4,9,5,4,4,2,0,8,0,0.33333334,1.0,1.0,3,0,3,0,0,0,3,0,0,0,3,1,0,3,0,0,1,0,5,29,2,0,0,0,0,0,1,6,0,4,1,0,0,0,65,1,0
E:\ck-mvn-plugin\8americain-master\src\model\Strategie.java,model.Strategie,interface,2,5,3,2,4,1,0,0,6,0.0,0.0,0.0,4,0,4,0,0,0,4,0,0,0,0,0,0,0,0,0,0,0,0,6,0,0,0,0,0,0,0,0,0,0,0,0,0,0,58,1,0
E:\ck-mvn-plugin\8americain-master\src\model\effets\EffetSauterTour.java,model.effets.EffetSauterTour,class,4,6,2,4,2,2,0,5,1,0.5,0.0,0.0,2,0,2,0,0,0,2,0,0,0,1,1,0,1,0,0,1,0,2,13,1,0,0,0,0,0,1,2,0,2,0,0,0,0,32,1,0
E:\ck-mvn-plugin\8americain-master\src\view\interfaceConsole\InterfaceConsole.java,view.interfaceConsole.InterfaceConsole,class,11,18,7,11,45,2,5,25,9,0.5,0.0,0.0,6,0,2,2,2,0,4,0,0,0,1,1,0,1,0,0,0,0,1,152,5,2,3,3,39,35,0,7,21,5,4,0,0,0,180,1,0
E:\ck-mvn-plugin\8americain-master\src\view\interfaceGraphique\InterfaceGraphique.java,view.interfaceGraphique.InterfaceGraphique$Anonymous5,anonymous,4,4,0,4,2,1,0,5,0,0.0,NaN,NaN,1,0,1,0,0,0,1,0,0,0,0,0,0,0,0,0,0,0,0,13,0,0,0,1,0,0,2,2,0,1,1,0,0,0,12,-1,0
E:\ck-mvn-plugin\8americain-master\src\model\variantes\Minimale.java,model.variantes.Minimale,class,4,7,3,4,3,2,0,4,1,0.0,0.0,0.0,2,1,2,0,0,0,2,0,0,0,0,0,0,0,0,0,0,0,0,16,1,0,0,0,0,2,0,3,0,2,1,0,0,0,30,1,0
E:\ck-mvn-plugin\8americain-master\src\view\interfaceGraphique\InterfaceGraphique.java,view.interfaceGraphique.InterfaceGraphique$Anonymous4,anonymous,4,4,0,4,2,1,0,5,0,0.0,NaN,NaN,1,0,1,0,0,0,1,0,0,0,0,0,0,0,0,0,0,0,0,13,0,0,0,1,0,0,2,2,0,1,1,0,0,0,12,-1,0
E:\ck-mvn-plugin\8americain-master\src\view\interfaceGraphique\InterfaceGraphique.java,view.interfaceGraphique.InterfaceGraphique$Anonymous3,anonymous,4,4,0,4,2,1,0,5,0,0.0,NaN,NaN,1,0,1,0,0,0,1,0,0,0,0,0,0,0,0,0,0,0,1,10,0,0,0,1,0,1,0,0,1,0,1,0,0,0,15,-1,0
E:\ck-mvn-plugin\8americain-master\src\view\interfaceGraphique\InterfaceGraphique.java,view.interfaceGraphique.InterfaceGraphique$Anonymous2,anonymous,3,3,0,3,3,1,0,4,0,0.0,NaN,NaN,1,0,1,0,0,0,1,0,0,0,0,0,0,0,0,0,0,0,0,12,0,0,0,0,0,0,2,0,0,0,1,0,0,0,5,-1,0
E:\ck-mvn-plugin\8americain-master\src\model\effets\EffetContrerChangerCouleur.java,model.effets.EffetContrerChangerCouleur,class,4,9,5,4,3,4,0,7,1,0.5,0.0,0.0,2,0,2,0,0,0,2,0,0,0,1,1,0,1,0,0,1,0,3,21,1,0,0,0,0,0,2,4,0,2,1,0,0,0,44,1,0
E:\ck-mvn-plugin\8americain-master\src\model\effets\EffetDonner.java,model.effets.EffetDonner,class,7,10,3,7,5,3,0,11,0,0.41666666,0.5,0.5,4,0,4,0,0,0,4,0,0,0,3,1,0,1,0,2,1,0,1,31,1,0,0,1,0,0,3,6,0,4,1,0,0,0,52,1,0
E:\ck-mvn-plugin\8americain-master\src\view\interfaceGraphique\InterfaceGraphique.java,view.interfaceGraphique.InterfaceGraphique$Anonymous1,anonymous,3,3,0,3,1,1,0,3,0,0.0,NaN,NaN,1,0,1,0,0,0,1,0,0,0,0,0,0,0,0,0,0,0,0,5,0,0,0,0,0,0,0,0,0,0,0,0,0,0,5,-1,0
E:\ck-mvn-plugin\8americain-master\src\view\interfaceGraphique\InterfaceGraphiqueInitPartie.java,view.interfaceGraphique.InterfaceGraphiqueInitPartie$Anonymous3,anonymous,0,0,0,0,1,1,0,1,0,0.0,NaN,NaN,1,0,1,0,0,0,1,0,0,0,0,0,0,0,0,0,0,0,1,5,0,0,0,0,0,0,1,0,0,0,0,0,0,0,5,-1,0
E:\ck-mvn-plugin\8americain-master\src\view\interfaceGraphique\InterfaceGraphiqueInitPartie.java,view.interfaceGraphique.InterfaceGraphiqueInitPartie$Anonymous1,anonymous,3,3,0,3,4,1,0,5,0,0.0,NaN,NaN,1,0,1,0,0,0,1,0,0,0,0,0,0,0,0,0,0,0,3,15,0,0,0,0,0,0,3,0,0,0,1,0,0,0,5,-1,0
E:\ck-mvn-plugin\8americain-master\src\view\interfaceGraphique\InterfaceGraphiqueInitPartie.java,view.interfaceGraphique.InterfaceGraphiqueInitPartie$Anonymous2,anonymous,6,6,0,6,8,1,0,9,0,0.0,NaN,NaN,1,0,1,0,0,0,1,0,0,0,0,0,0,0,0,0,0,0,0,34,0,0,0,0,0,0,7,0,0,0,1,0,0,0,11,-1,0
E:\ck-mvn-plugin\8americain-master\src\model\Carte.java,model.Carte,class,3,22,19,3,19,1,0,5,0,0.89393944,0.5555556,1.0,9,0,9,0,0,0,9,0,0,0,22,19,19,3,0,0,19,0,0,85,4,2,2,0,0,18,22,34,1,27,2,0,0,0,50,1,0
E:\ck-mvn-plugin\8americain-master\src\view\interfaceGraphique\InterfaceGraphique.java,view.interfaceGraphique.InterfaceGraphique$Anonymous8,anonymous,3,3,0,3,3,1,0,14,0,0.0,NaN,NaN,1,0,1,0,0,0,1,0,0,0,0,0,0,0,0,0,0,0,1,37,0,1,0,0,0,2,4,6,0,4,2,1,0,0,30,-1,0
E:\ck-mvn-plugin\8americain-master\src\view\interfaceGraphique\InterfaceGraphique.java,view.interfaceGraphique.InterfaceGraphique$Anonymous7,anonymous,4,4,0,4,2,1,0,5,0,0.0,NaN,NaN,1,0,1,0,0,0,1,0,0,0,0,0,0,0,0,0,0,0,0,13,0,0,0,1,0,0,2,2,0,1,1,0,0,0,12,-1,0
E:\ck-mvn-plugin\8americain-master\src\view\interfaceGraphique\InterfaceGraphique.java,view.interfaceGraphique.InterfaceGraphique$Anonymous6,anonymous,4,4,0,4,2,1,0,5,0,0.0,NaN,NaN,1,0,1,0,0,0,1,0,0,0,0,0,0,0,0,0,0,0,0,13,0,0,0,1,0,0,2,2,0,1,1,0,0,0,12,-1,0
E:\ck-mvn-plugin\8americain-master\src\view\IHM.java,view.IHM,class,2,21,19,2,3,1,2,1,1,0.33333334,0.33333334,0.33333334,3,0,3,0,0,0,3,0,0,0,1,0,0,1,0,0,0,0,0,12,1,0,0,0,0,0,0,1,0,1,0,0,0,0,26,1025,0
E:\ck-mvn-plugin\8americain-master\src\view\interfaceConsole\InterfaceConsoleEffetDonner.java,view.interfaceConsole.InterfaceConsoleEffetDonner,class,8,10,2,8,13,3,0,17,0,0.375,0.6666667,1.0,4,0,4,0,0,0,4,0,0,0,2,0,0,2,0,0,0,0,3,49,1,3,4,1,0,10,9,8,4,5,4,0,0,0,58,1,0
E:\ck-mvn-plugin\8americain-master\src\model\variantes\Monclar.java,model.variantes.Monclar,class,7,10,3,7,8,2,0,2,1,0.0,0.0,0.0,2,1,2,0,0,0,2,0,0,0,0,0,0,0,0,0,0,0,0,35,1,0,0,0,0,7,2,8,0,2,1,0,0,0,47,1,0
