file,class,method,constructor,line,cbo,cboModified,fanin,fanout,wmc,rfc,loc,returnsQty,variablesQty,parametersQty,methodsInvokedQty,methodsInvokedLocalQty,methodsInvokedIndirectLocalQty,loopQty,comparisonsQty,tryCatchQty,parenthesizedExpsQty,stringLiteralsQty,numbersQty,assignmentsQty,mathOperationsQty,maxNestedBlocksQty,anonymousClassesQty,innerClassesQty,lambdasQty,uniqueWordsQty,modifiers,logStatementsQty,hasJavaDoc
E:\ck-mvn-plugin\8americain-master\src\model\effets\EffetAvecInput.java,model.effets.EffetAvecInput,"setData/2[java.lang.Integer[],model.Joueur]",false,16,1,4,4,0,1,0,1,0,0,2,0,0,0,0,0,0,0,0,0,0,0,0,0,0,0,43,1025,0,true
E:\ck-mvn-plugin\8americain-master\src\model\effets\EffetAvecInput.java,model.effets.EffetAvecInput,EffetAvecInput/1[int],true,11,0,0,0,0,1,0,3,0,0,1,0,0,0,0,0,0,0,0,0,0,0,0,0,0,0,5,1,0,false
E:\ck-mvn-plugin\8americain-master\src\model\effets\EffetAvecInput.java,model.effets.EffetAvecInput,resetData/0,false,31,0,0,0,0,1,0,1,0,0,0,0,0,0,0,0,0,0,0,0,0,0,0,0,0,0,9,1025,0,true
E:\ck-mvn-plugin\8americain-master\src\model\Joueur.java,model.Joueur,setPeutJouer/1[boolean],false,44,0,4,4,0,1,0,3,0,0,1,0,0,0,0,0,0,0,0,0,1,0,0,0,0,0,5,1,0,false
E:\ck-mvn-plugin\8americain-master\src\model\Joueur.java,model.Joueur,isPeutFinir/0,false,60,0,5,5,0,1,0,3,1,0,0,0,0,0,0,0,0,0,0,0,0,0,0,0,0,0,4,1,0,false
E:\ck-mvn-plugin\8americain-master\src\model\Joueur.java,model.Joueur,isPeutJouer/0,false,40,0,2,2,0,1,0,3,1,0,0,0,0,0,0,0,0,0,0,0,0,0,0,0,0,0,4,1,0,false
E:\ck-mvn-plugin\8americain-master\src\model\Joueur.java,model.Joueur,addScore/1[int],false,74,0,1,1,0,1,0,3,0,0,1,0,0,0,0,0,0,0,0,0,1,0,0,0,0,0,9,1,0,true
E:\ck-mvn-plugin\8americain-master\src\model\Joueur.java,model.Joueur,getMain/0,false,48,1,24,24,0,1,0,3,1,0,0,0,0,0,0,0,0,0,0,0,0,0,0,0,0,0,3,1,0,false
E:\ck-mvn-plugin\8americain-master\src\model\Joueur.java,model.Joueur,getPseudo/0,false,52,0,8,8,0,1,0,3,1,0,0,0,0,0,0,0,0,0,0,0,0,0,0,0,0,0,3,1,0,false
E:\ck-mvn-plugin\8americain-master\src\model\Joueur.java,model.Joueur,getScore/0,false,56,0,4,4,0,1,0,3,1,0,0,0,0,0,0,0,0,0,0,0,0,0,0,0,0,0,3,1,0,false
E:\ck-mvn-plugin\8americain-master\src\model\Joueur.java,model.Joueur,Joueur/1[java.lang.String],true,36,0,2,2,0,1,0,3,0,0,1,0,0,0,0,0,0,0,0,0,1,0,0,0,0,0,2,1,0,false
E:\ck-mvn-plugin\8americain-master\src\model\Joueur.java,model.Joueur,setPeutFinir/1[boolean],false,64,0,5,5,0,1,0,3,0,0,1,0,0,0,0,0,0,0,0,0,1,0,0,0,0,0,4,1,0,false
E:\ck-mvn-plugin\8americain-master\src\model\Joueur.java,model.Joueur,resetScore/0,false,81,0,0,0,0,1,0,3,0,0,0,0,0,0,0,0,0,0,0,1,1,0,0,0,0,0,8,1,0,true
E:\ck-mvn-plugin\8americain-master\src\model\effets\EffetClassique.java,model.effets.EffetClassique,EffetClassique/1[int],true,11,0,1,1,0,1,0,3,0,0,1,0,0,0,0,0,0,0,0,0,0,0,0,0,0,0,3,1,0,false
E:\ck-mvn-plugin\8americain-master\src\model\effets\EffetClassique.java,model.effets.EffetClassique,action/1[model.Joueur],false,18,2,1,0,1,1,0,3,1,0,1,0,0,0,0,0,0,0,0,0,0,0,0,0,0,0,14,1,0,true
E:\ck-mvn-plugin\8americain-master\src\model\variantes\Basique.java,model.variantes.Basique,getStringVariante/0,false,52,0,2,2,0,1,0,11,1,1,0,0,0,0,0,0,0,0,8,0,8,0,0,0,0,0,42,9,0,true
E:\ck-mvn-plugin\8americain-master\src\model\variantes\Basique.java,model.variantes.Basique,gererVariante/1[model.Carte],false,13,7,8,0,8,8,2,26,0,1,1,2,0,0,0,0,0,0,0,2,1,0,1,0,0,0,16,1,0,false
E:\ck-mvn-plugin\8americain-master\src\model\effets\EffetRejouer.java,model.effets.EffetRejouer,EffetRejouer/0,true,17,0,2,2,0,1,0,3,0,0,0,0,0,0,0,0,0,0,0,0,0,0,0,0,0,0,2,1,0,false
E:\ck-mvn-plugin\8americain-master\src\model\effets\EffetRejouer.java,model.effets.EffetRejouer,action/1[model.Joueur],false,25,3,4,0,4,1,3,6,1,1,1,3,0,0,0,0,0,0,0,0,1,0,0,0,0,0,21,1,0,true
E:\ck-mvn-plugin\8americain-master\src\model\Passif.java,model.Passif,choisirDataChangerCouleur/1[model.Joueur],false,50,2,2,0,2,10,5,37,1,7,1,5,0,0,1,8,0,0,0,10,13,0,2,0,0,0,14,1,0,false
E:\ck-mvn-plugin\8americain-master\src\model\Passif.java,model.Passif,choisirDataDonner/1[model.Joueur],false,24,6,4,0,4,6,8,18,1,5,1,8,0,0,2,0,0,0,0,8,9,1,2,0,0,0,18,1,0,false
E:\ck-mvn-plugin\8americain-master\src\model\Passif.java,model.Passif,choisirAnnonce/1[model.Joueur],false,88,2,4,0,4,5,5,11,1,1,1,5,0,0,1,1,0,0,0,1,2,0,3,0,0,0,9,1,0,false
E:\ck-mvn-plugin\8americain-master\src\model\Passif.java,model.Passif,choisirCarteStrategie/1[model.Joueur],false,11,5,4,0,4,5,6,11,1,2,1,6,0,0,1,1,0,0,0,2,3,1,3,0,0,0,12,1,0,false
E:\ck-mvn-plugin\8americain-master\src\model\effets\Effet.java,model.effets.Effet,Effet/1[int],true,34,0,0,0,0,1,0,3,0,0,1,0,0,0,0,0,0,0,0,0,1,0,0,0,0,0,3,1,0,false
E:\ck-mvn-plugin\8americain-master\src\model\effets\Effet.java,model.effets.Effet,getScoreValue/0,false,38,0,1,1,0,1,0,3,1,0,0,0,0,0,0,0,0,0,0,0,0,0,0,0,0,0,4,1,0,false
E:\ck-mvn-plugin\8americain-master\src\model\effets\Effet.java,model.effets.Effet,isAlwaysPosable/0,false,42,0,1,1,0,1,0,3,1,0,0,0,0,0,0,0,0,0,0,0,0,0,0,0,0,0,4,1,0,false
E:\ck-mvn-plugin\8americain-master\src\model\effets\Effet.java,model.effets.Effet,setAlwaysPosable/1[boolean],false,46,0,1,1,0,1,0,3,0,0,1,0,0,0,0,0,0,0,0,0,1,0,0,0,0,0,5,1,0,false
E:\ck-mvn-plugin\8americain-master\src\model\effets\Effet.java,model.effets.Effet,action/1[model.Joueur],false,23,2,2,2,0,1,0,1,0,0,1,0,0,0,0,0,0,0,0,0,0,0,0,0,0,0,26,1025,0,true
E:\ck-mvn-plugin\8americain-master\src\view\interfaceGraphique\InterfaceGraphiqueInitJoueurs.java,view.interfaceGraphique.InterfaceGraphiqueInitJoueurs$Anonymous3,actionPerformed/1[java.awt.event.ActionEvent],false,200,0,26,0,26,1,1,3,0,0,1,1,0,0,0,0,0,0,0,1,0,0,0,0,0,0,5,1,0,false
E:\ck-mvn-plugin\8americain-master\src\view\interfaceGraphique\InterfaceGraphiqueInitJoueurs.java,view.interfaceGraphique.InterfaceGraphiqueInitJoueurs$Anonymous1,actionPerformed/1[java.awt.event.ActionEvent],false,140,1,26,0,26,6,13,29,0,0,1,13,0,0,0,0,0,0,5,4,0,1,3,0,0,0,19,1,0,false
E:\ck-mvn-plugin\8americain-master\src\model\Jeu.java,model.Jeu,initPartie/0,false,103,1,3,2,1,1,2,4,0,0,0,2,0,0,0,0,0,0,0,0,0,0,0,0,0,0,16,1,0,true
E:\ck-mvn-plugin\8americain-master\src\model\Jeu.java,model.Jeu,commencerNouvelleManche/0,false,240,2,6,2,4,1,5,8,0,1,0,5,2,11,0,0,0,0,0,0,1,0,0,0,0,0,24,1,0,true
E:\ck-mvn-plugin\8americain-master\src\model\Jeu.java,model.Jeu,getGagnants/0,false,71,1,1,1,0,1,0,3,1,0,0,0,0,0,0,0,0,0,0,0,0,0,0,0,0,0,3,1,0,false
E:\ck-mvn-plugin\8americain-master\src\model\Jeu.java,model.Jeu,getJoueurs/0,false,91,1,12,12,0,1,0,3,1,0,0,0,0,0,0,0,0,0,0,0,0,0,0,0,0,0,3,1,0,false
E:\ck-mvn-plugin\8americain-master\src\model\Jeu.java,model.Jeu,getDefausse/0,false,95,1,4,4,0,1,0,3,1,0,0,0,0,0,0,0,0,0,0,0,0,0,0,0,0,0,3,1,0,false
E:\ck-mvn-plugin\8americain-master\src\model\Jeu.java,model.Jeu,finirTour/1[model.Joueur],false,256,4,14,4,10,5,15,23,0,2,1,15,5,11,0,1,0,1,0,2,2,0,1,0,0,0,27,1,0,true
E:\ck-mvn-plugin\8americain-master\src\model\Jeu.java,model.Jeu,getNombreJoueursActifs/0,false,730,1,2,1,1,1,2,3,1,0,0,2,1,1,0,0,0,0,0,0,0,0,0,0,0,0,12,1,0,true
E:\ck-mvn-plugin\8americain-master\src\model\Jeu.java,model.Jeu,getNbCarteAttaque/0,false,606,0,1,1,0,1,0,3,1,0,0,0,0,0,0,0,0,0,0,0,0,0,0,0,0,0,4,1,0,false
E:\ck-mvn-plugin\8americain-master\src\model\Jeu.java,model.Jeu,isMancheOver/0,false,739,2,4,2,2,7,4,15,3,0,0,4,1,2,1,2,0,2,0,2,0,0,3,0,0,0,38,1,0,true
E:\ck-mvn-plugin\8americain-master\src\model\Jeu.java,model.Jeu,getJoueurSuivant/1[model.Joueur],false,624,1,2,2,0,1,3,3,1,0,1,3,0,0,0,0,0,1,0,1,0,2,0,0,0,0,5,1,0,false
E:\ck-mvn-plugin\8americain-master\src\model\Jeu.java,model.Jeu,finirManche/0,false,297,1,5,1,4,2,4,10,0,0,0,4,4,11,0,0,0,0,0,0,0,0,1,0,0,0,23,1,0,true
E:\ck-mvn-plugin\8americain-master\src\model\Jeu.java,model.Jeu,initJoueurs/0,false,521,1,3,2,1,1,2,4,0,0,0,2,0,0,0,0,0,0,0,0,0,0,0,0,0,0,24,1,0,true
E:\ck-mvn-plugin\8americain-master\src\model\Jeu.java,model.Jeu,addCarteAttaque/1[int],false,610,0,1,1,0,1,0,3,0,0,1,0,0,0,0,0,0,0,0,0,1,0,0,0,0,0,6,1,0,false
E:\ck-mvn-plugin\8americain-master\src\model\Jeu.java,model.Jeu,"piocherCarte/2[model.Joueur,int]",false,672,2,6,5,1,4,8,14,0,2,2,8,0,0,2,0,0,0,0,1,2,0,3,0,0,0,28,1,0,true
E:\ck-mvn-plugin\8americain-master\src\model\Jeu.java,model.Jeu,setVariante/1[model.variantes.Variante],false,55,1,2,2,0,1,0,3,0,0,1,0,0,0,0,0,0,0,0,0,1,0,0,0,0,0,3,1,0,false
E:\ck-mvn-plugin\8americain-master\src\model\Jeu.java,model.Jeu,jouerTourJoueursArtificiels/0,false,194,5,13,1,12,6,13,34,1,5,0,13,5,11,2,1,0,2,0,0,8,0,4,0,0,0,35,2,0,true
E:\ck-mvn-plugin\8americain-master\src\model\Jeu.java,model.Jeu,getJoueursInitiation/0,false,63,1,2,2,0,1,0,3,1,0,0,0,0,0,0,0,0,0,0,0,0,0,0,0,0,0,4,1,0,false
E:\ck-mvn-plugin\8americain-master\src\model\Jeu.java,model.Jeu,finirPartie/0,false,311,3,7,1,6,7,8,21,0,4,0,8,3,1,2,2,0,0,0,3,6,0,3,0,0,0,31,1,0,true
E:\ck-mvn-plugin\8americain-master\src\model\Jeu.java,model.Jeu,getJoueurCourant/0,false,618,1,1,1,0,1,3,5,1,1,0,3,0,0,0,0,0,0,0,1,1,0,0,0,0,0,4,2,0,false
E:\ck-mvn-plugin\8americain-master\src\model\Jeu.java,model.Jeu,isPartieOver/0,false,803,1,2,1,1,7,3,18,1,3,0,3,0,0,2,2,0,0,0,4,5,0,3,0,0,0,37,1,0,true
E:\ck-mvn-plugin\8americain-master\src\model\Jeu.java,model.Jeu,changerSensJeu/0,false,631,0,1,1,0,1,3,4,0,0,0,3,0,0,0,0,0,0,0,0,0,0,0,0,0,0,7,1,0,true
E:\ck-mvn-plugin\8americain-master\src\model\Jeu.java,model.Jeu,setJoueursInitiation/1[java.util.LinkedList<model.Joueur>],false,67,1,2,2,0,1,0,3,0,0,1,0,0,0,0,0,0,0,0,0,1,0,0,0,0,0,4,1,0,false
E:\ck-mvn-plugin\8americain-master\src\model\Jeu.java,model.Jeu,getNumManche/0,false,75,0,1,1,0,1,0,3,1,0,0,0,0,0,0,0,0,0,0,0,0,0,0,0,0,0,4,1,0,false
E:\ck-mvn-plugin\8americain-master\src\model\Jeu.java,model.Jeu,commencerPartie/0,false,112,4,6,2,4,3,7,16,0,2,0,7,2,13,1,0,0,1,0,1,4,0,2,0,0,0,34,1,0,true
E:\ck-mvn-plugin\8americain-master\src\model\Jeu.java,model.Jeu,setMethodeCompte/1[int],false,51,0,2,2,0,1,0,3,0,0,1,0,0,0,0,0,0,0,0,0,1,0,0,0,0,0,4,1,0,false
E:\ck-mvn-plugin\8americain-master\src\model\Jeu.java,model.Jeu,getInstance/0,false,82,1,21,20,1,2,0,9,2,0,0,0,0,0,0,1,0,0,0,0,1,0,1,0,0,0,17,9,0,true
E:\ck-mvn-plugin\8americain-master\src\model\Jeu.java,model.Jeu,getJoueurHumain/0,false,180,3,2,1,1,3,1,8,2,0,0,1,1,1,1,0,0,1,0,0,0,0,2,0,0,0,17,2,0,true
E:\ck-mvn-plugin\8americain-master\src\model\Jeu.java,model.Jeu,"jouerCarte/2[model.Joueur,model.Carte]",false,345,9,21,3,18,13,19,84,0,6,2,19,7,11,0,1,2,5,0,2,11,0,6,0,0,0,55,1,0,true
E:\ck-mvn-plugin\8americain-master\src\model\Jeu.java,model.Jeu,initCarteManche/0,false,548,4,8,1,7,7,14,34,0,4,0,14,2,1,4,2,0,0,0,9,7,0,2,0,0,0,25,1,0,true
E:\ck-mvn-plugin\8americain-master\src\model\Jeu.java,model.Jeu,setNbCarteDeck/1[int],false,59,0,2,2,0,1,0,3,0,0,1,0,0,0,0,0,0,0,0,0,1,0,0,0,0,0,5,1,0,false
E:\ck-mvn-plugin\8americain-master\src\model\Jeu.java,model.Jeu,faireRejouer/1[model.Joueur],false,644,1,1,1,0,2,4,5,0,0,1,4,0,0,1,0,0,0,0,1,0,0,1,0,0,0,16,1,0,true
E:\ck-mvn-plugin\8americain-master\src\model\Jeu.java,model.Jeu,"annoncer/2[model.Joueur,java.lang.String]",false,465,3,12,3,9,8,11,41,0,2,2,11,2,1,1,2,0,0,0,3,6,0,3,0,0,0,32,1,0,true
E:\ck-mvn-plugin\8americain-master\src\model\Jeu.java,model.Jeu,setModeAttaque/1[boolean],false,597,0,3,3,0,2,0,6,0,0,1,0,0,0,0,0,0,0,0,1,2,0,1,0,0,0,6,1,0,false
E:\ck-mvn-plugin\8americain-master\src\model\Jeu.java,model.Jeu,isModeAttaque/0,false,593,0,2,2,0,1,0,3,1,0,0,0,0,0,0,0,0,0,0,0,0,0,0,0,0,0,3,1,0,false
E:\ck-mvn-plugin\8americain-master\src\model\Jeu.java,model.Jeu,getMethodeCompte/0,false,47,0,2,2,0,1,0,3,1,0,0,0,0,0,0,0,0,0,0,0,0,0,0,0,0,0,4,1,0,false
E:\ck-mvn-plugin\8americain-master\src\model\Jeu.java,model.Jeu,isCartePosable/1[model.Carte],false,699,4,10,5,5,10,7,22,5,1,1,7,0,0,0,3,0,3,0,0,1,0,3,0,0,0,43,1,0,true
E:\ck-mvn-plugin\8americain-master\src\model\Jeu.java,model.Jeu,"defausserCarte/2[model.Joueur,model.Carte]",false,658,2,2,1,1,1,3,4,0,0,2,3,0,0,0,0,0,0,0,0,0,0,0,0,0,0,20,1,0,true
E:\ck-mvn-plugin\8americain-master\src\model\Jeu.java,model.Jeu,jouerManche/0,false,142,3,11,2,9,5,10,26,0,3,0,10,4,11,0,0,0,0,0,0,3,0,2,0,0,0,42,1,0,true
E:\ck-mvn-plugin\8americain-master\src\model\Jeu.java,model.Jeu,compterScore/0,false,760,3,5,1,4,6,9,27,0,2,0,9,0,0,2,2,0,0,0,15,2,0,3,0,0,0,18,1,0,true
E:\ck-mvn-plugin\8americain-master\src\model\Jeu.java,model.Jeu,setNbCarteModeAttaque/1[int],false,614,0,1,1,0,1,0,3,0,0,1,0,0,0,0,0,0,0,0,0,1,0,0,0,0,0,6,1,0,false
E:\ck-mvn-plugin\8americain-master\src\model\Jeu.java,model.Jeu,"jouerEffetAvecInputEnCours/2[model.effets.EffetAvecInput,model.Joueur]",false,536,5,6,3,3,1,4,7,0,0,2,4,1,12,0,0,0,0,0,0,0,0,0,0,0,0,49,1,0,true
E:\ck-mvn-plugin\8americain-master\src\view\interfaceGraphique\InterfaceGraphiqueInitJoueurs.java,view.interfaceGraphique.InterfaceGraphiqueInitJoueurs$Anonymous2,actionPerformed/1[java.awt.event.ActionEvent],false,180,4,26,0,26,3,11,12,0,0,1,11,0,0,0,0,0,0,2,1,0,0,1,0,0,0,21,1,0,false
E:\ck-mvn-plugin\8americain-master\src\view\interfaceGraphique\InterfaceGraphiqueJoueurArtificiel.java,view.interfaceGraphique.InterfaceGraphiqueJoueurArtificiel,InterfaceGraphiqueJoueurArtificiel/1[model.Joueur],true,42,2,2,1,1,1,1,3,0,0,1,1,1,1,0,0,0,0,0,0,0,0,0,0,0,0,9,1,0,true
E:\ck-mvn-plugin\8americain-master\src\view\interfaceGraphique\InterfaceGraphiqueJoueurArtificiel.java,view.interfaceGraphique.InterfaceGraphiqueJoueurArtificiel,initialize/1[model.Joueur],false,50,1,5,1,4,1,26,20,0,1,1,26,0,0,0,0,0,0,3,2,5,2,0,0,0,0,21,2,0,true
E:\ck-mvn-plugin\8americain-master\src\view\interfaceGraphique\InterfaceGraphiqueInitJoueurs.java,view.interfaceGraphique.InterfaceGraphiqueInitJoueurs,InterfaceGraphiqueInitJoueurs/1[controleur.Controleur],true,36,2,2,1,1,1,1,4,0,0,1,1,1,1,0,0,0,0,0,0,0,0,0,0,0,0,10,1,0,true
E:\ck-mvn-plugin\8americain-master\src\view\interfaceGraphique\InterfaceGraphiqueInitJoueurs.java,view.interfaceGraphique.InterfaceGraphiqueInitJoueurs,getMenuInitJFrame/0,false,49,0,1,1,0,1,0,3,1,0,0,0,0,0,0,0,0,0,0,0,0,0,0,0,0,0,6,1,0,false
E:\ck-mvn-plugin\8americain-master\src\view\interfaceGraphique\InterfaceGraphiqueInitJoueurs.java,view.interfaceGraphique.InterfaceGraphiqueInitJoueurs,menuInitJoueurs/0,false,57,0,2,1,1,1,15,109,0,14,0,15,0,0,0,0,0,0,12,9,19,0,0,3,0,0,81,1,0,true
E:\ck-mvn-plugin\8americain-master\src\view\interfaceConsole\InterfaceConsoleEffetChangerCouleur.java,view.interfaceConsole.InterfaceConsoleEffetChangerCouleur,run/0,false,45,5,5,0,5,6,7,24,0,3,0,7,1,1,2,2,1,0,4,5,5,1,3,0,0,0,28,1,0,false
E:\ck-mvn-plugin\8americain-master\src\view\interfaceConsole\InterfaceConsoleEffetChangerCouleur.java,view.interfaceConsole.InterfaceConsoleEffetChangerCouleur,"InterfaceConsoleEffetChangerCouleur/3[controleur.Controleur,model.Joueur,model.effets.EffetAvecInput]",true,24,4,2,1,1,1,1,5,0,0,3,1,1,1,0,0,0,0,0,0,1,0,0,0,0,0,12,1,0,false
E:\ck-mvn-plugin\8americain-master\src\view\interfaceConsole\InterfaceConsoleEffetChangerCouleur.java,view.interfaceConsole.InterfaceConsoleEffetChangerCouleur,getJoueurCourant/0,false,30,1,1,1,0,1,0,3,1,0,0,0,0,0,0,0,0,0,0,0,0,0,0,0,0,0,4,1,0,false
E:\ck-mvn-plugin\8americain-master\src\view\interfaceConsole\InterfaceConsoleEffetChangerCouleur.java,view.interfaceConsole.InterfaceConsoleEffetChangerCouleur,setJoueurCourant/1[model.Joueur],false,34,1,1,1,0,1,0,3,0,0,1,0,0,0,0,0,0,0,0,0,1,0,0,0,0,0,4,1,0,false
E:\ck-mvn-plugin\8americain-master\src\model\effets\EffetChangerSensJeu.java,model.effets.EffetChangerSensJeu,EffetChangerSensJeu/0,true,16,0,2,2,0,1,0,3,0,0,0,0,0,0,0,0,0,0,0,0,0,0,0,0,0,0,4,1,0,false
E:\ck-mvn-plugin\8americain-master\src\model\effets\EffetChangerSensJeu.java,model.effets.EffetChangerSensJeu,action/1[model.Joueur],false,25,3,4,0,4,1,3,6,1,1,1,3,0,0,0,0,0,0,0,0,1,0,0,0,0,0,6,1,0,false
E:\ck-mvn-plugin\8americain-master\src\model\Message.java,model.Message,getType/0,false,33,1,2,2,0,1,0,3,1,0,0,0,0,0,0,0,0,0,0,0,0,0,0,0,0,0,4,1,0,false
E:\ck-mvn-plugin\8americain-master\src\model\Message.java,model.Message,setType/1[model.Message.Types],false,37,1,0,0,0,1,0,3,0,0,1,0,0,0,0,0,0,0,0,0,1,0,0,0,0,0,4,1,0,false
E:\ck-mvn-plugin\8americain-master\src\model\Message.java,model.Message,setJoueurVictime/1[model.Joueur],false,61,1,4,4,0,1,0,3,0,0,1,0,0,0,0,0,0,0,0,0,1,0,0,0,0,0,4,1,0,false
E:\ck-mvn-plugin\8americain-master\src\model\Message.java,model.Message,getNumeroManche/0,false,89,0,2,2,0,1,0,3,1,0,0,0,0,0,0,0,0,0,0,0,0,0,0,0,0,0,4,1,0,false
E:\ck-mvn-plugin\8americain-master\src\model\Message.java,model.Message,getNouvelleCouleur/0,false,73,0,2,2,0,1,0,3,1,0,0,0,0,0,0,0,0,0,0,0,0,0,0,0,0,0,4,1,0,false
E:\ck-mvn-plugin\8americain-master\src\model\Message.java,model.Message,setJoueurCourant/1[model.Joueur],false,45,1,14,14,0,1,0,3,0,0,1,0,0,0,0,0,0,0,0,0,1,0,0,0,0,0,4,1,0,false
E:\ck-mvn-plugin\8americain-master\src\model\Message.java,model.Message,getCarteADonner/0,false,65,1,2,2,0,1,0,3,1,0,0,0,0,0,0,0,0,0,0,0,0,0,0,0,0,0,5,1,0,false
E:\ck-mvn-plugin\8americain-master\src\model\Message.java,model.Message,getJoueurCourant/0,false,41,1,2,2,0,1,0,3,1,0,0,0,0,0,0,0,0,0,0,0,0,0,0,0,0,0,4,1,0,false
E:\ck-mvn-plugin\8americain-master\src\model\Message.java,model.Message,setNbCartesAttaque/1[int],false,53,0,2,2,0,1,0,3,0,0,1,0,0,0,0,0,0,0,0,0,1,0,0,0,0,0,5,1,0,false
E:\ck-mvn-plugin\8americain-master\src\model\Message.java,model.Message,getAnnonce/0,false,81,0,2,2,0,1,0,3,1,0,0,0,0,0,0,0,0,0,0,0,0,0,0,0,0,0,3,1,0,false
E:\ck-mvn-plugin\8americain-master\src\model\Message.java,model.Message,setNouvelleCouleur/1[int],false,77,0,2,2,0,1,0,3,0,0,1,0,0,0,0,0,0,0,0,0,1,0,0,0,0,0,4,1,0,false
E:\ck-mvn-plugin\8americain-master\src\model\Message.java,model.Message,setAnnonce/1[java.lang.String],false,85,0,1,1,0,1,0,3,0,0,1,0,0,0,0,0,0,0,0,0,1,0,0,0,0,0,3,1,0,false
E:\ck-mvn-plugin\8americain-master\src\model\Message.java,model.Message,setEffetAvecInputEnCours/1[model.effets.EffetAvecInput],false,101,1,1,1,0,1,0,3,0,0,1,0,0,0,0,0,0,0,0,0,1,0,0,0,0,0,7,1,0,false
E:\ck-mvn-plugin\8americain-master\src\model\Message.java,model.Message,Message/1[model.Message.Types],true,29,1,19,19,0,1,0,3,0,0,1,0,0,0,0,0,0,0,0,0,1,0,0,0,0,0,3,1,0,false
E:\ck-mvn-plugin\8americain-master\src\model\Message.java,model.Message,setCarteADonner/1[model.Carte],false,69,1,2,2,0,1,0,3,0,0,1,0,0,0,0,0,0,0,0,0,1,0,0,0,0,0,5,1,0,false
E:\ck-mvn-plugin\8americain-master\src\model\Message.java,model.Message,getEffetAvecInputEnCours/0,false,97,1,2,2,0,1,0,3,1,0,0,0,0,0,0,0,0,0,0,0,0,0,0,0,0,0,7,1,0,false
E:\ck-mvn-plugin\8americain-master\src\model\Message.java,model.Message,getJoueurVictime/0,false,57,1,2,2,0,1,0,3,1,0,0,0,0,0,0,0,0,0,0,0,0,0,0,0,0,0,4,1,0,false
E:\ck-mvn-plugin\8americain-master\src\model\Message.java,model.Message,setNumeroManche/1[int],false,93,0,1,1,0,1,0,3,0,0,1,0,0,0,0,0,0,0,0,0,1,0,0,0,0,0,4,1,0,false
E:\ck-mvn-plugin\8americain-master\src\model\Message.java,model.Message,getNbCartesAttaque/0,false,49,0,2,2,0,1,0,3,1,0,0,0,0,0,0,0,0,0,0,0,0,0,0,0,0,0,5,1,0,false
E:\ck-mvn-plugin\8americain-master\src\view\interfaceGraphique\InterfaceGraphique.java,view.interfaceGraphique.InterfaceGraphique$Anonymous8$Anonymous9,actionPerformed/1[java.awt.event.ActionEvent],false,587,4,26,0,26,2,8,10,0,0,1,8,0,0,0,0,1,0,0,1,1,0,1,0,0,0,12,1,0,false
E:\ck-mvn-plugin\8americain-master\src\view\interfaceGraphique\InterfaceGraphique.java,view.interfaceGraphique.InterfaceGraphique,afficherMainJoueur/1[model.Joueur],false,402,2,5,1,4,2,11,27,0,3,1,11,0,0,1,0,0,0,3,2,3,1,1,1,0,0,36,2,0,true
E:\ck-mvn-plugin\8americain-master\src\view\interfaceGraphique\InterfaceGraphique.java,view.interfaceGraphique.InterfaceGraphique,afficherJoueursArtificiels/1[java.util.List<model.Joueur>],false,377,3,2,1,1,3,4,14,0,0,1,4,0,0,1,0,0,0,0,0,0,0,2,0,0,0,13,2,0,true
E:\ck-mvn-plugin\8americain-master\src\view\interfaceGraphique\InterfaceGraphique.java,view.interfaceGraphique.InterfaceGraphique,"refreshDisplay/2[model.Jeu,model.Joueur]",false,333,4,10,1,9,3,16,21,0,2,2,16,2,1,0,0,0,0,7,2,2,3,1,0,0,0,30,2,0,true
E:\ck-mvn-plugin\8americain-master\src\view\interfaceGraphique\InterfaceGraphique.java,view.interfaceGraphique.InterfaceGraphique,afficherConsole/1[java.lang.String],false,794,0,1,1,0,1,1,3,0,0,1,1,0,0,0,0,0,0,1,0,0,1,0,0,0,0,12,1,0,true
E:\ck-mvn-plugin\8americain-master\src\view\interfaceGraphique\InterfaceGraphique.java,view.interfaceGraphique.InterfaceGraphique,"update/2[java.util.Observable,java.lang.Object]",false,619,9,22,0,22,38,23,122,0,0,2,23,5,2,0,4,0,50,37,0,2,22,4,0,0,0,118,1,0,true
E:\ck-mvn-plugin\8americain-master\src\view\interfaceGraphique\InterfaceGraphique.java,view.interfaceGraphique.InterfaceGraphique,InterfaceGraphique/1[controleur.Controleur],true,38,1,1,1,0,1,0,3,0,0,1,0,0,0,0,0,0,0,0,0,0,0,0,0,0,0,9,1,0,true
E:\ck-mvn-plugin\8americain-master\src\view\interfaceGraphique\InterfaceGraphique.java,view.interfaceGraphique.InterfaceGraphique,"menuDonnerCarte/2[model.effets.EffetAvecInput,model.Joueur]",false,541,3,5,1,4,2,15,59,0,5,2,15,0,0,1,0,0,0,5,4,6,1,1,1,0,0,69,2,0,true
E:\ck-mvn-plugin\8americain-master\src\view\interfaceGraphique\InterfaceGraphique.java,view.interfaceGraphique.InterfaceGraphique,"menuChangerCouleur/2[model.effets.EffetAvecInput,model.Joueur]",false,441,2,2,1,1,1,10,82,0,6,2,10,0,0,0,0,0,0,5,4,7,0,0,4,0,0,50,2,0,true
E:\ck-mvn-plugin\8americain-master\src\view\interfaceGraphique\InterfaceGraphique.java,view.interfaceGraphique.InterfaceGraphique,initializeJouerTour/1[model.Joueur],false,82,1,2,1,1,1,43,104,0,6,1,43,0,0,0,0,0,0,17,58,30,0,0,2,0,0,60,2,0,true
E:\ck-mvn-plugin\8americain-master\src\model\variantes\Variante.java,model.variantes.Variante,gererVariante/1[model.Carte],false,11,1,1,1,0,1,0,1,0,0,1,0,0,0,0,0,0,0,0,0,0,0,0,0,0,0,20,1025,0,true
E:\ck-mvn-plugin\8americain-master\src\model\JoueurArtificiel.java,model.JoueurArtificiel,"JoueurArtificiel/2[java.lang.String,int]",true,24,2,4,2,2,3,0,13,0,0,2,0,0,0,0,0,0,0,0,0,3,0,1,0,0,0,6,1,0,false
E:\ck-mvn-plugin\8americain-master\src\model\JoueurArtificiel.java,model.JoueurArtificiel,choisirDataDonner/0,false,44,1,2,1,1,1,1,3,1,0,0,1,0,0,0,0,0,0,0,0,0,0,0,0,0,0,3,1,0,false
E:\ck-mvn-plugin\8americain-master\src\model\JoueurArtificiel.java,model.JoueurArtificiel,choisirAnnonce/0,false,52,1,2,1,1,1,1,3,1,0,0,1,0,0,0,0,0,0,0,0,0,0,0,0,0,0,2,1,0,false
E:\ck-mvn-plugin\8americain-master\src\model\JoueurArtificiel.java,model.JoueurArtificiel,choisirCarte/0,false,40,2,2,1,1,1,1,3,1,0,0,1,0,0,0,0,0,0,0,0,0,0,0,0,0,0,2,1,0,false
E:\ck-mvn-plugin\8americain-master\src\model\JoueurArtificiel.java,model.JoueurArtificiel,choisirDataChangerCouleur/0,false,48,1,2,1,1,1,1,3,1,0,0,1,0,0,0,0,0,0,0,0,0,0,0,0,0,0,4,1,0,false
E:\ck-mvn-plugin\8americain-master\src\controleur\Controleur.java,controleur.Controleur,getJeu/0,false,19,1,9,9,0,1,0,3,1,0,0,0,0,0,0,0,0,0,0,0,0,0,0,0,0,0,3,1,0,false
E:\ck-mvn-plugin\8americain-master\src\controleur\Controleur.java,controleur.Controleur,Controleur/0,true,15,2,3,1,2,1,2,3,0,0,0,2,1,1,0,0,0,0,0,0,0,0,0,0,0,0,1,1,0,false
E:\ck-mvn-plugin\8americain-master\src\controleur\Controleur.java,controleur.Controleur,setJeu/1[model.Jeu],false,23,1,1,1,0,1,0,3,0,0,1,0,0,0,0,0,0,0,0,0,1,0,0,0,0,0,3,1,0,false
E:\ck-mvn-plugin\8americain-master\src\controleur\Controleur.java,controleur.Controleur,main/1[java.lang.String[]],false,28,5,5,0,5,1,3,8,0,3,1,3,1,1,0,0,0,0,0,0,3,0,0,0,0,0,12,9,0,false
E:\ck-mvn-plugin\8americain-master\src\view\interfaceConsole\InterfaceConsoleInitPartie.java,view.interfaceConsole.InterfaceConsoleInitPartie,initPartie/0,false,78,7,10,1,9,17,8,97,0,8,0,8,0,0,3,3,0,0,17,7,23,0,4,0,0,0,59,2,0,true
E:\ck-mvn-plugin\8americain-master\src\view\interfaceConsole\InterfaceConsoleInitPartie.java,view.interfaceConsole.InterfaceConsoleInitPartie,run/0,false,29,2,3,0,3,7,5,37,0,2,0,5,2,1,1,1,0,0,11,5,6,0,3,0,0,0,29,1,0,false
E:\ck-mvn-plugin\8americain-master\src\view\interfaceConsole\InterfaceConsoleInitPartie.java,view.interfaceConsole.InterfaceConsoleInitPartie,afficherFichier/1[java.io.File],false,196,0,1,1,0,4,5,22,0,3,1,5,0,0,1,1,2,0,2,0,4,1,3,0,0,0,32,2,0,true
E:\ck-mvn-plugin\8americain-master\src\view\interfaceConsole\InterfaceConsoleInitPartie.java,view.interfaceConsole.InterfaceConsoleInitPartie,InterfaceConsoleInitPartie/1[controleur.Controleur],true,24,1,1,1,0,1,0,3,0,0,1,0,0,0,0,0,0,0,0,0,0,0,0,0,0,0,6,1,0,false
E:\ck-mvn-plugin\8americain-master\src\view\interfaceGraphique\InterfaceGraphiqueInitPartie.java,view.interfaceGraphique.InterfaceGraphiqueInitPartie,getMenuInitJFrame/0,false,63,0,1,1,0,1,0,3,1,0,0,0,0,0,0,0,0,0,0,0,0,0,0,0,0,0,6,1,0,false
E:\ck-mvn-plugin\8americain-master\src\view\interfaceGraphique\InterfaceGraphiqueInitPartie.java,view.interfaceGraphique.InterfaceGraphiqueInitPartie,InterfaceGraphiqueInitPartie/1[controleur.Controleur],true,58,2,2,1,1,1,1,4,0,0,1,1,1,1,0,0,0,0,0,0,0,0,0,0,0,0,10,1,0,true
E:\ck-mvn-plugin\8americain-master\src\view\interfaceGraphique\InterfaceGraphiqueInitPartie.java,view.interfaceGraphique.InterfaceGraphiqueInitPartie,menuInitPartie/0,false,71,1,3,1,2,1,17,110,0,11,0,17,0,0,0,0,0,0,19,10,16,0,0,3,0,0,63,2,0,true
E:\ck-mvn-plugin\8americain-master\src\view\interfaceConsole\InterfaceConsoleInitJoueurs.java,view.interfaceConsole.InterfaceConsoleInitJoueurs,creerBot/0,false,84,1,2,1,1,6,3,28,3,3,0,3,0,0,1,4,0,0,10,0,4,3,4,0,0,0,46,2,0,true
E:\ck-mvn-plugin\8americain-master\src\view\interfaceConsole\InterfaceConsoleInitJoueurs.java,view.interfaceConsole.InterfaceConsoleInitJoueurs,run/0,false,23,7,7,0,7,9,9,47,0,7,0,9,1,1,1,4,0,0,7,2,11,0,6,0,0,0,43,1,0,false
E:\ck-mvn-plugin\8americain-master\src\view\interfaceConsole\InterfaceConsoleInitJoueurs.java,view.interfaceConsole.InterfaceConsoleInitJoueurs,InterfaceConsoleInitJoueurs/1[controleur.Controleur],true,18,1,1,1,0,1,0,3,0,0,1,0,0,0,0,0,0,0,0,0,0,0,0,0,0,0,6,1,0,false
E:\ck-mvn-plugin\8americain-master\src\view\interfaceConsole\InterfaceConsoleJouerTour.java,view.interfaceConsole.InterfaceConsoleJouerTour,annoncer/1[model.Joueur],false,74,3,4,1,3,2,3,8,2,1,1,3,0,0,0,1,0,0,1,0,1,0,1,0,0,0,30,2,0,true
E:\ck-mvn-plugin\8americain-master\src\view\interfaceConsole\InterfaceConsoleJouerTour.java,view.interfaceConsole.InterfaceConsoleJouerTour,run/0,false,23,7,11,0,11,9,14,37,0,2,0,14,2,1,3,2,0,0,12,2,4,4,4,0,0,0,37,1,0,false
E:\ck-mvn-plugin\8americain-master\src\view\interfaceConsole\InterfaceConsoleJouerTour.java,view.interfaceConsole.InterfaceConsoleJouerTour,"InterfaceConsoleJouerTour/2[controleur.Controleur,model.Joueur]",true,17,2,1,1,0,1,0,4,0,0,2,0,0,0,0,0,0,0,0,0,1,0,0,0,0,0,8,1,0,false
E:\ck-mvn-plugin\8americain-master\src\view\interfaceConsole\InterfaceConsoleJouerTour.java,view.interfaceConsole.InterfaceConsoleJouerTour,joueurCarte/1[model.Joueur],false,91,6,10,1,9,9,15,47,0,4,1,15,0,0,2,1,2,0,11,2,10,4,4,0,0,0,54,2,0,true
E:\ck-mvn-plugin\8americain-master\src\model\effets\EffetChangerCouleur.java,model.effets.EffetChangerCouleur,EffetChangerCouleur/0,true,24,0,1,1,0,1,0,3,0,0,0,0,0,0,0,0,0,0,0,0,0,0,0,0,0,0,3,1,0,false
E:\ck-mvn-plugin\8americain-master\src\model\effets\EffetChangerCouleur.java,model.effets.EffetChangerCouleur,getMessage/1[model.Joueur],false,46,1,1,0,1,1,1,4,1,1,1,1,0,0,0,0,0,0,2,0,1,1,0,0,0,0,10,4,0,false
E:\ck-mvn-plugin\8americain-master\src\model\effets\EffetChangerCouleur.java,model.effets.EffetChangerCouleur,"setData/2[java.lang.Integer[],model.Joueur]",false,51,2,1,0,1,3,0,8,0,0,2,0,0,0,0,0,0,0,0,3,1,0,1,0,0,0,9,1,0,false
E:\ck-mvn-plugin\8americain-master\src\model\effets\EffetChangerCouleur.java,model.effets.EffetChangerCouleur,action/1[model.Joueur],false,34,5,7,0,7,1,7,9,1,2,1,7,1,1,0,0,0,0,0,0,2,0,0,0,0,0,27,1,0,true
E:\ck-mvn-plugin\8americain-master\src\model\effets\EffetChangerCouleur.java,model.effets.EffetChangerCouleur,resetData/0,false,61,0,1,1,0,1,0,3,0,0,0,0,0,0,0,0,0,0,0,1,1,0,0,0,0,0,2,1,0,false
E:\ck-mvn-plugin\8americain-master\src\model\Agressif.java,model.Agressif,choisirDataChangerCouleur/1[model.Joueur],false,52,2,2,0,2,10,5,37,1,7,1,5,0,0,1,8,0,0,0,10,13,0,2,0,0,0,14,1,0,false
E:\ck-mvn-plugin\8americain-master\src\model\Agressif.java,model.Agressif,choisirAnnonce/1[model.Joueur],false,90,2,5,0,5,9,6,16,1,1,1,6,0,0,2,3,0,0,0,2,3,0,3,0,0,0,9,1,0,false
E:\ck-mvn-plugin\8americain-master\src\model\Agressif.java,model.Agressif,choisirDataDonner/1[model.Joueur],false,28,6,4,0,4,6,8,18,1,5,1,8,0,0,2,0,0,0,0,8,9,1,2,0,0,0,18,1,0,false
E:\ck-mvn-plugin\8americain-master\src\model\Agressif.java,model.Agressif,choisirCarteStrategie/1[model.Joueur],false,13,5,4,0,4,5,6,11,1,2,1,6,0,0,1,1,0,1,0,2,3,1,3,0,0,0,12,1,0,false
E:\ck-mvn-plugin\8americain-master\src\model\effets\EffetAttaque.java,model.effets.EffetAttaque,action/1[model.Joueur],false,44,3,9,0,9,2,8,16,1,1,1,8,0,0,0,0,0,0,0,0,2,0,1,0,0,0,51,1,0,true
E:\ck-mvn-plugin\8americain-master\src\model\effets\EffetAttaque.java,model.effets.EffetAttaque,isContrable/0,false,33,0,1,1,0,1,0,3,1,0,0,0,0,0,0,0,0,0,0,0,0,0,0,0,0,0,2,1,0,false
E:\ck-mvn-plugin\8americain-master\src\model\effets\EffetAttaque.java,model.effets.EffetAttaque,"EffetAttaque/2[int,boolean]",true,27,0,2,2,0,1,0,5,0,0,2,0,0,0,0,0,0,0,0,0,2,0,0,0,0,0,5,1,0,false
E:\ck-mvn-plugin\8americain-master\src\model\Strategie.java,model.Strategie,choisirDataDonner/1[model.Joueur],false,19,1,1,1,0,1,0,1,0,0,1,0,0,0,0,0,0,0,0,0,0,0,0,0,0,0,22,1,0,true
E:\ck-mvn-plugin\8americain-master\src\model\Strategie.java,model.Strategie,choisirAnnonce/1[model.Joueur],false,38,1,1,1,0,1,0,1,0,0,1,0,0,0,0,0,0,0,0,0,0,0,0,0,0,0,15,1,0,true
E:\ck-mvn-plugin\8americain-master\src\model\Strategie.java,model.Strategie,choisirDataChangerCouleur/1[model.Joueur],false,29,1,1,1,0,1,0,1,0,0,1,0,0,0,0,0,0,0,0,0,0,0,0,0,0,0,16,1,0,true
E:\ck-mvn-plugin\8americain-master\src\model\Strategie.java,model.Strategie,choisirCarteStrategie/1[model.Joueur],false,10,2,1,1,0,1,0,1,0,0,1,0,0,0,0,0,0,0,0,0,0,0,0,0,0,0,14,1,0,true
E:\ck-mvn-plugin\8americain-master\src\model\effets\EffetSauterTour.java,model.effets.EffetSauterTour,EffetSauterTour/0,true,17,0,2,2,0,1,0,3,0,0,0,0,0,0,0,0,0,0,0,0,0,0,0,0,0,0,3,1,0,false
E:\ck-mvn-plugin\8americain-master\src\model\effets\EffetSauterTour.java,model.effets.EffetSauterTour,action/1[model.Joueur],false,25,3,6,0,6,1,5,7,1,1,1,5,0,0,0,0,0,0,0,0,1,0,0,0,0,0,18,1,0,true
E:\ck-mvn-plugin\8americain-master\src\view\interfaceConsole\InterfaceConsole.java,view.interfaceConsole.InterfaceConsole,"update/2[java.util.Observable,java.lang.Object]",false,96,10,19,0,19,31,16,94,0,0,2,16,2,2,0,0,0,39,35,0,0,21,2,0,0,0,92,1,0,false
E:\ck-mvn-plugin\8americain-master\src\view\interfaceConsole\InterfaceConsole.java,view.interfaceConsole.InterfaceConsole,lireChaine/1[java.lang.String],false,72,0,2,2,0,4,5,16,2,2,1,5,0,0,1,0,1,0,0,0,2,0,3,0,0,0,43,4,0,true
E:\ck-mvn-plugin\8americain-master\src\view\interfaceConsole\InterfaceConsole.java,view.interfaceConsole.InterfaceConsole,arreterThread/0,false,255,0,2,2,0,3,2,10,0,0,0,2,0,0,0,1,1,0,0,0,0,0,2,0,0,0,15,2,0,true
E:\ck-mvn-plugin\8americain-master\src\view\interfaceConsole\InterfaceConsole.java,view.interfaceConsole.InterfaceConsole,commencerThread/1[java.lang.Runnable],false,246,1,2,1,1,1,2,5,0,0,1,2,1,1,0,0,0,0,0,0,1,0,0,0,0,0,17,2,0,true
E:\ck-mvn-plugin\8americain-master\src\view\interfaceConsole\InterfaceConsole.java,view.interfaceConsole.InterfaceConsole,lireInteger/1[java.lang.String],false,40,1,5,4,1,5,2,21,3,2,1,2,1,1,1,2,1,0,0,0,4,0,4,0,0,0,44,4,0,true
E:\ck-mvn-plugin\8americain-master\src\view\interfaceConsole\InterfaceConsole.java,view.interfaceConsole.InterfaceConsole,InterfaceConsole/1[controleur.Controleur],true,26,1,1,1,0,1,0,3,0,0,1,0,0,0,0,0,0,0,0,0,0,0,0,0,0,0,4,1,0,false
E:\ck-mvn-plugin\8americain-master\src\view\interfaceGraphique\InterfaceGraphique.java,view.interfaceGraphique.InterfaceGraphique$Anonymous5,actionPerformed/1[java.awt.event.ActionEvent],false,480,4,26,0,26,2,5,11,0,1,1,5,0,0,0,0,1,0,0,2,2,0,1,0,0,0,12,1,0,false
E:\ck-mvn-plugin\8americain-master\src\model\variantes\Minimale.java,model.variantes.Minimale,gererVariante/1[model.Carte],false,8,3,5,0,5,2,4,9,0,1,1,4,0,0,0,0,0,0,0,0,1,0,1,0,0,0,9,1,0,false
E:\ck-mvn-plugin\8americain-master\src\model\variantes\Minimale.java,model.variantes.Minimale,getStringVariante/0,false,25,0,1,1,0,1,0,5,1,1,0,0,0,0,0,0,0,0,2,0,2,0,0,0,0,0,21,9,0,true
E:\ck-mvn-plugin\8americain-master\src\view\interfaceGraphique\InterfaceGraphique.java,view.interfaceGraphique.InterfaceGraphique$Anonymous4,actionPerformed/1[java.awt.event.ActionEvent],false,462,4,26,0,26,2,5,11,0,1,1,5,0,0,0,0,1,0,0,2,2,0,1,0,0,0,12,1,0,false
E:\ck-mvn-plugin\8americain-master\src\view\interfaceGraphique\InterfaceGraphique.java,view.interfaceGraphique.InterfaceGraphique$Anonymous3,actionPerformed/1[java.awt.event.ActionEvent],false,414,4,26,0,26,2,5,8,0,0,1,5,0,0,0,0,1,0,1,0,0,1,1,0,0,0,15,1,0,false
E:\ck-mvn-plugin\8americain-master\src\view\interfaceGraphique\InterfaceGraphique.java,view.interfaceGraphique.InterfaceGraphique$Anonymous2,actionPerformed/1[java.awt.event.ActionEvent],false,214,3,26,0,26,3,4,10,0,0,1,4,0,0,0,0,0,0,0,2,0,0,1,0,0,0,5,1,0,false
E:\ck-mvn-plugin\8americain-master\src\model\effets\EffetContrerChangerCouleur.java,model.effets.EffetContrerChangerCouleur,action/1[model.Joueur],false,27,3,7,0,7,2,7,15,1,1,1,7,0,0,0,0,0,0,0,1,2,0,1,0,0,0,24,1,0,true
E:\ck-mvn-plugin\8americain-master\src\model\effets\EffetContrerChangerCouleur.java,model.effets.EffetContrerChangerCouleur,EffetContrerChangerCouleur/0,true,18,0,2,2,0,1,0,3,0,0,0,0,0,0,0,0,0,0,0,0,1,0,0,0,0,0,4,1,0,false
E:\ck-mvn-plugin\8americain-master\src\model\effets\EffetDonner.java,model.effets.EffetDonner,EffetDonner/0,true,27,0,1,1,0,1,0,3,0,0,0,0,0,0,0,0,0,0,0,0,0,0,0,0,0,0,2,1,0,false
E:\ck-mvn-plugin\8americain-master\src\model\effets\EffetDonner.java,model.effets.EffetDonner,"setData/2[java.lang.Integer[],model.Joueur]",false,48,3,4,0,4,2,5,9,0,0,2,5,0,0,0,0,1,0,0,2,2,0,1,0,0,0,16,1,0,false
E:\ck-mvn-plugin\8americain-master\src\model\effets\EffetDonner.java,model.effets.EffetDonner,resetData/0,false,58,0,1,1,0,1,0,4,0,0,0,0,0,0,0,0,0,0,0,0,2,0,0,0,0,0,7,1,0,false
E:\ck-mvn-plugin\8americain-master\src\model\effets\EffetDonner.java,model.effets.EffetDonner,action/1[model.Joueur],false,34,3,6,0,6,1,7,10,1,1,1,7,1,1,0,0,0,0,0,0,1,0,0,0,0,0,19,1,0,true
E:\ck-mvn-plugin\8americain-master\src\view\interfaceGraphique\InterfaceGraphique.java,view.interfaceGraphique.InterfaceGraphique$Anonymous1,actionPerformed/1[java.awt.event.ActionEvent],false,205,3,26,0,26,1,3,3,0,0,1,3,0,0,0,0,0,0,0,0,0,0,0,0,0,0,5,1,0,false
E:\ck-mvn-plugin\8americain-master\src\view\interfaceGraphique\InterfaceGraphiqueInitPartie.java,view.interfaceGraphique.InterfaceGraphiqueInitPartie$Anonymous3,actionPerformed/1[java.awt.event.ActionEvent],false,221,0,26,0,26,1,1,3,0,0,1,1,0,0,0,0,0,0,0,1,0,0,0,0,0,0,5,1,0,false
E:\ck-mvn-plugin\8americain-master\src\view\interfaceGraphique\InterfaceGraphiqueInitPartie.java,view.interfaceGraphique.InterfaceGraphiqueInitPartie$Anonymous1,actionPerformed/1[java.awt.event.ActionEvent],false,151,3,26,0,26,4,5,13,0,0,1,5,0,0,0,0,0,0,0,3,0,0,1,0,0,0,5,1,0,false
E:\ck-mvn-plugin\8americain-master\src\view\interfaceGraphique\InterfaceGraphiqueInitPartie.java,view.interfaceGraphique.InterfaceGraphiqueInitPartie$Anonymous2,actionPerformed/1[java.awt.event.ActionEvent],false,173,6,26,0,26,8,9,32,0,0,1,9,0,0,0,0,0,0,0,7,0,0,1,0,0,0,11,1,0,false
E:\ck-mvn-plugin\8americain-master\src\model\Carte.java,model.Carte,toString/0,false,111,0,6,6,0,1,2,7,1,1,0,2,0,0,0,0,0,0,1,0,1,0,0,0,0,0,10,1,0,true
E:\ck-mvn-plugin\8americain-master\src\model\Carte.java,model.Carte,"Carte/2[int,int]",true,42,2,4,1,3,1,2,5,0,0,2,2,2,1,0,0,0,0,0,1,1,1,0,0,0,0,5,1,0,false
E:\ck-mvn-plugin\8americain-master\src\model\Carte.java,model.Carte,setCouleur/1[int],false,84,0,3,3,0,3,0,5,0,0,1,0,0,0,0,0,0,0,0,0,1,0,1,0,0,0,3,1,0,false
E:\ck-mvn-plugin\8americain-master\src\model\Carte.java,model.Carte,getValeur/0,false,90,0,7,7,0,1,0,3,1,0,0,0,0,0,0,0,0,0,0,0,0,0,0,0,0,0,3,1,0,false
E:\ck-mvn-plugin\8americain-master\src\model\Carte.java,model.Carte,setValeur/1[int],false,94,0,2,2,0,3,0,5,0,0,1,0,0,0,0,0,0,0,0,0,1,0,1,0,0,0,3,1,0,false
E:\ck-mvn-plugin\8americain-master\src\model\Carte.java,model.Carte,getEffet/0,false,100,1,8,8,0,1,0,3,1,0,0,0,0,0,0,0,0,0,0,0,0,0,0,0,0,0,3,1,0,false
E:\ck-mvn-plugin\8americain-master\src\model\Carte.java,model.Carte,getCouleur/0,false,80,0,6,6,0,1,0,3,1,0,0,0,0,0,0,0,0,0,0,0,0,0,0,0,0,0,3,1,0,false
E:\ck-mvn-plugin\8americain-master\src\model\Carte.java,model.Carte,"Carte/2[java.lang.String,java.lang.String]",true,49,1,2,0,2,7,3,27,0,4,2,3,2,1,2,2,0,0,0,4,10,0,2,0,0,0,8,1,0,false
E:\ck-mvn-plugin\8americain-master\src\model\Carte.java,model.Carte,setEffet/1[model.effets.Effet],false,104,1,3,3,0,1,0,3,0,0,1,0,0,0,0,0,0,0,0,0,1,0,0,0,0,0,3,1,0,false
E:\ck-mvn-plugin\8americain-master\src\view\interfaceGraphique\InterfaceGraphique.java,view.interfaceGraphique.InterfaceGraphique$Anonymous8,actionPerformed/1[java.awt.event.ActionEvent],false,565,3,26,0,26,3,14,35,0,4,1,14,0,0,1,0,0,0,2,4,6,0,2,1,0,0,36,1,0,false
E:\ck-mvn-plugin\8americain-master\src\view\interfaceGraphique\InterfaceGraphique.java,view.interfaceGraphique.InterfaceGraphique$Anonymous7,actionPerformed/1[java.awt.event.ActionEvent],false,514,4,26,0,26,2,5,11,0,1,1,5,0,0,0,0,1,0,0,2,2,0,1,0,0,0,12,1,0,false
E:\ck-mvn-plugin\8americain-master\src\view\interfaceGraphique\InterfaceGraphique.java,view.interfaceGraphique.InterfaceGraphique$Anonymous6,actionPerformed/1[java.awt.event.ActionEvent],false,497,4,26,0,26,2,5,11,0,1,1,5,0,0,0,0,1,0,0,2,2,0,1,0,0,0,12,1,0,false
E:\ck-mvn-plugin\8americain-master\src\view\IHM.java,view.IHM,getControleur/0,false,25,1,9,9,0,1,0,3,1,0,0,0,0,0,0,0,0,0,0,0,0,0,0,0,0,0,5,1,0,true
E:\ck-mvn-plugin\8americain-master\src\view\IHM.java,view.IHM,IHM/1[controleur.Controleur],true,17,2,1,0,1,1,1,3,0,0,1,1,1,1,0,0,0,0,0,0,0,0,0,0,0,0,5,1,0,false
E:\ck-mvn-plugin\8americain-master\src\view\IHM.java,view.IHM,setControleur/1[controleur.Controleur],false,33,1,1,1,0,1,0,3,0,0,1,0,0,0,0,0,0,0,0,0,1,0,0,0,0,0,7,1,0,true
E:\ck-mvn-plugin\8americain-master\src\view\interfaceConsole\InterfaceConsoleEffetDonner.java,view.interfaceConsole.InterfaceConsoleEffetDonner,"InterfaceConsoleEffetDonner/3[controleur.Controleur,model.Joueur,model.effets.EffetAvecInput]",true,21,4,2,1,1,1,1,5,0,0,3,1,1,1,0,0,0,0,0,0,1,0,0,0,0,0,11,1,0,false
E:\ck-mvn-plugin\8americain-master\src\view\interfaceConsole\InterfaceConsoleEffetDonner.java,view.interfaceConsole.InterfaceConsoleEffetDonner,run/0,false,36,7,10,0,10,10,16,34,0,3,0,16,1,1,3,4,1,0,10,9,6,4,4,0,0,0,39,1,0,false
E:\ck-mvn-plugin\8americain-master\src\view\interfaceConsole\InterfaceConsoleEffetDonner.java,view.interfaceConsole.InterfaceConsoleEffetDonner,getJoueurCourant/0,false,27,1,1,1,0,1,0,3,1,0,0,0,0,0,0,0,0,0,0,0,0,0,0,0,0,0,4,1,0,false
E:\ck-mvn-plugin\8americain-master\src\view\interfaceConsole\InterfaceConsoleEffetDonner.java,view.interfaceConsole.InterfaceConsoleEffetDonner,setJoueurCourant/1[model.Joueur],false,31,1,1,1,0,1,0,3,0,0,1,0,0,0,0,0,0,0,0,0,1,0,0,0,0,0,4,1,0,false
E:\ck-mvn-plugin\8americain-master\src\model\variantes\Monclar.java,model.variantes.Monclar,getStringVariante/0,false,47,0,1,1,0,1,0,10,1,1,0,0,0,0,0,0,0,0,7,0,7,0,0,0,0,0,34,9,0,true
E:\ck-mvn-plugin\8americain-master\src\model\variantes\Monclar.java,model.variantes.Monclar,gererVariante/1[model.Carte],false,12,6,7,0,7,7,2,23,0,1,1,2,0,0,0,0,0,0,0,2,1,0,1,0,0,0,15,1,0,false
