file,class,method,variable,usage
E:\ck-mvn-plugin\8americain-master\src\model\effets\EffetAvecInput.java,model.effets.EffetAvecInput,"setData/2[java.lang.Integer[],model.Joueur]",data,0
E:\ck-mvn-plugin\8americain-master\src\model\effets\EffetAvecInput.java,model.effets.EffetAvecInput,"setData/2[java.lang.Integer[],model.Joueur]",joueurCourant,0
E:\ck-mvn-plugin\8americain-master\src\model\effets\EffetAvecInput.java,model.effets.EffetAvecInput,EffetAvecInput/1[int],scoreValue,1
E:\ck-mvn-plugin\8americain-master\src\model\Joueur.java,model.Joueur,setPeutJouer/1[boolean],peutJoueur,1
E:\ck-mvn-plugin\8americain-master\src\model\Joueur.java,model.Joueur,addScore/1[int],add,1
E:\ck-mvn-plugin\8americain-master\src\model\Joueur.java,model.Joueur,Joueur/1[java.lang.String],pseudo,2
E:\ck-mvn-plugin\8americain-master\src\model\Joueur.java,model.Joueur,setPeutFinir/1[boolean],peutFinir,2
E:\ck-mvn-plugin\8americain-master\src\model\effets\EffetClassique.java,model.effets.EffetClassique,EffetClassique/1[int],valeur,1
E:\ck-mvn-plugin\8americain-master\src\model\effets\EffetClassique.java,model.effets.EffetClassique,action/1[model.Joueur],joueurCourant,0
E:\ck-mvn-plugin\8americain-master\src\model\variantes\Basique.java,model.variantes.Basique,getStringVariante/0,str,8
E:\ck-mvn-plugin\8americain-master\src\model\variantes\Basique.java,model.variantes.Basique,gererVariante/1[model.Carte],valeur,1
E:\ck-mvn-plugin\8americain-master\src\model\variantes\Basique.java,model.variantes.Basique,gererVariante/1[model.Carte],carte,8
E:\ck-mvn-plugin\8americain-master\src\model\effets\EffetRejouer.java,model.effets.EffetRejouer,action/1[model.Joueur],msg,2
E:\ck-mvn-plugin\8americain-master\src\model\effets\EffetRejouer.java,model.effets.EffetRejouer,action/1[model.Joueur],joueurCourant,2
E:\ck-mvn-plugin\8americain-master\src\model\Passif.java,model.Passif,choisirDataChangerCouleur/1[model.Joueur],trefle,3
E:\ck-mvn-plugin\8americain-master\src\model\Passif.java,model.Passif,choisirDataChangerCouleur/1[model.Joueur],coeur,3
E:\ck-mvn-plugin\8americain-master\src\model\Passif.java,model.Passif,choisirDataChangerCouleur/1[model.Joueur],carreau,3
E:\ck-mvn-plugin\8americain-master\src\model\Passif.java,model.Passif,choisirDataChangerCouleur/1[model.Joueur],data,5
E:\ck-mvn-plugin\8americain-master\src\model\Passif.java,model.Passif,choisirDataChangerCouleur/1[model.Joueur],max,11
E:\ck-mvn-plugin\8americain-master\src\model\Passif.java,model.Passif,choisirDataChangerCouleur/1[model.Joueur],joueurCourant,5
E:\ck-mvn-plugin\8americain-master\src\model\Passif.java,model.Passif,choisirDataChangerCouleur/1[model.Joueur],i,6
E:\ck-mvn-plugin\8americain-master\src\model\Passif.java,model.Passif,choisirDataChangerCouleur/1[model.Joueur],pic,3
E:\ck-mvn-plugin\8americain-master\src\model\Passif.java,model.Passif,choisirDataDonner/1[model.Joueur],data,3
E:\ck-mvn-plugin\8americain-master\src\model\Passif.java,model.Passif,choisirDataDonner/1[model.Joueur],joueurCourant,3
E:\ck-mvn-plugin\8americain-master\src\model\Passif.java,model.Passif,choisirDataDonner/1[model.Joueur],indexCarteChoisie,4
E:\ck-mvn-plugin\8americain-master\src\model\Passif.java,model.Passif,choisirDataDonner/1[model.Joueur],i,3
E:\ck-mvn-plugin\8americain-master\src\model\Passif.java,model.Passif,choisirDataDonner/1[model.Joueur],indexJoueurChoisi,3
E:\ck-mvn-plugin\8americain-master\src\model\Passif.java,model.Passif,choisirDataDonner/1[model.Joueur],j,4
E:\ck-mvn-plugin\8americain-master\src\model\Passif.java,model.Passif,choisirAnnonce/1[model.Joueur],annonce,2
E:\ck-mvn-plugin\8americain-master\src\model\Passif.java,model.Passif,choisirAnnonce/1[model.Joueur],carte,1
E:\ck-mvn-plugin\8americain-master\src\model\Passif.java,model.Passif,choisirAnnonce/1[model.Joueur],joueurCourant,3
E:\ck-mvn-plugin\8americain-master\src\model\Passif.java,model.Passif,choisirCarteStrategie/1[model.Joueur],carteChoisie,4
E:\ck-mvn-plugin\8americain-master\src\model\Passif.java,model.Passif,choisirCarteStrategie/1[model.Joueur],joueurCourant,3
E:\ck-mvn-plugin\8americain-master\src\model\Passif.java,model.Passif,choisirCarteStrategie/1[model.Joueur],i,4
E:\ck-mvn-plugin\8americain-master\src\model\effets\Effet.java,model.effets.Effet,Effet/1[int],scoreValue,1
E:\ck-mvn-plugin\8americain-master\src\model\effets\Effet.java,model.effets.Effet,setAlwaysPosable/1[boolean],bool,1
E:\ck-mvn-plugin\8americain-master\src\model\effets\Effet.java,model.effets.Effet,action/1[model.Joueur],joueurCourant,0
E:\ck-mvn-plugin\8americain-master\src\view\interfaceGraphique\InterfaceGraphiqueInitJoueurs.java,view.interfaceGraphique.InterfaceGraphiqueInitJoueurs$Anonymous3,actionPerformed/1[java.awt.event.ActionEvent],e,0
E:\ck-mvn-plugin\8americain-master\src\view\interfaceGraphique\InterfaceGraphiqueInitJoueurs.java,view.interfaceGraphique.InterfaceGraphiqueInitJoueurs$Anonymous1,actionPerformed/1[java.awt.event.ActionEvent],e,0
E:\ck-mvn-plugin\8americain-master\src\model\Jeu.java,model.Jeu,commencerNouvelleManche/0,msg,2
E:\ck-mvn-plugin\8americain-master\src\model\Jeu.java,model.Jeu,finirTour/1[model.Joueur],msg,5
E:\ck-mvn-plugin\8americain-master\src\model\Jeu.java,model.Jeu,finirTour/1[model.Joueur],joueurCourant,10
E:\ck-mvn-plugin\8americain-master\src\model\Jeu.java,model.Jeu,isMancheOver/0,joueur,1
E:\ck-mvn-plugin\8americain-master\src\model\Jeu.java,model.Jeu,getJoueurSuivant/1[model.Joueur],joueurCourant,1
E:\ck-mvn-plugin\8americain-master\src\model\Jeu.java,model.Jeu,addCarteAttaque/1[int],nbCarteAPiocher,1
E:\ck-mvn-plugin\8americain-master\src\model\Jeu.java,model.Jeu,"piocherCarte/2[model.Joueur,int]",nb,1
E:\ck-mvn-plugin\8americain-master\src\model\Jeu.java,model.Jeu,"piocherCarte/2[model.Joueur,int]",carte,1
E:\ck-mvn-plugin\8americain-master\src\model\Jeu.java,model.Jeu,"piocherCarte/2[model.Joueur,int]",joueur,1
E:\ck-mvn-plugin\8americain-master\src\model\Jeu.java,model.Jeu,"piocherCarte/2[model.Joueur,int]",i,2
E:\ck-mvn-plugin\8americain-master\src\model\Jeu.java,model.Jeu,"piocherCarte/2[model.Joueur,int]",carteDefausse,1
E:\ck-mvn-plugin\8americain-master\src\model\Jeu.java,model.Jeu,setVariante/1[model.variantes.Variante],variante,2
E:\ck-mvn-plugin\8americain-master\src\model\Jeu.java,model.Jeu,jouerTourJoueursArtificiels/0,msg,5
E:\ck-mvn-plugin\8americain-master\src\model\Jeu.java,model.Jeu,jouerTourJoueursArtificiels/0,annonce,2
E:\ck-mvn-plugin\8americain-master\src\model\Jeu.java,model.Jeu,jouerTourJoueursArtificiels/0,carte,1
E:\ck-mvn-plugin\8americain-master\src\model\Jeu.java,model.Jeu,jouerTourJoueursArtificiels/0,joueurCourant,13
E:\ck-mvn-plugin\8americain-master\src\model\Jeu.java,model.Jeu,jouerTourJoueursArtificiels/0,actionrequise,2
E:\ck-mvn-plugin\8americain-master\src\model\Jeu.java,model.Jeu,finirPartie/0,gagnant,5
E:\ck-mvn-plugin\8americain-master\src\model\Jeu.java,model.Jeu,finirPartie/0,msg,2
E:\ck-mvn-plugin\8americain-master\src\model\Jeu.java,model.Jeu,finirPartie/0,i,9
E:\ck-mvn-plugin\8americain-master\src\model\Jeu.java,model.Jeu,getJoueurCourant/0,joueurCourant,1
E:\ck-mvn-plugin\8americain-master\src\model\Jeu.java,model.Jeu,isPartieOver/0,b,3
E:\ck-mvn-plugin\8americain-master\src\model\Jeu.java,model.Jeu,isPartieOver/0,i,7
E:\ck-mvn-plugin\8americain-master\src\model\Jeu.java,model.Jeu,setJoueursInitiation/1[java.util.LinkedList<model.Joueur>],joueursInitiation,2
E:\ck-mvn-plugin\8americain-master\src\model\Jeu.java,model.Jeu,commencerPartie/0,msg,2
E:\ck-mvn-plugin\8americain-master\src\model\Jeu.java,model.Jeu,commencerPartie/0,joueurHumain,3
E:\ck-mvn-plugin\8americain-master\src\model\Jeu.java,model.Jeu,commencerPartie/0,joueur,2
E:\ck-mvn-plugin\8americain-master\src\model\Jeu.java,model.Jeu,setMethodeCompte/1[int],methodeCompte,2
E:\ck-mvn-plugin\8americain-master\src\model\Jeu.java,model.Jeu,getJoueurHumain/0,joueur,2
E:\ck-mvn-plugin\8americain-master\src\model\Jeu.java,model.Jeu,"jouerCarte/2[model.Joueur,model.Carte]",nbCarteAttaque,2
E:\ck-mvn-plugin\8americain-master\src\model\Jeu.java,model.Jeu,"jouerCarte/2[model.Joueur,model.Carte]",msg,19
E:\ck-mvn-plugin\8americain-master\src\model\Jeu.java,model.Jeu,"jouerCarte/2[model.Joueur,model.Carte]",data,4
E:\ck-mvn-plugin\8americain-master\src\model\Jeu.java,model.Jeu,"jouerCarte/2[model.Joueur,model.Carte]",carte,11
E:\ck-mvn-plugin\8americain-master\src\model\Jeu.java,model.Jeu,"jouerCarte/2[model.Joueur,model.Carte]",e,3
E:\ck-mvn-plugin\8americain-master\src\model\Jeu.java,model.Jeu,"jouerCarte/2[model.Joueur,model.Carte]",joueurCourant,17
E:\ck-mvn-plugin\8americain-master\src\model\Jeu.java,model.Jeu,"jouerCarte/2[model.Joueur,model.Carte]",effetJouableDirectement,4
E:\ck-mvn-plugin\8americain-master\src\model\Jeu.java,model.Jeu,initCarteManche/0,valeur,3
E:\ck-mvn-plugin\8americain-master\src\model\Jeu.java,model.Jeu,initCarteManche/0,carte,2
E:\ck-mvn-plugin\8americain-master\src\model\Jeu.java,model.Jeu,initCarteManche/0,joueur,6
E:\ck-mvn-plugin\8americain-master\src\model\Jeu.java,model.Jeu,initCarteManche/0,nbpiocher,4
E:\ck-mvn-plugin\8americain-master\src\model\Jeu.java,model.Jeu,initCarteManche/0,couleur,3
E:\ck-mvn-plugin\8americain-master\src\model\Jeu.java,model.Jeu,setNbCarteDeck/1[int],nbCarteDeck,2
E:\ck-mvn-plugin\8americain-master\src\model\Jeu.java,model.Jeu,faireRejouer/1[model.Joueur],joueurCourant,1
E:\ck-mvn-plugin\8americain-master\src\model\Jeu.java,model.Jeu,"annoncer/2[model.Joueur,java.lang.String]",msg,13
E:\ck-mvn-plugin\8americain-master\src\model\Jeu.java,model.Jeu,"annoncer/2[model.Joueur,java.lang.String]",annonce,2
E:\ck-mvn-plugin\8americain-master\src\model\Jeu.java,model.Jeu,"annoncer/2[model.Joueur,java.lang.String]",joueur,5
E:\ck-mvn-plugin\8americain-master\src\model\Jeu.java,model.Jeu,"annoncer/2[model.Joueur,java.lang.String]",joueurCourant,7
E:\ck-mvn-plugin\8americain-master\src\model\Jeu.java,model.Jeu,"annoncer/2[model.Joueur,java.lang.String]",fausseAnnonce,2
E:\ck-mvn-plugin\8americain-master\src\model\Jeu.java,model.Jeu,setModeAttaque/1[boolean],bool,2
E:\ck-mvn-plugin\8americain-master\src\model\Jeu.java,model.Jeu,isCartePosable/1[model.Carte],carte,7
E:\ck-mvn-plugin\8americain-master\src\model\Jeu.java,model.Jeu,isCartePosable/1[model.Carte],carteTapis,2
E:\ck-mvn-plugin\8americain-master\src\model\Jeu.java,model.Jeu,"defausserCarte/2[model.Joueur,model.Carte]",carte,2
E:\ck-mvn-plugin\8americain-master\src\model\Jeu.java,model.Jeu,"defausserCarte/2[model.Joueur,model.Carte]",joueurCourant,1
E:\ck-mvn-plugin\8americain-master\src\model\Jeu.java,model.Jeu,jouerManche/0,msg,5
E:\ck-mvn-plugin\8americain-master\src\model\Jeu.java,model.Jeu,jouerManche/0,joueurCourant,6
E:\ck-mvn-plugin\8americain-master\src\model\Jeu.java,model.Jeu,compterScore/0,i,5
E:\ck-mvn-plugin\8americain-master\src\model\Jeu.java,model.Jeu,compterScore/0,j,3
E:\ck-mvn-plugin\8americain-master\src\model\Jeu.java,model.Jeu,setNbCarteModeAttaque/1[int],nbCarte,1
E:\ck-mvn-plugin\8americain-master\src\model\Jeu.java,model.Jeu,"jouerEffetAvecInputEnCours/2[model.effets.EffetAvecInput,model.Joueur]",joueurCourant,2
E:\ck-mvn-plugin\8americain-master\src\model\Jeu.java,model.Jeu,"jouerEffetAvecInputEnCours/2[model.effets.EffetAvecInput,model.Joueur]",effet,1
E:\ck-mvn-plugin\8americain-master\src\view\interfaceGraphique\InterfaceGraphiqueInitJoueurs.java,view.interfaceGraphique.InterfaceGraphiqueInitJoueurs$Anonymous2,actionPerformed/1[java.awt.event.ActionEvent],e,0
E:\ck-mvn-plugin\8americain-master\src\view\interfaceGraphique\InterfaceGraphiqueJoueurArtificiel.java,view.interfaceGraphique.InterfaceGraphiqueJoueurArtificiel,InterfaceGraphiqueJoueurArtificiel/1[model.Joueur],j,1
E:\ck-mvn-plugin\8americain-master\src\view\interfaceGraphique\InterfaceGraphiqueJoueurArtificiel.java,view.interfaceGraphique.InterfaceGraphiqueJoueurArtificiel,initialize/1[model.Joueur],j,4
E:\ck-mvn-plugin\8americain-master\src\view\interfaceGraphique\InterfaceGraphiqueJoueurArtificiel.java,view.interfaceGraphique.InterfaceGraphiqueJoueurArtificiel,initialize/1[model.Joueur],jPanel1Layout,7
E:\ck-mvn-plugin\8americain-master\src\view\interfaceGraphique\InterfaceGraphiqueInitJoueurs.java,view.interfaceGraphique.InterfaceGraphiqueInitJoueurs,InterfaceGraphiqueInitJoueurs/1[controleur.Controleur],ctrl,1
E:\ck-mvn-plugin\8americain-master\src\view\interfaceGraphique\InterfaceGraphiqueInitJoueurs.java,view.interfaceGraphique.InterfaceGraphiqueInitJoueurs,menuInitJoueurs/0,image,1
E:\ck-mvn-plugin\8americain-master\src\view\interfaceGraphique\InterfaceGraphiqueInitJoueurs.java,view.interfaceGraphique.InterfaceGraphiqueInitJoueurs,menuInitJoueurs/0,jButAjouter,3
E:\ck-mvn-plugin\8americain-master\src\view\interfaceGraphique\InterfaceGraphiqueInitJoueurs.java,view.interfaceGraphique.InterfaceGraphiqueInitJoueurs,menuInitJoueurs/0,jPanelCentreChampFond,4
E:\ck-mvn-plugin\8americain-master\src\view\interfaceGraphique\InterfaceGraphiqueInitJoueurs.java,view.interfaceGraphique.InterfaceGraphiqueInitJoueurs,menuInitJoueurs/0,jpanelchampJoueursArtificiels,3
E:\ck-mvn-plugin\8americain-master\src\view\interfaceGraphique\InterfaceGraphiqueInitJoueurs.java,view.interfaceGraphique.InterfaceGraphiqueInitJoueurs,menuInitJoueurs/0,strategies,1
E:\ck-mvn-plugin\8americain-master\src\view\interfaceGraphique\InterfaceGraphiqueInitJoueurs.java,view.interfaceGraphique.InterfaceGraphiqueInitJoueurs,menuInitJoueurs/0,titre,3
E:\ck-mvn-plugin\8americain-master\src\view\interfaceGraphique\InterfaceGraphiqueInitJoueurs.java,view.interfaceGraphique.InterfaceGraphiqueInitJoueurs,menuInitJoueurs/0,label,1
E:\ck-mvn-plugin\8americain-master\src\view\interfaceGraphique\InterfaceGraphiqueInitJoueurs.java,view.interfaceGraphique.InterfaceGraphiqueInitJoueurs,menuInitJoueurs/0,jPanelFond,5
E:\ck-mvn-plugin\8americain-master\src\view\interfaceGraphique\InterfaceGraphiqueInitJoueurs.java,view.interfaceGraphique.InterfaceGraphiqueInitJoueurs,menuInitJoueurs/0,jPanelSudFond,5
E:\ck-mvn-plugin\8americain-master\src\view\interfaceGraphique\InterfaceGraphiqueInitJoueurs.java,view.interfaceGraphique.InterfaceGraphiqueInitJoueurs,menuInitJoueurs/0,jPanelChamp,4
E:\ck-mvn-plugin\8americain-master\src\view\interfaceGraphique\InterfaceGraphiqueInitJoueurs.java,view.interfaceGraphique.InterfaceGraphiqueInitJoueurs,menuInitJoueurs/0,jButExit,2
E:\ck-mvn-plugin\8americain-master\src\view\interfaceGraphique\InterfaceGraphiqueInitJoueurs.java,view.interfaceGraphique.InterfaceGraphiqueInitJoueurs,menuInitJoueurs/0,jpanelchampNordJoueurHumain,4
E:\ck-mvn-plugin\8americain-master\src\view\interfaceGraphique\InterfaceGraphiqueInitJoueurs.java,view.interfaceGraphique.InterfaceGraphiqueInitJoueurs,menuInitJoueurs/0,jpanelchampNordJoueursArtificiels,6
E:\ck-mvn-plugin\8americain-master\src\view\interfaceGraphique\InterfaceGraphiqueInitJoueurs.java,view.interfaceGraphique.InterfaceGraphiqueInitJoueurs,menuInitJoueurs/0,choixStrategie,1
E:\ck-mvn-plugin\8americain-master\src\view\interfaceConsole\InterfaceConsoleEffetChangerCouleur.java,view.interfaceConsole.InterfaceConsoleEffetChangerCouleur,run/0,data,4
E:\ck-mvn-plugin\8americain-master\src\view\interfaceConsole\InterfaceConsoleEffetChangerCouleur.java,view.interfaceConsole.InterfaceConsoleEffetChangerCouleur,run/0,e,0
E:\ck-mvn-plugin\8americain-master\src\view\interfaceConsole\InterfaceConsoleEffetChangerCouleur.java,view.interfaceConsole.InterfaceConsoleEffetChangerCouleur,run/0,setDataOk,3
E:\ck-mvn-plugin\8americain-master\src\view\interfaceConsole\InterfaceConsoleEffetChangerCouleur.java,view.interfaceConsole.InterfaceConsoleEffetChangerCouleur,run/0,i,4
E:\ck-mvn-plugin\8americain-master\src\view\interfaceConsole\InterfaceConsoleEffetChangerCouleur.java,view.interfaceConsole.InterfaceConsoleEffetChangerCouleur,"InterfaceConsoleEffetChangerCouleur/3[controleur.Controleur,model.Joueur,model.effets.EffetAvecInput]",ctrl,1
E:\ck-mvn-plugin\8americain-master\src\view\interfaceConsole\InterfaceConsoleEffetChangerCouleur.java,view.interfaceConsole.InterfaceConsoleEffetChangerCouleur,"InterfaceConsoleEffetChangerCouleur/3[controleur.Controleur,model.Joueur,model.effets.EffetAvecInput]",joueurCourant,1
E:\ck-mvn-plugin\8americain-master\src\view\interfaceConsole\InterfaceConsoleEffetChangerCouleur.java,view.interfaceConsole.InterfaceConsoleEffetChangerCouleur,"InterfaceConsoleEffetChangerCouleur/3[controleur.Controleur,model.Joueur,model.effets.EffetAvecInput]",effet,2
E:\ck-mvn-plugin\8americain-master\src\view\interfaceConsole\InterfaceConsoleEffetChangerCouleur.java,view.interfaceConsole.InterfaceConsoleEffetChangerCouleur,setJoueurCourant/1[model.Joueur],joueurCourant,2
E:\ck-mvn-plugin\8americain-master\src\model\effets\EffetChangerSensJeu.java,model.effets.EffetChangerSensJeu,action/1[model.Joueur],msg,2
E:\ck-mvn-plugin\8americain-master\src\model\effets\EffetChangerSensJeu.java,model.effets.EffetChangerSensJeu,action/1[model.Joueur],joueurCourant,1
E:\ck-mvn-plugin\8americain-master\src\model\Message.java,model.Message,setType/1[model.Message.Types],type,2
E:\ck-mvn-plugin\8americain-master\src\model\Message.java,model.Message,setJoueurVictime/1[model.Joueur],joueurVictime,2
E:\ck-mvn-plugin\8americain-master\src\model\Message.java,model.Message,setJoueurCourant/1[model.Joueur],joueurCourant,2
E:\ck-mvn-plugin\8americain-master\src\model\Message.java,model.Message,setNbCartesAttaque/1[int],nbCartesAttaque,2
E:\ck-mvn-plugin\8americain-master\src\model\Message.java,model.Message,setNouvelleCouleur/1[int],nouvelleCouleur,2
E:\ck-mvn-plugin\8americain-master\src\model\Message.java,model.Message,setAnnonce/1[java.lang.String],annonce,2
E:\ck-mvn-plugin\8americain-master\src\model\Message.java,model.Message,setEffetAvecInputEnCours/1[model.effets.EffetAvecInput],effetAvecInputEnCours,2
E:\ck-mvn-plugin\8americain-master\src\model\Message.java,model.Message,Message/1[model.Message.Types],type,2
E:\ck-mvn-plugin\8americain-master\src\model\Message.java,model.Message,setCarteADonner/1[model.Carte],carteADonner,2
E:\ck-mvn-plugin\8americain-master\src\model\Message.java,model.Message,setNumeroManche/1[int],numeroManche,2
E:\ck-mvn-plugin\8americain-master\src\view\interfaceGraphique\InterfaceGraphique.java,view.interfaceGraphique.InterfaceGraphique$Anonymous8$Anonymous9,actionPerformed/1[java.awt.event.ActionEvent],e,0
E:\ck-mvn-plugin\8americain-master\src\view\interfaceGraphique\InterfaceGraphique.java,view.interfaceGraphique.InterfaceGraphique$Anonymous8$Anonymous9,actionPerformed/1[java.awt.event.ActionEvent],e1,1
E:\ck-mvn-plugin\8americain-master\src\view\interfaceGraphique\InterfaceGraphique.java,view.interfaceGraphique.InterfaceGraphique,afficherMainJoueur/1[model.Joueur],str,1
E:\ck-mvn-plugin\8americain-master\src\view\interfaceGraphique\InterfaceGraphique.java,view.interfaceGraphique.InterfaceGraphique,afficherMainJoueur/1[model.Joueur],carte,2
E:\ck-mvn-plugin\8americain-master\src\view\interfaceGraphique\InterfaceGraphique.java,view.interfaceGraphique.InterfaceGraphique,afficherMainJoueur/1[model.Joueur],bouton,3
E:\ck-mvn-plugin\8americain-master\src\view\interfaceGraphique\InterfaceGraphique.java,view.interfaceGraphique.InterfaceGraphique,afficherMainJoueur/1[model.Joueur],joueurCourant,1
E:\ck-mvn-plugin\8americain-master\src\view\interfaceGraphique\InterfaceGraphique.java,view.interfaceGraphique.InterfaceGraphique,afficherMainJoueur/1[model.Joueur],icon,1
E:\ck-mvn-plugin\8americain-master\src\view\interfaceGraphique\InterfaceGraphique.java,view.interfaceGraphique.InterfaceGraphique,afficherJoueursArtificiels/1[java.util.List<model.Joueur>],joueur,2
E:\ck-mvn-plugin\8americain-master\src\view\interfaceGraphique\InterfaceGraphique.java,view.interfaceGraphique.InterfaceGraphique,afficherJoueursArtificiels/1[java.util.List<model.Joueur>],joueurs,1
E:\ck-mvn-plugin\8americain-master\src\view\interfaceGraphique\InterfaceGraphique.java,view.interfaceGraphique.InterfaceGraphique,"refreshDisplay/2[model.Jeu,model.Joueur]",str,1
E:\ck-mvn-plugin\8americain-master\src\view\interfaceGraphique\InterfaceGraphique.java,view.interfaceGraphique.InterfaceGraphique,"refreshDisplay/2[model.Jeu,model.Joueur]",joueurCourant,2
E:\ck-mvn-plugin\8americain-master\src\view\interfaceGraphique\InterfaceGraphique.java,view.interfaceGraphique.InterfaceGraphique,"refreshDisplay/2[model.Jeu,model.Joueur]",icon,1
E:\ck-mvn-plugin\8americain-master\src\view\interfaceGraphique\InterfaceGraphique.java,view.interfaceGraphique.InterfaceGraphique,"refreshDisplay/2[model.Jeu,model.Joueur]",jeu,5
E:\ck-mvn-plugin\8americain-master\src\view\interfaceGraphique\InterfaceGraphique.java,view.interfaceGraphique.InterfaceGraphique,afficherConsole/1[java.lang.String],str,1
E:\ck-mvn-plugin\8americain-master\src\view\interfaceGraphique\InterfaceGraphique.java,view.interfaceGraphique.InterfaceGraphique,"update/2[java.util.Observable,java.lang.Object]",msg,48
E:\ck-mvn-plugin\8americain-master\src\view\interfaceGraphique\InterfaceGraphique.java,view.interfaceGraphique.InterfaceGraphique,"update/2[java.util.Observable,java.lang.Object]",jeu,0
E:\ck-mvn-plugin\8americain-master\src\view\interfaceGraphique\InterfaceGraphique.java,view.interfaceGraphique.InterfaceGraphique,InterfaceGraphique/1[controleur.Controleur],ctrl,1
E:\ck-mvn-plugin\8americain-master\src\view\interfaceGraphique\InterfaceGraphique.java,view.interfaceGraphique.InterfaceGraphique,"menuDonnerCarte/2[model.effets.EffetAvecInput,model.Joueur]",str,1
E:\ck-mvn-plugin\8americain-master\src\view\interfaceGraphique\InterfaceGraphique.java,view.interfaceGraphique.InterfaceGraphique,"menuDonnerCarte/2[model.effets.EffetAvecInput,model.Joueur]",carte,2
E:\ck-mvn-plugin\8americain-master\src\view\interfaceGraphique\InterfaceGraphique.java,view.interfaceGraphique.InterfaceGraphique,"menuDonnerCarte/2[model.effets.EffetAvecInput,model.Joueur]",bouton,3
E:\ck-mvn-plugin\8americain-master\src\view\interfaceGraphique\InterfaceGraphique.java,view.interfaceGraphique.InterfaceGraphique,"menuDonnerCarte/2[model.effets.EffetAvecInput,model.Joueur]",joueurCourant,1
E:\ck-mvn-plugin\8americain-master\src\view\interfaceGraphique\InterfaceGraphique.java,view.interfaceGraphique.InterfaceGraphique,"menuDonnerCarte/2[model.effets.EffetAvecInput,model.Joueur]",icon,1
E:\ck-mvn-plugin\8americain-master\src\view\interfaceGraphique\InterfaceGraphique.java,view.interfaceGraphique.InterfaceGraphique,"menuDonnerCarte/2[model.effets.EffetAvecInput,model.Joueur]",panelImg,2
E:\ck-mvn-plugin\8americain-master\src\view\interfaceGraphique\InterfaceGraphique.java,view.interfaceGraphique.InterfaceGraphique,"menuDonnerCarte/2[model.effets.EffetAvecInput,model.Joueur]",effet,0
E:\ck-mvn-plugin\8americain-master\src\view\interfaceGraphique\InterfaceGraphique.java,view.interfaceGraphique.InterfaceGraphique,"menuDonnerCarte/2[model.effets.EffetAvecInput,model.Joueur]",panel,4
E:\ck-mvn-plugin\8americain-master\src\view\interfaceGraphique\InterfaceGraphique.java,view.interfaceGraphique.InterfaceGraphique,"menuChangerCouleur/2[model.effets.EffetAvecInput,model.Joueur]",trefle,3
E:\ck-mvn-plugin\8americain-master\src\view\interfaceGraphique\InterfaceGraphique.java,view.interfaceGraphique.InterfaceGraphique,"menuChangerCouleur/2[model.effets.EffetAvecInput,model.Joueur]",carreau,3
E:\ck-mvn-plugin\8americain-master\src\view\interfaceGraphique\InterfaceGraphique.java,view.interfaceGraphique.InterfaceGraphique,"menuChangerCouleur/2[model.effets.EffetAvecInput,model.Joueur]",coeur,3
E:\ck-mvn-plugin\8americain-master\src\view\interfaceGraphique\InterfaceGraphique.java,view.interfaceGraphique.InterfaceGraphique,"menuChangerCouleur/2[model.effets.EffetAvecInput,model.Joueur]",pique,3
E:\ck-mvn-plugin\8americain-master\src\view\interfaceGraphique\InterfaceGraphique.java,view.interfaceGraphique.InterfaceGraphique,"menuChangerCouleur/2[model.effets.EffetAvecInput,model.Joueur]",joueurCourant,0
E:\ck-mvn-plugin\8americain-master\src\view\interfaceGraphique\InterfaceGraphique.java,view.interfaceGraphique.InterfaceGraphique,"menuChangerCouleur/2[model.effets.EffetAvecInput,model.Joueur]",panelImg,5
E:\ck-mvn-plugin\8americain-master\src\view\interfaceGraphique\InterfaceGraphique.java,view.interfaceGraphique.InterfaceGraphique,"menuChangerCouleur/2[model.effets.EffetAvecInput,model.Joueur]",effet,0
E:\ck-mvn-plugin\8americain-master\src\view\interfaceGraphique\InterfaceGraphique.java,view.interfaceGraphique.InterfaceGraphique,"menuChangerCouleur/2[model.effets.EffetAvecInput,model.Joueur]",panel,4
E:\ck-mvn-plugin\8americain-master\src\view\interfaceGraphique\InterfaceGraphique.java,view.interfaceGraphique.InterfaceGraphique,initializeJouerTour/1[model.Joueur],layout,8
E:\ck-mvn-plugin\8americain-master\src\view\interfaceGraphique\InterfaceGraphique.java,view.interfaceGraphique.InterfaceGraphique,initializeJouerTour/1[model.Joueur],jPanelEastLayout,13
E:\ck-mvn-plugin\8americain-master\src\view\interfaceGraphique\InterfaceGraphique.java,view.interfaceGraphique.InterfaceGraphique,initializeJouerTour/1[model.Joueur],joueurCourant,0
E:\ck-mvn-plugin\8americain-master\src\view\interfaceGraphique\InterfaceGraphique.java,view.interfaceGraphique.InterfaceGraphique,initializeJouerTour/1[model.Joueur],jPanelDefausseLayout,6
E:\ck-mvn-plugin\8americain-master\src\view\interfaceGraphique\InterfaceGraphique.java,view.interfaceGraphique.InterfaceGraphique,initializeJouerTour/1[model.Joueur],jPanelMainDuJoueurLayout,5
E:\ck-mvn-plugin\8americain-master\src\view\interfaceGraphique\InterfaceGraphique.java,view.interfaceGraphique.InterfaceGraphique,initializeJouerTour/1[model.Joueur],jPanelWestLayout,11
E:\ck-mvn-plugin\8americain-master\src\view\interfaceGraphique\InterfaceGraphique.java,view.interfaceGraphique.InterfaceGraphique,initializeJouerTour/1[model.Joueur],jPanelJoueursArtificielsLayout,6
E:\ck-mvn-plugin\8americain-master\src\model\variantes\Variante.java,model.variantes.Variante,gererVariante/1[model.Carte],carte,0
E:\ck-mvn-plugin\8americain-master\src\model\JoueurArtificiel.java,model.JoueurArtificiel,"JoueurArtificiel/2[java.lang.String,int]",strategie,4
E:\ck-mvn-plugin\8americain-master\src\model\JoueurArtificiel.java,model.JoueurArtificiel,"JoueurArtificiel/2[java.lang.String,int]",pseudo,1
E:\ck-mvn-plugin\8americain-master\src\controleur\Controleur.java,controleur.Controleur,setJeu/1[model.Jeu],jeu,2
E:\ck-mvn-plugin\8americain-master\src\controleur\Controleur.java,controleur.Controleur,main/1[java.lang.String[]],args,0
E:\ck-mvn-plugin\8americain-master\src\controleur\Controleur.java,controleur.Controleur,main/1[java.lang.String[]],ihm2,1
E:\ck-mvn-plugin\8americain-master\src\controleur\Controleur.java,controleur.Controleur,main/1[java.lang.String[]],controleur,5
E:\ck-mvn-plugin\8americain-master\src\controleur\Controleur.java,controleur.Controleur,main/1[java.lang.String[]],ihm,1
E:\ck-mvn-plugin\8americain-master\src\view\interfaceConsole\InterfaceConsoleInitPartie.java,view.interfaceConsole.InterfaceConsoleInitPartie,initPartie/0,variante,4
E:\ck-mvn-plugin\8americain-master\src\view\interfaceConsole\InterfaceConsoleInitPartie.java,view.interfaceConsole.InterfaceConsoleInitPartie,initPartie/0,deck,3
E:\ck-mvn-plugin\8americain-master\src\view\interfaceConsole\InterfaceConsoleInitPartie.java,view.interfaceConsole.InterfaceConsoleInitPartie,initPartie/0,operationInterompue,6
E:\ck-mvn-plugin\8americain-master\src\view\interfaceConsole\InterfaceConsoleInitPartie.java,view.interfaceConsole.InterfaceConsoleInitPartie,initPartie/0,choixok,9
E:\ck-mvn-plugin\8americain-master\src\view\interfaceConsole\InterfaceConsoleInitPartie.java,view.interfaceConsole.InterfaceConsoleInitPartie,initPartie/0,methodeComptage,3
E:\ck-mvn-plugin\8americain-master\src\view\interfaceConsole\InterfaceConsoleInitPartie.java,view.interfaceConsole.InterfaceConsoleInitPartie,initPartie/0,choix,8
E:\ck-mvn-plugin\8americain-master\src\view\interfaceConsole\InterfaceConsoleInitPartie.java,view.interfaceConsole.InterfaceConsoleInitPartie,run/0,choixok,5
E:\ck-mvn-plugin\8americain-master\src\view\interfaceConsole\InterfaceConsoleInitPartie.java,view.interfaceConsole.InterfaceConsoleInitPartie,run/0,choix,3
E:\ck-mvn-plugin\8americain-master\src\view\interfaceConsole\InterfaceConsoleInitPartie.java,view.interfaceConsole.InterfaceConsoleInitPartie,afficherFichier/1[java.io.File],br,3
E:\ck-mvn-plugin\8americain-master\src\view\interfaceConsole\InterfaceConsoleInitPartie.java,view.interfaceConsole.InterfaceConsoleInitPartie,afficherFichier/1[java.io.File],exception,1
E:\ck-mvn-plugin\8americain-master\src\view\interfaceConsole\InterfaceConsoleInitPartie.java,view.interfaceConsole.InterfaceConsoleInitPartie,afficherFichier/1[java.io.File],e,0
E:\ck-mvn-plugin\8americain-master\src\view\interfaceConsole\InterfaceConsoleInitPartie.java,view.interfaceConsole.InterfaceConsoleInitPartie,afficherFichier/1[java.io.File],f,1
E:\ck-mvn-plugin\8americain-master\src\view\interfaceConsole\InterfaceConsoleInitPartie.java,view.interfaceConsole.InterfaceConsoleInitPartie,afficherFichier/1[java.io.File],line,3
E:\ck-mvn-plugin\8americain-master\src\view\interfaceConsole\InterfaceConsoleInitPartie.java,view.interfaceConsole.InterfaceConsoleInitPartie,afficherFichier/1[java.io.File],fr,3
E:\ck-mvn-plugin\8americain-master\src\view\interfaceConsole\InterfaceConsoleInitPartie.java,view.interfaceConsole.InterfaceConsoleInitPartie,InterfaceConsoleInitPartie/1[controleur.Controleur],ctrl,1
E:\ck-mvn-plugin\8americain-master\src\view\interfaceGraphique\InterfaceGraphiqueInitPartie.java,view.interfaceGraphique.InterfaceGraphiqueInitPartie,InterfaceGraphiqueInitPartie/1[controleur.Controleur],ctrl,1
E:\ck-mvn-plugin\8americain-master\src\view\interfaceGraphique\InterfaceGraphiqueInitPartie.java,view.interfaceGraphique.InterfaceGraphiqueInitPartie,menuInitPartie/0,jPanelCenterFond,4
E:\ck-mvn-plugin\8americain-master\src\view\interfaceGraphique\InterfaceGraphiqueInitPartie.java,view.interfaceGraphique.InterfaceGraphiqueInitPartie,menuInitPartie/0,titre,3
E:\ck-mvn-plugin\8americain-master\src\view\interfaceGraphique\InterfaceGraphiqueInitPartie.java,view.interfaceGraphique.InterfaceGraphiqueInitPartie,menuInitPartie/0,jButExit,2
E:\ck-mvn-plugin\8americain-master\src\view\interfaceGraphique\InterfaceGraphiqueInitPartie.java,view.interfaceGraphique.InterfaceGraphiqueInitPartie,menuInitPartie/0,variantes,1
E:\ck-mvn-plugin\8americain-master\src\view\interfaceGraphique\InterfaceGraphiqueInitPartie.java,view.interfaceGraphique.InterfaceGraphiqueInitPartie,menuInitPartie/0,decks,1
E:\ck-mvn-plugin\8americain-master\src\view\interfaceGraphique\InterfaceGraphiqueInitPartie.java,view.interfaceGraphique.InterfaceGraphiqueInitPartie,menuInitPartie/0,methodes,1
E:\ck-mvn-plugin\8americain-master\src\view\interfaceGraphique\InterfaceGraphiqueInitPartie.java,view.interfaceGraphique.InterfaceGraphiqueInitPartie,menuInitPartie/0,jPanelCenterFondNord,11
E:\ck-mvn-plugin\8americain-master\src\view\interfaceGraphique\InterfaceGraphiqueInitPartie.java,view.interfaceGraphique.InterfaceGraphiqueInitPartie,menuInitPartie/0,jButCommencerJeu,2
E:\ck-mvn-plugin\8americain-master\src\view\interfaceGraphique\InterfaceGraphiqueInitPartie.java,view.interfaceGraphique.InterfaceGraphiqueInitPartie,menuInitPartie/0,jPanelFond,5
E:\ck-mvn-plugin\8americain-master\src\view\interfaceGraphique\InterfaceGraphiqueInitPartie.java,view.interfaceGraphique.InterfaceGraphiqueInitPartie,menuInitPartie/0,jPanelTitre,4
E:\ck-mvn-plugin\8americain-master\src\view\interfaceGraphique\InterfaceGraphiqueInitPartie.java,view.interfaceGraphique.InterfaceGraphiqueInitPartie,menuInitPartie/0,jPanelSudFond,4
E:\ck-mvn-plugin\8americain-master\src\view\interfaceConsole\InterfaceConsoleInitJoueurs.java,view.interfaceConsole.InterfaceConsoleInitJoueurs,creerBot/0,strategie,4
E:\ck-mvn-plugin\8americain-master\src\view\interfaceConsole\InterfaceConsoleInitJoueurs.java,view.interfaceConsole.InterfaceConsoleInitJoueurs,creerBot/0,nomBot,3
E:\ck-mvn-plugin\8americain-master\src\view\interfaceConsole\InterfaceConsoleInitJoueurs.java,view.interfaceConsole.InterfaceConsoleInitJoueurs,creerBot/0,choixok,3
E:\ck-mvn-plugin\8americain-master\src\view\interfaceConsole\InterfaceConsoleInitJoueurs.java,view.interfaceConsole.InterfaceConsoleInitJoueurs,run/0,joueursInit,4
E:\ck-mvn-plugin\8americain-master\src\view\interfaceConsole\InterfaceConsoleInitJoueurs.java,view.interfaceConsole.InterfaceConsoleInitJoueurs,run/0,nomJoueurHumain,2
E:\ck-mvn-plugin\8americain-master\src\view\interfaceConsole\InterfaceConsoleInitJoueurs.java,view.interfaceConsole.InterfaceConsoleInitJoueurs,run/0,bot1,2
E:\ck-mvn-plugin\8americain-master\src\view\interfaceConsole\InterfaceConsoleInitJoueurs.java,view.interfaceConsole.InterfaceConsoleInitJoueurs,run/0,bot,2
E:\ck-mvn-plugin\8americain-master\src\view\interfaceConsole\InterfaceConsoleInitJoueurs.java,view.interfaceConsole.InterfaceConsoleInitJoueurs,run/0,operationInterompue,3
E:\ck-mvn-plugin\8americain-master\src\view\interfaceConsole\InterfaceConsoleInitJoueurs.java,view.interfaceConsole.InterfaceConsoleInitJoueurs,run/0,finCreationBot,4
E:\ck-mvn-plugin\8americain-master\src\view\interfaceConsole\InterfaceConsoleInitJoueurs.java,view.interfaceConsole.InterfaceConsoleInitJoueurs,run/0,choix,2
E:\ck-mvn-plugin\8americain-master\src\view\interfaceConsole\InterfaceConsoleInitJoueurs.java,view.interfaceConsole.InterfaceConsoleInitJoueurs,InterfaceConsoleInitJoueurs/1[controleur.Controleur],ctrl,1
E:\ck-mvn-plugin\8americain-master\src\view\interfaceConsole\InterfaceConsoleJouerTour.java,view.interfaceConsole.InterfaceConsoleJouerTour,annoncer/1[model.Joueur],annonce,2
E:\ck-mvn-plugin\8americain-master\src\view\interfaceConsole\InterfaceConsoleJouerTour.java,view.interfaceConsole.InterfaceConsoleJouerTour,annoncer/1[model.Joueur],joueurCourant,1
E:\ck-mvn-plugin\8americain-master\src\view\interfaceConsole\InterfaceConsoleJouerTour.java,view.interfaceConsole.InterfaceConsoleJouerTour,run/0,carte,1
E:\ck-mvn-plugin\8americain-master\src\view\interfaceConsole\InterfaceConsoleJouerTour.java,view.interfaceConsole.InterfaceConsoleJouerTour,run/0,joueur,3
E:\ck-mvn-plugin\8americain-master\src\view\interfaceConsole\InterfaceConsoleJouerTour.java,view.interfaceConsole.InterfaceConsoleJouerTour,run/0,choixok,4
E:\ck-mvn-plugin\8americain-master\src\view\interfaceConsole\InterfaceConsoleJouerTour.java,view.interfaceConsole.InterfaceConsoleJouerTour,run/0,choix,2
E:\ck-mvn-plugin\8americain-master\src\view\interfaceConsole\InterfaceConsoleJouerTour.java,view.interfaceConsole.InterfaceConsoleJouerTour,"InterfaceConsoleJouerTour/2[controleur.Controleur,model.Joueur]",ctrl,1
E:\ck-mvn-plugin\8americain-master\src\view\interfaceConsole\InterfaceConsoleJouerTour.java,view.interfaceConsole.InterfaceConsoleJouerTour,"InterfaceConsoleJouerTour/2[controleur.Controleur,model.Joueur]",joueurCourant,2
E:\ck-mvn-plugin\8americain-master\src\view\interfaceConsole\InterfaceConsoleJouerTour.java,view.interfaceConsole.InterfaceConsoleJouerTour,joueurCarte/1[model.Joueur],carte,7
E:\ck-mvn-plugin\8americain-master\src\view\interfaceConsole\InterfaceConsoleJouerTour.java,view.interfaceConsole.InterfaceConsoleJouerTour,joueurCarte/1[model.Joueur],e,1
E:\ck-mvn-plugin\8americain-master\src\view\interfaceConsole\InterfaceConsoleJouerTour.java,view.interfaceConsole.InterfaceConsoleJouerTour,joueurCarte/1[model.Joueur],joueurCourant,5
E:\ck-mvn-plugin\8americain-master\src\view\interfaceConsole\InterfaceConsoleJouerTour.java,view.interfaceConsole.InterfaceConsoleJouerTour,joueurCarte/1[model.Joueur],carteDefausse,3
E:\ck-mvn-plugin\8americain-master\src\view\interfaceConsole\InterfaceConsoleJouerTour.java,view.interfaceConsole.InterfaceConsoleJouerTour,joueurCarte/1[model.Joueur],choixok,5
E:\ck-mvn-plugin\8americain-master\src\view\interfaceConsole\InterfaceConsoleJouerTour.java,view.interfaceConsole.InterfaceConsoleJouerTour,joueurCarte/1[model.Joueur],choix,3
E:\ck-mvn-plugin\8americain-master\src\model\effets\EffetChangerCouleur.java,model.effets.EffetChangerCouleur,getMessage/1[model.Joueur],str,1
E:\ck-mvn-plugin\8americain-master\src\model\effets\EffetChangerCouleur.java,model.effets.EffetChangerCouleur,getMessage/1[model.Joueur],joueurCourant,1
E:\ck-mvn-plugin\8americain-master\src\model\effets\EffetChangerCouleur.java,model.effets.EffetChangerCouleur,"setData/2[java.lang.Integer[],model.Joueur]",data,3
E:\ck-mvn-plugin\8americain-master\src\model\effets\EffetChangerCouleur.java,model.effets.EffetChangerCouleur,"setData/2[java.lang.Integer[],model.Joueur]",joueurCourant,0
E:\ck-mvn-plugin\8americain-master\src\model\effets\EffetChangerCouleur.java,model.effets.EffetChangerCouleur,action/1[model.Joueur],msg,3
E:\ck-mvn-plugin\8americain-master\src\model\effets\EffetChangerCouleur.java,model.effets.EffetChangerCouleur,action/1[model.Joueur],carte,1
E:\ck-mvn-plugin\8americain-master\src\model\effets\EffetChangerCouleur.java,model.effets.EffetChangerCouleur,action/1[model.Joueur],joueurCourant,1
E:\ck-mvn-plugin\8americain-master\src\model\Agressif.java,model.Agressif,choisirDataChangerCouleur/1[model.Joueur],trefle,3
E:\ck-mvn-plugin\8americain-master\src\model\Agressif.java,model.Agressif,choisirDataChangerCouleur/1[model.Joueur],coeur,3
E:\ck-mvn-plugin\8americain-master\src\model\Agressif.java,model.Agressif,choisirDataChangerCouleur/1[model.Joueur],carreau,3
E:\ck-mvn-plugin\8americain-master\src\model\Agressif.java,model.Agressif,choisirDataChangerCouleur/1[model.Joueur],data,5
E:\ck-mvn-plugin\8americain-master\src\model\Agressif.java,model.Agressif,choisirDataChangerCouleur/1[model.Joueur],max,11
E:\ck-mvn-plugin\8americain-master\src\model\Agressif.java,model.Agressif,choisirDataChangerCouleur/1[model.Joueur],joueurCourant,5
E:\ck-mvn-plugin\8americain-master\src\model\Agressif.java,model.Agressif,choisirDataChangerCouleur/1[model.Joueur],i,6
E:\ck-mvn-plugin\8americain-master\src\model\Agressif.java,model.Agressif,choisirDataChangerCouleur/1[model.Joueur],pic,3
E:\ck-mvn-plugin\8americain-master\src\model\Agressif.java,model.Agressif,choisirAnnonce/1[model.Joueur],annonce,3
E:\ck-mvn-plugin\8americain-master\src\model\Agressif.java,model.Agressif,choisirAnnonce/1[model.Joueur],carte,1
E:\ck-mvn-plugin\8americain-master\src\model\Agressif.java,model.Agressif,choisirAnnonce/1[model.Joueur],joueur,3
E:\ck-mvn-plugin\8americain-master\src\model\Agressif.java,model.Agressif,choisirAnnonce/1[model.Joueur],joueurCourant,4
E:\ck-mvn-plugin\8americain-master\src\model\Agressif.java,model.Agressif,choisirDataDonner/1[model.Joueur],data,3
E:\ck-mvn-plugin\8americain-master\src\model\Agressif.java,model.Agressif,choisirDataDonner/1[model.Joueur],joueurCourant,3
E:\ck-mvn-plugin\8americain-master\src\model\Agressif.java,model.Agressif,choisirDataDonner/1[model.Joueur],indexCarteChoisie,4
E:\ck-mvn-plugin\8americain-master\src\model\Agressif.java,model.Agressif,choisirDataDonner/1[model.Joueur],i,3
E:\ck-mvn-plugin\8americain-master\src\model\Agressif.java,model.Agressif,choisirDataDonner/1[model.Joueur],indexJoueurChoisi,3
E:\ck-mvn-plugin\8americain-master\src\model\Agressif.java,model.Agressif,choisirDataDonner/1[model.Joueur],j,4
E:\ck-mvn-plugin\8americain-master\src\model\Agressif.java,model.Agressif,choisirCarteStrategie/1[model.Joueur],carteChoisie,4
E:\ck-mvn-plugin\8americain-master\src\model\Agressif.java,model.Agressif,choisirCarteStrategie/1[model.Joueur],joueurCourant,3
E:\ck-mvn-plugin\8americain-master\src\model\Agressif.java,model.Agressif,choisirCarteStrategie/1[model.Joueur],i,4
E:\ck-mvn-plugin\8americain-master\src\model\effets\EffetAttaque.java,model.effets.EffetAttaque,action/1[model.Joueur],msg,6
E:\ck-mvn-plugin\8americain-master\src\model\effets\EffetAttaque.java,model.effets.EffetAttaque,action/1[model.Joueur],joueurCourant,3
E:\ck-mvn-plugin\8americain-master\src\model\effets\EffetAttaque.java,model.effets.EffetAttaque,"EffetAttaque/2[int,boolean]",isContrable,2
E:\ck-mvn-plugin\8americain-master\src\model\effets\EffetAttaque.java,model.effets.EffetAttaque,"EffetAttaque/2[int,boolean]",valeurAttaque,2
E:\ck-mvn-plugin\8americain-master\src\model\Strategie.java,model.Strategie,choisirDataDonner/1[model.Joueur],joueurCourant,0
E:\ck-mvn-plugin\8americain-master\src\model\Strategie.java,model.Strategie,choisirAnnonce/1[model.Joueur],joueurCourant,0
E:\ck-mvn-plugin\8americain-master\src\model\Strategie.java,model.Strategie,choisirDataChangerCouleur/1[model.Joueur],joueurCourant,0
E:\ck-mvn-plugin\8americain-master\src\model\Strategie.java,model.Strategie,choisirCarteStrategie/1[model.Joueur],joueurCourant,0
E:\ck-mvn-plugin\8americain-master\src\model\effets\EffetSauterTour.java,model.effets.EffetSauterTour,action/1[model.Joueur],msg,3
E:\ck-mvn-plugin\8americain-master\src\model\effets\EffetSauterTour.java,model.effets.EffetSauterTour,action/1[model.Joueur],joueurCourant,3
E:\ck-mvn-plugin\8americain-master\src\view\interfaceConsole\InterfaceConsole.java,view.interfaceConsole.InterfaceConsole,"update/2[java.util.Observable,java.lang.Object]",msg,40
E:\ck-mvn-plugin\8americain-master\src\view\interfaceConsole\InterfaceConsole.java,view.interfaceConsole.InterfaceConsole,"update/2[java.util.Observable,java.lang.Object]",jeu,0
E:\ck-mvn-plugin\8americain-master\src\view\interfaceConsole\InterfaceConsole.java,view.interfaceConsole.InterfaceConsole,lireChaine/1[java.lang.String],msg,1
E:\ck-mvn-plugin\8americain-master\src\view\interfaceConsole\InterfaceConsole.java,view.interfaceConsole.InterfaceConsole,lireChaine/1[java.lang.String],stdin,2
E:\ck-mvn-plugin\8americain-master\src\view\interfaceConsole\InterfaceConsole.java,view.interfaceConsole.InterfaceConsole,lireChaine/1[java.lang.String],e,1
E:\ck-mvn-plugin\8americain-master\src\view\interfaceConsole\InterfaceConsole.java,view.interfaceConsole.InterfaceConsole,lireChaine/1[java.lang.String],resultat,1
E:\ck-mvn-plugin\8americain-master\src\view\interfaceConsole\InterfaceConsole.java,view.interfaceConsole.InterfaceConsole,arreterThread/0,e,0
E:\ck-mvn-plugin\8americain-master\src\view\interfaceConsole\InterfaceConsole.java,view.interfaceConsole.InterfaceConsole,commencerThread/1[java.lang.Runnable],runnable,1
E:\ck-mvn-plugin\8americain-master\src\view\interfaceConsole\InterfaceConsole.java,view.interfaceConsole.InterfaceConsole,lireInteger/1[java.lang.String],msg,2
E:\ck-mvn-plugin\8americain-master\src\view\interfaceConsole\InterfaceConsole.java,view.interfaceConsole.InterfaceConsole,lireInteger/1[java.lang.String],numString,4
E:\ck-mvn-plugin\8americain-master\src\view\interfaceConsole\InterfaceConsole.java,view.interfaceConsole.InterfaceConsole,lireInteger/1[java.lang.String],e,0
E:\ck-mvn-plugin\8americain-master\src\view\interfaceConsole\InterfaceConsole.java,view.interfaceConsole.InterfaceConsole,lireInteger/1[java.lang.String],conversionok,3
E:\ck-mvn-plugin\8americain-master\src\view\interfaceConsole\InterfaceConsole.java,view.interfaceConsole.InterfaceConsole,InterfaceConsole/1[controleur.Controleur],ctrl,1
E:\ck-mvn-plugin\8americain-master\src\view\interfaceGraphique\InterfaceGraphique.java,view.interfaceGraphique.InterfaceGraphique$Anonymous5,actionPerformed/1[java.awt.event.ActionEvent],data,2
E:\ck-mvn-plugin\8americain-master\src\view\interfaceGraphique\InterfaceGraphique.java,view.interfaceGraphique.InterfaceGraphique$Anonymous5,actionPerformed/1[java.awt.event.ActionEvent],e,0
E:\ck-mvn-plugin\8americain-master\src\view\interfaceGraphique\InterfaceGraphique.java,view.interfaceGraphique.InterfaceGraphique$Anonymous5,actionPerformed/1[java.awt.event.ActionEvent],e1,1
E:\ck-mvn-plugin\8americain-master\src\model\variantes\Minimale.java,model.variantes.Minimale,gererVariante/1[model.Carte],valeur,1
E:\ck-mvn-plugin\8americain-master\src\model\variantes\Minimale.java,model.variantes.Minimale,gererVariante/1[model.Carte],carte,3
E:\ck-mvn-plugin\8americain-master\src\model\variantes\Minimale.java,model.variantes.Minimale,getStringVariante/0,str,2
E:\ck-mvn-plugin\8americain-master\src\view\interfaceGraphique\InterfaceGraphique.java,view.interfaceGraphique.InterfaceGraphique$Anonymous4,actionPerformed/1[java.awt.event.ActionEvent],data,2
E:\ck-mvn-plugin\8americain-master\src\view\interfaceGraphique\InterfaceGraphique.java,view.interfaceGraphique.InterfaceGraphique$Anonymous4,actionPerformed/1[java.awt.event.ActionEvent],e,0
E:\ck-mvn-plugin\8americain-master\src\view\interfaceGraphique\InterfaceGraphique.java,view.interfaceGraphique.InterfaceGraphique$Anonymous4,actionPerformed/1[java.awt.event.ActionEvent],e1,1
E:\ck-mvn-plugin\8americain-master\src\view\interfaceGraphique\InterfaceGraphique.java,view.interfaceGraphique.InterfaceGraphique$Anonymous3,actionPerformed/1[java.awt.event.ActionEvent],e,0
E:\ck-mvn-plugin\8americain-master\src\view\interfaceGraphique\InterfaceGraphique.java,view.interfaceGraphique.InterfaceGraphique$Anonymous3,actionPerformed/1[java.awt.event.ActionEvent],e1,0
E:\ck-mvn-plugin\8americain-master\src\view\interfaceGraphique\InterfaceGraphique.java,view.interfaceGraphique.InterfaceGraphique$Anonymous2,actionPerformed/1[java.awt.event.ActionEvent],evt,0
E:\ck-mvn-plugin\8americain-master\src\model\effets\EffetContrerChangerCouleur.java,model.effets.EffetContrerChangerCouleur,action/1[model.Joueur],msg,5
E:\ck-mvn-plugin\8americain-master\src\model\effets\EffetContrerChangerCouleur.java,model.effets.EffetContrerChangerCouleur,action/1[model.Joueur],joueurCourant,3
E:\ck-mvn-plugin\8americain-master\src\model\effets\EffetDonner.java,model.effets.EffetDonner,"setData/2[java.lang.Integer[],model.Joueur]",data,2
E:\ck-mvn-plugin\8americain-master\src\model\effets\EffetDonner.java,model.effets.EffetDonner,"setData/2[java.lang.Integer[],model.Joueur]",e,0
E:\ck-mvn-plugin\8americain-master\src\model\effets\EffetDonner.java,model.effets.EffetDonner,"setData/2[java.lang.Integer[],model.Joueur]",joueurCourant,1
E:\ck-mvn-plugin\8americain-master\src\model\effets\EffetDonner.java,model.effets.EffetDonner,action/1[model.Joueur],msg,4
E:\ck-mvn-plugin\8americain-master\src\model\effets\EffetDonner.java,model.effets.EffetDonner,action/1[model.Joueur],joueurCourant,2
E:\ck-mvn-plugin\8americain-master\src\view\interfaceGraphique\InterfaceGraphique.java,view.interfaceGraphique.InterfaceGraphique$Anonymous1,actionPerformed/1[java.awt.event.ActionEvent],evt,0
E:\ck-mvn-plugin\8americain-master\src\view\interfaceGraphique\InterfaceGraphiqueInitPartie.java,view.interfaceGraphique.InterfaceGraphiqueInitPartie$Anonymous3,actionPerformed/1[java.awt.event.ActionEvent],e,0
E:\ck-mvn-plugin\8americain-master\src\view\interfaceGraphique\InterfaceGraphiqueInitPartie.java,view.interfaceGraphique.InterfaceGraphiqueInitPartie$Anonymous1,actionPerformed/1[java.awt.event.ActionEvent],e,0
E:\ck-mvn-plugin\8americain-master\src\view\interfaceGraphique\InterfaceGraphiqueInitPartie.java,view.interfaceGraphique.InterfaceGraphiqueInitPartie$Anonymous2,actionPerformed/1[java.awt.event.ActionEvent],e,0
E:\ck-mvn-plugin\8americain-master\src\model\Carte.java,model.Carte,toString/0,sb,4
E:\ck-mvn-plugin\8americain-master\src\model\Carte.java,model.Carte,"Carte/2[int,int]",valeur,2
E:\ck-mvn-plugin\8americain-master\src\model\Carte.java,model.Carte,"Carte/2[int,int]",couleur,1
E:\ck-mvn-plugin\8americain-master\src\model\Carte.java,model.Carte,setCouleur/1[int],couleur,4
E:\ck-mvn-plugin\8americain-master\src\model\Carte.java,model.Carte,setValeur/1[int],valeur,4
E:\ck-mvn-plugin\8americain-master\src\model\Carte.java,model.Carte,"Carte/2[java.lang.String,java.lang.String]",c,2
E:\ck-mvn-plugin\8americain-master\src\model\Carte.java,model.Carte,"Carte/2[java.lang.String,java.lang.String]",valeur,1
E:\ck-mvn-plugin\8americain-master\src\model\Carte.java,model.Carte,"Carte/2[java.lang.String,java.lang.String]",v,2
E:\ck-mvn-plugin\8americain-master\src\model\Carte.java,model.Carte,"Carte/2[java.lang.String,java.lang.String]",couleur,1
E:\ck-mvn-plugin\8americain-master\src\model\Carte.java,model.Carte,"Carte/2[java.lang.String,java.lang.String]",i,9
E:\ck-mvn-plugin\8americain-master\src\model\Carte.java,model.Carte,"Carte/2[java.lang.String,java.lang.String]",trouve,5
E:\ck-mvn-plugin\8americain-master\src\model\Carte.java,model.Carte,setEffet/1[model.effets.Effet],effet,2
E:\ck-mvn-plugin\8americain-master\src\view\interfaceGraphique\InterfaceGraphique.java,view.interfaceGraphique.InterfaceGraphique$Anonymous8,actionPerformed/1[java.awt.event.ActionEvent],data,1
E:\ck-mvn-plugin\8americain-master\src\view\interfaceGraphique\InterfaceGraphique.java,view.interfaceGraphique.InterfaceGraphique$Anonymous8,actionPerformed/1[java.awt.event.ActionEvent],e,0
E:\ck-mvn-plugin\8americain-master\src\view\interfaceGraphique\InterfaceGraphique.java,view.interfaceGraphique.InterfaceGraphique$Anonymous8,actionPerformed/1[java.awt.event.ActionEvent],bouton,2
E:\ck-mvn-plugin\8americain-master\src\view\interfaceGraphique\InterfaceGraphique.java,view.interfaceGraphique.InterfaceGraphique$Anonymous8,actionPerformed/1[java.awt.event.ActionEvent],joueur,2
E:\ck-mvn-plugin\8americain-master\src\view\interfaceGraphique\InterfaceGraphique.java,view.interfaceGraphique.InterfaceGraphique$Anonymous8,actionPerformed/1[java.awt.event.ActionEvent],panel2,4
E:\ck-mvn-plugin\8americain-master\src\view\interfaceGraphique\InterfaceGraphique.java,view.interfaceGraphique.InterfaceGraphique$Anonymous8,actionPerformed/1[java.awt.event.ActionEvent],panelImg2,2
E:\ck-mvn-plugin\8americain-master\src\view\interfaceGraphique\InterfaceGraphique.java,view.interfaceGraphique.InterfaceGraphique$Anonymous7,actionPerformed/1[java.awt.event.ActionEvent],data,2
E:\ck-mvn-plugin\8americain-master\src\view\interfaceGraphique\InterfaceGraphique.java,view.interfaceGraphique.InterfaceGraphique$Anonymous7,actionPerformed/1[java.awt.event.ActionEvent],e,0
E:\ck-mvn-plugin\8americain-master\src\view\interfaceGraphique\InterfaceGraphique.java,view.interfaceGraphique.InterfaceGraphique$Anonymous7,actionPerformed/1[java.awt.event.ActionEvent],e1,1
E:\ck-mvn-plugin\8americain-master\src\view\interfaceGraphique\InterfaceGraphique.java,view.interfaceGraphique.InterfaceGraphique$Anonymous6,actionPerformed/1[java.awt.event.ActionEvent],data,2
E:\ck-mvn-plugin\8americain-master\src\view\interfaceGraphique\InterfaceGraphique.java,view.interfaceGraphique.InterfaceGraphique$Anonymous6,actionPerformed/1[java.awt.event.ActionEvent],e,0
E:\ck-mvn-plugin\8americain-master\src\view\interfaceGraphique\InterfaceGraphique.java,view.interfaceGraphique.InterfaceGraphique$Anonymous6,actionPerformed/1[java.awt.event.ActionEvent],e1,1
E:\ck-mvn-plugin\8americain-master\src\view\IHM.java,view.IHM,IHM/1[controleur.Controleur],ctrl,1
E:\ck-mvn-plugin\8americain-master\src\view\IHM.java,view.IHM,setControleur/1[controleur.Controleur],controleur,2
E:\ck-mvn-plugin\8americain-master\src\view\interfaceConsole\InterfaceConsoleEffetDonner.java,view.interfaceConsole.InterfaceConsoleEffetDonner,"InterfaceConsoleEffetDonner/3[controleur.Controleur,model.Joueur,model.effets.EffetAvecInput]",ctrl,1
E:\ck-mvn-plugin\8americain-master\src\view\interfaceConsole\InterfaceConsoleEffetDonner.java,view.interfaceConsole.InterfaceConsoleEffetDonner,"InterfaceConsoleEffetDonner/3[controleur.Controleur,model.Joueur,model.effets.EffetAvecInput]",joueurCourant,1
E:\ck-mvn-plugin\8americain-master\src\view\interfaceConsole\InterfaceConsoleEffetDonner.java,view.interfaceConsole.InterfaceConsoleEffetDonner,"InterfaceConsoleEffetDonner/3[controleur.Controleur,model.Joueur,model.effets.EffetAvecInput]",effet,2
E:\ck-mvn-plugin\8americain-master\src\view\interfaceConsole\InterfaceConsoleEffetDonner.java,view.interfaceConsole.InterfaceConsoleEffetDonner,run/0,data,7
E:\ck-mvn-plugin\8americain-master\src\view\interfaceConsole\InterfaceConsoleEffetDonner.java,view.interfaceConsole.InterfaceConsoleEffetDonner,run/0,carte,2
E:\ck-mvn-plugin\8americain-master\src\view\interfaceConsole\InterfaceConsoleEffetDonner.java,view.interfaceConsole.InterfaceConsoleEffetDonner,run/0,e,0
E:\ck-mvn-plugin\8americain-master\src\view\interfaceConsole\InterfaceConsoleEffetDonner.java,view.interfaceConsole.InterfaceConsoleEffetDonner,run/0,setDataOk,3
E:\ck-mvn-plugin\8americain-master\src\view\interfaceConsole\InterfaceConsoleEffetDonner.java,view.interfaceConsole.InterfaceConsoleEffetDonner,run/0,i,5
E:\ck-mvn-plugin\8americain-master\src\view\interfaceConsole\InterfaceConsoleEffetDonner.java,view.interfaceConsole.InterfaceConsoleEffetDonner,setJoueurCourant/1[model.Joueur],joueurCourant,2
E:\ck-mvn-plugin\8americain-master\src\model\variantes\Monclar.java,model.variantes.Monclar,getStringVariante/0,str,7
E:\ck-mvn-plugin\8americain-master\src\model\variantes\Monclar.java,model.variantes.Monclar,gererVariante/1[model.Carte],valeur,1
E:\ck-mvn-plugin\8americain-master\src\model\variantes\Monclar.java,model.variantes.Monclar,gererVariante/1[model.Carte],carte,7
