file,class,type,cbo,cboModified,fanin,fanout,wmc,dit,noc,rfc,lcom,lcom*,tcc,lcc,totalMethodsQty,staticMethodsQty,publicMethodsQty,privateMethodsQty,protectedMethodsQty,defaultMethodsQty,visibleMethodsQty,abstractMethodsQty,finalMethodsQty,synchronizedMethodsQty,totalFieldsQty,staticFieldsQty,publicFieldsQty,privateFieldsQty,protectedFieldsQty,defaultFieldsQty,finalFieldsQty,synchronizedFieldsQty,nosi,loc,returnQty,loopQty,comparisonsQty,tryCatchQty,parenthesizedExpsQty,stringLiteralsQty,numbersQty,assignmentsQty,mathOperationsQty,variablesQty,maxNestedBlocksQty,anonymousClassesQty,innerClassesQty,lambdasQty,uniqueWordsQty,modifiers,logStatementsQty
E:\OOD_Projects\ck-mvn-plugin\Medical-Store-Billing-System-master\src\medicalstore\Main_Module.java,medicalstore.Main_Module$Anonymous11,anonymous,1,1,0,1,1,1,0,1,0,0.0,NaN,NaN,1,0,1,0,0,0,1,0,0,0,0,0,0,0,0,0,0,0,0,5,0,0,0,0,0,0,0,0,0,0,0,0,0,0,5,-1,0
E:\OOD_Projects\ck-mvn-plugin\Medical-Store-Billing-System-master\src\medicalstore\Main_Module.java,medicalstore.Main_Module$Anonymous10,anonymous,1,1,0,1,1,1,0,1,0,0.0,NaN,NaN,1,0,1,0,0,0,1,0,0,0,0,0,0,0,0,0,0,0,0,5,0,0,0,0,0,0,0,0,0,0,0,0,0,0,5,-1,0
E:\OOD_Projects\ck-mvn-plugin\Medical-Store-Billing-System-master\src\medicalstore\EditSupplier.java,medicalstore.EditSupplier,class,1,6,5,1,16,5,0,45,4,0.709091,NaN,NaN,5,0,1,4,0,0,1,0,0,0,11,0,0,8,0,3,0,0,7,121,0,2,0,3,0,40,53,15,5,12,2,3,0,0,49,1,0
E:\OOD_Projects\ck-mvn-plugin\Medical-Store-Billing-System-master\src\medicalstore\Main_Module.java,medicalstore.Main_Module$Anonymous12,anonymous,1,1,0,1,1,1,0,1,0,0.0,NaN,NaN,1,0,1,0,0,0,1,0,0,0,0,0,0,0,0,0,0,0,0,5,0,0,0,0,0,0,0,0,0,0,0,0,0,0,5,-1,0
E:\OOD_Projects\ck-mvn-plugin\Medical-Store-Billing-System-master\src\medicalstore\ResetPassword.java,medicalstore.ResetPassword$Anonymous8,anonymous,1,1,0,1,1,1,0,1,0,0.0,NaN,NaN,1,0,1,0,0,0,1,0,0,0,0,0,0,0,0,0,0,0,0,5,0,0,0,0,0,0,0,0,0,0,0,0,0,0,6,-1,0
E:\OOD_Projects\ck-mvn-plugin\Medical-Store-Billing-System-master\src\medicalstore\ResetPassword.java,medicalstore.ResetPassword$Anonymous7,anonymous,1,1,0,1,1,1,0,1,0,0.0,NaN,NaN,1,0,1,0,0,0,1,0,0,0,0,0,0,0,0,0,0,0,0,5,0,0,0,0,0,0,0,0,0,0,0,0,0,0,6,-1,0
E:\OOD_Projects\ck-mvn-plugin\Medical-Store-Billing-System-master\src\medicalstore\ResetPassword.java,medicalstore.ResetPassword$Anonymous6,anonymous,1,1,0,1,1,1,0,1,0,0.0,NaN,NaN,1,0,1,0,0,0,1,0,0,0,0,0,0,0,0,0,0,0,0,5,0,0,0,0,0,0,0,0,0,0,0,0,0,0,5,-1,0
E:\OOD_Projects\ck-mvn-plugin\Medical-Store-Billing-System-master\src\medicalstore\ResetPassword.java,medicalstore.ResetPassword$Anonymous5,anonymous,1,1,0,1,1,1,0,1,0,0.0,NaN,NaN,1,0,1,0,0,0,1,0,0,0,0,0,0,0,0,0,0,0,0,5,0,0,0,0,0,0,0,0,0,0,0,0,0,0,5,-1,0
E:\OOD_Projects\ck-mvn-plugin\Medical-Store-Billing-System-master\src\medicalstore\EditSupplier.java,medicalstore.EditSupplier$Anonymous3,anonymous,1,1,0,1,1,1,0,1,0,0.0,NaN,NaN,1,0,1,0,0,0,1,0,0,0,0,0,0,0,0,0,0,0,0,5,0,0,0,0,0,0,0,0,0,0,0,0,0,0,6,-1,0
E:\OOD_Projects\ck-mvn-plugin\Medical-Store-Billing-System-master\src\medicalstore\EditSupplier.java,medicalstore.EditSupplier$Anonymous1,anonymous,1,1,0,1,1,1,0,1,0,0.0,NaN,NaN,1,0,1,0,0,0,1,0,0,0,0,0,0,0,0,0,0,0,0,5,0,0,0,0,0,0,0,0,0,0,0,0,0,0,5,-1,0
E:\OOD_Projects\ck-mvn-plugin\Medical-Store-Billing-System-master\src\medicalstore\LoginScreen.java,medicalstore.LoginScreen,class,2,14,12,2,30,6,0,40,53,0.90404046,0.0,0.0,11,1,2,9,0,0,2,0,0,0,17,2,2,11,0,4,0,0,7,224,0,1,0,2,0,52,63,22,2,19,3,9,0,0,81,1,0
E:\OOD_Projects\ck-mvn-plugin\Medical-Store-Billing-System-master\src\medicalstore\EditSupplier.java,medicalstore.EditSupplier$Anonymous2,anonymous,1,1,0,1,1,1,0,1,0,0.0,NaN,NaN,1,0,1,0,0,0,1,0,0,0,0,0,0,0,0,0,0,0,0,5,0,0,0,0,0,0,0,0,0,0,0,0,0,0,5,-1,0
E:\OOD_Projects\ck-mvn-plugin\Medical-Store-Billing-System-master\src\medicalstore\ResetPassword.java,medicalstore.ResetPassword,class,2,12,10,2,22,5,0,44,39,0.8764705,NaN,NaN,10,0,1,9,0,0,1,0,0,0,17,0,0,11,0,6,0,0,5,182,0,1,0,3,0,40,71,18,3,18,4,8,0,0,63,1,0
E:\OOD_Projects\ck-mvn-plugin\Medical-Store-Billing-System-master\src\medicalstore\ResetPassword.java,medicalstore.ResetPassword$Anonymous4,anonymous,1,1,0,1,1,1,0,1,0,0.0,NaN,NaN,1,0,1,0,0,0,1,0,0,0,0,0,0,0,0,0,0,0,0,5,0,0,0,0,0,0,0,0,0,0,0,0,0,0,5,-1,0
E:\OOD_Projects\ck-mvn-plugin\Medical-Store-Billing-System-master\src\medicalstore\SellingReport1.java,medicalstore.SellingReport1$Anonymous8,anonymous,1,1,0,1,1,1,0,1,0,0.0,NaN,NaN,1,0,1,0,0,0,1,0,0,0,0,0,0,0,0,0,0,0,0,5,0,0,0,0,0,0,0,0,0,0,0,0,0,0,5,-1,0
E:\OOD_Projects\ck-mvn-plugin\Medical-Store-Billing-System-master\src\medicalstore\ResetPassword.java,medicalstore.ResetPassword$Anonymous3,anonymous,1,1,0,1,1,1,0,1,0,0.0,NaN,NaN,1,0,1,0,0,0,1,0,0,0,0,0,0,0,0,0,0,0,0,5,0,0,0,0,0,0,0,0,0,0,0,0,0,0,5,-1,0
E:\OOD_Projects\ck-mvn-plugin\Medical-Store-Billing-System-master\src\medicalstore\SellingReport1.java,medicalstore.SellingReport1$Anonymous9,anonymous,1,1,0,1,1,1,0,1,0,0.0,NaN,NaN,1,0,1,0,0,0,1,0,0,0,0,0,0,0,0,0,0,0,0,5,0,0,0,0,0,0,0,0,0,0,0,0,0,0,5,-1,0
E:\OOD_Projects\ck-mvn-plugin\Medical-Store-Billing-System-master\src\medicalstore\ResetPassword.java,medicalstore.ResetPassword$Anonymous2,anonymous,1,1,0,1,1,1,0,1,0,0.0,NaN,NaN,1,0,1,0,0,0,1,0,0,0,0,0,0,0,0,0,0,0,0,5,0,0,0,0,0,0,0,0,0,0,0,0,0,0,5,-1,0
E:\OOD_Projects\ck-mvn-plugin\Medical-Store-Billing-System-master\src\medicalstore\Bill.java,medicalstore.Bill,class,1,16,15,1,43,5,0,60,101,0.9318518,NaN,NaN,15,0,1,14,0,0,1,0,0,0,34,0,0,26,0,8,0,0,20,344,0,2,2,6,1,111,132,52,14,50,4,13,0,0,119,1,0
E:\OOD_Projects\ck-mvn-plugin\Medical-Store-Billing-System-master\src\medicalstore\ResetPassword.java,medicalstore.ResetPassword$Anonymous1,anonymous,1,1,0,1,1,1,0,1,0,0.0,NaN,NaN,1,0,1,0,0,0,1,0,0,0,0,0,0,0,0,0,0,0,0,5,0,0,0,0,0,0,0,0,0,0,0,0,0,0,5,-1,0
E:\OOD_Projects\ck-mvn-plugin\Medical-Store-Billing-System-master\src\medicalstore\SellingReport1.java,medicalstore.SellingReport1$Anonymous4,anonymous,1,1,0,1,1,1,0,1,0,0.0,NaN,NaN,1,0,1,0,0,0,1,0,0,0,0,0,0,0,0,0,0,0,0,5,0,0,0,0,0,0,0,0,0,0,0,0,0,0,6,-1,0
E:\OOD_Projects\ck-mvn-plugin\Medical-Store-Billing-System-master\src\medicalstore\SellingReport1.java,medicalstore.SellingReport1$Anonymous5,anonymous,1,1,0,1,1,1,0,1,0,0.0,NaN,NaN,1,0,1,0,0,0,1,0,0,0,0,0,0,0,0,0,0,0,0,5,0,0,0,0,0,0,0,0,0,0,0,0,0,0,6,-1,0
E:\OOD_Projects\ck-mvn-plugin\Medical-Store-Billing-System-master\src\medicalstore\SellingReport1.java,medicalstore.SellingReport1$Anonymous6,anonymous,1,1,0,1,1,1,0,1,0,0.0,NaN,NaN,1,0,1,0,0,0,1,0,0,0,0,0,0,0,0,0,0,0,0,5,0,0,0,0,0,0,0,0,0,0,0,0,0,0,6,-1,0
E:\OOD_Projects\ck-mvn-plugin\Medical-Store-Billing-System-master\src\medicalstore\SellingReport1.java,medicalstore.SellingReport1$Anonymous7,anonymous,1,1,0,1,1,1,0,1,0,0.0,NaN,NaN,1,0,1,0,0,0,1,0,0,0,0,0,0,0,0,0,0,0,0,5,0,0,0,0,0,0,0,0,0,0,0,0,0,0,5,-1,0
E:\OOD_Projects\ck-mvn-plugin\Medical-Store-Billing-System-master\src\medicalstore\SellingReport.java,medicalstore.SellingReport,class,0,0,0,0,4,6,0,22,0,0.0,NaN,NaN,1,0,0,0,0,1,1,0,0,0,10,0,0,0,0,10,0,0,2,47,0,2,0,1,0,8,12,12,2,11,2,0,0,0,41,1,0
E:\OOD_Projects\ck-mvn-plugin\Medical-Store-Billing-System-master\src\medicalstore\Main_Module.java,medicalstore.Main_Module,class,8,22,14,8,19,6,0,46,83,0.9183675,0.0,0.0,14,1,2,12,0,0,2,0,0,0,20,0,0,18,0,2,0,0,2,341,0,0,4,0,0,26,171,44,0,36,1,12,0,0,75,1,0
E:\OOD_Projects\ck-mvn-plugin\Medical-Store-Billing-System-master\src\medicalstore\LoginScreen.java,medicalstore.LoginScreen$Anonymous1,anonymous,1,1,0,1,1,1,0,1,0,0.0,NaN,NaN,1,0,1,0,0,0,1,0,0,0,0,0,0,0,0,0,0,0,0,5,0,0,0,0,0,0,0,0,0,0,0,0,0,0,5,-1,0
E:\OOD_Projects\ck-mvn-plugin\Medical-Store-Billing-System-master\src\medicalstore\SellingReport1.java,medicalstore.SellingReport1,class,1,12,11,1,41,5,0,60,43,0.87147325,NaN,NaN,11,0,1,10,0,0,1,0,0,0,27,0,0,16,0,11,0,0,4,253,0,8,10,4,0,56,60,54,10,39,3,9,0,0,119,1,0
E:\OOD_Projects\ck-mvn-plugin\Medical-Store-Billing-System-master\src\medicalstore\LoginScreen.java,medicalstore.LoginScreen$Anonymous2,anonymous,1,1,0,1,1,1,0,1,0,0.0,NaN,NaN,1,0,1,0,0,0,1,0,0,0,0,0,0,0,0,0,0,0,0,5,0,0,0,0,0,0,0,0,0,0,0,0,0,0,5,-1,0
E:\OOD_Projects\ck-mvn-plugin\Medical-Store-Billing-System-master\src\medicalstore\LoginScreen.java,medicalstore.LoginScreen$Anonymous3,anonymous,1,1,0,1,1,1,0,1,0,0.0,NaN,NaN,1,0,1,0,0,0,1,0,0,0,0,0,0,0,0,0,0,0,0,5,0,0,0,0,0,0,0,0,0,0,0,0,0,0,5,-1,0
E:\OOD_Projects\ck-mvn-plugin\Medical-Store-Billing-System-master\src\medicalstore\LoginScreen.java,medicalstore.LoginScreen$Anonymous4,anonymous,1,1,0,1,1,1,0,1,0,0.0,NaN,NaN,1,0,1,0,0,0,1,0,0,0,0,0,0,0,0,0,0,0,0,5,0,0,0,0,0,0,0,0,0,0,0,0,0,0,5,-1,0
E:\OOD_Projects\ck-mvn-plugin\Medical-Store-Billing-System-master\src\medicalstore\Main_Module.java,medicalstore.Main_Module$Anonymous3,anonymous,1,1,0,1,1,1,0,1,0,0.0,NaN,NaN,1,0,1,0,0,0,1,0,0,0,0,0,0,0,0,0,0,0,0,5,0,0,0,0,0,0,0,0,0,0,0,0,0,0,6,-1,0
E:\OOD_Projects\ck-mvn-plugin\Medical-Store-Billing-System-master\src\medicalstore\LoginScreen.java,medicalstore.LoginScreen$Anonymous5,anonymous,1,1,0,1,1,1,0,1,0,0.0,NaN,NaN,1,0,1,0,0,0,1,0,0,0,0,0,0,0,0,0,0,0,0,5,0,0,0,0,0,0,0,0,0,0,0,0,0,0,5,-1,0
E:\OOD_Projects\ck-mvn-plugin\Medical-Store-Billing-System-master\src\medicalstore\Main_Module.java,medicalstore.Main_Module$Anonymous4,anonymous,1,1,0,1,1,1,0,1,0,0.0,NaN,NaN,1,0,1,0,0,0,1,0,0,0,0,0,0,0,0,0,0,0,0,5,0,0,0,0,0,0,0,0,0,0,0,0,0,0,6,-1,0
E:\OOD_Projects\ck-mvn-plugin\Medical-Store-Billing-System-master\src\medicalstore\LoginScreen.java,medicalstore.LoginScreen$Anonymous6,anonymous,1,1,0,1,1,1,0,1,0,0.0,NaN,NaN,1,0,1,0,0,0,1,0,0,0,0,0,0,0,0,0,0,0,0,5,0,0,0,0,0,0,0,0,0,0,0,0,0,0,5,-1,0
E:\OOD_Projects\ck-mvn-plugin\Medical-Store-Billing-System-master\src\medicalstore\Main_Module.java,medicalstore.Main_Module$Anonymous1,anonymous,1,1,0,1,1,1,0,1,0,0.0,NaN,NaN,1,0,1,0,0,0,1,0,0,0,0,0,0,0,0,0,0,0,0,5,0,0,0,0,0,0,0,0,0,0,0,0,0,0,5,-1,0
E:\OOD_Projects\ck-mvn-plugin\Medical-Store-Billing-System-master\src\medicalstore\SupplierReport.java,medicalstore.SupplierReport,class,0,1,1,0,4,6,0,22,0,0.0,NaN,NaN,1,0,0,0,0,1,1,0,0,0,10,0,0,0,0,10,0,0,2,47,0,2,0,1,0,8,7,12,2,11,2,0,0,0,41,1,0
E:\OOD_Projects\ck-mvn-plugin\Medical-Store-Billing-System-master\src\medicalstore\LoginScreen.java,medicalstore.LoginScreen$Anonymous7,anonymous,1,1,0,1,1,1,0,1,0,0.0,NaN,NaN,1,0,1,0,0,0,1,0,0,0,0,0,0,0,0,0,0,0,0,5,0,0,0,0,0,0,0,0,0,0,0,0,0,0,5,-1,0
E:\OOD_Projects\ck-mvn-plugin\Medical-Store-Billing-System-master\src\medicalstore\Main_Module.java,medicalstore.Main_Module$Anonymous2,anonymous,1,1,0,1,1,1,0,1,0,0.0,NaN,NaN,1,0,1,0,0,0,1,0,0,0,0,0,0,0,0,0,0,0,0,5,0,0,0,0,0,0,0,0,0,0,0,0,0,0,5,-1,0
E:\OOD_Projects\ck-mvn-plugin\Medical-Store-Billing-System-master\src\medicalstore\AddSupplier.java,medicalstore.AddSupplier$Anonymous1,anonymous,1,1,0,1,1,1,0,1,0,0.0,NaN,NaN,1,0,1,0,0,0,1,0,0,0,0,0,0,0,0,0,0,0,0,5,0,0,0,0,0,0,0,0,0,0,0,0,0,0,5,-1,0
E:\OOD_Projects\ck-mvn-plugin\Medical-Store-Billing-System-master\src\medicalstore\LoginScreen.java,medicalstore.LoginScreen$Anonymous8,anonymous,1,1,0,1,1,1,0,1,0,0.0,NaN,NaN,1,0,1,0,0,0,1,0,0,0,0,0,0,0,0,0,0,0,0,5,0,0,0,0,0,0,0,0,0,0,0,0,0,0,5,-1,0
E:\OOD_Projects\ck-mvn-plugin\Medical-Store-Billing-System-master\src\medicalstore\Main_Module.java,medicalstore.Main_Module$Anonymous7,anonymous,1,1,0,1,1,1,0,1,0,0.0,NaN,NaN,1,0,1,0,0,0,1,0,0,0,0,0,0,0,0,0,0,0,0,5,0,0,0,0,0,0,0,0,0,0,0,0,0,0,5,-1,0
E:\OOD_Projects\ck-mvn-plugin\Medical-Store-Billing-System-master\src\medicalstore\LoginScreen.java,medicalstore.LoginScreen$Anonymous9,anonymous,1,1,0,1,1,1,0,1,0,0.0,NaN,NaN,1,0,1,0,0,0,1,0,0,0,0,0,0,0,0,0,0,0,0,5,0,0,0,0,0,0,0,0,0,0,0,0,0,0,4,-1,0
E:\OOD_Projects\ck-mvn-plugin\Medical-Store-Billing-System-master\src\medicalstore\Main_Module.java,medicalstore.Main_Module$Anonymous8,anonymous,1,1,0,1,1,1,0,1,0,0.0,NaN,NaN,1,0,1,0,0,0,1,0,0,0,0,0,0,0,0,0,0,0,0,5,0,0,0,0,0,0,0,0,0,0,0,0,0,0,5,-1,0
E:\OOD_Projects\ck-mvn-plugin\Medical-Store-Billing-System-master\src\medicalstore\AddSupplier.java,medicalstore.AddSupplier$Anonymous3,anonymous,1,1,0,1,1,1,0,1,0,0.0,NaN,NaN,1,0,1,0,0,0,1,0,0,0,0,0,0,0,0,0,0,0,0,5,0,0,0,0,0,0,0,0,0,0,0,0,0,0,5,-1,0
E:\OOD_Projects\ck-mvn-plugin\Medical-Store-Billing-System-master\src\medicalstore\Main_Module.java,medicalstore.Main_Module$Anonymous5,anonymous,1,1,0,1,1,1,0,1,0,0.0,NaN,NaN,1,0,1,0,0,0,1,0,0,0,0,0,0,0,0,0,0,0,0,5,0,0,0,0,0,0,0,0,0,0,0,0,0,0,5,-1,0
E:\OOD_Projects\ck-mvn-plugin\Medical-Store-Billing-System-master\src\medicalstore\AddSupplier.java,medicalstore.AddSupplier$Anonymous2,anonymous,1,1,0,1,1,1,0,1,0,0.0,NaN,NaN,1,0,1,0,0,0,1,0,0,0,0,0,0,0,0,0,0,0,0,5,0,0,0,0,0,0,0,0,0,0,0,0,0,0,5,-1,0
E:\OOD_Projects\ck-mvn-plugin\Medical-Store-Billing-System-master\src\medicalstore\Main_Module.java,medicalstore.Main_Module$Anonymous6,anonymous,1,1,0,1,1,1,0,1,0,0.0,NaN,NaN,1,0,1,0,0,0,1,0,0,0,0,0,0,0,0,0,0,0,0,5,0,0,0,0,0,0,0,0,0,0,0,0,0,0,5,-1,0
E:\OOD_Projects\ck-mvn-plugin\Medical-Store-Billing-System-master\src\medicalstore\AddSupplier.java,medicalstore.AddSupplier,class,1,6,5,1,17,5,0,43,8,0.7800001,NaN,NaN,5,0,1,4,0,0,1,0,0,0,10,0,0,8,0,2,0,0,9,117,0,0,1,2,0,43,49,14,1,14,3,3,0,0,53,1,0
E:\OOD_Projects\ck-mvn-plugin\Medical-Store-Billing-System-master\src\medicalstore\Bill.java,medicalstore.Bill$Anonymous13,anonymous,1,1,0,1,1,1,0,1,0,0.0,NaN,NaN,1,0,1,0,0,0,1,0,0,0,0,0,0,0,0,0,0,0,0,5,0,0,0,0,0,0,0,0,0,0,0,0,0,0,5,-1,0
E:\OOD_Projects\ck-mvn-plugin\Medical-Store-Billing-System-master\src\medicalstore\Main_Module.java,medicalstore.Main_Module$Anonymous9,anonymous,1,1,0,1,1,1,0,1,0,0.0,NaN,NaN,1,0,1,0,0,0,1,0,0,0,0,0,0,0,0,0,0,0,0,5,0,0,0,0,0,0,0,0,0,0,0,0,0,0,5,-1,0
E:\OOD_Projects\ck-mvn-plugin\Medical-Store-Billing-System-master\src\medicalstore\Bill.java,medicalstore.Bill$Anonymous1,anonymous,1,1,0,1,1,1,0,1,0,0.0,NaN,NaN,1,0,1,0,0,0,1,0,0,0,0,0,0,0,0,0,0,0,0,5,0,0,0,0,0,0,0,0,0,0,0,0,0,0,5,-1,0
E:\OOD_Projects\ck-mvn-plugin\Medical-Store-Billing-System-master\src\medicalstore\Bill.java,medicalstore.Bill$Anonymous10,anonymous,1,1,0,1,1,1,0,1,0,0.0,NaN,NaN,1,0,1,0,0,0,1,0,0,0,0,0,0,0,0,0,0,0,0,5,0,0,0,0,0,0,0,0,0,0,0,0,0,0,6,-1,0
E:\OOD_Projects\ck-mvn-plugin\Medical-Store-Billing-System-master\src\medicalstore\SellingReport1.java,medicalstore.SellingReport1$Anonymous1,anonymous,1,1,0,1,1,1,0,1,0,0.0,NaN,NaN,1,0,1,0,0,0,1,0,0,0,0,0,0,0,0,0,0,0,0,5,0,0,0,0,0,0,0,0,0,0,0,0,0,0,5,-1,0
E:\OOD_Projects\ck-mvn-plugin\Medical-Store-Billing-System-master\src\medicalstore\Bill.java,medicalstore.Bill$Anonymous11,anonymous,1,1,0,1,1,1,0,1,0,0.0,NaN,NaN,1,0,1,0,0,0,1,0,0,0,0,0,0,0,0,0,0,0,0,5,0,0,0,0,0,0,0,0,0,0,0,0,0,0,6,-1,0
E:\OOD_Projects\ck-mvn-plugin\Medical-Store-Billing-System-master\src\medicalstore\SellingReport1.java,medicalstore.SellingReport1$Anonymous2,anonymous,1,1,0,1,1,1,0,1,0,0.0,NaN,NaN,1,0,1,0,0,0,1,0,0,0,0,0,0,0,0,0,0,0,0,5,0,0,0,0,0,0,0,0,0,0,0,0,0,0,5,-1,0
E:\OOD_Projects\ck-mvn-plugin\Medical-Store-Billing-System-master\src\medicalstore\Bill.java,medicalstore.Bill$Anonymous12,anonymous,1,1,0,1,1,1,0,1,0,0.0,NaN,NaN,1,0,1,0,0,0,1,0,0,0,0,0,0,0,0,0,0,0,0,5,0,0,0,0,0,0,0,0,0,0,0,0,0,0,5,-1,0
E:\OOD_Projects\ck-mvn-plugin\Medical-Store-Billing-System-master\src\medicalstore\SellingReport1.java,medicalstore.SellingReport1$Anonymous3,anonymous,1,1,0,1,1,1,0,1,0,0.0,NaN,NaN,1,0,1,0,0,0,1,0,0,0,0,0,0,0,0,0,0,0,0,5,0,0,0,0,0,0,0,0,0,0,0,0,0,0,5,-1,0
E:\OOD_Projects\ck-mvn-plugin\Medical-Store-Billing-System-master\src\medicalstore\Bill.java,medicalstore.Bill$Anonymous5,anonymous,1,1,0,1,1,1,0,1,0,0.0,NaN,NaN,1,0,1,0,0,0,1,0,0,0,0,0,0,0,0,0,0,0,0,5,0,0,0,0,0,0,0,0,0,0,0,0,0,0,5,-1,0
E:\OOD_Projects\ck-mvn-plugin\Medical-Store-Billing-System-master\src\medicalstore\Bill.java,medicalstore.Bill$Anonymous4,anonymous,1,1,0,1,1,1,0,1,0,0.0,NaN,NaN,1,0,1,0,0,0,1,0,0,0,0,0,0,0,0,0,0,0,0,5,0,0,0,0,0,0,0,0,0,0,0,0,0,0,5,-1,0
E:\OOD_Projects\ck-mvn-plugin\Medical-Store-Billing-System-master\src\medicalstore\Bill.java,medicalstore.Bill$Anonymous3,anonymous,1,1,0,1,1,1,0,1,0,0.0,NaN,NaN,1,0,1,0,0,0,1,0,0,0,0,0,0,0,0,0,0,0,0,5,0,0,0,0,0,0,0,0,0,0,0,0,0,0,5,-1,0
E:\OOD_Projects\ck-mvn-plugin\Medical-Store-Billing-System-master\src\medicalstore\Bill.java,medicalstore.Bill$Anonymous2,anonymous,1,1,0,1,1,1,0,1,0,0.0,NaN,NaN,1,0,1,0,0,0,1,0,0,0,0,0,0,0,0,0,0,0,0,5,0,0,0,0,0,0,0,0,0,0,0,0,0,0,5,-1,0
E:\OOD_Projects\ck-mvn-plugin\Medical-Store-Billing-System-master\src\medicalstore\Bill.java,medicalstore.Bill$Anonymous9,anonymous,1,1,0,1,1,1,0,1,0,0.0,NaN,NaN,1,0,1,0,0,0,1,0,0,0,0,0,0,0,0,0,0,0,0,5,0,0,0,0,0,0,0,0,0,0,0,0,0,0,5,-1,0
E:\OOD_Projects\ck-mvn-plugin\Medical-Store-Billing-System-master\src\medicalstore\Bill.java,medicalstore.Bill$Anonymous8,anonymous,1,1,0,1,1,1,0,1,0,0.0,NaN,NaN,1,0,1,0,0,0,1,0,0,0,0,0,0,0,0,0,0,0,0,5,0,0,0,0,0,0,0,0,0,0,0,0,0,0,5,-1,0
E:\OOD_Projects\ck-mvn-plugin\Medical-Store-Billing-System-master\src\medicalstore\Bill.java,medicalstore.Bill$Anonymous7,anonymous,1,1,0,1,1,1,0,1,0,0.0,NaN,NaN,1,0,1,0,0,0,1,0,0,0,0,0,0,0,0,0,0,0,0,5,0,0,0,0,0,0,0,0,0,0,0,0,0,0,5,-1,0
E:\OOD_Projects\ck-mvn-plugin\Medical-Store-Billing-System-master\src\medicalstore\Bill.java,medicalstore.Bill$Anonymous6,anonymous,1,1,0,1,1,1,0,1,0,0.0,NaN,NaN,1,0,1,0,0,0,1,0,0,0,0,0,0,0,0,0,0,0,0,5,0,0,0,0,0,0,0,0,0,0,0,0,0,0,5,-1,0
