file,class,method,constructor,line,cbo,cboModified,fanin,fanout,wmc,rfc,loc,returnsQty,variablesQty,parametersQty,methodsInvokedQty,methodsInvokedLocalQty,methodsInvokedIndirectLocalQty,loopQty,comparisonsQty,tryCatchQty,parenthesizedExpsQty,stringLiteralsQty,numbersQty,assignmentsQty,mathOperationsQty,maxNestedBlocksQty,anonymousClassesQty,innerClassesQty,lambdasQty,uniqueWordsQty,modifiers,logStatementsQty,hasJavaDoc
E:\OOD_Projects\ck-mvn-plugin\Medical-Store-Billing-System-master\src\medicalstore\Main_Module.java,medicalstore.Main_Module$Anonymous11,mouseClicked/1[java.awt.event.MouseEvent],false,327,1,11,0,11,1,1,3,0,0,1,1,0,0,0,0,0,0,0,0,0,0,0,0,0,0,5,1,0,false
E:\OOD_Projects\ck-mvn-plugin\Medical-Store-Billing-System-master\src\medicalstore\Main_Module.java,medicalstore.Main_Module$Anonymous10,mouseClicked/1[java.awt.event.MouseEvent],false,249,1,11,0,11,1,1,3,0,0,1,1,0,0,0,0,0,0,0,0,0,0,0,0,0,0,5,1,0,false
E:\OOD_Projects\ck-mvn-plugin\Medical-Store-Billing-System-master\src\medicalstore\EditSupplier.java,medicalstore.EditSupplier,initComponents/0,false,33,0,2,1,1,1,25,48,0,1,0,25,0,0,0,0,0,0,12,45,9,0,0,3,0,0,28,2,0,false
E:\OOD_Projects\ck-mvn-plugin\Medical-Store-Billing-System-master\src\medicalstore\EditSupplier.java,medicalstore.EditSupplier,btcancelActionPerformed/1[java.awt.event.ActionEvent],false,170,0,1,1,0,1,1,3,0,0,1,1,0,0,0,0,0,0,0,0,0,0,0,0,0,0,4,2,0,false
E:\OOD_Projects\ck-mvn-plugin\Medical-Store-Billing-System-master\src\medicalstore\EditSupplier.java,medicalstore.EditSupplier,comnameItemStateChanged/1[java.awt.event.ItemEvent],false,174,0,1,1,0,3,8,13,0,0,1,8,0,0,1,0,1,0,3,2,2,2,2,0,0,0,15,2,0,false
E:\OOD_Projects\ck-mvn-plugin\Medical-Store-Billing-System-master\src\medicalstore\EditSupplier.java,medicalstore.EditSupplier,btupdateActionPerformed/1[java.awt.event.ActionEvent],false,127,0,1,1,0,8,11,28,0,0,1,11,0,0,0,0,1,0,19,5,1,2,2,0,0,0,16,2,0,false
E:\OOD_Projects\ck-mvn-plugin\Medical-Store-Billing-System-master\src\medicalstore\EditSupplier.java,medicalstore.EditSupplier,EditSupplier/0,true,10,1,2,1,1,3,10,16,0,0,0,10,1,1,1,0,1,0,6,1,3,1,2,0,0,0,15,1,0,false
E:\OOD_Projects\ck-mvn-plugin\Medical-Store-Billing-System-master\src\medicalstore\Main_Module.java,medicalstore.Main_Module$Anonymous12,run/0,false,470,1,2,0,2,1,1,3,0,0,0,1,0,0,0,0,0,0,0,0,0,0,0,0,0,0,5,1,0,false
E:\OOD_Projects\ck-mvn-plugin\Medical-Store-Billing-System-master\src\medicalstore\ResetPassword.java,medicalstore.ResetPassword$Anonymous8,actionPerformed/1[java.awt.event.ActionEvent],false,107,1,28,0,28,1,1,3,0,0,1,1,0,0,0,0,0,0,0,0,0,0,0,0,0,0,6,1,0,false
E:\OOD_Projects\ck-mvn-plugin\Medical-Store-Billing-System-master\src\medicalstore\ResetPassword.java,medicalstore.ResetPassword$Anonymous7,actionPerformed/1[java.awt.event.ActionEvent],false,99,1,28,0,28,1,1,3,0,0,1,1,0,0,0,0,0,0,0,0,0,0,0,0,0,0,6,1,0,false
E:\OOD_Projects\ck-mvn-plugin\Medical-Store-Billing-System-master\src\medicalstore\ResetPassword.java,medicalstore.ResetPassword$Anonymous6,actionPerformed/1[java.awt.event.ActionEvent],false,91,1,28,0,28,1,1,3,0,0,1,1,0,0,0,0,0,0,0,0,0,0,0,0,0,0,5,1,0,false
E:\OOD_Projects\ck-mvn-plugin\Medical-Store-Billing-System-master\src\medicalstore\ResetPassword.java,medicalstore.ResetPassword$Anonymous5,focusLost/1[java.awt.event.FocusEvent],false,86,1,7,0,7,1,1,3,0,0,1,1,0,0,0,0,0,0,0,0,0,0,0,0,0,0,5,1,0,false
E:\OOD_Projects\ck-mvn-plugin\Medical-Store-Billing-System-master\src\medicalstore\EditSupplier.java,medicalstore.EditSupplier$Anonymous3,itemStateChanged/1[java.awt.event.ItemEvent],false,76,1,1,0,1,1,1,3,0,0,1,1,0,0,0,0,0,0,0,0,0,0,0,0,0,0,6,1,0,false
E:\OOD_Projects\ck-mvn-plugin\Medical-Store-Billing-System-master\src\medicalstore\EditSupplier.java,medicalstore.EditSupplier$Anonymous1,actionPerformed/1[java.awt.event.ActionEvent],false,61,1,28,0,28,1,1,3,0,0,1,1,0,0,0,0,0,0,0,0,0,0,0,0,0,0,5,1,0,false
E:\OOD_Projects\ck-mvn-plugin\Medical-Store-Billing-System-master\src\medicalstore\LoginScreen.java,medicalstore.LoginScreen,initComponents/0,false,30,0,2,1,1,1,24,111,0,0,0,24,0,0,0,0,0,0,15,56,11,0,0,8,0,0,46,2,0,false
E:\OOD_Projects\ck-mvn-plugin\Medical-Store-Billing-System-master\src\medicalstore\LoginScreen.java,medicalstore.LoginScreen,jbemployActionPerformed/1[java.awt.event.ActionEvent],false,238,0,1,1,0,1,0,2,0,0,1,0,0,0,0,0,0,0,0,0,0,0,0,0,0,0,4,2,0,false
E:\OOD_Projects\ck-mvn-plugin\Medical-Store-Billing-System-master\src\medicalstore\LoginScreen.java,medicalstore.LoginScreen,jbadminActionPerformed/1[java.awt.event.ActionEvent],false,242,0,1,1,0,1,0,2,0,0,1,0,0,0,0,0,0,0,0,0,0,0,0,0,0,0,4,2,0,false
E:\OOD_Projects\ck-mvn-plugin\Medical-Store-Billing-System-master\src\medicalstore\LoginScreen.java,medicalstore.LoginScreen,txtpassActionPerformed/1[java.awt.event.ActionEvent],false,224,0,1,1,0,1,0,2,0,0,1,0,0,0,0,0,0,0,0,0,0,0,0,0,0,0,4,2,0,false
E:\OOD_Projects\ck-mvn-plugin\Medical-Store-Billing-System-master\src\medicalstore\LoginScreen.java,medicalstore.LoginScreen,btloginActionPerformed/1[java.awt.event.ActionEvent],false,151,1,2,1,1,17,13,51,0,1,1,13,0,0,1,0,1,0,24,7,8,2,3,0,0,0,29,2,0,false
E:\OOD_Projects\ck-mvn-plugin\Medical-Store-Billing-System-master\src\medicalstore\LoginScreen.java,medicalstore.LoginScreen,main/1[java.lang.String[]],false,261,0,1,0,1,1,1,8,0,0,1,1,0,0,0,0,0,0,0,0,0,0,0,1,0,0,6,9,0,false
E:\OOD_Projects\ck-mvn-plugin\Medical-Store-Billing-System-master\src\medicalstore\LoginScreen.java,medicalstore.LoginScreen,LoginScreen/0,true,14,1,3,2,1,2,4,10,0,0,0,4,1,1,0,0,1,0,5,0,1,0,1,0,0,0,9,1,0,false
E:\OOD_Projects\ck-mvn-plugin\Medical-Store-Billing-System-master\src\medicalstore\LoginScreen.java,medicalstore.LoginScreen,txtnameFocusLost/1[java.awt.event.FocusEvent],false,228,0,1,1,0,2,4,7,0,0,1,4,0,0,0,0,0,0,3,0,0,0,1,0,0,0,8,2,0,false
E:\OOD_Projects\ck-mvn-plugin\Medical-Store-Billing-System-master\src\medicalstore\LoginScreen.java,medicalstore.LoginScreen,txtnameActionPerformed/1[java.awt.event.ActionEvent],false,147,0,1,1,0,1,0,2,0,0,1,0,0,0,0,0,0,0,0,0,0,0,0,0,0,0,4,2,0,false
E:\OOD_Projects\ck-mvn-plugin\Medical-Store-Billing-System-master\src\medicalstore\LoginScreen.java,medicalstore.LoginScreen,txtpassFocusLost/1[java.awt.event.FocusEvent],false,246,0,1,1,0,2,4,7,0,0,1,4,0,0,0,0,0,0,3,0,0,0,1,0,0,0,7,2,0,false
E:\OOD_Projects\ck-mvn-plugin\Medical-Store-Billing-System-master\src\medicalstore\LoginScreen.java,medicalstore.LoginScreen,btresetActionPerformed/1[java.awt.event.ActionEvent],false,256,0,1,1,0,1,1,3,0,0,1,1,0,0,0,0,0,0,0,0,0,0,0,0,0,0,4,2,0,false
E:\OOD_Projects\ck-mvn-plugin\Medical-Store-Billing-System-master\src\medicalstore\EditSupplier.java,medicalstore.EditSupplier$Anonymous2,actionPerformed/1[java.awt.event.ActionEvent],false,69,1,28,0,28,1,1,3,0,0,1,1,0,0,0,0,0,0,0,0,0,0,0,0,0,0,5,1,0,false
E:\OOD_Projects\ck-mvn-plugin\Medical-Store-Billing-System-master\src\medicalstore\ResetPassword.java,medicalstore.ResetPassword,initComponents/0,false,32,0,2,1,1,1,28,87,0,1,0,28,0,0,0,0,0,0,14,69,12,0,0,8,0,0,31,2,0,false
E:\OOD_Projects\ck-mvn-plugin\Medical-Store-Billing-System-master\src\medicalstore\ResetPassword.java,medicalstore.ResetPassword,ResetPassword/0,true,14,1,2,1,1,2,5,11,0,0,0,5,1,1,0,0,1,0,5,0,1,0,1,0,0,0,12,1,0,false
E:\OOD_Projects\ck-mvn-plugin\Medical-Store-Billing-System-master\src\medicalstore\ResetPassword.java,medicalstore.ResetPassword,oldpassActionPerformed/1[java.awt.event.ActionEvent],false,202,0,1,1,0,1,0,2,0,0,1,0,0,0,0,0,0,0,0,0,0,0,0,0,0,0,4,2,0,false
E:\OOD_Projects\ck-mvn-plugin\Medical-Store-Billing-System-master\src\medicalstore\ResetPassword.java,medicalstore.ResetPassword,conpassActionPerformed/1[java.awt.event.ActionEvent],false,231,0,1,1,0,1,0,2,0,0,1,0,0,0,0,0,0,0,0,0,0,0,0,0,0,0,4,2,0,false
E:\OOD_Projects\ck-mvn-plugin\Medical-Store-Billing-System-master\src\medicalstore\ResetPassword.java,medicalstore.ResetPassword,newpassActionPerformed/1[java.awt.event.ActionEvent],false,216,0,1,1,0,1,0,2,0,0,1,0,0,0,0,0,0,0,0,0,0,0,0,0,0,0,4,2,0,false
E:\OOD_Projects\ck-mvn-plugin\Medical-Store-Billing-System-master\src\medicalstore\ResetPassword.java,medicalstore.ResetPassword,conpassFocusLost/1[java.awt.event.FocusEvent],false,220,0,1,1,0,2,4,9,0,0,1,4,0,0,0,0,0,0,2,0,0,0,1,0,0,0,5,2,0,false
E:\OOD_Projects\ck-mvn-plugin\Medical-Store-Billing-System-master\src\medicalstore\ResetPassword.java,medicalstore.ResetPassword,oldpassFocusLost/1[java.awt.event.FocusEvent],false,179,0,1,1,0,4,9,19,0,0,1,9,0,0,1,0,1,0,5,1,3,2,4,0,0,0,15,2,0,false
E:\OOD_Projects\ck-mvn-plugin\Medical-Store-Billing-System-master\src\medicalstore\ResetPassword.java,medicalstore.ResetPassword,jButton2ActionPerformed/1[java.awt.event.ActionEvent],false,239,0,1,1,0,7,9,21,0,0,1,9,0,0,0,0,1,0,11,1,1,1,3,0,0,0,20,2,0,false
E:\OOD_Projects\ck-mvn-plugin\Medical-Store-Billing-System-master\src\medicalstore\ResetPassword.java,medicalstore.ResetPassword,newpassFocusLost/1[java.awt.event.FocusEvent],false,206,0,1,1,0,2,4,7,0,0,1,4,0,0,0,0,0,0,3,0,0,0,1,0,0,0,7,2,0,false
E:\OOD_Projects\ck-mvn-plugin\Medical-Store-Billing-System-master\src\medicalstore\ResetPassword.java,medicalstore.ResetPassword,jButton1ActionPerformed/1[java.awt.event.ActionEvent],false,235,0,1,1,0,1,1,3,0,0,1,1,0,0,0,0,0,0,0,0,0,0,0,0,0,0,5,2,0,false
E:\OOD_Projects\ck-mvn-plugin\Medical-Store-Billing-System-master\src\medicalstore\ResetPassword.java,medicalstore.ResetPassword$Anonymous4,actionPerformed/1[java.awt.event.ActionEvent],false,80,1,28,0,28,1,1,3,0,0,1,1,0,0,0,0,0,0,0,0,0,0,0,0,0,0,5,1,0,false
E:\OOD_Projects\ck-mvn-plugin\Medical-Store-Billing-System-master\src\medicalstore\SellingReport1.java,medicalstore.SellingReport1$Anonymous8,mouseEntered/1[java.awt.event.MouseEvent],false,154,1,1,0,1,1,1,3,0,0,1,1,0,0,0,0,0,0,0,0,0,0,0,0,0,0,5,1,0,false
E:\OOD_Projects\ck-mvn-plugin\Medical-Store-Billing-System-master\src\medicalstore\ResetPassword.java,medicalstore.ResetPassword$Anonymous3,focusLost/1[java.awt.event.FocusEvent],false,75,1,7,0,7,1,1,3,0,0,1,1,0,0,0,0,0,0,0,0,0,0,0,0,0,0,5,1,0,false
E:\OOD_Projects\ck-mvn-plugin\Medical-Store-Billing-System-master\src\medicalstore\SellingReport1.java,medicalstore.SellingReport1$Anonymous9,actionPerformed/1[java.awt.event.ActionEvent],false,159,1,28,0,28,1,1,3,0,0,1,1,0,0,0,0,0,0,0,0,0,0,0,0,0,0,5,1,0,false
E:\OOD_Projects\ck-mvn-plugin\Medical-Store-Billing-System-master\src\medicalstore\ResetPassword.java,medicalstore.ResetPassword$Anonymous2,actionPerformed/1[java.awt.event.ActionEvent],false,69,1,28,0,28,1,1,3,0,0,1,1,0,0,0,0,0,0,0,0,0,0,0,0,0,0,5,1,0,false
E:\OOD_Projects\ck-mvn-plugin\Medical-Store-Billing-System-master\src\medicalstore\Bill.java,medicalstore.Bill,txtmednameFocusLost/1[java.awt.event.FocusEvent],false,428,0,1,1,0,1,0,2,0,0,1,0,0,0,0,0,0,0,0,0,0,0,0,0,0,0,4,2,0,false
E:\OOD_Projects\ck-mvn-plugin\Medical-Store-Billing-System-master\src\medicalstore\Bill.java,medicalstore.Bill,txtcusnoActionPerformed/1[java.awt.event.ActionEvent],false,420,0,1,1,0,1,0,2,0,0,1,0,0,0,0,0,0,0,0,0,0,0,0,0,0,0,4,2,0,false
E:\OOD_Projects\ck-mvn-plugin\Medical-Store-Billing-System-master\src\medicalstore\Bill.java,medicalstore.Bill,txtbillidFocusGained/1[java.awt.event.FocusEvent],false,440,0,1,1,0,1,0,2,0,0,1,0,0,0,0,0,0,0,0,0,0,0,0,0,0,0,4,2,0,false
E:\OOD_Projects\ck-mvn-plugin\Medical-Store-Billing-System-master\src\medicalstore\Bill.java,medicalstore.Bill,Bill/0,true,22,1,2,1,1,4,15,27,0,1,0,15,1,1,1,0,2,0,9,1,5,4,2,0,0,0,23,1,0,false
E:\OOD_Projects\ck-mvn-plugin\Medical-Store-Billing-System-master\src\medicalstore\Bill.java,medicalstore.Bill,initComponents/0,false,66,0,2,1,1,1,33,153,0,1,0,33,0,0,0,0,0,0,27,117,27,0,0,13,0,0,60,2,0,false
E:\OOD_Projects\ck-mvn-plugin\Medical-Store-Billing-System-master\src\medicalstore\Bill.java,medicalstore.Bill,txtmednameMouseMoved/1[java.awt.event.MouseEvent],false,424,0,1,1,0,1,0,2,0,0,1,0,0,0,0,0,0,0,0,0,0,0,0,0,0,0,4,2,0,false
E:\OOD_Projects\ck-mvn-plugin\Medical-Store-Billing-System-master\src\medicalstore\Bill.java,medicalstore.Bill,jButton2ActionPerformed/1[java.awt.event.ActionEvent],false,443,0,1,1,0,1,1,3,0,0,1,1,0,0,0,0,0,0,0,0,0,0,0,0,0,0,5,2,0,false
E:\OOD_Projects\ck-mvn-plugin\Medical-Store-Billing-System-master\src\medicalstore\Bill.java,medicalstore.Bill,txtmedpriceFocusLost/1[java.awt.event.FocusEvent],false,544,0,1,1,0,1,0,2,0,0,1,0,0,0,0,0,0,0,0,0,0,0,0,0,0,0,4,2,0,false
E:\OOD_Projects\ck-mvn-plugin\Medical-Store-Billing-System-master\src\medicalstore\Bill.java,medicalstore.Bill,btaddActionPerformed/1[java.awt.event.ActionEvent],false,332,0,1,1,0,19,9,44,0,0,1,9,0,0,0,0,1,1,49,0,6,6,3,0,0,0,32,2,0,false
E:\OOD_Projects\ck-mvn-plugin\Medical-Store-Billing-System-master\src\medicalstore\Bill.java,medicalstore.Bill,txtqtyComponentHidden/1[java.awt.event.ComponentEvent],false,432,0,1,1,0,1,0,2,0,0,1,0,0,0,0,0,0,0,0,0,0,0,0,0,0,0,4,2,0,false
E:\OOD_Projects\ck-mvn-plugin\Medical-Store-Billing-System-master\src\medicalstore\Bill.java,medicalstore.Bill,jButton3ActionPerformed/1[java.awt.event.ActionEvent],false,448,0,1,1,0,8,18,61,0,3,1,18,0,0,1,2,3,0,22,13,8,4,4,0,0,0,33,2,0,false
E:\OOD_Projects\ck-mvn-plugin\Medical-Store-Billing-System-master\src\medicalstore\Bill.java,medicalstore.Bill,txtmedpriceMouseMoved/1[java.awt.event.MouseEvent],false,540,0,1,1,0,1,0,2,0,0,1,0,0,0,0,0,0,0,0,0,0,0,0,0,0,0,4,2,0,false
E:\OOD_Projects\ck-mvn-plugin\Medical-Store-Billing-System-master\src\medicalstore\Bill.java,medicalstore.Bill,txtqtyActionPerformed/1[java.awt.event.ActionEvent],false,436,0,1,1,0,1,0,2,0,0,1,0,0,0,0,0,0,0,0,0,0,0,0,0,0,0,4,2,0,false
E:\OOD_Projects\ck-mvn-plugin\Medical-Store-Billing-System-master\src\medicalstore\Bill.java,medicalstore.Bill,txtcusnameActionPerformed/1[java.awt.event.ActionEvent],false,416,0,1,1,0,1,0,2,0,0,1,0,0,0,0,0,0,0,0,0,0,0,0,0,0,0,4,2,0,false
E:\OOD_Projects\ck-mvn-plugin\Medical-Store-Billing-System-master\src\medicalstore\Bill.java,medicalstore.Bill,txtbillidActionPerformed/1[java.awt.event.ActionEvent],false,536,0,1,1,0,1,0,2,0,0,1,0,0,0,0,0,0,0,0,0,0,0,0,0,0,0,4,2,0,false
E:\OOD_Projects\ck-mvn-plugin\Medical-Store-Billing-System-master\src\medicalstore\ResetPassword.java,medicalstore.ResetPassword$Anonymous1,focusLost/1[java.awt.event.FocusEvent],false,64,1,7,0,7,1,1,3,0,0,1,1,0,0,0,0,0,0,0,0,0,0,0,0,0,0,5,1,0,false
E:\OOD_Projects\ck-mvn-plugin\Medical-Store-Billing-System-master\src\medicalstore\SellingReport1.java,medicalstore.SellingReport1$Anonymous4,actionPerformed/1[java.awt.event.ActionEvent],false,114,1,28,0,28,1,1,3,0,0,1,1,0,0,0,0,0,0,0,0,0,0,0,0,0,0,6,1,0,false
E:\OOD_Projects\ck-mvn-plugin\Medical-Store-Billing-System-master\src\medicalstore\SellingReport1.java,medicalstore.SellingReport1$Anonymous5,actionPerformed/1[java.awt.event.ActionEvent],false,121,1,28,0,28,1,1,3,0,0,1,1,0,0,0,0,0,0,0,0,0,0,0,0,0,0,6,1,0,false
E:\OOD_Projects\ck-mvn-plugin\Medical-Store-Billing-System-master\src\medicalstore\SellingReport1.java,medicalstore.SellingReport1$Anonymous6,actionPerformed/1[java.awt.event.ActionEvent],false,141,1,28,0,28,1,1,3,0,0,1,1,0,0,0,0,0,0,0,0,0,0,0,0,0,0,6,1,0,false
E:\OOD_Projects\ck-mvn-plugin\Medical-Store-Billing-System-master\src\medicalstore\SellingReport1.java,medicalstore.SellingReport1$Anonymous7,focusGained/1[java.awt.event.FocusEvent],false,149,1,4,0,4,1,1,3,0,0,1,1,0,0,0,0,0,0,0,0,0,0,0,0,0,0,5,1,0,false
E:\OOD_Projects\ck-mvn-plugin\Medical-Store-Billing-System-master\src\medicalstore\SellingReport.java,medicalstore.SellingReport,SellingReport/0,true,24,0,0,0,0,4,22,35,0,0,0,22,0,0,2,0,1,0,8,12,12,2,2,0,0,0,34,0,0,false
E:\OOD_Projects\ck-mvn-plugin\Medical-Store-Billing-System-master\src\medicalstore\Main_Module.java,medicalstore.Main_Module,lrepMouseClicked/1[java.awt.event.MouseEvent],false,418,0,1,1,0,2,1,20,0,0,1,1,0,0,0,1,0,0,0,3,2,0,1,0,0,0,7,2,0,false
E:\OOD_Projects\ck-mvn-plugin\Medical-Store-Billing-System-master\src\medicalstore\Main_Module.java,medicalstore.Main_Module,lsupMouseClicked/1[java.awt.event.MouseEvent],false,442,0,1,1,0,2,1,22,0,0,1,1,0,0,0,1,0,0,0,3,2,0,1,0,0,0,7,2,0,false
E:\OOD_Projects\ck-mvn-plugin\Medical-Store-Billing-System-master\src\medicalstore\Main_Module.java,medicalstore.Main_Module,jLabel14MouseClicked/1[java.awt.event.MouseEvent],false,390,0,1,1,0,2,1,20,0,0,1,1,0,0,0,1,0,0,0,3,2,0,1,0,0,0,8,2,0,false
E:\OOD_Projects\ck-mvn-plugin\Medical-Store-Billing-System-master\src\medicalstore\Main_Module.java,medicalstore.Main_Module,jLabel10MouseClicked/1[java.awt.event.MouseEvent],false,413,1,2,1,1,1,1,4,0,1,1,1,0,0,0,0,0,0,0,0,1,0,0,0,0,0,7,2,0,false
E:\OOD_Projects\ck-mvn-plugin\Medical-Store-Billing-System-master\src\medicalstore\Main_Module.java,medicalstore.Main_Module,lsupeditMouseClicked/1[java.awt.event.MouseEvent],false,380,1,2,1,1,1,1,4,0,1,1,1,0,0,0,0,0,0,0,0,1,0,0,0,0,0,7,2,0,false
E:\OOD_Projects\ck-mvn-plugin\Medical-Store-Billing-System-master\src\medicalstore\Main_Module.java,medicalstore.Main_Module,main/1[java.lang.String[]],false,468,0,1,0,1,1,1,8,0,0,1,1,0,0,0,0,0,0,0,0,0,0,0,1,0,0,7,9,0,false
E:\OOD_Projects\ck-mvn-plugin\Medical-Store-Billing-System-master\src\medicalstore\Main_Module.java,medicalstore.Main_Module,hideMouseClicked/1[java.awt.event.MouseEvent],false,344,0,1,1,0,2,2,12,0,0,1,2,0,0,0,1,0,0,2,3,2,0,1,0,0,0,7,2,0,false
E:\OOD_Projects\ck-mvn-plugin\Medical-Store-Billing-System-master\src\medicalstore\Main_Module.java,medicalstore.Main_Module,lreportseMouseClicked/1[java.awt.event.MouseEvent],false,373,1,2,1,1,1,1,4,0,1,1,1,0,0,0,0,0,0,0,0,1,0,0,0,0,0,7,2,0,false
E:\OOD_Projects\ck-mvn-plugin\Medical-Store-Billing-System-master\src\medicalstore\Main_Module.java,medicalstore.Main_Module,lsupaddMouseClicked/1[java.awt.event.MouseEvent],false,385,1,2,1,1,1,1,4,0,1,1,1,0,0,0,0,0,0,0,0,1,0,0,0,0,0,7,2,0,false
E:\OOD_Projects\ck-mvn-plugin\Medical-Store-Billing-System-master\src\medicalstore\Main_Module.java,medicalstore.Main_Module,Main_Module/0,true,10,1,3,2,1,2,10,30,0,3,0,10,1,1,0,0,0,0,1,0,3,0,1,0,0,0,13,1,0,false
E:\OOD_Projects\ck-mvn-plugin\Medical-Store-Billing-System-master\src\medicalstore\Main_Module.java,medicalstore.Main_Module,initComponents/0,false,51,0,2,1,1,1,34,179,0,5,0,34,0,0,0,0,0,0,23,157,23,0,0,11,0,0,49,2,0,false
E:\OOD_Projects\ck-mvn-plugin\Medical-Store-Billing-System-master\src\medicalstore\Main_Module.java,medicalstore.Main_Module,llogoutMouseClicked/1[java.awt.event.MouseEvent],false,358,1,2,1,1,1,2,5,0,1,1,2,0,0,0,0,0,0,0,0,1,0,0,0,0,0,8,2,0,false
E:\OOD_Projects\ck-mvn-plugin\Medical-Store-Billing-System-master\src\medicalstore\Main_Module.java,medicalstore.Main_Module,lresetpassMouseClicked/1[java.awt.event.MouseEvent],false,364,1,2,1,1,1,1,4,0,1,1,1,0,0,0,0,0,0,0,0,1,0,0,0,0,0,7,2,0,false
E:\OOD_Projects\ck-mvn-plugin\Medical-Store-Billing-System-master\src\medicalstore\Main_Module.java,medicalstore.Main_Module,lsupprMouseClicked/1[java.awt.event.MouseEvent],false,369,1,2,1,1,1,0,3,0,1,1,0,0,0,0,0,0,0,0,0,1,0,0,0,0,0,7,2,0,false
E:\OOD_Projects\ck-mvn-plugin\Medical-Store-Billing-System-master\src\medicalstore\LoginScreen.java,medicalstore.LoginScreen$Anonymous1,focusLost/1[java.awt.event.FocusEvent],false,62,1,7,0,7,1,1,3,0,0,1,1,0,0,0,0,0,0,0,0,0,0,0,0,0,0,5,1,0,false
E:\OOD_Projects\ck-mvn-plugin\Medical-Store-Billing-System-master\src\medicalstore\SellingReport1.java,medicalstore.SellingReport1,txtdateActionPerformed/1[java.awt.event.ActionEvent],false,416,0,1,1,0,1,0,2,0,0,1,0,0,0,0,0,0,0,0,0,0,0,0,0,0,0,4,2,0,false
E:\OOD_Projects\ck-mvn-plugin\Medical-Store-Billing-System-master\src\medicalstore\SellingReport1.java,medicalstore.SellingReport1,txtstdateFocusGained/1[java.awt.event.FocusEvent],false,428,0,1,1,0,1,0,2,0,0,1,0,0,0,0,0,0,0,0,0,0,0,0,0,0,0,4,2,0,false
E:\OOD_Projects\ck-mvn-plugin\Medical-Store-Billing-System-master\src\medicalstore\SellingReport1.java,medicalstore.SellingReport1,jButton2ActionPerformed/1[java.awt.event.ActionEvent],false,244,0,1,1,0,7,13,29,0,1,1,13,0,0,4,1,1,0,2,14,9,2,3,0,0,0,20,2,0,false
E:\OOD_Projects\ck-mvn-plugin\Medical-Store-Billing-System-master\src\medicalstore\SellingReport1.java,medicalstore.SellingReport1,txtenddateFocusGained/1[java.awt.event.FocusEvent],false,432,0,1,1,0,1,0,2,0,0,1,0,0,0,0,0,0,0,0,0,0,0,0,0,0,0,4,2,0,false
E:\OOD_Projects\ck-mvn-plugin\Medical-Store-Billing-System-master\src\medicalstore\SellingReport1.java,medicalstore.SellingReport1,initComponents/0,false,68,0,2,1,1,1,29,90,0,1,0,29,0,0,0,0,0,0,15,32,17,0,0,9,0,0,65,2,0,true
E:\OOD_Projects\ck-mvn-plugin\Medical-Store-Billing-System-master\src\medicalstore\SellingReport1.java,medicalstore.SellingReport1,jButton3ActionPerformed/1[java.awt.event.ActionEvent],false,397,1,1,1,0,3,6,13,0,0,1,6,0,0,0,1,1,0,0,0,0,0,2,0,0,0,12,2,0,false
E:\OOD_Projects\ck-mvn-plugin\Medical-Store-Billing-System-master\src\medicalstore\SellingReport1.java,medicalstore.SellingReport1,txtdateFocusGained/1[java.awt.event.FocusEvent],false,424,0,1,1,0,1,0,2,0,0,1,0,0,0,0,0,0,0,0,0,0,0,0,0,0,0,4,2,0,false
E:\OOD_Projects\ck-mvn-plugin\Medical-Store-Billing-System-master\src\medicalstore\SellingReport1.java,medicalstore.SellingReport1,SellingReport1/0,true,42,1,2,1,1,2,7,14,0,0,0,7,1,1,0,0,1,0,5,0,3,0,1,0,0,0,20,1,0,true
E:\OOD_Projects\ck-mvn-plugin\Medical-Store-Billing-System-master\src\medicalstore\SellingReport1.java,medicalstore.SellingReport1,jButton1ActionPerformed/1[java.awt.event.ActionEvent],false,295,0,1,1,0,22,19,66,0,8,1,19,0,0,4,8,1,0,34,14,22,8,3,0,0,0,36,2,0,false
E:\OOD_Projects\ck-mvn-plugin\Medical-Store-Billing-System-master\src\medicalstore\SellingReport1.java,medicalstore.SellingReport1,txtdateMouseEntered/1[java.awt.event.MouseEvent],false,420,0,1,1,0,1,0,2,0,0,1,0,0,0,0,0,0,0,0,0,0,0,0,0,0,0,4,2,0,false
E:\OOD_Projects\ck-mvn-plugin\Medical-Store-Billing-System-master\src\medicalstore\SellingReport1.java,medicalstore.SellingReport1,txtstdateActionPerformed/1[java.awt.event.ActionEvent],false,436,0,1,1,0,1,0,2,0,0,1,0,0,0,0,0,0,0,0,0,0,0,0,0,0,0,4,2,0,false
E:\OOD_Projects\ck-mvn-plugin\Medical-Store-Billing-System-master\src\medicalstore\LoginScreen.java,medicalstore.LoginScreen$Anonymous2,actionPerformed/1[java.awt.event.ActionEvent],false,67,1,28,0,28,1,1,3,0,0,1,1,0,0,0,0,0,0,0,0,0,0,0,0,0,0,5,1,0,false
E:\OOD_Projects\ck-mvn-plugin\Medical-Store-Billing-System-master\src\medicalstore\LoginScreen.java,medicalstore.LoginScreen$Anonymous3,focusLost/1[java.awt.event.FocusEvent],false,75,1,7,0,7,1,1,3,0,0,1,1,0,0,0,0,0,0,0,0,0,0,0,0,0,0,5,1,0,false
E:\OOD_Projects\ck-mvn-plugin\Medical-Store-Billing-System-master\src\medicalstore\LoginScreen.java,medicalstore.LoginScreen$Anonymous4,actionPerformed/1[java.awt.event.ActionEvent],false,80,1,28,0,28,1,1,3,0,0,1,1,0,0,0,0,0,0,0,0,0,0,0,0,0,0,5,1,0,false
E:\OOD_Projects\ck-mvn-plugin\Medical-Store-Billing-System-master\src\medicalstore\Main_Module.java,medicalstore.Main_Module$Anonymous3,mouseClicked/1[java.awt.event.MouseEvent],false,125,1,11,0,11,1,1,3,0,0,1,1,0,0,0,0,0,0,0,0,0,0,0,0,0,0,6,1,0,false
E:\OOD_Projects\ck-mvn-plugin\Medical-Store-Billing-System-master\src\medicalstore\LoginScreen.java,medicalstore.LoginScreen$Anonymous5,actionPerformed/1[java.awt.event.ActionEvent],false,92,1,28,0,28,1,1,3,0,0,1,1,0,0,0,0,0,0,0,0,0,0,0,0,0,0,5,1,0,false
E:\OOD_Projects\ck-mvn-plugin\Medical-Store-Billing-System-master\src\medicalstore\Main_Module.java,medicalstore.Main_Module$Anonymous4,mouseClicked/1[java.awt.event.MouseEvent],false,136,1,11,0,11,1,1,3,0,0,1,1,0,0,0,0,0,0,0,0,0,0,0,0,0,0,6,1,0,false
E:\OOD_Projects\ck-mvn-plugin\Medical-Store-Billing-System-master\src\medicalstore\LoginScreen.java,medicalstore.LoginScreen$Anonymous6,actionPerformed/1[java.awt.event.ActionEvent],false,104,1,28,0,28,1,1,3,0,0,1,1,0,0,0,0,0,0,0,0,0,0,0,0,0,0,5,1,0,false
E:\OOD_Projects\ck-mvn-plugin\Medical-Store-Billing-System-master\src\medicalstore\Main_Module.java,medicalstore.Main_Module$Anonymous1,mouseClicked/1[java.awt.event.MouseEvent],false,103,1,11,0,11,1,1,3,0,0,1,1,0,0,0,0,0,0,0,0,0,0,0,0,0,0,5,1,0,false
E:\OOD_Projects\ck-mvn-plugin\Medical-Store-Billing-System-master\src\medicalstore\SupplierReport.java,medicalstore.SupplierReport,SupplierReport/0,true,23,0,1,1,0,4,22,35,0,0,0,22,0,0,2,0,1,0,8,7,12,2,2,0,0,0,34,0,0,false
E:\OOD_Projects\ck-mvn-plugin\Medical-Store-Billing-System-master\src\medicalstore\LoginScreen.java,medicalstore.LoginScreen$Anonymous7,actionPerformed/1[java.awt.event.ActionEvent],false,120,1,28,0,28,1,1,3,0,0,1,1,0,0,0,0,0,0,0,0,0,0,0,0,0,0,5,1,0,false
E:\OOD_Projects\ck-mvn-plugin\Medical-Store-Billing-System-master\src\medicalstore\Main_Module.java,medicalstore.Main_Module$Anonymous2,mouseClicked/1[java.awt.event.MouseEvent],false,114,1,11,0,11,1,1,3,0,0,1,1,0,0,0,0,0,0,0,0,0,0,0,0,0,0,5,1,0,false
E:\OOD_Projects\ck-mvn-plugin\Medical-Store-Billing-System-master\src\medicalstore\AddSupplier.java,medicalstore.AddSupplier$Anonymous1,actionPerformed/1[java.awt.event.ActionEvent],false,63,1,28,0,28,1,1,3,0,0,1,1,0,0,0,0,0,0,0,0,0,0,0,0,0,0,5,1,0,false
E:\OOD_Projects\ck-mvn-plugin\Medical-Store-Billing-System-master\src\medicalstore\LoginScreen.java,medicalstore.LoginScreen$Anonymous8,actionPerformed/1[java.awt.event.ActionEvent],false,132,1,28,0,28,1,1,3,0,0,1,1,0,0,0,0,0,0,0,0,0,0,0,0,0,0,5,1,0,false
E:\OOD_Projects\ck-mvn-plugin\Medical-Store-Billing-System-master\src\medicalstore\Main_Module.java,medicalstore.Main_Module$Anonymous7,mouseClicked/1[java.awt.event.MouseEvent],false,194,1,11,0,11,1,1,3,0,0,1,1,0,0,0,0,0,0,0,0,0,0,0,0,0,0,5,1,0,false
E:\OOD_Projects\ck-mvn-plugin\Medical-Store-Billing-System-master\src\medicalstore\LoginScreen.java,medicalstore.LoginScreen$Anonymous9,run/0,false,263,1,2,0,2,1,1,3,0,0,0,1,0,0,0,0,0,0,0,0,0,0,0,0,0,0,4,1,0,false
E:\OOD_Projects\ck-mvn-plugin\Medical-Store-Billing-System-master\src\medicalstore\Main_Module.java,medicalstore.Main_Module$Anonymous8,mouseClicked/1[java.awt.event.MouseEvent],false,205,1,11,0,11,1,1,3,0,0,1,1,0,0,0,0,0,0,0,0,0,0,0,0,0,0,5,1,0,false
E:\OOD_Projects\ck-mvn-plugin\Medical-Store-Billing-System-master\src\medicalstore\AddSupplier.java,medicalstore.AddSupplier$Anonymous3,actionPerformed/1[java.awt.event.ActionEvent],false,79,1,28,0,28,1,1,3,0,0,1,1,0,0,0,0,0,0,0,0,0,0,0,0,0,0,5,1,0,false
E:\OOD_Projects\ck-mvn-plugin\Medical-Store-Billing-System-master\src\medicalstore\Main_Module.java,medicalstore.Main_Module$Anonymous5,mouseClicked/1[java.awt.event.MouseEvent],false,149,1,11,0,11,1,1,3,0,0,1,1,0,0,0,0,0,0,0,0,0,0,0,0,0,0,5,1,0,false
E:\OOD_Projects\ck-mvn-plugin\Medical-Store-Billing-System-master\src\medicalstore\AddSupplier.java,medicalstore.AddSupplier$Anonymous2,actionPerformed/1[java.awt.event.ActionEvent],false,71,1,28,0,28,1,1,3,0,0,1,1,0,0,0,0,0,0,0,0,0,0,0,0,0,0,5,1,0,false
E:\OOD_Projects\ck-mvn-plugin\Medical-Store-Billing-System-master\src\medicalstore\Main_Module.java,medicalstore.Main_Module$Anonymous6,mouseClicked/1[java.awt.event.MouseEvent],false,160,1,11,0,11,1,1,3,0,0,1,1,0,0,0,0,0,0,0,0,0,0,0,0,0,0,5,1,0,false
E:\OOD_Projects\ck-mvn-plugin\Medical-Store-Billing-System-master\src\medicalstore\AddSupplier.java,medicalstore.AddSupplier,initComponents/0,false,35,0,2,1,1,1,26,49,0,1,0,26,0,0,0,0,0,0,12,41,9,0,0,3,0,0,27,2,0,false
E:\OOD_Projects\ck-mvn-plugin\Medical-Store-Billing-System-master\src\medicalstore\AddSupplier.java,medicalstore.AddSupplier,txtnoActionPerformed/1[java.awt.event.ActionEvent],false,193,0,1,1,0,1,0,2,0,0,1,0,0,0,0,0,0,0,0,0,0,0,0,0,0,0,4,2,0,false
E:\OOD_Projects\ck-mvn-plugin\Medical-Store-Billing-System-master\src\medicalstore\AddSupplier.java,medicalstore.AddSupplier,AddSupplier/0,true,17,1,2,1,1,2,5,11,0,0,0,5,1,1,0,0,1,0,5,0,1,0,1,0,0,0,12,1,0,false
E:\OOD_Projects\ck-mvn-plugin\Medical-Store-Billing-System-master\src\medicalstore\AddSupplier.java,medicalstore.AddSupplier,btsaveActionPerformed/1[java.awt.event.ActionEvent],false,130,0,1,1,0,12,12,40,0,3,1,12,0,0,0,1,1,0,26,8,4,1,3,0,0,0,23,2,0,false
E:\OOD_Projects\ck-mvn-plugin\Medical-Store-Billing-System-master\src\medicalstore\AddSupplier.java,medicalstore.AddSupplier,btcancelActionPerformed/1[java.awt.event.ActionEvent],false,189,0,1,1,0,1,1,3,0,0,1,1,0,0,0,0,0,0,0,0,0,0,0,0,0,0,4,2,0,false
E:\OOD_Projects\ck-mvn-plugin\Medical-Store-Billing-System-master\src\medicalstore\Bill.java,medicalstore.Bill$Anonymous13,focusLost/1[java.awt.event.FocusEvent],false,214,1,7,0,7,1,1,3,0,0,1,1,0,0,0,0,0,0,0,0,0,0,0,0,0,0,5,1,0,false
E:\OOD_Projects\ck-mvn-plugin\Medical-Store-Billing-System-master\src\medicalstore\Main_Module.java,medicalstore.Main_Module$Anonymous9,mouseClicked/1[java.awt.event.MouseEvent],false,238,1,11,0,11,1,1,3,0,0,1,1,0,0,0,0,0,0,0,0,0,0,0,0,0,0,5,1,0,false
E:\OOD_Projects\ck-mvn-plugin\Medical-Store-Billing-System-master\src\medicalstore\Bill.java,medicalstore.Bill$Anonymous1,actionPerformed/1[java.awt.event.ActionEvent],false,106,1,28,0,28,1,1,3,0,0,1,1,0,0,0,0,0,0,0,0,0,0,0,0,0,0,5,1,0,false
E:\OOD_Projects\ck-mvn-plugin\Medical-Store-Billing-System-master\src\medicalstore\Bill.java,medicalstore.Bill$Anonymous10,actionPerformed/1[java.awt.event.ActionEvent],false,191,1,28,0,28,1,1,3,0,0,1,1,0,0,0,0,0,0,0,0,0,0,0,0,0,0,6,1,0,false
E:\OOD_Projects\ck-mvn-plugin\Medical-Store-Billing-System-master\src\medicalstore\SellingReport1.java,medicalstore.SellingReport1$Anonymous1,focusGained/1[java.awt.event.FocusEvent],false,96,1,4,0,4,1,1,3,0,0,1,1,0,0,0,0,0,0,0,0,0,0,0,0,0,0,5,1,0,false
E:\OOD_Projects\ck-mvn-plugin\Medical-Store-Billing-System-master\src\medicalstore\Bill.java,medicalstore.Bill$Anonymous11,actionPerformed/1[java.awt.event.ActionEvent],false,199,1,28,0,28,1,1,3,0,0,1,1,0,0,0,0,0,0,0,0,0,0,0,0,0,0,6,1,0,false
E:\OOD_Projects\ck-mvn-plugin\Medical-Store-Billing-System-master\src\medicalstore\SellingReport1.java,medicalstore.SellingReport1$Anonymous2,actionPerformed/1[java.awt.event.ActionEvent],false,101,1,28,0,28,1,1,3,0,0,1,1,0,0,0,0,0,0,0,0,0,0,0,0,0,0,5,1,0,false
E:\OOD_Projects\ck-mvn-plugin\Medical-Store-Billing-System-master\src\medicalstore\Bill.java,medicalstore.Bill$Anonymous12,mouseMoved/1[java.awt.event.MouseEvent],false,209,1,2,0,2,1,1,3,0,0,1,1,0,0,0,0,0,0,0,0,0,0,0,0,0,0,5,1,0,false
E:\OOD_Projects\ck-mvn-plugin\Medical-Store-Billing-System-master\src\medicalstore\SellingReport1.java,medicalstore.SellingReport1$Anonymous3,focusGained/1[java.awt.event.FocusEvent],false,107,1,4,0,4,1,1,3,0,0,1,1,0,0,0,0,0,0,0,0,0,0,0,0,0,0,5,1,0,false
E:\OOD_Projects\ck-mvn-plugin\Medical-Store-Billing-System-master\src\medicalstore\Bill.java,medicalstore.Bill$Anonymous5,actionPerformed/1[java.awt.event.ActionEvent],false,145,1,28,0,28,1,1,3,0,0,1,1,0,0,0,0,0,0,0,0,0,0,0,0,0,0,5,1,0,false
E:\OOD_Projects\ck-mvn-plugin\Medical-Store-Billing-System-master\src\medicalstore\Bill.java,medicalstore.Bill$Anonymous4,actionPerformed/1[java.awt.event.ActionEvent],false,135,1,28,0,28,1,1,3,0,0,1,1,0,0,0,0,0,0,0,0,0,0,0,0,0,0,5,1,0,false
E:\OOD_Projects\ck-mvn-plugin\Medical-Store-Billing-System-master\src\medicalstore\Bill.java,medicalstore.Bill$Anonymous3,actionPerformed/1[java.awt.event.ActionEvent],false,125,1,28,0,28,1,1,3,0,0,1,1,0,0,0,0,0,0,0,0,0,0,0,0,0,0,5,1,0,false
E:\OOD_Projects\ck-mvn-plugin\Medical-Store-Billing-System-master\src\medicalstore\Bill.java,medicalstore.Bill$Anonymous2,focusGained/1[java.awt.event.FocusEvent],false,120,1,4,0,4,1,1,3,0,0,1,1,0,0,0,0,0,0,0,0,0,0,0,0,0,0,5,1,0,false
E:\OOD_Projects\ck-mvn-plugin\Medical-Store-Billing-System-master\src\medicalstore\Bill.java,medicalstore.Bill$Anonymous9,actionPerformed/1[java.awt.event.ActionEvent],false,175,1,28,0,28,1,1,3,0,0,1,1,0,0,0,0,0,0,0,0,0,0,0,0,0,0,5,1,0,false
E:\OOD_Projects\ck-mvn-plugin\Medical-Store-Billing-System-master\src\medicalstore\Bill.java,medicalstore.Bill$Anonymous8,componentHidden/1[java.awt.event.ComponentEvent],false,170,1,1,0,1,1,1,3,0,0,1,1,0,0,0,0,0,0,0,0,0,0,0,0,0,0,5,1,0,false
E:\OOD_Projects\ck-mvn-plugin\Medical-Store-Billing-System-master\src\medicalstore\Bill.java,medicalstore.Bill$Anonymous7,focusLost/1[java.awt.event.FocusEvent],false,160,1,7,0,7,1,1,3,0,0,1,1,0,0,0,0,0,0,0,0,0,0,0,0,0,0,5,1,0,false
E:\OOD_Projects\ck-mvn-plugin\Medical-Store-Billing-System-master\src\medicalstore\Bill.java,medicalstore.Bill$Anonymous6,mouseMoved/1[java.awt.event.MouseEvent],false,155,1,2,0,2,1,1,3,0,0,1,1,0,0,0,0,0,0,0,0,0,0,0,0,0,0,5,1,0,false
