file,class,method,variable,usage
E:\OOD_Projects\ck-mvn-plugin\Medical-Store-Billing-System-master\src\medicalstore\Main_Module.java,medicalstore.Main_Module$Anonymous11,mouseClicked/1[java.awt.event.MouseEvent],evt,1
E:\OOD_Projects\ck-mvn-plugin\Medical-Store-Billing-System-master\src\medicalstore\Main_Module.java,medicalstore.Main_Module$Anonymous10,mouseClicked/1[java.awt.event.MouseEvent],evt,1
E:\OOD_Projects\ck-mvn-plugin\Medical-Store-Billing-System-master\src\medicalstore\EditSupplier.java,medicalstore.EditSupplier,initComponents/0,layout,14
E:\OOD_Projects\ck-mvn-plugin\Medical-Store-Billing-System-master\src\medicalstore\EditSupplier.java,medicalstore.EditSupplier,btcancelActionPerformed/1[java.awt.event.ActionEvent],evt,0
E:\OOD_Projects\ck-mvn-plugin\Medical-Store-Billing-System-master\src\medicalstore\EditSupplier.java,medicalstore.EditSupplier,comnameItemStateChanged/1[java.awt.event.ItemEvent],evt,0
E:\OOD_Projects\ck-mvn-plugin\Medical-Store-Billing-System-master\src\medicalstore\EditSupplier.java,medicalstore.EditSupplier,comnameItemStateChanged/1[java.awt.event.ItemEvent],e,1
E:\OOD_Projects\ck-mvn-plugin\Medical-Store-Billing-System-master\src\medicalstore\EditSupplier.java,medicalstore.EditSupplier,btupdateActionPerformed/1[java.awt.event.ActionEvent],evt,0
E:\OOD_Projects\ck-mvn-plugin\Medical-Store-Billing-System-master\src\medicalstore\EditSupplier.java,medicalstore.EditSupplier,btupdateActionPerformed/1[java.awt.event.ActionEvent],e,1
E:\OOD_Projects\ck-mvn-plugin\Medical-Store-Billing-System-master\src\medicalstore\EditSupplier.java,medicalstore.EditSupplier,EditSupplier/0,e,1
E:\OOD_Projects\ck-mvn-plugin\Medical-Store-Billing-System-master\src\medicalstore\ResetPassword.java,medicalstore.ResetPassword$Anonymous8,actionPerformed/1[java.awt.event.ActionEvent],evt,1
E:\OOD_Projects\ck-mvn-plugin\Medical-Store-Billing-System-master\src\medicalstore\ResetPassword.java,medicalstore.ResetPassword$Anonymous7,actionPerformed/1[java.awt.event.ActionEvent],evt,1
E:\OOD_Projects\ck-mvn-plugin\Medical-Store-Billing-System-master\src\medicalstore\ResetPassword.java,medicalstore.ResetPassword$Anonymous6,actionPerformed/1[java.awt.event.ActionEvent],evt,1
E:\OOD_Projects\ck-mvn-plugin\Medical-Store-Billing-System-master\src\medicalstore\ResetPassword.java,medicalstore.ResetPassword$Anonymous5,focusLost/1[java.awt.event.FocusEvent],evt,1
E:\OOD_Projects\ck-mvn-plugin\Medical-Store-Billing-System-master\src\medicalstore\EditSupplier.java,medicalstore.EditSupplier$Anonymous3,itemStateChanged/1[java.awt.event.ItemEvent],evt,1
E:\OOD_Projects\ck-mvn-plugin\Medical-Store-Billing-System-master\src\medicalstore\EditSupplier.java,medicalstore.EditSupplier$Anonymous1,actionPerformed/1[java.awt.event.ActionEvent],evt,1
E:\OOD_Projects\ck-mvn-plugin\Medical-Store-Billing-System-master\src\medicalstore\LoginScreen.java,medicalstore.LoginScreen,jbemployActionPerformed/1[java.awt.event.ActionEvent],evt,0
E:\OOD_Projects\ck-mvn-plugin\Medical-Store-Billing-System-master\src\medicalstore\LoginScreen.java,medicalstore.LoginScreen,jbadminActionPerformed/1[java.awt.event.ActionEvent],evt,0
E:\OOD_Projects\ck-mvn-plugin\Medical-Store-Billing-System-master\src\medicalstore\LoginScreen.java,medicalstore.LoginScreen,txtpassActionPerformed/1[java.awt.event.ActionEvent],evt,0
E:\OOD_Projects\ck-mvn-plugin\Medical-Store-Billing-System-master\src\medicalstore\LoginScreen.java,medicalstore.LoginScreen,btloginActionPerformed/1[java.awt.event.ActionEvent],evt,0
E:\OOD_Projects\ck-mvn-plugin\Medical-Store-Billing-System-master\src\medicalstore\LoginScreen.java,medicalstore.LoginScreen,btloginActionPerformed/1[java.awt.event.ActionEvent],e,1
E:\OOD_Projects\ck-mvn-plugin\Medical-Store-Billing-System-master\src\medicalstore\LoginScreen.java,medicalstore.LoginScreen,btloginActionPerformed/1[java.awt.event.ActionEvent],m,0
E:\OOD_Projects\ck-mvn-plugin\Medical-Store-Billing-System-master\src\medicalstore\LoginScreen.java,medicalstore.LoginScreen,main/1[java.lang.String[]],args,0
E:\OOD_Projects\ck-mvn-plugin\Medical-Store-Billing-System-master\src\medicalstore\LoginScreen.java,medicalstore.LoginScreen,LoginScreen/0,e,0
E:\OOD_Projects\ck-mvn-plugin\Medical-Store-Billing-System-master\src\medicalstore\LoginScreen.java,medicalstore.LoginScreen,txtnameFocusLost/1[java.awt.event.FocusEvent],evt,0
E:\OOD_Projects\ck-mvn-plugin\Medical-Store-Billing-System-master\src\medicalstore\LoginScreen.java,medicalstore.LoginScreen,txtnameActionPerformed/1[java.awt.event.ActionEvent],evt,0
E:\OOD_Projects\ck-mvn-plugin\Medical-Store-Billing-System-master\src\medicalstore\LoginScreen.java,medicalstore.LoginScreen,txtpassFocusLost/1[java.awt.event.FocusEvent],evt,0
E:\OOD_Projects\ck-mvn-plugin\Medical-Store-Billing-System-master\src\medicalstore\LoginScreen.java,medicalstore.LoginScreen,btresetActionPerformed/1[java.awt.event.ActionEvent],evt,0
E:\OOD_Projects\ck-mvn-plugin\Medical-Store-Billing-System-master\src\medicalstore\EditSupplier.java,medicalstore.EditSupplier$Anonymous2,actionPerformed/1[java.awt.event.ActionEvent],evt,1
E:\OOD_Projects\ck-mvn-plugin\Medical-Store-Billing-System-master\src\medicalstore\ResetPassword.java,medicalstore.ResetPassword,initComponents/0,layout,18
E:\OOD_Projects\ck-mvn-plugin\Medical-Store-Billing-System-master\src\medicalstore\ResetPassword.java,medicalstore.ResetPassword,ResetPassword/0,e,0
E:\OOD_Projects\ck-mvn-plugin\Medical-Store-Billing-System-master\src\medicalstore\ResetPassword.java,medicalstore.ResetPassword,oldpassActionPerformed/1[java.awt.event.ActionEvent],evt,0
E:\OOD_Projects\ck-mvn-plugin\Medical-Store-Billing-System-master\src\medicalstore\ResetPassword.java,medicalstore.ResetPassword,conpassActionPerformed/1[java.awt.event.ActionEvent],evt,0
E:\OOD_Projects\ck-mvn-plugin\Medical-Store-Billing-System-master\src\medicalstore\ResetPassword.java,medicalstore.ResetPassword,newpassActionPerformed/1[java.awt.event.ActionEvent],evt,0
E:\OOD_Projects\ck-mvn-plugin\Medical-Store-Billing-System-master\src\medicalstore\ResetPassword.java,medicalstore.ResetPassword,conpassFocusLost/1[java.awt.event.FocusEvent],evt,0
E:\OOD_Projects\ck-mvn-plugin\Medical-Store-Billing-System-master\src\medicalstore\ResetPassword.java,medicalstore.ResetPassword,oldpassFocusLost/1[java.awt.event.FocusEvent],evt,0
E:\OOD_Projects\ck-mvn-plugin\Medical-Store-Billing-System-master\src\medicalstore\ResetPassword.java,medicalstore.ResetPassword,oldpassFocusLost/1[java.awt.event.FocusEvent],e,1
E:\OOD_Projects\ck-mvn-plugin\Medical-Store-Billing-System-master\src\medicalstore\ResetPassword.java,medicalstore.ResetPassword,jButton2ActionPerformed/1[java.awt.event.ActionEvent],evt,0
E:\OOD_Projects\ck-mvn-plugin\Medical-Store-Billing-System-master\src\medicalstore\ResetPassword.java,medicalstore.ResetPassword,jButton2ActionPerformed/1[java.awt.event.ActionEvent],e,0
E:\OOD_Projects\ck-mvn-plugin\Medical-Store-Billing-System-master\src\medicalstore\ResetPassword.java,medicalstore.ResetPassword,newpassFocusLost/1[java.awt.event.FocusEvent],evt,0
E:\OOD_Projects\ck-mvn-plugin\Medical-Store-Billing-System-master\src\medicalstore\ResetPassword.java,medicalstore.ResetPassword,jButton1ActionPerformed/1[java.awt.event.ActionEvent],evt,0
E:\OOD_Projects\ck-mvn-plugin\Medical-Store-Billing-System-master\src\medicalstore\ResetPassword.java,medicalstore.ResetPassword$Anonymous4,actionPerformed/1[java.awt.event.ActionEvent],evt,1
E:\OOD_Projects\ck-mvn-plugin\Medical-Store-Billing-System-master\src\medicalstore\SellingReport1.java,medicalstore.SellingReport1$Anonymous8,mouseEntered/1[java.awt.event.MouseEvent],evt,1
E:\OOD_Projects\ck-mvn-plugin\Medical-Store-Billing-System-master\src\medicalstore\ResetPassword.java,medicalstore.ResetPassword$Anonymous3,focusLost/1[java.awt.event.FocusEvent],evt,1
E:\OOD_Projects\ck-mvn-plugin\Medical-Store-Billing-System-master\src\medicalstore\SellingReport1.java,medicalstore.SellingReport1$Anonymous9,actionPerformed/1[java.awt.event.ActionEvent],evt,1
E:\OOD_Projects\ck-mvn-plugin\Medical-Store-Billing-System-master\src\medicalstore\ResetPassword.java,medicalstore.ResetPassword$Anonymous2,actionPerformed/1[java.awt.event.ActionEvent],evt,1
E:\OOD_Projects\ck-mvn-plugin\Medical-Store-Billing-System-master\src\medicalstore\Bill.java,medicalstore.Bill,txtmednameFocusLost/1[java.awt.event.FocusEvent],evt,0
E:\OOD_Projects\ck-mvn-plugin\Medical-Store-Billing-System-master\src\medicalstore\Bill.java,medicalstore.Bill,txtcusnoActionPerformed/1[java.awt.event.ActionEvent],evt,0
E:\OOD_Projects\ck-mvn-plugin\Medical-Store-Billing-System-master\src\medicalstore\Bill.java,medicalstore.Bill,txtbillidFocusGained/1[java.awt.event.FocusEvent],evt,0
E:\OOD_Projects\ck-mvn-plugin\Medical-Store-Billing-System-master\src\medicalstore\Bill.java,medicalstore.Bill,Bill/0,e,3
E:\OOD_Projects\ck-mvn-plugin\Medical-Store-Billing-System-master\src\medicalstore\Bill.java,medicalstore.Bill,Bill/0,m,1
E:\OOD_Projects\ck-mvn-plugin\Medical-Store-Billing-System-master\src\medicalstore\Bill.java,medicalstore.Bill,initComponents/0,layout,33
E:\OOD_Projects\ck-mvn-plugin\Medical-Store-Billing-System-master\src\medicalstore\Bill.java,medicalstore.Bill,txtmednameMouseMoved/1[java.awt.event.MouseEvent],evt,0
E:\OOD_Projects\ck-mvn-plugin\Medical-Store-Billing-System-master\src\medicalstore\Bill.java,medicalstore.Bill,jButton2ActionPerformed/1[java.awt.event.ActionEvent],evt,0
E:\OOD_Projects\ck-mvn-plugin\Medical-Store-Billing-System-master\src\medicalstore\Bill.java,medicalstore.Bill,txtmedpriceFocusLost/1[java.awt.event.FocusEvent],evt,0
E:\OOD_Projects\ck-mvn-plugin\Medical-Store-Billing-System-master\src\medicalstore\Bill.java,medicalstore.Bill,btaddActionPerformed/1[java.awt.event.ActionEvent],evt,0
E:\OOD_Projects\ck-mvn-plugin\Medical-Store-Billing-System-master\src\medicalstore\Bill.java,medicalstore.Bill,btaddActionPerformed/1[java.awt.event.ActionEvent],e,0
E:\OOD_Projects\ck-mvn-plugin\Medical-Store-Billing-System-master\src\medicalstore\Bill.java,medicalstore.Bill,txtqtyComponentHidden/1[java.awt.event.ComponentEvent],evt,0
E:\OOD_Projects\ck-mvn-plugin\Medical-Store-Billing-System-master\src\medicalstore\Bill.java,medicalstore.Bill,jButton3ActionPerformed/1[java.awt.event.ActionEvent],evt,0
E:\OOD_Projects\ck-mvn-plugin\Medical-Store-Billing-System-master\src\medicalstore\Bill.java,medicalstore.Bill,jButton3ActionPerformed/1[java.awt.event.ActionEvent],e,3
E:\OOD_Projects\ck-mvn-plugin\Medical-Store-Billing-System-master\src\medicalstore\Bill.java,medicalstore.Bill,jButton3ActionPerformed/1[java.awt.event.ActionEvent],pattern,1
E:\OOD_Projects\ck-mvn-plugin\Medical-Store-Billing-System-master\src\medicalstore\Bill.java,medicalstore.Bill,jButton3ActionPerformed/1[java.awt.event.ActionEvent],matcher,2
E:\OOD_Projects\ck-mvn-plugin\Medical-Store-Billing-System-master\src\medicalstore\Bill.java,medicalstore.Bill,jButton3ActionPerformed/1[java.awt.event.ActionEvent],contactno,1
E:\OOD_Projects\ck-mvn-plugin\Medical-Store-Billing-System-master\src\medicalstore\Bill.java,medicalstore.Bill,txtmedpriceMouseMoved/1[java.awt.event.MouseEvent],evt,0
E:\OOD_Projects\ck-mvn-plugin\Medical-Store-Billing-System-master\src\medicalstore\Bill.java,medicalstore.Bill,txtqtyActionPerformed/1[java.awt.event.ActionEvent],evt,0
E:\OOD_Projects\ck-mvn-plugin\Medical-Store-Billing-System-master\src\medicalstore\Bill.java,medicalstore.Bill,txtcusnameActionPerformed/1[java.awt.event.ActionEvent],evt,0
E:\OOD_Projects\ck-mvn-plugin\Medical-Store-Billing-System-master\src\medicalstore\Bill.java,medicalstore.Bill,txtbillidActionPerformed/1[java.awt.event.ActionEvent],evt,0
E:\OOD_Projects\ck-mvn-plugin\Medical-Store-Billing-System-master\src\medicalstore\ResetPassword.java,medicalstore.ResetPassword$Anonymous1,focusLost/1[java.awt.event.FocusEvent],evt,1
E:\OOD_Projects\ck-mvn-plugin\Medical-Store-Billing-System-master\src\medicalstore\SellingReport1.java,medicalstore.SellingReport1$Anonymous4,actionPerformed/1[java.awt.event.ActionEvent],evt,1
E:\OOD_Projects\ck-mvn-plugin\Medical-Store-Billing-System-master\src\medicalstore\SellingReport1.java,medicalstore.SellingReport1$Anonymous5,actionPerformed/1[java.awt.event.ActionEvent],evt,1
E:\OOD_Projects\ck-mvn-plugin\Medical-Store-Billing-System-master\src\medicalstore\SellingReport1.java,medicalstore.SellingReport1$Anonymous6,actionPerformed/1[java.awt.event.ActionEvent],evt,1
E:\OOD_Projects\ck-mvn-plugin\Medical-Store-Billing-System-master\src\medicalstore\SellingReport1.java,medicalstore.SellingReport1$Anonymous7,focusGained/1[java.awt.event.FocusEvent],evt,1
E:\OOD_Projects\ck-mvn-plugin\Medical-Store-Billing-System-master\src\medicalstore\SellingReport.java,medicalstore.SellingReport,SellingReport/0,e,1
E:\OOD_Projects\ck-mvn-plugin\Medical-Store-Billing-System-master\src\medicalstore\Main_Module.java,medicalstore.Main_Module,lrepMouseClicked/1[java.awt.event.MouseEvent],evt,0
E:\OOD_Projects\ck-mvn-plugin\Medical-Store-Billing-System-master\src\medicalstore\Main_Module.java,medicalstore.Main_Module,lsupMouseClicked/1[java.awt.event.MouseEvent],evt,0
E:\OOD_Projects\ck-mvn-plugin\Medical-Store-Billing-System-master\src\medicalstore\Main_Module.java,medicalstore.Main_Module,jLabel14MouseClicked/1[java.awt.event.MouseEvent],evt,0
E:\OOD_Projects\ck-mvn-plugin\Medical-Store-Billing-System-master\src\medicalstore\Main_Module.java,medicalstore.Main_Module,jLabel10MouseClicked/1[java.awt.event.MouseEvent],evt,0
E:\OOD_Projects\ck-mvn-plugin\Medical-Store-Billing-System-master\src\medicalstore\Main_Module.java,medicalstore.Main_Module,jLabel10MouseClicked/1[java.awt.event.MouseEvent],n,1
E:\OOD_Projects\ck-mvn-plugin\Medical-Store-Billing-System-master\src\medicalstore\Main_Module.java,medicalstore.Main_Module,lsupeditMouseClicked/1[java.awt.event.MouseEvent],a,1
E:\OOD_Projects\ck-mvn-plugin\Medical-Store-Billing-System-master\src\medicalstore\Main_Module.java,medicalstore.Main_Module,lsupeditMouseClicked/1[java.awt.event.MouseEvent],evt,0
E:\OOD_Projects\ck-mvn-plugin\Medical-Store-Billing-System-master\src\medicalstore\Main_Module.java,medicalstore.Main_Module,main/1[java.lang.String[]],args,0
E:\OOD_Projects\ck-mvn-plugin\Medical-Store-Billing-System-master\src\medicalstore\Main_Module.java,medicalstore.Main_Module,hideMouseClicked/1[java.awt.event.MouseEvent],evt,0
E:\OOD_Projects\ck-mvn-plugin\Medical-Store-Billing-System-master\src\medicalstore\Main_Module.java,medicalstore.Main_Module,lreportseMouseClicked/1[java.awt.event.MouseEvent],evt,0
E:\OOD_Projects\ck-mvn-plugin\Medical-Store-Billing-System-master\src\medicalstore\Main_Module.java,medicalstore.Main_Module,lreportseMouseClicked/1[java.awt.event.MouseEvent],s,1
E:\OOD_Projects\ck-mvn-plugin\Medical-Store-Billing-System-master\src\medicalstore\Main_Module.java,medicalstore.Main_Module,lsupaddMouseClicked/1[java.awt.event.MouseEvent],a,1
E:\OOD_Projects\ck-mvn-plugin\Medical-Store-Billing-System-master\src\medicalstore\Main_Module.java,medicalstore.Main_Module,lsupaddMouseClicked/1[java.awt.event.MouseEvent],evt,0
E:\OOD_Projects\ck-mvn-plugin\Medical-Store-Billing-System-master\src\medicalstore\Main_Module.java,medicalstore.Main_Module,Main_Module/0,ysize,1
E:\OOD_Projects\ck-mvn-plugin\Medical-Store-Billing-System-master\src\medicalstore\Main_Module.java,medicalstore.Main_Module,Main_Module/0,tk,2
E:\OOD_Projects\ck-mvn-plugin\Medical-Store-Billing-System-master\src\medicalstore\Main_Module.java,medicalstore.Main_Module,Main_Module/0,xsize,1
E:\OOD_Projects\ck-mvn-plugin\Medical-Store-Billing-System-master\src\medicalstore\Main_Module.java,medicalstore.Main_Module,initComponents/0,jPanel2Layout,8
E:\OOD_Projects\ck-mvn-plugin\Medical-Store-Billing-System-master\src\medicalstore\Main_Module.java,medicalstore.Main_Module,initComponents/0,jPanel5Layout,8
E:\OOD_Projects\ck-mvn-plugin\Medical-Store-Billing-System-master\src\medicalstore\Main_Module.java,medicalstore.Main_Module,initComponents/0,jPanel4Layout,8
E:\OOD_Projects\ck-mvn-plugin\Medical-Store-Billing-System-master\src\medicalstore\Main_Module.java,medicalstore.Main_Module,initComponents/0,panel1Layout,18
E:\OOD_Projects\ck-mvn-plugin\Medical-Store-Billing-System-master\src\medicalstore\Main_Module.java,medicalstore.Main_Module,initComponents/0,panel2Layout,5
E:\OOD_Projects\ck-mvn-plugin\Medical-Store-Billing-System-master\src\medicalstore\Main_Module.java,medicalstore.Main_Module,llogoutMouseClicked/1[java.awt.event.MouseEvent],evt,0
E:\OOD_Projects\ck-mvn-plugin\Medical-Store-Billing-System-master\src\medicalstore\Main_Module.java,medicalstore.Main_Module,llogoutMouseClicked/1[java.awt.event.MouseEvent],l,1
E:\OOD_Projects\ck-mvn-plugin\Medical-Store-Billing-System-master\src\medicalstore\Main_Module.java,medicalstore.Main_Module,lresetpassMouseClicked/1[java.awt.event.MouseEvent],a,1
E:\OOD_Projects\ck-mvn-plugin\Medical-Store-Billing-System-master\src\medicalstore\Main_Module.java,medicalstore.Main_Module,lresetpassMouseClicked/1[java.awt.event.MouseEvent],evt,0
E:\OOD_Projects\ck-mvn-plugin\Medical-Store-Billing-System-master\src\medicalstore\Main_Module.java,medicalstore.Main_Module,lsupprMouseClicked/1[java.awt.event.MouseEvent],evt,0
E:\OOD_Projects\ck-mvn-plugin\Medical-Store-Billing-System-master\src\medicalstore\Main_Module.java,medicalstore.Main_Module,lsupprMouseClicked/1[java.awt.event.MouseEvent],m,0
E:\OOD_Projects\ck-mvn-plugin\Medical-Store-Billing-System-master\src\medicalstore\LoginScreen.java,medicalstore.LoginScreen$Anonymous1,focusLost/1[java.awt.event.FocusEvent],evt,1
E:\OOD_Projects\ck-mvn-plugin\Medical-Store-Billing-System-master\src\medicalstore\SellingReport1.java,medicalstore.SellingReport1,txtdateActionPerformed/1[java.awt.event.ActionEvent],evt,0
E:\OOD_Projects\ck-mvn-plugin\Medical-Store-Billing-System-master\src\medicalstore\SellingReport1.java,medicalstore.SellingReport1,txtstdateFocusGained/1[java.awt.event.FocusEvent],evt,0
E:\OOD_Projects\ck-mvn-plugin\Medical-Store-Billing-System-master\src\medicalstore\SellingReport1.java,medicalstore.SellingReport1,jButton2ActionPerformed/1[java.awt.event.ActionEvent],evt,0
E:\OOD_Projects\ck-mvn-plugin\Medical-Store-Billing-System-master\src\medicalstore\SellingReport1.java,medicalstore.SellingReport1,jButton2ActionPerformed/1[java.awt.event.ActionEvent],e,1
E:\OOD_Projects\ck-mvn-plugin\Medical-Store-Billing-System-master\src\medicalstore\SellingReport1.java,medicalstore.SellingReport1,jButton2ActionPerformed/1[java.awt.event.ActionEvent],i,3
E:\OOD_Projects\ck-mvn-plugin\Medical-Store-Billing-System-master\src\medicalstore\SellingReport1.java,medicalstore.SellingReport1,txtenddateFocusGained/1[java.awt.event.FocusEvent],evt,0
E:\OOD_Projects\ck-mvn-plugin\Medical-Store-Billing-System-master\src\medicalstore\SellingReport1.java,medicalstore.SellingReport1,initComponents/0,layout,19
E:\OOD_Projects\ck-mvn-plugin\Medical-Store-Billing-System-master\src\medicalstore\SellingReport1.java,medicalstore.SellingReport1,jButton3ActionPerformed/1[java.awt.event.ActionEvent],evt,0
E:\OOD_Projects\ck-mvn-plugin\Medical-Store-Billing-System-master\src\medicalstore\SellingReport1.java,medicalstore.SellingReport1,jButton3ActionPerformed/1[java.awt.event.ActionEvent],ex,1
E:\OOD_Projects\ck-mvn-plugin\Medical-Store-Billing-System-master\src\medicalstore\SellingReport1.java,medicalstore.SellingReport1,txtdateFocusGained/1[java.awt.event.FocusEvent],evt,0
E:\OOD_Projects\ck-mvn-plugin\Medical-Store-Billing-System-master\src\medicalstore\SellingReport1.java,medicalstore.SellingReport1,SellingReport1/0,e,0
E:\OOD_Projects\ck-mvn-plugin\Medical-Store-Billing-System-master\src\medicalstore\SellingReport1.java,medicalstore.SellingReport1,jButton1ActionPerformed/1[java.awt.event.ActionEvent],date,2
E:\OOD_Projects\ck-mvn-plugin\Medical-Store-Billing-System-master\src\medicalstore\SellingReport1.java,medicalstore.SellingReport1,jButton1ActionPerformed/1[java.awt.event.ActionEvent],stdate,5
E:\OOD_Projects\ck-mvn-plugin\Medical-Store-Billing-System-master\src\medicalstore\SellingReport1.java,medicalstore.SellingReport1,jButton1ActionPerformed/1[java.awt.event.ActionEvent],evt,0
E:\OOD_Projects\ck-mvn-plugin\Medical-Store-Billing-System-master\src\medicalstore\SellingReport1.java,medicalstore.SellingReport1,jButton1ActionPerformed/1[java.awt.event.ActionEvent],enddate,5
E:\OOD_Projects\ck-mvn-plugin\Medical-Store-Billing-System-master\src\medicalstore\SellingReport1.java,medicalstore.SellingReport1,jButton1ActionPerformed/1[java.awt.event.ActionEvent],e,1
E:\OOD_Projects\ck-mvn-plugin\Medical-Store-Billing-System-master\src\medicalstore\SellingReport1.java,medicalstore.SellingReport1,jButton1ActionPerformed/1[java.awt.event.ActionEvent],name,4
E:\OOD_Projects\ck-mvn-plugin\Medical-Store-Billing-System-master\src\medicalstore\SellingReport1.java,medicalstore.SellingReport1,jButton1ActionPerformed/1[java.awt.event.ActionEvent],i,3
E:\OOD_Projects\ck-mvn-plugin\Medical-Store-Billing-System-master\src\medicalstore\SellingReport1.java,medicalstore.SellingReport1,txtdateMouseEntered/1[java.awt.event.MouseEvent],evt,0
E:\OOD_Projects\ck-mvn-plugin\Medical-Store-Billing-System-master\src\medicalstore\SellingReport1.java,medicalstore.SellingReport1,txtstdateActionPerformed/1[java.awt.event.ActionEvent],evt,0
E:\OOD_Projects\ck-mvn-plugin\Medical-Store-Billing-System-master\src\medicalstore\LoginScreen.java,medicalstore.LoginScreen$Anonymous2,actionPerformed/1[java.awt.event.ActionEvent],evt,1
E:\OOD_Projects\ck-mvn-plugin\Medical-Store-Billing-System-master\src\medicalstore\LoginScreen.java,medicalstore.LoginScreen$Anonymous3,focusLost/1[java.awt.event.FocusEvent],evt,1
E:\OOD_Projects\ck-mvn-plugin\Medical-Store-Billing-System-master\src\medicalstore\LoginScreen.java,medicalstore.LoginScreen$Anonymous4,actionPerformed/1[java.awt.event.ActionEvent],evt,1
E:\OOD_Projects\ck-mvn-plugin\Medical-Store-Billing-System-master\src\medicalstore\Main_Module.java,medicalstore.Main_Module$Anonymous3,mouseClicked/1[java.awt.event.MouseEvent],evt,1
E:\OOD_Projects\ck-mvn-plugin\Medical-Store-Billing-System-master\src\medicalstore\LoginScreen.java,medicalstore.LoginScreen$Anonymous5,actionPerformed/1[java.awt.event.ActionEvent],evt,1
E:\OOD_Projects\ck-mvn-plugin\Medical-Store-Billing-System-master\src\medicalstore\Main_Module.java,medicalstore.Main_Module$Anonymous4,mouseClicked/1[java.awt.event.MouseEvent],evt,1
E:\OOD_Projects\ck-mvn-plugin\Medical-Store-Billing-System-master\src\medicalstore\LoginScreen.java,medicalstore.LoginScreen$Anonymous6,actionPerformed/1[java.awt.event.ActionEvent],evt,1
E:\OOD_Projects\ck-mvn-plugin\Medical-Store-Billing-System-master\src\medicalstore\Main_Module.java,medicalstore.Main_Module$Anonymous1,mouseClicked/1[java.awt.event.MouseEvent],evt,1
E:\OOD_Projects\ck-mvn-plugin\Medical-Store-Billing-System-master\src\medicalstore\SupplierReport.java,medicalstore.SupplierReport,SupplierReport/0,e,1
E:\OOD_Projects\ck-mvn-plugin\Medical-Store-Billing-System-master\src\medicalstore\LoginScreen.java,medicalstore.LoginScreen$Anonymous7,actionPerformed/1[java.awt.event.ActionEvent],evt,1
E:\OOD_Projects\ck-mvn-plugin\Medical-Store-Billing-System-master\src\medicalstore\Main_Module.java,medicalstore.Main_Module$Anonymous2,mouseClicked/1[java.awt.event.MouseEvent],evt,1
E:\OOD_Projects\ck-mvn-plugin\Medical-Store-Billing-System-master\src\medicalstore\AddSupplier.java,medicalstore.AddSupplier$Anonymous1,actionPerformed/1[java.awt.event.ActionEvent],evt,1
E:\OOD_Projects\ck-mvn-plugin\Medical-Store-Billing-System-master\src\medicalstore\LoginScreen.java,medicalstore.LoginScreen$Anonymous8,actionPerformed/1[java.awt.event.ActionEvent],evt,1
E:\OOD_Projects\ck-mvn-plugin\Medical-Store-Billing-System-master\src\medicalstore\Main_Module.java,medicalstore.Main_Module$Anonymous7,mouseClicked/1[java.awt.event.MouseEvent],evt,1
E:\OOD_Projects\ck-mvn-plugin\Medical-Store-Billing-System-master\src\medicalstore\Main_Module.java,medicalstore.Main_Module$Anonymous8,mouseClicked/1[java.awt.event.MouseEvent],evt,1
E:\OOD_Projects\ck-mvn-plugin\Medical-Store-Billing-System-master\src\medicalstore\AddSupplier.java,medicalstore.AddSupplier$Anonymous3,actionPerformed/1[java.awt.event.ActionEvent],evt,1
E:\OOD_Projects\ck-mvn-plugin\Medical-Store-Billing-System-master\src\medicalstore\Main_Module.java,medicalstore.Main_Module$Anonymous5,mouseClicked/1[java.awt.event.MouseEvent],evt,1
E:\OOD_Projects\ck-mvn-plugin\Medical-Store-Billing-System-master\src\medicalstore\AddSupplier.java,medicalstore.AddSupplier$Anonymous2,actionPerformed/1[java.awt.event.ActionEvent],evt,1
E:\OOD_Projects\ck-mvn-plugin\Medical-Store-Billing-System-master\src\medicalstore\Main_Module.java,medicalstore.Main_Module$Anonymous6,mouseClicked/1[java.awt.event.MouseEvent],evt,1
E:\OOD_Projects\ck-mvn-plugin\Medical-Store-Billing-System-master\src\medicalstore\AddSupplier.java,medicalstore.AddSupplier,initComponents/0,layout,14
E:\OOD_Projects\ck-mvn-plugin\Medical-Store-Billing-System-master\src\medicalstore\AddSupplier.java,medicalstore.AddSupplier,txtnoActionPerformed/1[java.awt.event.ActionEvent],evt,0
E:\OOD_Projects\ck-mvn-plugin\Medical-Store-Billing-System-master\src\medicalstore\AddSupplier.java,medicalstore.AddSupplier,AddSupplier/0,e,0
E:\OOD_Projects\ck-mvn-plugin\Medical-Store-Billing-System-master\src\medicalstore\AddSupplier.java,medicalstore.AddSupplier,btsaveActionPerformed/1[java.awt.event.ActionEvent],evt,0
E:\OOD_Projects\ck-mvn-plugin\Medical-Store-Billing-System-master\src\medicalstore\AddSupplier.java,medicalstore.AddSupplier,btsaveActionPerformed/1[java.awt.event.ActionEvent],e,1
E:\OOD_Projects\ck-mvn-plugin\Medical-Store-Billing-System-master\src\medicalstore\AddSupplier.java,medicalstore.AddSupplier,btsaveActionPerformed/1[java.awt.event.ActionEvent],pattern,1
E:\OOD_Projects\ck-mvn-plugin\Medical-Store-Billing-System-master\src\medicalstore\AddSupplier.java,medicalstore.AddSupplier,btsaveActionPerformed/1[java.awt.event.ActionEvent],matcher,2
E:\OOD_Projects\ck-mvn-plugin\Medical-Store-Billing-System-master\src\medicalstore\AddSupplier.java,medicalstore.AddSupplier,btsaveActionPerformed/1[java.awt.event.ActionEvent],contactno,1
E:\OOD_Projects\ck-mvn-plugin\Medical-Store-Billing-System-master\src\medicalstore\AddSupplier.java,medicalstore.AddSupplier,btcancelActionPerformed/1[java.awt.event.ActionEvent],evt,0
E:\OOD_Projects\ck-mvn-plugin\Medical-Store-Billing-System-master\src\medicalstore\Bill.java,medicalstore.Bill$Anonymous13,focusLost/1[java.awt.event.FocusEvent],evt,1
E:\OOD_Projects\ck-mvn-plugin\Medical-Store-Billing-System-master\src\medicalstore\Main_Module.java,medicalstore.Main_Module$Anonymous9,mouseClicked/1[java.awt.event.MouseEvent],evt,1
E:\OOD_Projects\ck-mvn-plugin\Medical-Store-Billing-System-master\src\medicalstore\Bill.java,medicalstore.Bill$Anonymous1,actionPerformed/1[java.awt.event.ActionEvent],evt,1
E:\OOD_Projects\ck-mvn-plugin\Medical-Store-Billing-System-master\src\medicalstore\Bill.java,medicalstore.Bill$Anonymous10,actionPerformed/1[java.awt.event.ActionEvent],evt,1
E:\OOD_Projects\ck-mvn-plugin\Medical-Store-Billing-System-master\src\medicalstore\SellingReport1.java,medicalstore.SellingReport1$Anonymous1,focusGained/1[java.awt.event.FocusEvent],evt,1
E:\OOD_Projects\ck-mvn-plugin\Medical-Store-Billing-System-master\src\medicalstore\Bill.java,medicalstore.Bill$Anonymous11,actionPerformed/1[java.awt.event.ActionEvent],evt,1
E:\OOD_Projects\ck-mvn-plugin\Medical-Store-Billing-System-master\src\medicalstore\SellingReport1.java,medicalstore.SellingReport1$Anonymous2,actionPerformed/1[java.awt.event.ActionEvent],evt,1
E:\OOD_Projects\ck-mvn-plugin\Medical-Store-Billing-System-master\src\medicalstore\Bill.java,medicalstore.Bill$Anonymous12,mouseMoved/1[java.awt.event.MouseEvent],evt,1
E:\OOD_Projects\ck-mvn-plugin\Medical-Store-Billing-System-master\src\medicalstore\SellingReport1.java,medicalstore.SellingReport1$Anonymous3,focusGained/1[java.awt.event.FocusEvent],evt,1
E:\OOD_Projects\ck-mvn-plugin\Medical-Store-Billing-System-master\src\medicalstore\Bill.java,medicalstore.Bill$Anonymous5,actionPerformed/1[java.awt.event.ActionEvent],evt,1
E:\OOD_Projects\ck-mvn-plugin\Medical-Store-Billing-System-master\src\medicalstore\Bill.java,medicalstore.Bill$Anonymous4,actionPerformed/1[java.awt.event.ActionEvent],evt,1
E:\OOD_Projects\ck-mvn-plugin\Medical-Store-Billing-System-master\src\medicalstore\Bill.java,medicalstore.Bill$Anonymous3,actionPerformed/1[java.awt.event.ActionEvent],evt,1
E:\OOD_Projects\ck-mvn-plugin\Medical-Store-Billing-System-master\src\medicalstore\Bill.java,medicalstore.Bill$Anonymous2,focusGained/1[java.awt.event.FocusEvent],evt,1
E:\OOD_Projects\ck-mvn-plugin\Medical-Store-Billing-System-master\src\medicalstore\Bill.java,medicalstore.Bill$Anonymous9,actionPerformed/1[java.awt.event.ActionEvent],evt,1
E:\OOD_Projects\ck-mvn-plugin\Medical-Store-Billing-System-master\src\medicalstore\Bill.java,medicalstore.Bill$Anonymous8,componentHidden/1[java.awt.event.ComponentEvent],evt,1
E:\OOD_Projects\ck-mvn-plugin\Medical-Store-Billing-System-master\src\medicalstore\Bill.java,medicalstore.Bill$Anonymous7,focusLost/1[java.awt.event.FocusEvent],evt,1
E:\OOD_Projects\ck-mvn-plugin\Medical-Store-Billing-System-master\src\medicalstore\Bill.java,medicalstore.Bill$Anonymous6,mouseMoved/1[java.awt.event.MouseEvent],evt,1
