file,class,method,variable,usage
E:\OOD_Projects\ck-mvn-plugin\Quad-Engine-master\src\com\quad\core\GameContainer.java,com.quad.core.GameContainer,getPhysics/0,physics,1
E:\OOD_Projects\ck-mvn-plugin\Quad-Engine-master\src\com\quad\core\GameContainer.java,com.quad.core.GameContainer,setFrameCap/1[int],frameCap,1
E:\OOD_Projects\ck-mvn-plugin\Quad-Engine-master\src\com\quad\core\GameContainer.java,com.quad.core.GameContainer,setTitle/1[java.lang.String],title,3
E:\OOD_Projects\ck-mvn-plugin\Quad-Engine-master\src\com\quad\core\GameContainer.java,com.quad.core.GameContainer,setScale/1[float],scale,3
E:\OOD_Projects\ck-mvn-plugin\Quad-Engine-master\src\com\quad\core\GameContainer.java,com.quad.core.GameContainer,isDebug/0,debug,1
E:\OOD_Projects\ck-mvn-plugin\Quad-Engine-master\src\com\quad\core\GameContainer.java,com.quad.core.GameContainer,stop/0,isRunning,2
E:\OOD_Projects\ck-mvn-plugin\Quad-Engine-master\src\com\quad\core\GameContainer.java,com.quad.core.GameContainer,setHeight/1[int],height,2
E:\OOD_Projects\ck-mvn-plugin\Quad-Engine-master\src\com\quad\core\GameContainer.java,com.quad.core.GameContainer,isDynamicLights/0,dynamicLights,1
E:\OOD_Projects\ck-mvn-plugin\Quad-Engine-master\src\com\quad\core\GameContainer.java,com.quad.core.GameContainer,setDebug/1[boolean],debug,3
E:\OOD_Projects\ck-mvn-plugin\Quad-Engine-master\src\com\quad\core\GameContainer.java,com.quad.core.GameContainer,getHeight/0,height,1
E:\OOD_Projects\ck-mvn-plugin\Quad-Engine-master\src\com\quad\core\GameContainer.java,com.quad.core.GameContainer,setClearScreen/1[boolean],clearScreen,3
E:\OOD_Projects\ck-mvn-plugin\Quad-Engine-master\src\com\quad\core\GameContainer.java,com.quad.core.GameContainer,getGame/0,game,1
E:\OOD_Projects\ck-mvn-plugin\Quad-Engine-master\src\com\quad\core\GameContainer.java,com.quad.core.GameContainer,setLockFrameRate/1[boolean],lockFrameRate,3
E:\OOD_Projects\ck-mvn-plugin\Quad-Engine-master\src\com\quad\core\GameContainer.java,com.quad.core.GameContainer,setPhysics/1[com.quad.core.components.Physics],physics,3
E:\OOD_Projects\ck-mvn-plugin\Quad-Engine-master\src\com\quad\core\GameContainer.java,com.quad.core.GameContainer,getWidth/0,width,1
E:\OOD_Projects\ck-mvn-plugin\Quad-Engine-master\src\com\quad\core\GameContainer.java,com.quad.core.GameContainer,cleanUp/0,window,1
E:\OOD_Projects\ck-mvn-plugin\Quad-Engine-master\src\com\quad\core\GameContainer.java,com.quad.core.GameContainer,isClearScreen/0,clearScreen,1
E:\OOD_Projects\ck-mvn-plugin\Quad-Engine-master\src\com\quad\core\GameContainer.java,com.quad.core.GameContainer,setLightEnable/1[boolean],lightEnable,3
E:\OOD_Projects\ck-mvn-plugin\Quad-Engine-master\src\com\quad\core\GameContainer.java,com.quad.core.GameContainer,getWindow/0,window,1
E:\OOD_Projects\ck-mvn-plugin\Quad-Engine-master\src\com\quad\core\GameContainer.java,com.quad.core.GameContainer,isLockFrameRate/0,lockFrameRate,1
E:\OOD_Projects\ck-mvn-plugin\Quad-Engine-master\src\com\quad\core\GameContainer.java,com.quad.core.GameContainer,getScale/0,scale,1
E:\OOD_Projects\ck-mvn-plugin\Quad-Engine-master\src\com\quad\core\GameContainer.java,com.quad.core.GameContainer,setWidth/1[int],width,2
E:\OOD_Projects\ck-mvn-plugin\Quad-Engine-master\src\com\quad\core\GameContainer.java,com.quad.core.GameContainer,isLightEnable/0,lightEnable,1
E:\OOD_Projects\ck-mvn-plugin\Quad-Engine-master\src\com\quad\core\GameContainer.java,com.quad.core.GameContainer,getInput/0,input,1
E:\OOD_Projects\ck-mvn-plugin\Quad-Engine-master\src\com\quad\core\GameContainer.java,com.quad.core.GameContainer,GameContainer/1[com.quad.core.AbstractGame],game,3
E:\OOD_Projects\ck-mvn-plugin\Quad-Engine-master\src\com\quad\core\GameContainer.java,com.quad.core.GameContainer,setInput/1[com.quad.core.Input],input,3
E:\OOD_Projects\ck-mvn-plugin\Quad-Engine-master\src\com\quad\core\GameContainer.java,com.quad.core.GameContainer,start/0,input,1
E:\OOD_Projects\ck-mvn-plugin\Quad-Engine-master\src\com\quad\core\GameContainer.java,com.quad.core.GameContainer,start/0,game,1
E:\OOD_Projects\ck-mvn-plugin\Quad-Engine-master\src\com\quad\core\GameContainer.java,com.quad.core.GameContainer,start/0,renderer,1
E:\OOD_Projects\ck-mvn-plugin\Quad-Engine-master\src\com\quad\core\GameContainer.java,com.quad.core.GameContainer,start/0,fullscreen,1
E:\OOD_Projects\ck-mvn-plugin\Quad-Engine-master\src\com\quad\core\GameContainer.java,com.quad.core.GameContainer,start/0,isRunning,1
E:\OOD_Projects\ck-mvn-plugin\Quad-Engine-master\src\com\quad\core\GameContainer.java,com.quad.core.GameContainer,start/0,physics,1
E:\OOD_Projects\ck-mvn-plugin\Quad-Engine-master\src\com\quad\core\GameContainer.java,com.quad.core.GameContainer,start/0,window,2
E:\OOD_Projects\ck-mvn-plugin\Quad-Engine-master\src\com\quad\core\GameContainer.java,com.quad.core.GameContainer,start/0,thread,2
E:\OOD_Projects\ck-mvn-plugin\Quad-Engine-master\src\com\quad\core\GameContainer.java,com.quad.core.GameContainer,getTitle/0,title,1
E:\OOD_Projects\ck-mvn-plugin\Quad-Engine-master\src\com\quad\core\GameContainer.java,com.quad.core.GameContainer,run/0,input,2
E:\OOD_Projects\ck-mvn-plugin\Quad-Engine-master\src\com\quad\core\GameContainer.java,com.quad.core.GameContainer,run/0,game,3
E:\OOD_Projects\ck-mvn-plugin\Quad-Engine-master\src\com\quad\core\GameContainer.java,com.quad.core.GameContainer,run/0,renderer,7
E:\OOD_Projects\ck-mvn-plugin\Quad-Engine-master\src\com\quad\core\GameContainer.java,com.quad.core.GameContainer,run/0,dynamicLights,1
E:\OOD_Projects\ck-mvn-plugin\Quad-Engine-master\src\com\quad\core\GameContainer.java,com.quad.core.GameContainer,run/0,debug,3
E:\OOD_Projects\ck-mvn-plugin\Quad-Engine-master\src\com\quad\core\GameContainer.java,com.quad.core.GameContainer,run/0,lightEnable,1
E:\OOD_Projects\ck-mvn-plugin\Quad-Engine-master\src\com\quad\core\GameContainer.java,com.quad.core.GameContainer,run/0,isRunning,2
E:\OOD_Projects\ck-mvn-plugin\Quad-Engine-master\src\com\quad\core\GameContainer.java,com.quad.core.GameContainer,run/0,frameCap,3
E:\OOD_Projects\ck-mvn-plugin\Quad-Engine-master\src\com\quad\core\GameContainer.java,com.quad.core.GameContainer,run/0,clearScreen,1
E:\OOD_Projects\ck-mvn-plugin\Quad-Engine-master\src\com\quad\core\GameContainer.java,com.quad.core.GameContainer,run/0,physics,1
E:\OOD_Projects\ck-mvn-plugin\Quad-Engine-master\src\com\quad\core\GameContainer.java,com.quad.core.GameContainer,run/0,window,1
E:\OOD_Projects\ck-mvn-plugin\Quad-Engine-master\src\com\quad\core\GameContainer.java,com.quad.core.GameContainer,run/0,lockFrameRate,1
E:\OOD_Projects\ck-mvn-plugin\Quad-Engine-master\src\com\quad\core\GameContainer.java,com.quad.core.GameContainer,setGame/1[com.quad.core.AbstractGame],game,3
E:\OOD_Projects\ck-mvn-plugin\Quad-Engine-master\src\com\quad\core\GameContainer.java,com.quad.core.GameContainer,setDynamicLights/1[boolean],dynamicLights,3
E:\OOD_Projects\ck-mvn-plugin\Quad-Engine-master\src\com\quad\Tile\TileMap.java,com.quad.Tile.TileMap,getXmax/0,xmin,1
E:\OOD_Projects\ck-mvn-plugin\Quad-Engine-master\src\com\quad\Tile\TileMap.java,com.quad.Tile.TileMap,getYmin/0,xmin,1
E:\OOD_Projects\ck-mvn-plugin\Quad-Engine-master\src\com\quad\Tile\TileMap.java,com.quad.Tile.TileMap,loadMap/1[java.lang.String],ymin,1
E:\OOD_Projects\ck-mvn-plugin\Quad-Engine-master\src\com\quad\Tile\TileMap.java,com.quad.Tile.TileMap,loadMap/1[java.lang.String],xmin,1
E:\OOD_Projects\ck-mvn-plugin\Quad-Engine-master\src\com\quad\Tile\TileMap.java,com.quad.Tile.TileMap,loadMap/1[java.lang.String],ymax,1
E:\OOD_Projects\ck-mvn-plugin\Quad-Engine-master\src\com\quad\Tile\TileMap.java,com.quad.Tile.TileMap,loadMap/1[java.lang.String],numRows,4
E:\OOD_Projects\ck-mvn-plugin\Quad-Engine-master\src\com\quad\Tile\TileMap.java,com.quad.Tile.TileMap,loadMap/1[java.lang.String],xmax,1
E:\OOD_Projects\ck-mvn-plugin\Quad-Engine-master\src\com\quad\Tile\TileMap.java,com.quad.Tile.TileMap,loadMap/1[java.lang.String],tileSize,2
E:\OOD_Projects\ck-mvn-plugin\Quad-Engine-master\src\com\quad\Tile\TileMap.java,com.quad.Tile.TileMap,loadMap/1[java.lang.String],width,2
E:\OOD_Projects\ck-mvn-plugin\Quad-Engine-master\src\com\quad\Tile\TileMap.java,com.quad.Tile.TileMap,loadMap/1[java.lang.String],gc,2
E:\OOD_Projects\ck-mvn-plugin\Quad-Engine-master\src\com\quad\Tile\TileMap.java,com.quad.Tile.TileMap,loadMap/1[java.lang.String],numCols,4
E:\OOD_Projects\ck-mvn-plugin\Quad-Engine-master\src\com\quad\Tile\TileMap.java,com.quad.Tile.TileMap,loadMap/1[java.lang.String],map,2
E:\OOD_Projects\ck-mvn-plugin\Quad-Engine-master\src\com\quad\Tile\TileMap.java,com.quad.Tile.TileMap,loadMap/1[java.lang.String],height,2
E:\OOD_Projects\ck-mvn-plugin\Quad-Engine-master\src\com\quad\Tile\TileMap.java,com.quad.Tile.TileMap,isShaking/0,shaking,1
E:\OOD_Projects\ck-mvn-plugin\Quad-Engine-master\src\com\quad\Tile\TileMap.java,com.quad.Tile.TileMap,"replace/2[int,int]",numRows,1
E:\OOD_Projects\ck-mvn-plugin\Quad-Engine-master\src\com\quad\Tile\TileMap.java,com.quad.Tile.TileMap,"replace/2[int,int]",numCols,1
E:\OOD_Projects\ck-mvn-plugin\Quad-Engine-master\src\com\quad\Tile\TileMap.java,com.quad.Tile.TileMap,"replace/2[int,int]",map,2
E:\OOD_Projects\ck-mvn-plugin\Quad-Engine-master\src\com\quad\Tile\TileMap.java,com.quad.Tile.TileMap,setY/1[float],y,3
E:\OOD_Projects\ck-mvn-plugin\Quad-Engine-master\src\com\quad\Tile\TileMap.java,com.quad.Tile.TileMap,getx/0,x,1
E:\OOD_Projects\ck-mvn-plugin\Quad-Engine-master\src\com\quad\Tile\TileMap.java,com.quad.Tile.TileMap,getNumColsToDraw/0,numColsToDraw,1
E:\OOD_Projects\ck-mvn-plugin\Quad-Engine-master\src\com\quad\Tile\TileMap.java,com.quad.Tile.TileMap,"TileMap/2[com.quad.core.GameContainer,int]",tween,1
E:\OOD_Projects\ck-mvn-plugin\Quad-Engine-master\src\com\quad\Tile\TileMap.java,com.quad.Tile.TileMap,"TileMap/2[com.quad.core.GameContainer,int]",numRowsToDraw,1
E:\OOD_Projects\ck-mvn-plugin\Quad-Engine-master\src\com\quad\Tile\TileMap.java,com.quad.Tile.TileMap,"TileMap/2[com.quad.core.GameContainer,int]",tileSize,5
E:\OOD_Projects\ck-mvn-plugin\Quad-Engine-master\src\com\quad\Tile\TileMap.java,com.quad.Tile.TileMap,"TileMap/2[com.quad.core.GameContainer,int]",numColsToDraw,1
E:\OOD_Projects\ck-mvn-plugin\Quad-Engine-master\src\com\quad\Tile\TileMap.java,com.quad.Tile.TileMap,"TileMap/2[com.quad.core.GameContainer,int]",gc,5
E:\OOD_Projects\ck-mvn-plugin\Quad-Engine-master\src\com\quad\Tile\TileMap.java,com.quad.Tile.TileMap,render/1[com.quad.core.Renderer],rowOffset,2
E:\OOD_Projects\ck-mvn-plugin\Quad-Engine-master\src\com\quad\Tile\TileMap.java,com.quad.Tile.TileMap,render/1[com.quad.core.Renderer],tiles,3
E:\OOD_Projects\ck-mvn-plugin\Quad-Engine-master\src\com\quad\Tile\TileMap.java,com.quad.Tile.TileMap,render/1[com.quad.core.Renderer],numRowsToDraw,1
E:\OOD_Projects\ck-mvn-plugin\Quad-Engine-master\src\com\quad\Tile\TileMap.java,com.quad.Tile.TileMap,render/1[com.quad.core.Renderer],numRows,1
E:\OOD_Projects\ck-mvn-plugin\Quad-Engine-master\src\com\quad\Tile\TileMap.java,com.quad.Tile.TileMap,render/1[com.quad.core.Renderer],colOffset,2
E:\OOD_Projects\ck-mvn-plugin\Quad-Engine-master\src\com\quad\Tile\TileMap.java,com.quad.Tile.TileMap,render/1[com.quad.core.Renderer],tileSize,2
E:\OOD_Projects\ck-mvn-plugin\Quad-Engine-master\src\com\quad\Tile\TileMap.java,com.quad.Tile.TileMap,render/1[com.quad.core.Renderer],x,2
E:\OOD_Projects\ck-mvn-plugin\Quad-Engine-master\src\com\quad\Tile\TileMap.java,com.quad.Tile.TileMap,render/1[com.quad.core.Renderer],numColsToDraw,1
E:\OOD_Projects\ck-mvn-plugin\Quad-Engine-master\src\com\quad\Tile\TileMap.java,com.quad.Tile.TileMap,render/1[com.quad.core.Renderer],y,2
E:\OOD_Projects\ck-mvn-plugin\Quad-Engine-master\src\com\quad\Tile\TileMap.java,com.quad.Tile.TileMap,render/1[com.quad.core.Renderer],numCols,1
E:\OOD_Projects\ck-mvn-plugin\Quad-Engine-master\src\com\quad\Tile\TileMap.java,com.quad.Tile.TileMap,render/1[com.quad.core.Renderer],map,2
E:\OOD_Projects\ck-mvn-plugin\Quad-Engine-master\src\com\quad\Tile\TileMap.java,com.quad.Tile.TileMap,render/1[com.quad.core.Renderer],numTilesAcross,2
E:\OOD_Projects\ck-mvn-plugin\Quad-Engine-master\src\com\quad\Tile\TileMap.java,com.quad.Tile.TileMap,getHeight/0,height,1
E:\OOD_Projects\ck-mvn-plugin\Quad-Engine-master\src\com\quad\Tile\TileMap.java,com.quad.Tile.TileMap,fixBounds/0,ymin,2
E:\OOD_Projects\ck-mvn-plugin\Quad-Engine-master\src\com\quad\Tile\TileMap.java,com.quad.Tile.TileMap,fixBounds/0,xmin,2
E:\OOD_Projects\ck-mvn-plugin\Quad-Engine-master\src\com\quad\Tile\TileMap.java,com.quad.Tile.TileMap,fixBounds/0,ymax,2
E:\OOD_Projects\ck-mvn-plugin\Quad-Engine-master\src\com\quad\Tile\TileMap.java,com.quad.Tile.TileMap,fixBounds/0,xmax,2
E:\OOD_Projects\ck-mvn-plugin\Quad-Engine-master\src\com\quad\Tile\TileMap.java,com.quad.Tile.TileMap,fixBounds/0,x,4
E:\OOD_Projects\ck-mvn-plugin\Quad-Engine-master\src\com\quad\Tile\TileMap.java,com.quad.Tile.TileMap,fixBounds/0,y,4
E:\OOD_Projects\ck-mvn-plugin\Quad-Engine-master\src\com\quad\Tile\TileMap.java,com.quad.Tile.TileMap,getNumCols/0,numCols,1
E:\OOD_Projects\ck-mvn-plugin\Quad-Engine-master\src\com\quad\Tile\TileMap.java,com.quad.Tile.TileMap,getXmin/0,xmin,1
E:\OOD_Projects\ck-mvn-plugin\Quad-Engine-master\src\com\quad\Tile\TileMap.java,com.quad.Tile.TileMap,getYmax/0,xmin,1
E:\OOD_Projects\ck-mvn-plugin\Quad-Engine-master\src\com\quad\Tile\TileMap.java,com.quad.Tile.TileMap,getNumRows/0,numRows,1
E:\OOD_Projects\ck-mvn-plugin\Quad-Engine-master\src\com\quad\Tile\TileMap.java,com.quad.Tile.TileMap,"getIndex/2[int,int]",map,1
E:\OOD_Projects\ck-mvn-plugin\Quad-Engine-master\src\com\quad\Tile\TileMap.java,com.quad.Tile.TileMap,"setTile/3[int,int,int]",map,1
E:\OOD_Projects\ck-mvn-plugin\Quad-Engine-master\src\com\quad\Tile\TileMap.java,com.quad.Tile.TileMap,"setPosition/2[double,double]",rowOffset,1
E:\OOD_Projects\ck-mvn-plugin\Quad-Engine-master\src\com\quad\Tile\TileMap.java,com.quad.Tile.TileMap,"setPosition/2[double,double]",tween,2
E:\OOD_Projects\ck-mvn-plugin\Quad-Engine-master\src\com\quad\Tile\TileMap.java,com.quad.Tile.TileMap,"setPosition/2[double,double]",colOffset,1
E:\OOD_Projects\ck-mvn-plugin\Quad-Engine-master\src\com\quad\Tile\TileMap.java,com.quad.Tile.TileMap,"setPosition/2[double,double]",tileSize,2
E:\OOD_Projects\ck-mvn-plugin\Quad-Engine-master\src\com\quad\Tile\TileMap.java,com.quad.Tile.TileMap,"setPosition/2[double,double]",x,7
E:\OOD_Projects\ck-mvn-plugin\Quad-Engine-master\src\com\quad\Tile\TileMap.java,com.quad.Tile.TileMap,"setPosition/2[double,double]",width,1
E:\OOD_Projects\ck-mvn-plugin\Quad-Engine-master\src\com\quad\Tile\TileMap.java,com.quad.Tile.TileMap,"setPosition/2[double,double]",y,7
E:\OOD_Projects\ck-mvn-plugin\Quad-Engine-master\src\com\quad\Tile\TileMap.java,com.quad.Tile.TileMap,"setPosition/2[double,double]",gc,2
E:\OOD_Projects\ck-mvn-plugin\Quad-Engine-master\src\com\quad\Tile\TileMap.java,com.quad.Tile.TileMap,"setPosition/2[double,double]",height,1
E:\OOD_Projects\ck-mvn-plugin\Quad-Engine-master\src\com\quad\Tile\TileMap.java,com.quad.Tile.TileMap,update/1[float],intensity,4
E:\OOD_Projects\ck-mvn-plugin\Quad-Engine-master\src\com\quad\Tile\TileMap.java,com.quad.Tile.TileMap,update/1[float],tween,1
E:\OOD_Projects\ck-mvn-plugin\Quad-Engine-master\src\com\quad\Tile\TileMap.java,com.quad.Tile.TileMap,update/1[float],x,1
E:\OOD_Projects\ck-mvn-plugin\Quad-Engine-master\src\com\quad\Tile\TileMap.java,com.quad.Tile.TileMap,update/1[float],y,1
E:\OOD_Projects\ck-mvn-plugin\Quad-Engine-master\src\com\quad\Tile\TileMap.java,com.quad.Tile.TileMap,update/1[float],shaking,1
E:\OOD_Projects\ck-mvn-plugin\Quad-Engine-master\src\com\quad\Tile\TileMap.java,com.quad.Tile.TileMap,getWidth/0,width,1
E:\OOD_Projects\ck-mvn-plugin\Quad-Engine-master\src\com\quad\Tile\TileMap.java,com.quad.Tile.TileMap,setX/1[float],x,3
E:\OOD_Projects\ck-mvn-plugin\Quad-Engine-master\src\com\quad\Tile\TileMap.java,com.quad.Tile.TileMap,getNumRowsToDraw/0,numRowsToDraw,1
E:\OOD_Projects\ck-mvn-plugin\Quad-Engine-master\src\com\quad\Tile\TileMap.java,com.quad.Tile.TileMap,gety/0,y,1
E:\OOD_Projects\ck-mvn-plugin\Quad-Engine-master\src\com\quad\Tile\TileMap.java,com.quad.Tile.TileMap,"setBounds/4[int,int,int,int]",ymin,1
E:\OOD_Projects\ck-mvn-plugin\Quad-Engine-master\src\com\quad\Tile\TileMap.java,com.quad.Tile.TileMap,"setBounds/4[int,int,int,int]",xmin,1
E:\OOD_Projects\ck-mvn-plugin\Quad-Engine-master\src\com\quad\Tile\TileMap.java,com.quad.Tile.TileMap,"setBounds/4[int,int,int,int]",ymax,1
E:\OOD_Projects\ck-mvn-plugin\Quad-Engine-master\src\com\quad\Tile\TileMap.java,com.quad.Tile.TileMap,"setBounds/4[int,int,int,int]",xmax,1
E:\OOD_Projects\ck-mvn-plugin\Quad-Engine-master\src\com\quad\Tile\TileMap.java,com.quad.Tile.TileMap,"setBounds/4[int,int,int,int]",gc,2
E:\OOD_Projects\ck-mvn-plugin\Quad-Engine-master\src\com\quad\Tile\TileMap.java,com.quad.Tile.TileMap,"setShaking/2[boolean,int]",intensity,1
E:\OOD_Projects\ck-mvn-plugin\Quad-Engine-master\src\com\quad\Tile\TileMap.java,com.quad.Tile.TileMap,"setShaking/2[boolean,int]",shaking,1
E:\OOD_Projects\ck-mvn-plugin\Quad-Engine-master\src\com\quad\Tile\TileMap.java,com.quad.Tile.TileMap,loadTiles/1[java.lang.String],tiles,5
E:\OOD_Projects\ck-mvn-plugin\Quad-Engine-master\src\com\quad\Tile\TileMap.java,com.quad.Tile.TileMap,loadTiles/1[java.lang.String],tileset,4
E:\OOD_Projects\ck-mvn-plugin\Quad-Engine-master\src\com\quad\Tile\TileMap.java,com.quad.Tile.TileMap,loadTiles/1[java.lang.String],tileSize,8
E:\OOD_Projects\ck-mvn-plugin\Quad-Engine-master\src\com\quad\Tile\TileMap.java,com.quad.Tile.TileMap,loadTiles/1[java.lang.String],numTilesAcross,3
E:\OOD_Projects\ck-mvn-plugin\Quad-Engine-master\src\com\quad\Tile\TileMap.java,com.quad.Tile.TileMap,getTileSize/0,tileSize,1
E:\OOD_Projects\ck-mvn-plugin\Quad-Engine-master\src\com\quad\Tile\TileMap.java,com.quad.Tile.TileMap,"getType/2[int,int]",tiles,1
E:\OOD_Projects\ck-mvn-plugin\Quad-Engine-master\src\com\quad\Tile\TileMap.java,com.quad.Tile.TileMap,"getType/2[int,int]",map,1
E:\OOD_Projects\ck-mvn-plugin\Quad-Engine-master\src\com\quad\Tile\TileMap.java,com.quad.Tile.TileMap,"getType/2[int,int]",numTilesAcross,2
E:\OOD_Projects\ck-mvn-plugin\Quad-Engine-master\src\com\quad\core\components\GameObject.java,com.quad.core.components.GameObject,"setPosition/2[double,double]",x,3
E:\OOD_Projects\ck-mvn-plugin\Quad-Engine-master\src\com\quad\core\components\GameObject.java,com.quad.core.components.GameObject,"setPosition/2[double,double]",y,3
E:\OOD_Projects\ck-mvn-plugin\Quad-Engine-master\src\com\quad\core\components\GameObject.java,com.quad.core.components.GameObject,setTag/1[java.lang.String],tag,3
E:\OOD_Projects\ck-mvn-plugin\Quad-Engine-master\src\com\quad\core\components\GameObject.java,com.quad.core.components.GameObject,setDead/1[boolean],dead,3
E:\OOD_Projects\ck-mvn-plugin\Quad-Engine-master\src\com\quad\core\components\GameObject.java,com.quad.core.components.GameObject,setW/1[int],width,1
E:\OOD_Projects\ck-mvn-plugin\Quad-Engine-master\src\com\quad\core\components\GameObject.java,com.quad.core.components.GameObject,setY/1[double],y,3
E:\OOD_Projects\ck-mvn-plugin\Quad-Engine-master\src\com\quad\core\components\GameObject.java,com.quad.core.components.GameObject,getRectangle/0,x,1
E:\OOD_Projects\ck-mvn-plugin\Quad-Engine-master\src\com\quad\core\components\GameObject.java,com.quad.core.components.GameObject,getRectangle/0,y,1
E:\OOD_Projects\ck-mvn-plugin\Quad-Engine-master\src\com\quad\core\components\GameObject.java,com.quad.core.components.GameObject,getRectangle/0,coffy,1
E:\OOD_Projects\ck-mvn-plugin\Quad-Engine-master\src\com\quad\core\components\GameObject.java,com.quad.core.components.GameObject,getRectangle/0,cheight,2
E:\OOD_Projects\ck-mvn-plugin\Quad-Engine-master\src\com\quad\core\components\GameObject.java,com.quad.core.components.GameObject,getRectangle/0,cwidth,2
E:\OOD_Projects\ck-mvn-plugin\Quad-Engine-master\src\com\quad\core\components\GameObject.java,com.quad.core.components.GameObject,checkTileMapCollision/0,bottomLeft,3
E:\OOD_Projects\ck-mvn-plugin\Quad-Engine-master\src\com\quad\core\components\GameObject.java,com.quad.core.components.GameObject,checkTileMapCollision/0,falling,3
E:\OOD_Projects\ck-mvn-plugin\Quad-Engine-master\src\com\quad\core\components\GameObject.java,com.quad.core.components.GameObject,checkTileMapCollision/0,colTile,1
E:\OOD_Projects\ck-mvn-plugin\Quad-Engine-master\src\com\quad\core\components\GameObject.java,com.quad.core.components.GameObject,checkTileMapCollision/0,currRow,2
E:\OOD_Projects\ck-mvn-plugin\Quad-Engine-master\src\com\quad\core\components\GameObject.java,com.quad.core.components.GameObject,checkTileMapCollision/0,ydest,3
E:\OOD_Projects\ck-mvn-plugin\Quad-Engine-master\src\com\quad\core\components\GameObject.java,com.quad.core.components.GameObject,checkTileMapCollision/0,currCol,2
E:\OOD_Projects\ck-mvn-plugin\Quad-Engine-master\src\com\quad\core\components\GameObject.java,com.quad.core.components.GameObject,checkTileMapCollision/0,bottomRight,3
E:\OOD_Projects\ck-mvn-plugin\Quad-Engine-master\src\com\quad\core\components\GameObject.java,com.quad.core.components.GameObject,checkTileMapCollision/0,topRight,2
E:\OOD_Projects\ck-mvn-plugin\Quad-Engine-master\src\com\quad\core\components\GameObject.java,com.quad.core.components.GameObject,checkTileMapCollision/0,cheight,1
E:\OOD_Projects\ck-mvn-plugin\Quad-Engine-master\src\com\quad\core\components\GameObject.java,com.quad.core.components.GameObject,checkTileMapCollision/0,rowTile,1
E:\OOD_Projects\ck-mvn-plugin\Quad-Engine-master\src\com\quad\core\components\GameObject.java,com.quad.core.components.GameObject,checkTileMapCollision/0,cwidth,1
E:\OOD_Projects\ck-mvn-plugin\Quad-Engine-master\src\com\quad\core\components\GameObject.java,com.quad.core.components.GameObject,checkTileMapCollision/0,xdest,2
E:\OOD_Projects\ck-mvn-plugin\Quad-Engine-master\src\com\quad\core\components\GameObject.java,com.quad.core.components.GameObject,checkTileMapCollision/0,ytemp,4
E:\OOD_Projects\ck-mvn-plugin\Quad-Engine-master\src\com\quad\core\components\GameObject.java,com.quad.core.components.GameObject,checkTileMapCollision/0,dx,7
E:\OOD_Projects\ck-mvn-plugin\Quad-Engine-master\src\com\quad\core\components\GameObject.java,com.quad.core.components.GameObject,checkTileMapCollision/0,dy,7
E:\OOD_Projects\ck-mvn-plugin\Quad-Engine-master\src\com\quad\core\components\GameObject.java,com.quad.core.components.GameObject,checkTileMapCollision/0,tileSize,6
E:\OOD_Projects\ck-mvn-plugin\Quad-Engine-master\src\com\quad\core\components\GameObject.java,com.quad.core.components.GameObject,checkTileMapCollision/0,topLeft,2
E:\OOD_Projects\ck-mvn-plugin\Quad-Engine-master\src\com\quad\core\components\GameObject.java,com.quad.core.components.GameObject,checkTileMapCollision/0,x,6
E:\OOD_Projects\ck-mvn-plugin\Quad-Engine-master\src\com\quad\core\components\GameObject.java,com.quad.core.components.GameObject,checkTileMapCollision/0,y,5
E:\OOD_Projects\ck-mvn-plugin\Quad-Engine-master\src\com\quad\core\components\GameObject.java,com.quad.core.components.GameObject,checkTileMapCollision/0,xtemp,4
E:\OOD_Projects\ck-mvn-plugin\Quad-Engine-master\src\com\quad\core\components\GameObject.java,com.quad.core.components.GameObject,getdy/0,dy,1
E:\OOD_Projects\ck-mvn-plugin\Quad-Engine-master\src\com\quad\core\components\GameObject.java,com.quad.core.components.GameObject,setUp/1[boolean],up,1
E:\OOD_Projects\ck-mvn-plugin\Quad-Engine-master\src\com\quad\core\components\GameObject.java,com.quad.core.components.GameObject,gety/0,y,1
E:\OOD_Projects\ck-mvn-plugin\Quad-Engine-master\src\com\quad\core\components\GameObject.java,com.quad.core.components.GameObject,isFacingRight/0,facingRight,1
E:\OOD_Projects\ck-mvn-plugin\Quad-Engine-master\src\com\quad\core\components\GameObject.java,com.quad.core.components.GameObject,setH/1[int],height,1
E:\OOD_Projects\ck-mvn-plugin\Quad-Engine-master\src\com\quad\core\components\GameObject.java,com.quad.core.components.GameObject,getW/0,width,1
E:\OOD_Projects\ck-mvn-plugin\Quad-Engine-master\src\com\quad\core\components\GameObject.java,com.quad.core.components.GameObject,getTag/0,tag,1
E:\OOD_Projects\ck-mvn-plugin\Quad-Engine-master\src\com\quad\core\components\GameObject.java,com.quad.core.components.GameObject,setX/1[double],x,3
E:\OOD_Projects\ck-mvn-plugin\Quad-Engine-master\src\com\quad\core\components\GameObject.java,com.quad.core.components.GameObject,setRight/1[boolean],right,1
E:\OOD_Projects\ck-mvn-plugin\Quad-Engine-master\src\com\quad\core\components\GameObject.java,com.quad.core.components.GameObject,getHeight/0,height,1
E:\OOD_Projects\ck-mvn-plugin\Quad-Engine-master\src\com\quad\core\components\GameObject.java,com.quad.core.components.GameObject,setLeft/1[boolean],left,1
E:\OOD_Projects\ck-mvn-plugin\Quad-Engine-master\src\com\quad\core\components\GameObject.java,com.quad.core.components.GameObject,"updateComponents/2[com.quad.core.GameContainer,float]",components,1
E:\OOD_Projects\ck-mvn-plugin\Quad-Engine-master\src\com\quad\core\components\GameObject.java,com.quad.core.components.GameObject,"renderComponents/2[com.quad.core.GameContainer,com.quad.core.Renderer]",components,1
E:\OOD_Projects\ck-mvn-plugin\Quad-Engine-master\src\com\quad\core\components\GameObject.java,com.quad.core.components.GameObject,"renderComponents/2[com.quad.core.GameContainer,com.quad.core.Renderer]",facingRight,1
E:\OOD_Projects\ck-mvn-plugin\Quad-Engine-master\src\com\quad\core\components\GameObject.java,com.quad.core.components.GameObject,"renderComponents/2[com.quad.core.GameContainer,com.quad.core.Renderer]",x,2
E:\OOD_Projects\ck-mvn-plugin\Quad-Engine-master\src\com\quad\core\components\GameObject.java,com.quad.core.components.GameObject,"renderComponents/2[com.quad.core.GameContainer,com.quad.core.Renderer]",width,5
E:\OOD_Projects\ck-mvn-plugin\Quad-Engine-master\src\com\quad\core\components\GameObject.java,com.quad.core.components.GameObject,"renderComponents/2[com.quad.core.GameContainer,com.quad.core.Renderer]",y,2
E:\OOD_Projects\ck-mvn-plugin\Quad-Engine-master\src\com\quad\core\components\GameObject.java,com.quad.core.components.GameObject,"renderComponents/2[com.quad.core.GameContainer,com.quad.core.Renderer]",ymap,3
E:\OOD_Projects\ck-mvn-plugin\Quad-Engine-master\src\com\quad\core\components\GameObject.java,com.quad.core.components.GameObject,"renderComponents/2[com.quad.core.GameContainer,com.quad.core.Renderer]",xmap,3
E:\OOD_Projects\ck-mvn-plugin\Quad-Engine-master\src\com\quad\core\components\GameObject.java,com.quad.core.components.GameObject,"renderComponents/2[com.quad.core.GameContainer,com.quad.core.Renderer]",animation,2
E:\OOD_Projects\ck-mvn-plugin\Quad-Engine-master\src\com\quad\core\components\GameObject.java,com.quad.core.components.GameObject,"renderComponents/2[com.quad.core.GameContainer,com.quad.core.Renderer]",height,4
E:\OOD_Projects\ck-mvn-plugin\Quad-Engine-master\src\com\quad\core\components\GameObject.java,com.quad.core.components.GameObject,getMovement/0,movement,1
E:\OOD_Projects\ck-mvn-plugin\Quad-Engine-master\src\com\quad\core\components\GameObject.java,com.quad.core.components.GameObject,getX/0,x,1
E:\OOD_Projects\ck-mvn-plugin\Quad-Engine-master\src\com\quad\core\components\GameObject.java,com.quad.core.components.GameObject,"setVector/2[double,double]",dx,3
E:\OOD_Projects\ck-mvn-plugin\Quad-Engine-master\src\com\quad\core\components\GameObject.java,com.quad.core.components.GameObject,"setVector/2[double,double]",dy,3
E:\OOD_Projects\ck-mvn-plugin\Quad-Engine-master\src\com\quad\core\components\GameObject.java,com.quad.core.components.GameObject,getCol/0,colTile,1
E:\OOD_Projects\ck-mvn-plugin\Quad-Engine-master\src\com\quad\core\components\GameObject.java,com.quad.core.components.GameObject,isDead/0,dead,1
E:\OOD_Projects\ck-mvn-plugin\Quad-Engine-master\src\com\quad\core\components\GameObject.java,com.quad.core.components.GameObject,getWidth/0,width,1
E:\OOD_Projects\ck-mvn-plugin\Quad-Engine-master\src\com\quad\core\components\GameObject.java,com.quad.core.components.GameObject,setDown/1[boolean],down,1
E:\OOD_Projects\ck-mvn-plugin\Quad-Engine-master\src\com\quad\core\components\GameObject.java,com.quad.core.components.GameObject,removeComponent/1[java.lang.String],components,3
E:\OOD_Projects\ck-mvn-plugin\Quad-Engine-master\src\com\quad\core\components\GameObject.java,com.quad.core.components.GameObject,removeComponent/1[java.lang.String],tag,2
E:\OOD_Projects\ck-mvn-plugin\Quad-Engine-master\src\com\quad\core\components\GameObject.java,com.quad.core.components.GameObject,"calculateCorners/2[double,double]",bottomLeft,2
E:\OOD_Projects\ck-mvn-plugin\Quad-Engine-master\src\com\quad\core\components\GameObject.java,com.quad.core.components.GameObject,"calculateCorners/2[double,double]",bottomRight,2
E:\OOD_Projects\ck-mvn-plugin\Quad-Engine-master\src\com\quad\core\components\GameObject.java,com.quad.core.components.GameObject,"calculateCorners/2[double,double]",tileSize,4
E:\OOD_Projects\ck-mvn-plugin\Quad-Engine-master\src\com\quad\core\components\GameObject.java,com.quad.core.components.GameObject,"calculateCorners/2[double,double]",topLeft,2
E:\OOD_Projects\ck-mvn-plugin\Quad-Engine-master\src\com\quad\core\components\GameObject.java,com.quad.core.components.GameObject,"calculateCorners/2[double,double]",x,3
E:\OOD_Projects\ck-mvn-plugin\Quad-Engine-master\src\com\quad\core\components\GameObject.java,com.quad.core.components.GameObject,"calculateCorners/2[double,double]",topRight,2
E:\OOD_Projects\ck-mvn-plugin\Quad-Engine-master\src\com\quad\core\components\GameObject.java,com.quad.core.components.GameObject,"calculateCorners/2[double,double]",y,3
E:\OOD_Projects\ck-mvn-plugin\Quad-Engine-master\src\com\quad\core\components\GameObject.java,com.quad.core.components.GameObject,"calculateCorners/2[double,double]",coffy,2
E:\OOD_Projects\ck-mvn-plugin\Quad-Engine-master\src\com\quad\core\components\GameObject.java,com.quad.core.components.GameObject,"calculateCorners/2[double,double]",coffx,2
E:\OOD_Projects\ck-mvn-plugin\Quad-Engine-master\src\com\quad\core\components\GameObject.java,com.quad.core.components.GameObject,"calculateCorners/2[double,double]",cheight,2
E:\OOD_Projects\ck-mvn-plugin\Quad-Engine-master\src\com\quad\core\components\GameObject.java,com.quad.core.components.GameObject,"calculateCorners/2[double,double]",cwidth,2
E:\OOD_Projects\ck-mvn-plugin\Quad-Engine-master\src\com\quad\core\components\GameObject.java,com.quad.core.components.GameObject,"calculateCorners/2[double,double]",tileMap,6
E:\OOD_Projects\ck-mvn-plugin\Quad-Engine-master\src\com\quad\core\components\GameObject.java,com.quad.core.components.GameObject,getdx/0,dx,1
E:\OOD_Projects\ck-mvn-plugin\Quad-Engine-master\src\com\quad\core\components\GameObject.java,com.quad.core.components.GameObject,setMovement/1[boolean],falling,1
E:\OOD_Projects\ck-mvn-plugin\Quad-Engine-master\src\com\quad\core\components\GameObject.java,com.quad.core.components.GameObject,setMovement/1[boolean],jumping,1
E:\OOD_Projects\ck-mvn-plugin\Quad-Engine-master\src\com\quad\core\components\GameObject.java,com.quad.core.components.GameObject,setMovement/1[boolean],left,1
E:\OOD_Projects\ck-mvn-plugin\Quad-Engine-master\src\com\quad\core\components\GameObject.java,com.quad.core.components.GameObject,setMovement/1[boolean],right,1
E:\OOD_Projects\ck-mvn-plugin\Quad-Engine-master\src\com\quad\core\components\GameObject.java,com.quad.core.components.GameObject,setMovement/1[boolean],movement,1
E:\OOD_Projects\ck-mvn-plugin\Quad-Engine-master\src\com\quad\core\components\GameObject.java,com.quad.core.components.GameObject,GameObject/1[com.quad.Tile.TileMap],tileSize,1
E:\OOD_Projects\ck-mvn-plugin\Quad-Engine-master\src\com\quad\core\components\GameObject.java,com.quad.core.components.GameObject,GameObject/1[com.quad.Tile.TileMap],facingRight,1
E:\OOD_Projects\ck-mvn-plugin\Quad-Engine-master\src\com\quad\core\components\GameObject.java,com.quad.core.components.GameObject,GameObject/1[com.quad.Tile.TileMap],tileMap,1
E:\OOD_Projects\ck-mvn-plugin\Quad-Engine-master\src\com\quad\core\components\GameObject.java,com.quad.core.components.GameObject,GameObject/1[com.quad.Tile.TileMap],animation,1
E:\OOD_Projects\ck-mvn-plugin\Quad-Engine-master\src\com\quad\core\components\GameObject.java,com.quad.core.components.GameObject,getx/0,x,1
E:\OOD_Projects\ck-mvn-plugin\Quad-Engine-master\src\com\quad\core\components\GameObject.java,com.quad.core.components.GameObject,getRow/0,rowTile,1
E:\OOD_Projects\ck-mvn-plugin\Quad-Engine-master\src\com\quad\core\components\GameObject.java,com.quad.core.components.GameObject,addComponent/1[com.quad.core.components.Component],components,1
E:\OOD_Projects\ck-mvn-plugin\Quad-Engine-master\src\com\quad\core\components\GameObject.java,com.quad.core.components.GameObject,getCHeight/0,cheight,1
E:\OOD_Projects\ck-mvn-plugin\Quad-Engine-master\src\com\quad\core\components\GameObject.java,com.quad.core.components.GameObject,getCWidth/0,cwidth,1
E:\OOD_Projects\ck-mvn-plugin\Quad-Engine-master\src\com\quad\core\components\GameObject.java,com.quad.core.components.GameObject,setJumping/1[boolean],jumping,1
E:\OOD_Projects\ck-mvn-plugin\Quad-Engine-master\src\com\quad\core\components\GameObject.java,com.quad.core.components.GameObject,notOnScreen/0,x,2
E:\OOD_Projects\ck-mvn-plugin\Quad-Engine-master\src\com\quad\core\components\GameObject.java,com.quad.core.components.GameObject,notOnScreen/0,width,2
E:\OOD_Projects\ck-mvn-plugin\Quad-Engine-master\src\com\quad\core\components\GameObject.java,com.quad.core.components.GameObject,notOnScreen/0,y,2
E:\OOD_Projects\ck-mvn-plugin\Quad-Engine-master\src\com\quad\core\components\GameObject.java,com.quad.core.components.GameObject,notOnScreen/0,ymap,2
E:\OOD_Projects\ck-mvn-plugin\Quad-Engine-master\src\com\quad\core\components\GameObject.java,com.quad.core.components.GameObject,notOnScreen/0,xmap,2
E:\OOD_Projects\ck-mvn-plugin\Quad-Engine-master\src\com\quad\core\components\GameObject.java,com.quad.core.components.GameObject,notOnScreen/0,height,2
E:\OOD_Projects\ck-mvn-plugin\Quad-Engine-master\src\com\quad\core\components\GameObject.java,com.quad.core.components.GameObject,getY/0,y,1
E:\OOD_Projects\ck-mvn-plugin\Quad-Engine-master\src\com\quad\core\components\GameObject.java,com.quad.core.components.GameObject,setMapPosition/0,ymap,1
E:\OOD_Projects\ck-mvn-plugin\Quad-Engine-master\src\com\quad\core\components\GameObject.java,com.quad.core.components.GameObject,setMapPosition/0,xmap,1
E:\OOD_Projects\ck-mvn-plugin\Quad-Engine-master\src\com\quad\core\components\GameObject.java,com.quad.core.components.GameObject,setMapPosition/0,tileMap,2
E:\OOD_Projects\ck-mvn-plugin\Quad-Engine-master\src\com\quad\core\components\GameObject.java,com.quad.core.components.GameObject,getH/0,height,1
E:\OOD_Projects\ck-mvn-plugin\Quad-Engine-master\src\com\quad\core\components\ObjectManager.java,com.quad.core.components.ObjectManager,addObject/1[com.quad.core.components.GameObject],objects,1
E:\OOD_Projects\ck-mvn-plugin\Quad-Engine-master\src\com\quad\core\components\ObjectManager.java,com.quad.core.components.ObjectManager,"renderObjects/2[com.quad.core.GameContainer,com.quad.core.Renderer]",objects,2
E:\OOD_Projects\ck-mvn-plugin\Quad-Engine-master\src\com\quad\core\components\ObjectManager.java,com.quad.core.components.ObjectManager,"updateObjects/2[com.quad.core.GameContainer,float]",objects,4
E:\OOD_Projects\ck-mvn-plugin\Quad-Engine-master\src\com\quad\core\components\ObjectManager.java,com.quad.core.components.ObjectManager,findObject/1[java.lang.String],objects,1
E:\OOD_Projects\ck-mvn-plugin\Quad-Engine-master\src\com\quad\core\components\ObjectManager.java,com.quad.core.components.ObjectManager,diposeObjects/0,objects,1
E:\OOD_Projects\ck-mvn-plugin\Quad-Engine-master\src\com\quad\core\AbstractGame.java,com.quad.core.AbstractGame,"render/2[com.quad.core.GameContainer,com.quad.core.Renderer]",paused,1
E:\OOD_Projects\ck-mvn-plugin\Quad-Engine-master\src\com\quad\core\AbstractGame.java,com.quad.core.AbstractGame,"render/2[com.quad.core.GameContainer,com.quad.core.Renderer]",currentState,2
E:\OOD_Projects\ck-mvn-plugin\Quad-Engine-master\src\com\quad\core\AbstractGame.java,com.quad.core.AbstractGame,"render/2[com.quad.core.GameContainer,com.quad.core.Renderer]",states,2
E:\OOD_Projects\ck-mvn-plugin\Quad-Engine-master\src\com\quad\core\AbstractGame.java,com.quad.core.AbstractGame,unloadState/1[int],states,1
E:\OOD_Projects\ck-mvn-plugin\Quad-Engine-master\src\com\quad\core\AbstractGame.java,com.quad.core.AbstractGame,init/1[com.quad.core.GameContainer],paused,1
E:\OOD_Projects\ck-mvn-plugin\Quad-Engine-master\src\com\quad\core\AbstractGame.java,com.quad.core.AbstractGame,init/1[com.quad.core.GameContainer],currentState,2
E:\OOD_Projects\ck-mvn-plugin\Quad-Engine-master\src\com\quad\core\AbstractGame.java,com.quad.core.AbstractGame,init/1[com.quad.core.GameContainer],states,2
E:\OOD_Projects\ck-mvn-plugin\Quad-Engine-master\src\com\quad\core\AbstractGame.java,com.quad.core.AbstractGame,AbstractGame/0,NUMSTATES,1
E:\OOD_Projects\ck-mvn-plugin\Quad-Engine-master\src\com\quad\core\AbstractGame.java,com.quad.core.AbstractGame,AbstractGame/0,currentState,1
E:\OOD_Projects\ck-mvn-plugin\Quad-Engine-master\src\com\quad\core\AbstractGame.java,com.quad.core.AbstractGame,AbstractGame/0,states,1
E:\OOD_Projects\ck-mvn-plugin\Quad-Engine-master\src\com\quad\core\AbstractGame.java,com.quad.core.AbstractGame,"update/2[com.quad.core.GameContainer,float]",paused,1
E:\OOD_Projects\ck-mvn-plugin\Quad-Engine-master\src\com\quad\core\AbstractGame.java,com.quad.core.AbstractGame,"update/2[com.quad.core.GameContainer,float]",currentState,2
E:\OOD_Projects\ck-mvn-plugin\Quad-Engine-master\src\com\quad\core\AbstractGame.java,com.quad.core.AbstractGame,"update/2[com.quad.core.GameContainer,float]",states,2
E:\OOD_Projects\ck-mvn-plugin\Quad-Engine-master\src\com\quad\core\AbstractGame.java,com.quad.core.AbstractGame,"setState/2[com.quad.core.GameContainer,int]",currentState,3
E:\OOD_Projects\ck-mvn-plugin\Quad-Engine-master\src\com\quad\core\AbstractGame.java,com.quad.core.AbstractGame,"setPaused/2[com.quad.core.GameContainer,boolean]",paused,2
E:\OOD_Projects\ck-mvn-plugin\Quad-Engine-master\src\com\quad\core\fx\LightRequest.java,com.quad.core.fx.LightRequest,"LightRequest/3[com.quad.core.fx.Light,int,int]",light,3
E:\OOD_Projects\ck-mvn-plugin\Quad-Engine-master\src\com\quad\core\fx\LightRequest.java,com.quad.core.fx.LightRequest,"LightRequest/3[com.quad.core.fx.Light,int,int]",x,3
E:\OOD_Projects\ck-mvn-plugin\Quad-Engine-master\src\com\quad\core\fx\LightRequest.java,com.quad.core.fx.LightRequest,"LightRequest/3[com.quad.core.fx.Light,int,int]",y,3
E:\OOD_Projects\ck-mvn-plugin\Quad-Engine-master\src\com\quad\core\fx\SoundClip.java,com.quad.core.fx.SoundClip,getFrames/1[java.lang.String],clips,1
E:\OOD_Projects\ck-mvn-plugin\Quad-Engine-master\src\com\quad\core\fx\SoundClip.java,com.quad.core.fx.SoundClip,init/0,clips,1
E:\OOD_Projects\ck-mvn-plugin\Quad-Engine-master\src\com\quad\core\fx\SoundClip.java,com.quad.core.fx.SoundClip,init/0,gap,1
E:\OOD_Projects\ck-mvn-plugin\Quad-Engine-master\src\com\quad\core\fx\SoundClip.java,com.quad.core.fx.SoundClip,getPosition/1[java.lang.String],clips,1
E:\OOD_Projects\ck-mvn-plugin\Quad-Engine-master\src\com\quad\core\fx\SoundClip.java,com.quad.core.fx.SoundClip,"play/2[java.lang.String,int]",clips,1
E:\OOD_Projects\ck-mvn-plugin\Quad-Engine-master\src\com\quad\core\fx\SoundClip.java,com.quad.core.fx.SoundClip,"play/2[java.lang.String,int]",mute,1
E:\OOD_Projects\ck-mvn-plugin\Quad-Engine-master\src\com\quad\core\fx\SoundClip.java,com.quad.core.fx.SoundClip,"setPosition/2[java.lang.String,int]",clips,1
E:\OOD_Projects\ck-mvn-plugin\Quad-Engine-master\src\com\quad\core\fx\SoundClip.java,com.quad.core.fx.SoundClip,play/1[java.lang.String],gap,1
E:\OOD_Projects\ck-mvn-plugin\Quad-Engine-master\src\com\quad\core\fx\SoundClip.java,com.quad.core.fx.SoundClip,"loop/2[java.lang.String,int]",clips,1
E:\OOD_Projects\ck-mvn-plugin\Quad-Engine-master\src\com\quad\core\fx\SoundClip.java,com.quad.core.fx.SoundClip,"loop/2[java.lang.String,int]",gap,1
E:\OOD_Projects\ck-mvn-plugin\Quad-Engine-master\src\com\quad\core\fx\SoundClip.java,com.quad.core.fx.SoundClip,"loop/3[java.lang.String,int,int]",gap,1
E:\OOD_Projects\ck-mvn-plugin\Quad-Engine-master\src\com\quad\core\fx\SoundClip.java,com.quad.core.fx.SoundClip,resume/1[java.lang.String],clips,2
E:\OOD_Projects\ck-mvn-plugin\Quad-Engine-master\src\com\quad\core\fx\SoundClip.java,com.quad.core.fx.SoundClip,resume/1[java.lang.String],mute,1
E:\OOD_Projects\ck-mvn-plugin\Quad-Engine-master\src\com\quad\core\fx\SoundClip.java,com.quad.core.fx.SoundClip,loop/1[java.lang.String],clips,1
E:\OOD_Projects\ck-mvn-plugin\Quad-Engine-master\src\com\quad\core\fx\SoundClip.java,com.quad.core.fx.SoundClip,loop/1[java.lang.String],gap,2
E:\OOD_Projects\ck-mvn-plugin\Quad-Engine-master\src\com\quad\core\fx\SoundClip.java,com.quad.core.fx.SoundClip,"load/2[java.lang.String,java.lang.String]",clips,2
E:\OOD_Projects\ck-mvn-plugin\Quad-Engine-master\src\com\quad\core\fx\SoundClip.java,com.quad.core.fx.SoundClip,stop/1[java.lang.String],clips,3
E:\OOD_Projects\ck-mvn-plugin\Quad-Engine-master\src\com\quad\core\fx\SoundClip.java,com.quad.core.fx.SoundClip,"loop/4[java.lang.String,int,int,int]",clips,3
E:\OOD_Projects\ck-mvn-plugin\Quad-Engine-master\src\com\quad\core\fx\SoundClip.java,com.quad.core.fx.SoundClip,"loop/4[java.lang.String,int,int,int]",mute,1
E:\OOD_Projects\ck-mvn-plugin\Quad-Engine-master\src\com\quad\core\fx\SoundClip.java,com.quad.core.fx.SoundClip,close/1[java.lang.String],clips,1
E:\OOD_Projects\ck-mvn-plugin\Quad-Engine-master\src\com\quad\core\fx\ImageTile.java,com.quad.core.fx.ImageTile,"ImageTile/3[java.lang.String,int,int]",tileWidth,3
E:\OOD_Projects\ck-mvn-plugin\Quad-Engine-master\src\com\quad\core\fx\ImageTile.java,com.quad.core.fx.ImageTile,"ImageTile/3[java.lang.String,int,int]",tileHeight,3
E:\OOD_Projects\ck-mvn-plugin\Quad-Engine-master\src\com\quad\core\fx\Light.java,com.quad.core.fx.Light,"setPosition/2[int,int]",x,3
E:\OOD_Projects\ck-mvn-plugin\Quad-Engine-master\src\com\quad\core\fx\Light.java,com.quad.core.fx.Light,"setPosition/2[int,int]",y,3
E:\OOD_Projects\ck-mvn-plugin\Quad-Engine-master\src\com\quad\core\fx\Light.java,com.quad.core.fx.Light,"getLightValue/2[int,int]",lm,1
E:\OOD_Projects\ck-mvn-plugin\Quad-Engine-master\src\com\quad\core\fx\Light.java,com.quad.core.fx.Light,"getLightValue/2[int,int]",diameter,3
E:\OOD_Projects\ck-mvn-plugin\Quad-Engine-master\src\com\quad\core\fx\Light.java,com.quad.core.fx.Light,"getLightValue/2[int,int]",x,4
E:\OOD_Projects\ck-mvn-plugin\Quad-Engine-master\src\com\quad\core\fx\Light.java,com.quad.core.fx.Light,"getLightValue/2[int,int]",y,4
E:\OOD_Projects\ck-mvn-plugin\Quad-Engine-master\src\com\quad\core\fx\Light.java,com.quad.core.fx.Light,"Light/2[int,int]",lm,3
E:\OOD_Projects\ck-mvn-plugin\Quad-Engine-master\src\com\quad\core\fx\Light.java,com.quad.core.fx.Light,"Light/2[int,int]",color,4
E:\OOD_Projects\ck-mvn-plugin\Quad-Engine-master\src\com\quad\core\fx\Light.java,com.quad.core.fx.Light,"Light/2[int,int]",diameter,7
E:\OOD_Projects\ck-mvn-plugin\Quad-Engine-master\src\com\quad\core\fx\Light.java,com.quad.core.fx.Light,"Light/2[int,int]",radius,10
E:\OOD_Projects\ck-mvn-plugin\Quad-Engine-master\src\com\quad\core\fx\Light.java,com.quad.core.fx.Light,getY/0,y,1
E:\OOD_Projects\ck-mvn-plugin\Quad-Engine-master\src\com\quad\core\fx\Light.java,com.quad.core.fx.Light,getX/0,x,1
E:\OOD_Projects\ck-mvn-plugin\Quad-Engine-master\src\com\quad\Tile\Background.java,com.quad.Tile.Background,"setVector/2[double,double]",dx,3
E:\OOD_Projects\ck-mvn-plugin\Quad-Engine-master\src\com\quad\Tile\Background.java,com.quad.Tile.Background,"setVector/2[double,double]",dy,3
E:\OOD_Projects\ck-mvn-plugin\Quad-Engine-master\src\com\quad\Tile\Background.java,com.quad.Tile.Background,"setDimensions/2[int,int]",width,1
E:\OOD_Projects\ck-mvn-plugin\Quad-Engine-master\src\com\quad\Tile\Background.java,com.quad.Tile.Background,"setDimensions/2[int,int]",height,1
E:\OOD_Projects\ck-mvn-plugin\Quad-Engine-master\src\com\quad\Tile\Background.java,com.quad.Tile.Background,getx/0,x,1
E:\OOD_Projects\ck-mvn-plugin\Quad-Engine-master\src\com\quad\Tile\Background.java,com.quad.Tile.Background,gety/0,y,1
E:\OOD_Projects\ck-mvn-plugin\Quad-Engine-master\src\com\quad\Tile\Background.java,com.quad.Tile.Background,update/0,dx,1
E:\OOD_Projects\ck-mvn-plugin\Quad-Engine-master\src\com\quad\Tile\Background.java,com.quad.Tile.Background,update/0,dy,2
E:\OOD_Projects\ck-mvn-plugin\Quad-Engine-master\src\com\quad\Tile\Background.java,com.quad.Tile.Background,update/0,x,5
E:\OOD_Projects\ck-mvn-plugin\Quad-Engine-master\src\com\quad\Tile\Background.java,com.quad.Tile.Background,update/0,width,4
E:\OOD_Projects\ck-mvn-plugin\Quad-Engine-master\src\com\quad\Tile\Background.java,com.quad.Tile.Background,update/0,y,6
E:\OOD_Projects\ck-mvn-plugin\Quad-Engine-master\src\com\quad\Tile\Background.java,com.quad.Tile.Background,update/0,height,4
E:\OOD_Projects\ck-mvn-plugin\Quad-Engine-master\src\com\quad\Tile\Background.java,com.quad.Tile.Background,"setPosition/2[double,double]",x,3
E:\OOD_Projects\ck-mvn-plugin\Quad-Engine-master\src\com\quad\Tile\Background.java,com.quad.Tile.Background,"setPosition/2[double,double]",width,1
E:\OOD_Projects\ck-mvn-plugin\Quad-Engine-master\src\com\quad\Tile\Background.java,com.quad.Tile.Background,"setPosition/2[double,double]",y,3
E:\OOD_Projects\ck-mvn-plugin\Quad-Engine-master\src\com\quad\Tile\Background.java,com.quad.Tile.Background,"setPosition/2[double,double]",xscale,1
E:\OOD_Projects\ck-mvn-plugin\Quad-Engine-master\src\com\quad\Tile\Background.java,com.quad.Tile.Background,"setPosition/2[double,double]",yscale,1
E:\OOD_Projects\ck-mvn-plugin\Quad-Engine-master\src\com\quad\Tile\Background.java,com.quad.Tile.Background,"setPosition/2[double,double]",height,1
E:\OOD_Projects\ck-mvn-plugin\Quad-Engine-master\src\com\quad\Tile\Background.java,com.quad.Tile.Background,"Background/3[java.lang.String,double,double]",image,1
E:\OOD_Projects\ck-mvn-plugin\Quad-Engine-master\src\com\quad\Tile\Background.java,com.quad.Tile.Background,"Background/3[java.lang.String,double,double]",width,1
E:\OOD_Projects\ck-mvn-plugin\Quad-Engine-master\src\com\quad\Tile\Background.java,com.quad.Tile.Background,"Background/3[java.lang.String,double,double]",xscale,1
E:\OOD_Projects\ck-mvn-plugin\Quad-Engine-master\src\com\quad\Tile\Background.java,com.quad.Tile.Background,"Background/3[java.lang.String,double,double]",yscale,1
E:\OOD_Projects\ck-mvn-plugin\Quad-Engine-master\src\com\quad\Tile\Background.java,com.quad.Tile.Background,"Background/3[java.lang.String,double,double]",height,1
E:\OOD_Projects\ck-mvn-plugin\Quad-Engine-master\src\com\quad\Tile\Background.java,com.quad.Tile.Background,draw/1[com.quad.core.Renderer],image,3
E:\OOD_Projects\ck-mvn-plugin\Quad-Engine-master\src\com\quad\Tile\Background.java,com.quad.Tile.Background,draw/1[com.quad.core.Renderer],x,5
E:\OOD_Projects\ck-mvn-plugin\Quad-Engine-master\src\com\quad\Tile\Background.java,com.quad.Tile.Background,draw/1[com.quad.core.Renderer],y,3
E:\OOD_Projects\ck-mvn-plugin\Quad-Engine-master\src\com\quad\Tile\Background.java,com.quad.Tile.Background,"setPosition/4[double,double,int,int]",x,3
E:\OOD_Projects\ck-mvn-plugin\Quad-Engine-master\src\com\quad\Tile\Background.java,com.quad.Tile.Background,"setPosition/4[double,double,int,int]",width,1
E:\OOD_Projects\ck-mvn-plugin\Quad-Engine-master\src\com\quad\Tile\Background.java,com.quad.Tile.Background,"setPosition/4[double,double,int,int]",y,3
E:\OOD_Projects\ck-mvn-plugin\Quad-Engine-master\src\com\quad\Tile\Background.java,com.quad.Tile.Background,"setPosition/4[double,double,int,int]",xscale,1
E:\OOD_Projects\ck-mvn-plugin\Quad-Engine-master\src\com\quad\Tile\Background.java,com.quad.Tile.Background,"setPosition/4[double,double,int,int]",yscale,1
E:\OOD_Projects\ck-mvn-plugin\Quad-Engine-master\src\com\quad\Tile\Background.java,com.quad.Tile.Background,"setPosition/4[double,double,int,int]",height,1
E:\OOD_Projects\ck-mvn-plugin\Quad-Engine-master\src\com\quad\Tile\Background.java,com.quad.Tile.Background,"Background/6[java.lang.String,double,int,int,int,int]",image,3
E:\OOD_Projects\ck-mvn-plugin\Quad-Engine-master\src\com\quad\Tile\Background.java,com.quad.Tile.Background,"Background/6[java.lang.String,double,int,int,int,int]",x,2
E:\OOD_Projects\ck-mvn-plugin\Quad-Engine-master\src\com\quad\Tile\Background.java,com.quad.Tile.Background,"Background/6[java.lang.String,double,int,int,int,int]",width,1
E:\OOD_Projects\ck-mvn-plugin\Quad-Engine-master\src\com\quad\Tile\Background.java,com.quad.Tile.Background,"Background/6[java.lang.String,double,int,int,int,int]",y,2
E:\OOD_Projects\ck-mvn-plugin\Quad-Engine-master\src\com\quad\Tile\Background.java,com.quad.Tile.Background,"Background/6[java.lang.String,double,int,int,int,int]",xscale,1
E:\OOD_Projects\ck-mvn-plugin\Quad-Engine-master\src\com\quad\Tile\Background.java,com.quad.Tile.Background,"Background/6[java.lang.String,double,int,int,int,int]",yscale,1
E:\OOD_Projects\ck-mvn-plugin\Quad-Engine-master\src\com\quad\Tile\Background.java,com.quad.Tile.Background,"Background/6[java.lang.String,double,int,int,int,int]",height,1
E:\OOD_Projects\ck-mvn-plugin\Quad-Engine-master\src\com\quad\Tile\Background.java,com.quad.Tile.Background,"setScale/2[double,double]",xscale,3
E:\OOD_Projects\ck-mvn-plugin\Quad-Engine-master\src\com\quad\Tile\Background.java,com.quad.Tile.Background,"setScale/2[double,double]",yscale,3
E:\OOD_Projects\ck-mvn-plugin\Quad-Engine-master\src\com\quad\core\Input.java,com.quad.core.Input,mousePressed/1[java.awt.event.MouseEvent],buttons,1
E:\OOD_Projects\ck-mvn-plugin\Quad-Engine-master\src\com\quad\core\Input.java,com.quad.core.Input,mouseReleased/1[java.awt.event.MouseEvent],buttons,1
E:\OOD_Projects\ck-mvn-plugin\Quad-Engine-master\src\com\quad\core\Input.java,com.quad.core.Input,isButtonPressed/1[int],buttons,1
E:\OOD_Projects\ck-mvn-plugin\Quad-Engine-master\src\com\quad\core\Input.java,com.quad.core.Input,isButtonPressed/1[int],buttonsLast,1
E:\OOD_Projects\ck-mvn-plugin\Quad-Engine-master\src\com\quad\core\Input.java,com.quad.core.Input,mouseMoved/1[java.awt.event.MouseEvent],mouseX,1
E:\OOD_Projects\ck-mvn-plugin\Quad-Engine-master\src\com\quad\core\Input.java,com.quad.core.Input,mouseMoved/1[java.awt.event.MouseEvent],mouseY,1
E:\OOD_Projects\ck-mvn-plugin\Quad-Engine-master\src\com\quad\core\Input.java,com.quad.core.Input,mouseMoved/1[java.awt.event.MouseEvent],gc,2
E:\OOD_Projects\ck-mvn-plugin\Quad-Engine-master\src\com\quad\core\Input.java,com.quad.core.Input,isKeyPressed/1[int],keys,1
E:\OOD_Projects\ck-mvn-plugin\Quad-Engine-master\src\com\quad\core\Input.java,com.quad.core.Input,isKeyPressed/1[int],keysLast,1
E:\OOD_Projects\ck-mvn-plugin\Quad-Engine-master\src\com\quad\core\Input.java,com.quad.core.Input,isButtonReleased/1[int],buttons,1
E:\OOD_Projects\ck-mvn-plugin\Quad-Engine-master\src\com\quad\core\Input.java,com.quad.core.Input,isButtonReleased/1[int],buttonsLast,1
E:\OOD_Projects\ck-mvn-plugin\Quad-Engine-master\src\com\quad\core\Input.java,com.quad.core.Input,Input/1[com.quad.core.GameContainer],gc,6
E:\OOD_Projects\ck-mvn-plugin\Quad-Engine-master\src\com\quad\core\Input.java,com.quad.core.Input,getMouseY/0,mouseY,1
E:\OOD_Projects\ck-mvn-plugin\Quad-Engine-master\src\com\quad\core\Input.java,com.quad.core.Input,update/0,buttons,1
E:\OOD_Projects\ck-mvn-plugin\Quad-Engine-master\src\com\quad\core\Input.java,com.quad.core.Input,update/0,keys,1
E:\OOD_Projects\ck-mvn-plugin\Quad-Engine-master\src\com\quad\core\Input.java,com.quad.core.Input,update/0,keysLast,1
E:\OOD_Projects\ck-mvn-plugin\Quad-Engine-master\src\com\quad\core\Input.java,com.quad.core.Input,update/0,buttonsLast,1
E:\OOD_Projects\ck-mvn-plugin\Quad-Engine-master\src\com\quad\core\Input.java,com.quad.core.Input,keyReleased/1[java.awt.event.KeyEvent],keys,1
E:\OOD_Projects\ck-mvn-plugin\Quad-Engine-master\src\com\quad\core\Input.java,com.quad.core.Input,setMouseY/1[int],mouseY,3
E:\OOD_Projects\ck-mvn-plugin\Quad-Engine-master\src\com\quad\core\Input.java,com.quad.core.Input,isKeyReleased/1[int],keys,1
E:\OOD_Projects\ck-mvn-plugin\Quad-Engine-master\src\com\quad\core\Input.java,com.quad.core.Input,isKeyReleased/1[int],keysLast,1
E:\OOD_Projects\ck-mvn-plugin\Quad-Engine-master\src\com\quad\core\Input.java,com.quad.core.Input,isButton/1[int],buttons,1
E:\OOD_Projects\ck-mvn-plugin\Quad-Engine-master\src\com\quad\core\Input.java,com.quad.core.Input,isKey/1[int],keys,1
E:\OOD_Projects\ck-mvn-plugin\Quad-Engine-master\src\com\quad\core\Input.java,com.quad.core.Input,mouseDragged/1[java.awt.event.MouseEvent],mouseX,1
E:\OOD_Projects\ck-mvn-plugin\Quad-Engine-master\src\com\quad\core\Input.java,com.quad.core.Input,mouseDragged/1[java.awt.event.MouseEvent],mouseY,1
E:\OOD_Projects\ck-mvn-plugin\Quad-Engine-master\src\com\quad\core\Input.java,com.quad.core.Input,mouseDragged/1[java.awt.event.MouseEvent],gc,2
E:\OOD_Projects\ck-mvn-plugin\Quad-Engine-master\src\com\quad\core\Input.java,com.quad.core.Input,setMouseX/1[int],mouseX,3
E:\OOD_Projects\ck-mvn-plugin\Quad-Engine-master\src\com\quad\core\Input.java,com.quad.core.Input,keyPressed/1[java.awt.event.KeyEvent],keys,1
E:\OOD_Projects\ck-mvn-plugin\Quad-Engine-master\src\com\quad\core\Input.java,com.quad.core.Input,getMouseX/0,mouseX,1
E:\OOD_Projects\ck-mvn-plugin\Quad-Engine-master\src\com\quad\core\components\State.java,com.quad.core.components.State,getManager/0,manager,1
E:\OOD_Projects\ck-mvn-plugin\Quad-Engine-master\src\com\quad\core\components\State.java,com.quad.core.components.State,setManager/1[com.quad.core.components.ObjectManager],manager,3
E:\OOD_Projects\ck-mvn-plugin\Quad-Engine-master\src\com\quad\Tile\Tile.java,com.quad.Tile.Tile,"Tile/2[com.quad.core.fx.Image,int]",image,3
E:\OOD_Projects\ck-mvn-plugin\Quad-Engine-master\src\com\quad\Tile\Tile.java,com.quad.Tile.Tile,"Tile/2[com.quad.core.fx.Image,int]",type,3
E:\OOD_Projects\ck-mvn-plugin\Quad-Engine-master\src\com\quad\Tile\Tile.java,com.quad.Tile.Tile,getImage/0,image,1
E:\OOD_Projects\ck-mvn-plugin\Quad-Engine-master\src\com\quad\Tile\Tile.java,com.quad.Tile.Tile,getY/0,y,1
E:\OOD_Projects\ck-mvn-plugin\Quad-Engine-master\src\com\quad\Tile\Tile.java,com.quad.Tile.Tile,getX/0,x,1
E:\OOD_Projects\ck-mvn-plugin\Quad-Engine-master\src\com\quad\Tile\Tile.java,com.quad.Tile.Tile,setX/1[double],x,1
E:\OOD_Projects\ck-mvn-plugin\Quad-Engine-master\src\com\quad\Tile\Tile.java,com.quad.Tile.Tile,getType/0,type,1
E:\OOD_Projects\ck-mvn-plugin\Quad-Engine-master\src\com\quad\Tile\Tile.java,com.quad.Tile.Tile,setY/1[int],y,1
E:\OOD_Projects\ck-mvn-plugin\Quad-Engine-master\src\com\quad\core\fx\Image.java,com.quad.core.fx.Image,"getSubimage/4[int,int,int,int]",image,1
E:\OOD_Projects\ck-mvn-plugin\Quad-Engine-master\src\com\quad\core\fx\Image.java,com.quad.core.fx.Image,Image/1[java.lang.String],image,5
E:\OOD_Projects\ck-mvn-plugin\Quad-Engine-master\src\com\quad\core\fx\Image.java,com.quad.core.fx.Image,Image/1[java.lang.String],pixels,1
E:\OOD_Projects\ck-mvn-plugin\Quad-Engine-master\src\com\quad\core\fx\Image.java,com.quad.core.fx.Image,Image/1[java.lang.String],width,3
E:\OOD_Projects\ck-mvn-plugin\Quad-Engine-master\src\com\quad\core\fx\Image.java,com.quad.core.fx.Image,Image/1[java.lang.String],height,2
E:\OOD_Projects\ck-mvn-plugin\Quad-Engine-master\src\com\quad\core\fx\Image.java,com.quad.core.fx.Image,getImage/0,image,1
E:\OOD_Projects\ck-mvn-plugin\Quad-Engine-master\src\com\quad\core\fx\Image.java,com.quad.core.fx.Image,"Image/3[int,int,int[]]",pixels,1
E:\OOD_Projects\ck-mvn-plugin\Quad-Engine-master\src\com\quad\core\fx\Image.java,com.quad.core.fx.Image,"Image/3[int,int,int[]]",width,1
E:\OOD_Projects\ck-mvn-plugin\Quad-Engine-master\src\com\quad\core\fx\Image.java,com.quad.core.fx.Image,"Image/3[int,int,int[]]",height,1
E:\OOD_Projects\ck-mvn-plugin\Quad-Engine-master\src\com\quad\core\fx\Pixel.java,com.quad.core.fx.Pixel,getRandomColor/0,colors,1
E:\OOD_Projects\ck-mvn-plugin\Quad-Engine-master\src\com\quad\core\components\Component.java,com.quad.core.components.Component,getTag/0,tag,1
E:\OOD_Projects\ck-mvn-plugin\Quad-Engine-master\src\com\quad\core\components\Component.java,com.quad.core.components.Component,setTag/1[java.lang.String],tag,3
E:\OOD_Projects\ck-mvn-plugin\Quad-Engine-master\src\com\quad\core\fx\Font.java,com.quad.core.fx.Font,Font/1[java.lang.String],image,1
E:\OOD_Projects\ck-mvn-plugin\Quad-Engine-master\src\com\quad\core\fx\Font.java,com.quad.core.fx.Font,Font/1[java.lang.String],offsets,2
E:\OOD_Projects\ck-mvn-plugin\Quad-Engine-master\src\com\quad\core\fx\Font.java,com.quad.core.fx.Font,Font/1[java.lang.String],widths,1
E:\OOD_Projects\ck-mvn-plugin\Quad-Engine-master\src\com\quad\core\components\Physics.java,com.quad.core.components.Physics,update/0,objects,5
E:\OOD_Projects\ck-mvn-plugin\Quad-Engine-master\src\com\quad\core\components\Physics.java,com.quad.core.components.Physics,addCollider/1[com.quad.core.components.Collider],objects,1
E:\OOD_Projects\ck-mvn-plugin\Quad-Engine-master\src\com\quad\entity\Accessor.java,com.quad.entity.Accessor,"getValues/3[com.quad.Tile.TileMap,int,float[]]",POSITION_X,1
E:\OOD_Projects\ck-mvn-plugin\Quad-Engine-master\src\com\quad\entity\Accessor.java,com.quad.entity.Accessor,"getValues/3[com.quad.Tile.TileMap,int,float[]]",POSITION_Y,1
E:\OOD_Projects\ck-mvn-plugin\Quad-Engine-master\src\com\quad\entity\Accessor.java,com.quad.entity.Accessor,"setValues/3[com.quad.Tile.TileMap,int,float[]]",POSITION_X,1
E:\OOD_Projects\ck-mvn-plugin\Quad-Engine-master\src\com\quad\entity\Accessor.java,com.quad.entity.Accessor,"setValues/3[com.quad.Tile.TileMap,int,float[]]",POSITION_Y,1
E:\OOD_Projects\ck-mvn-plugin\Quad-Engine-master\src\com\quad\core\Renderer.java,com.quad.core.Renderer,setFont/1[com.quad.core.fx.Font],font,3
E:\OOD_Projects\ck-mvn-plugin\Quad-Engine-master\src\com\quad\core\Renderer.java,com.quad.core.Renderer,setTransX/1[int],transX,3
E:\OOD_Projects\ck-mvn-plugin\Quad-Engine-master\src\com\quad\core\Renderer.java,com.quad.core.Renderer,"getLightBlock/2[int,int]",shadowMap,1
E:\OOD_Projects\ck-mvn-plugin\Quad-Engine-master\src\com\quad\core\Renderer.java,com.quad.core.Renderer,"getLightBlock/2[int,int]",transX,1
E:\OOD_Projects\ck-mvn-plugin\Quad-Engine-master\src\com\quad\core\Renderer.java,com.quad.core.Renderer,"getLightBlock/2[int,int]",transY,1
E:\OOD_Projects\ck-mvn-plugin\Quad-Engine-master\src\com\quad\core\Renderer.java,com.quad.core.Renderer,"getLightBlock/2[int,int]",width,2
E:\OOD_Projects\ck-mvn-plugin\Quad-Engine-master\src\com\quad\core\Renderer.java,com.quad.core.Renderer,"getLightBlock/2[int,int]",height,1
E:\OOD_Projects\ck-mvn-plugin\Quad-Engine-master\src\com\quad\core\Renderer.java,com.quad.core.Renderer,"setPixel/4[int,int,int,com.quad.core.fx.ShadowType]",shadowMap,1
E:\OOD_Projects\ck-mvn-plugin\Quad-Engine-master\src\com\quad\core\Renderer.java,com.quad.core.Renderer,"setPixel/4[int,int,int,com.quad.core.fx.ShadowType]",pixels,1
E:\OOD_Projects\ck-mvn-plugin\Quad-Engine-master\src\com\quad\core\Renderer.java,com.quad.core.Renderer,"setPixel/4[int,int,int,com.quad.core.fx.ShadowType]",transX,1
E:\OOD_Projects\ck-mvn-plugin\Quad-Engine-master\src\com\quad\core\Renderer.java,com.quad.core.Renderer,"setPixel/4[int,int,int,com.quad.core.fx.ShadowType]",transY,1
E:\OOD_Projects\ck-mvn-plugin\Quad-Engine-master\src\com\quad\core\Renderer.java,com.quad.core.Renderer,"setPixel/4[int,int,int,com.quad.core.fx.ShadowType]",width,3
E:\OOD_Projects\ck-mvn-plugin\Quad-Engine-master\src\com\quad\core\Renderer.java,com.quad.core.Renderer,"setPixel/4[int,int,int,com.quad.core.fx.ShadowType]",translate,1
E:\OOD_Projects\ck-mvn-plugin\Quad-Engine-master\src\com\quad\core\Renderer.java,com.quad.core.Renderer,"setPixel/4[int,int,int,com.quad.core.fx.ShadowType]",height,1
E:\OOD_Projects\ck-mvn-plugin\Quad-Engine-master\src\com\quad\core\Renderer.java,com.quad.core.Renderer,"setLightMap/3[int,int,int]",transX,1
E:\OOD_Projects\ck-mvn-plugin\Quad-Engine-master\src\com\quad\core\Renderer.java,com.quad.core.Renderer,"setLightMap/3[int,int,int]",transY,1
E:\OOD_Projects\ck-mvn-plugin\Quad-Engine-master\src\com\quad\core\Renderer.java,com.quad.core.Renderer,"setLightMap/3[int,int,int]",width,3
E:\OOD_Projects\ck-mvn-plugin\Quad-Engine-master\src\com\quad\core\Renderer.java,com.quad.core.Renderer,"setLightMap/3[int,int,int]",lightMap,2
E:\OOD_Projects\ck-mvn-plugin\Quad-Engine-master\src\com\quad\core\Renderer.java,com.quad.core.Renderer,"setLightMap/3[int,int,int]",height,1
E:\OOD_Projects\ck-mvn-plugin\Quad-Engine-master\src\com\quad\core\Renderer.java,com.quad.core.Renderer,getTransX/0,transX,1
E:\OOD_Projects\ck-mvn-plugin\Quad-Engine-master\src\com\quad\core\Renderer.java,com.quad.core.Renderer,flushMaps/0,shadowMap,1
E:\OOD_Projects\ck-mvn-plugin\Quad-Engine-master\src\com\quad\core\Renderer.java,com.quad.core.Renderer,flushMaps/0,pixels,1
E:\OOD_Projects\ck-mvn-plugin\Quad-Engine-master\src\com\quad\core\Renderer.java,com.quad.core.Renderer,flushMaps/0,width,5
E:\OOD_Projects\ck-mvn-plugin\Quad-Engine-master\src\com\quad\core\Renderer.java,com.quad.core.Renderer,flushMaps/0,lightMap,2
E:\OOD_Projects\ck-mvn-plugin\Quad-Engine-master\src\com\quad\core\Renderer.java,com.quad.core.Renderer,flushMaps/0,ambientLight,2
E:\OOD_Projects\ck-mvn-plugin\Quad-Engine-master\src\com\quad\core\Renderer.java,com.quad.core.Renderer,flushMaps/0,height,1
E:\OOD_Projects\ck-mvn-plugin\Quad-Engine-master\src\com\quad\core\Renderer.java,com.quad.core.Renderer,setAmbientLight/1[int],ambientLight,3
E:\OOD_Projects\ck-mvn-plugin\Quad-Engine-master\src\com\quad\core\Renderer.java,com.quad.core.Renderer,getClearColor/0,clearColor,1
E:\OOD_Projects\ck-mvn-plugin\Quad-Engine-master\src\com\quad\core\Renderer.java,com.quad.core.Renderer,getFont/0,font,1
E:\OOD_Projects\ck-mvn-plugin\Quad-Engine-master\src\com\quad\core\Renderer.java,com.quad.core.Renderer,drawLightArray/0,lightRequests,2
E:\OOD_Projects\ck-mvn-plugin\Quad-Engine-master\src\com\quad\core\Renderer.java,com.quad.core.Renderer,"drawString/4[java.lang.String,int,int,int]",pixels,1
E:\OOD_Projects\ck-mvn-plugin\Quad-Engine-master\src\com\quad\core\Renderer.java,com.quad.core.Renderer,"drawString/4[java.lang.String,int,int,int]",width,1
E:\OOD_Projects\ck-mvn-plugin\Quad-Engine-master\src\com\quad\core\Renderer.java,com.quad.core.Renderer,"drawString/4[java.lang.String,int,int,int]",height,1
E:\OOD_Projects\ck-mvn-plugin\Quad-Engine-master\src\com\quad\core\Renderer.java,com.quad.core.Renderer,"drawImage/5[com.quad.core.fx.Image,int,int,int,int]",width,3
E:\OOD_Projects\ck-mvn-plugin\Quad-Engine-master\src\com\quad\core\Renderer.java,com.quad.core.Renderer,"drawImage/5[com.quad.core.fx.Image,int,int,int,int]",height,2
E:\OOD_Projects\ck-mvn-plugin\Quad-Engine-master\src\com\quad\core\Renderer.java,com.quad.core.Renderer,setTransY/1[int],transY,3
E:\OOD_Projects\ck-mvn-plugin\Quad-Engine-master\src\com\quad\core\Renderer.java,com.quad.core.Renderer,clear/0,pixels,1
E:\OOD_Projects\ck-mvn-plugin\Quad-Engine-master\src\com\quad\core\Renderer.java,com.quad.core.Renderer,clear/0,clearColor,1
E:\OOD_Projects\ck-mvn-plugin\Quad-Engine-master\src\com\quad\core\Renderer.java,com.quad.core.Renderer,clear/0,width,2
E:\OOD_Projects\ck-mvn-plugin\Quad-Engine-master\src\com\quad\core\Renderer.java,com.quad.core.Renderer,clear/0,height,1
E:\OOD_Projects\ck-mvn-plugin\Quad-Engine-master\src\com\quad\core\Renderer.java,com.quad.core.Renderer,getAmbientLight/0,ambientLight,1
E:\OOD_Projects\ck-mvn-plugin\Quad-Engine-master\src\com\quad\core\Renderer.java,com.quad.core.Renderer,"drawLightRequest/3[com.quad.core.fx.Light,int,int]",gc,1
E:\OOD_Projects\ck-mvn-plugin\Quad-Engine-master\src\com\quad\core\Renderer.java,com.quad.core.Renderer,Renderer/1[com.quad.core.GameContainer],shadowMap,1
E:\OOD_Projects\ck-mvn-plugin\Quad-Engine-master\src\com\quad\core\Renderer.java,com.quad.core.Renderer,Renderer/1[com.quad.core.GameContainer],pixels,1
E:\OOD_Projects\ck-mvn-plugin\Quad-Engine-master\src\com\quad\core\Renderer.java,com.quad.core.Renderer,Renderer/1[com.quad.core.GameContainer],width,1
E:\OOD_Projects\ck-mvn-plugin\Quad-Engine-master\src\com\quad\core\Renderer.java,com.quad.core.Renderer,Renderer/1[com.quad.core.GameContainer],lightMap,1
E:\OOD_Projects\ck-mvn-plugin\Quad-Engine-master\src\com\quad\core\Renderer.java,com.quad.core.Renderer,Renderer/1[com.quad.core.GameContainer],gc,6
E:\OOD_Projects\ck-mvn-plugin\Quad-Engine-master\src\com\quad\core\Renderer.java,com.quad.core.Renderer,Renderer/1[com.quad.core.GameContainer],height,1
E:\OOD_Projects\ck-mvn-plugin\Quad-Engine-master\src\com\quad\core\Renderer.java,com.quad.core.Renderer,setClearColor/1[int],clearColor,3
E:\OOD_Projects\ck-mvn-plugin\Quad-Engine-master\src\com\quad\core\Renderer.java,com.quad.core.Renderer,"drawLight/3[com.quad.core.fx.Light,int,int]",lightRequests,1
E:\OOD_Projects\ck-mvn-plugin\Quad-Engine-master\src\com\quad\core\Renderer.java,com.quad.core.Renderer,"drawLight/3[com.quad.core.fx.Light,int,int]",gc,2
E:\OOD_Projects\ck-mvn-plugin\Quad-Engine-master\src\com\quad\core\Renderer.java,com.quad.core.Renderer,getTransY/0,transY,1
E:\OOD_Projects\ck-mvn-plugin\Quad-Engine-master\src\com\quad\core\Renderer.java,com.quad.core.Renderer,isTranslate/0,translate,1
E:\OOD_Projects\ck-mvn-plugin\Quad-Engine-master\src\com\quad\core\Renderer.java,com.quad.core.Renderer,setTranslate/1[boolean],translate,3
E:\OOD_Projects\ck-mvn-plugin\Quad-Engine-master\src\com\quad\core\Renderer.java,com.quad.core.Renderer,"drawImageReverted/5[com.quad.core.fx.Image,int,int,int,int]",width,3
E:\OOD_Projects\ck-mvn-plugin\Quad-Engine-master\src\com\quad\core\Renderer.java,com.quad.core.Renderer,"drawImageReverted/5[com.quad.core.fx.Image,int,int,int,int]",height,2
E:\OOD_Projects\ck-mvn-plugin\Quad-Engine-master\src\com\quad\core\components\Collider.java,com.quad.core.components.Collider,"update/3[com.quad.core.GameContainer,com.quad.core.components.GameObject,float]",hH,2
E:\OOD_Projects\ck-mvn-plugin\Quad-Engine-master\src\com\quad\core\components\Collider.java,com.quad.core.components.Collider,"update/3[com.quad.core.GameContainer,com.quad.core.components.GameObject,float]",x,1
E:\OOD_Projects\ck-mvn-plugin\Quad-Engine-master\src\com\quad\core\components\Collider.java,com.quad.core.components.Collider,"update/3[com.quad.core.GameContainer,com.quad.core.components.GameObject,float]",y,1
E:\OOD_Projects\ck-mvn-plugin\Quad-Engine-master\src\com\quad\core\components\Collider.java,com.quad.core.components.Collider,"update/3[com.quad.core.GameContainer,com.quad.core.components.GameObject,float]",object,8
E:\OOD_Projects\ck-mvn-plugin\Quad-Engine-master\src\com\quad\core\components\Collider.java,com.quad.core.components.Collider,"update/3[com.quad.core.GameContainer,com.quad.core.components.GameObject,float]",hW,2
E:\OOD_Projects\ck-mvn-plugin\Quad-Engine-master\src\com\quad\core\components\Collider.java,com.quad.core.components.Collider,getX/0,x,1
E:\OOD_Projects\ck-mvn-plugin\Quad-Engine-master\src\com\quad\core\components\Collider.java,com.quad.core.components.Collider,setObject/1[com.quad.core.components.GameObject],object,3
E:\OOD_Projects\ck-mvn-plugin\Quad-Engine-master\src\com\quad\core\components\Collider.java,com.quad.core.components.Collider,getY/0,y,1
E:\OOD_Projects\ck-mvn-plugin\Quad-Engine-master\src\com\quad\core\components\Collider.java,com.quad.core.components.Collider,setX/1[float],x,3
E:\OOD_Projects\ck-mvn-plugin\Quad-Engine-master\src\com\quad\core\components\Collider.java,com.quad.core.components.Collider,sethH/1[float],hH,3
E:\OOD_Projects\ck-mvn-plugin\Quad-Engine-master\src\com\quad\core\components\Collider.java,com.quad.core.components.Collider,gethH/0,hH,1
E:\OOD_Projects\ck-mvn-plugin\Quad-Engine-master\src\com\quad\core\components\Collider.java,com.quad.core.components.Collider,collision/1[com.quad.core.components.GameObject],object,3
E:\OOD_Projects\ck-mvn-plugin\Quad-Engine-master\src\com\quad\core\components\Collider.java,com.quad.core.components.Collider,"render/2[com.quad.core.GameContainer,com.quad.core.Renderer]",hH,1
E:\OOD_Projects\ck-mvn-plugin\Quad-Engine-master\src\com\quad\core\components\Collider.java,com.quad.core.components.Collider,"render/2[com.quad.core.GameContainer,com.quad.core.Renderer]",x,1
E:\OOD_Projects\ck-mvn-plugin\Quad-Engine-master\src\com\quad\core\components\Collider.java,com.quad.core.components.Collider,"render/2[com.quad.core.GameContainer,com.quad.core.Renderer]",y,1
E:\OOD_Projects\ck-mvn-plugin\Quad-Engine-master\src\com\quad\core\components\Collider.java,com.quad.core.components.Collider,"render/2[com.quad.core.GameContainer,com.quad.core.Renderer]",hW,1
E:\OOD_Projects\ck-mvn-plugin\Quad-Engine-master\src\com\quad\core\components\Collider.java,com.quad.core.components.Collider,setY/1[float],y,3
E:\OOD_Projects\ck-mvn-plugin\Quad-Engine-master\src\com\quad\core\components\Collider.java,com.quad.core.components.Collider,gethW/0,hW,1
E:\OOD_Projects\ck-mvn-plugin\Quad-Engine-master\src\com\quad\core\components\Collider.java,com.quad.core.components.Collider,getObject/0,object,1
E:\OOD_Projects\ck-mvn-plugin\Quad-Engine-master\src\com\quad\core\components\Collider.java,com.quad.core.components.Collider,sethW/1[float],hW,3
E:\OOD_Projects\ck-mvn-plugin\Quad-Engine-master\src\com\quad\core\Window.java,com.quad.core.Window,Window/1[com.quad.core.GameContainer],image,1
E:\OOD_Projects\ck-mvn-plugin\Quad-Engine-master\src\com\quad\core\Window.java,com.quad.core.Window,Window/1[com.quad.core.GameContainer],bs,2
E:\OOD_Projects\ck-mvn-plugin\Quad-Engine-master\src\com\quad\core\Window.java,com.quad.core.Window,Window/1[com.quad.core.GameContainer],canvas,7
E:\OOD_Projects\ck-mvn-plugin\Quad-Engine-master\src\com\quad\core\Window.java,com.quad.core.Window,Window/1[com.quad.core.GameContainer],g,1
E:\OOD_Projects\ck-mvn-plugin\Quad-Engine-master\src\com\quad\core\Window.java,com.quad.core.Window,Window/1[com.quad.core.GameContainer],frame,8
E:\OOD_Projects\ck-mvn-plugin\Quad-Engine-master\src\com\quad\core\Window.java,com.quad.core.Window,update/0,image,1
E:\OOD_Projects\ck-mvn-plugin\Quad-Engine-master\src\com\quad\core\Window.java,com.quad.core.Window,update/0,bs,1
E:\OOD_Projects\ck-mvn-plugin\Quad-Engine-master\src\com\quad\core\Window.java,com.quad.core.Window,update/0,canvas,2
E:\OOD_Projects\ck-mvn-plugin\Quad-Engine-master\src\com\quad\core\Window.java,com.quad.core.Window,update/0,g,1
E:\OOD_Projects\ck-mvn-plugin\Quad-Engine-master\src\com\quad\core\Window.java,com.quad.core.Window,getCanvas/0,canvas,1
E:\OOD_Projects\ck-mvn-plugin\Quad-Engine-master\src\com\quad\core\Window.java,com.quad.core.Window,cleanUp/0,bs,1
E:\OOD_Projects\ck-mvn-plugin\Quad-Engine-master\src\com\quad\core\Window.java,com.quad.core.Window,cleanUp/0,image,1
E:\OOD_Projects\ck-mvn-plugin\Quad-Engine-master\src\com\quad\core\Window.java,com.quad.core.Window,cleanUp/0,g,1
E:\OOD_Projects\ck-mvn-plugin\Quad-Engine-master\src\com\quad\core\Window.java,com.quad.core.Window,cleanUp/0,frame,1
E:\OOD_Projects\ck-mvn-plugin\Quad-Engine-master\src\com\quad\core\Window.java,com.quad.core.Window,"Window/2[com.quad.core.GameContainer,boolean]",image,1
E:\OOD_Projects\ck-mvn-plugin\Quad-Engine-master\src\com\quad\core\Window.java,com.quad.core.Window,"Window/2[com.quad.core.GameContainer,boolean]",bs,2
E:\OOD_Projects\ck-mvn-plugin\Quad-Engine-master\src\com\quad\core\Window.java,com.quad.core.Window,"Window/2[com.quad.core.GameContainer,boolean]",canvas,8
E:\OOD_Projects\ck-mvn-plugin\Quad-Engine-master\src\com\quad\core\Window.java,com.quad.core.Window,"Window/2[com.quad.core.GameContainer,boolean]",g,1
E:\OOD_Projects\ck-mvn-plugin\Quad-Engine-master\src\com\quad\core\Window.java,com.quad.core.Window,"Window/2[com.quad.core.GameContainer,boolean]",frame,10
E:\OOD_Projects\ck-mvn-plugin\Quad-Engine-master\src\com\quad\core\Window.java,com.quad.core.Window,getImage/0,image,1
E:\OOD_Projects\ck-mvn-plugin\Quad-Engine-master\src\com\quad\entity\Animation.java,com.quad.entity.Animation,setFrames/1[com.quad.core.fx.Image[]],timesPlayed,1
E:\OOD_Projects\ck-mvn-plugin\Quad-Engine-master\src\com\quad\entity\Animation.java,com.quad.entity.Animation,setFrames/1[com.quad.core.fx.Image[]],delay,1
E:\OOD_Projects\ck-mvn-plugin\Quad-Engine-master\src\com\quad\entity\Animation.java,com.quad.entity.Animation,setFrames/1[com.quad.core.fx.Image[]],numFrames,1
E:\OOD_Projects\ck-mvn-plugin\Quad-Engine-master\src\com\quad\entity\Animation.java,com.quad.entity.Animation,setFrames/1[com.quad.core.fx.Image[]],frames,3
E:\OOD_Projects\ck-mvn-plugin\Quad-Engine-master\src\com\quad\entity\Animation.java,com.quad.entity.Animation,setFrames/1[com.quad.core.fx.Image[]],currentFrame,1
E:\OOD_Projects\ck-mvn-plugin\Quad-Engine-master\src\com\quad\entity\Animation.java,com.quad.entity.Animation,setFrames/1[com.quad.core.fx.Image[]],count,1
E:\OOD_Projects\ck-mvn-plugin\Quad-Engine-master\src\com\quad\entity\Animation.java,com.quad.entity.Animation,Animation/0,timesPlayed,1
E:\OOD_Projects\ck-mvn-plugin\Quad-Engine-master\src\com\quad\entity\Animation.java,com.quad.entity.Animation,setDelay/1[int],delay,1
E:\OOD_Projects\ck-mvn-plugin\Quad-Engine-master\src\com\quad\entity\Animation.java,com.quad.entity.Animation,hasPlayed/1[int],timesPlayed,1
E:\OOD_Projects\ck-mvn-plugin\Quad-Engine-master\src\com\quad\entity\Animation.java,com.quad.entity.Animation,getImage/0,frames,1
E:\OOD_Projects\ck-mvn-plugin\Quad-Engine-master\src\com\quad\entity\Animation.java,com.quad.entity.Animation,getImage/0,currentFrame,1
E:\OOD_Projects\ck-mvn-plugin\Quad-Engine-master\src\com\quad\entity\Animation.java,com.quad.entity.Animation,setFrame/1[int],currentFrame,1
E:\OOD_Projects\ck-mvn-plugin\Quad-Engine-master\src\com\quad\entity\Animation.java,com.quad.entity.Animation,setNumFrames/1[int],numFrames,1
E:\OOD_Projects\ck-mvn-plugin\Quad-Engine-master\src\com\quad\entity\Animation.java,com.quad.entity.Animation,getFrame/0,currentFrame,1
E:\OOD_Projects\ck-mvn-plugin\Quad-Engine-master\src\com\quad\entity\Animation.java,com.quad.entity.Animation,getCount/0,count,1
E:\OOD_Projects\ck-mvn-plugin\Quad-Engine-master\src\com\quad\entity\Animation.java,com.quad.entity.Animation,hasPlayedOnce/0,timesPlayed,1
E:\OOD_Projects\ck-mvn-plugin\Quad-Engine-master\src\com\quad\entity\Animation.java,com.quad.entity.Animation,update/0,delay,2
E:\OOD_Projects\ck-mvn-plugin\Quad-Engine-master\src\com\quad\entity\Animation.java,com.quad.entity.Animation,update/0,numFrames,1
E:\OOD_Projects\ck-mvn-plugin\Quad-Engine-master\src\com\quad\entity\Animation.java,com.quad.entity.Animation,update/0,timesPlayed,1
E:\OOD_Projects\ck-mvn-plugin\Quad-Engine-master\src\com\quad\entity\Animation.java,com.quad.entity.Animation,update/0,count,3
E:\OOD_Projects\ck-mvn-plugin\Quad-Engine-master\src\com\quad\entity\Animation.java,com.quad.entity.Animation,update/0,currentFrame,3
