file,class,method,variable,usage
E:\OOD_Projects\ck-mvn-plugin\Quad-Engine-master\src\com\quad\core\Settings.java,com.quad.core.Settings,"changeFps/2[com.quad.core.GameContainer,int]",i,1
E:\OOD_Projects\ck-mvn-plugin\Quad-Engine-master\src\com\quad\core\Settings.java,com.quad.core.Settings,"changeFps/2[com.quad.core.GameContainer,int]",gc,1
E:\OOD_Projects\ck-mvn-plugin\Quad-Engine-master\src\com\quad\core\Settings.java,com.quad.core.Settings,"setLight/2[com.quad.core.GameContainer,boolean]",i,3
E:\OOD_Projects\ck-mvn-plugin\Quad-Engine-master\src\com\quad\core\Settings.java,com.quad.core.Settings,"setLight/2[com.quad.core.GameContainer,boolean]",gc,2
E:\OOD_Projects\ck-mvn-plugin\Quad-Engine-master\src\com\quad\core\GameContainer.java,com.quad.core.GameContainer,setFrameCap/1[int],number,1
E:\OOD_Projects\ck-mvn-plugin\Quad-Engine-master\src\com\quad\core\GameContainer.java,com.quad.core.GameContainer,setTitle/1[java.lang.String],title,2
E:\OOD_Projects\ck-mvn-plugin\Quad-Engine-master\src\com\quad\core\GameContainer.java,com.quad.core.GameContainer,setScale/1[float],scale,2
E:\OOD_Projects\ck-mvn-plugin\Quad-Engine-master\src\com\quad\core\GameContainer.java,com.quad.core.GameContainer,setHeight/1[int],height,2
E:\OOD_Projects\ck-mvn-plugin\Quad-Engine-master\src\com\quad\core\GameContainer.java,com.quad.core.GameContainer,setDebug/1[boolean],debug,2
E:\OOD_Projects\ck-mvn-plugin\Quad-Engine-master\src\com\quad\core\GameContainer.java,com.quad.core.GameContainer,setClearScreen/1[boolean],clearScreen,2
E:\OOD_Projects\ck-mvn-plugin\Quad-Engine-master\src\com\quad\core\GameContainer.java,com.quad.core.GameContainer,setLockFrameRate/1[boolean],lockFrameRate,2
E:\OOD_Projects\ck-mvn-plugin\Quad-Engine-master\src\com\quad\core\GameContainer.java,com.quad.core.GameContainer,setPhysics/1[com.quad.core.components.Physics],physics,2
E:\OOD_Projects\ck-mvn-plugin\Quad-Engine-master\src\com\quad\core\GameContainer.java,com.quad.core.GameContainer,setLightEnable/1[boolean],lightEnable,2
E:\OOD_Projects\ck-mvn-plugin\Quad-Engine-master\src\com\quad\core\GameContainer.java,com.quad.core.GameContainer,setWidth/1[int],width,2
E:\OOD_Projects\ck-mvn-plugin\Quad-Engine-master\src\com\quad\core\GameContainer.java,com.quad.core.GameContainer,GameContainer/1[com.quad.core.AbstractGame],game,2
E:\OOD_Projects\ck-mvn-plugin\Quad-Engine-master\src\com\quad\core\GameContainer.java,com.quad.core.GameContainer,setInput/1[com.quad.core.Input],input,2
E:\OOD_Projects\ck-mvn-plugin\Quad-Engine-master\src\com\quad\core\GameContainer.java,com.quad.core.GameContainer,run/0,firstTime,3
E:\OOD_Projects\ck-mvn-plugin\Quad-Engine-master\src\com\quad\core\GameContainer.java,com.quad.core.GameContainer,run/0,lastTime,2
E:\OOD_Projects\ck-mvn-plugin\Quad-Engine-master\src\com\quad\core\GameContainer.java,com.quad.core.GameContainer,run/0,frames,3
E:\OOD_Projects\ck-mvn-plugin\Quad-Engine-master\src\com\quad\core\GameContainer.java,com.quad.core.GameContainer,run/0,e,1
E:\OOD_Projects\ck-mvn-plugin\Quad-Engine-master\src\com\quad\core\GameContainer.java,com.quad.core.GameContainer,run/0,frameTime,3
E:\OOD_Projects\ck-mvn-plugin\Quad-Engine-master\src\com\quad\core\GameContainer.java,com.quad.core.GameContainer,run/0,passedTime,3
E:\OOD_Projects\ck-mvn-plugin\Quad-Engine-master\src\com\quad\core\GameContainer.java,com.quad.core.GameContainer,run/0,fps,2
E:\OOD_Projects\ck-mvn-plugin\Quad-Engine-master\src\com\quad\core\GameContainer.java,com.quad.core.GameContainer,run/0,unprocessedTime,3
E:\OOD_Projects\ck-mvn-plugin\Quad-Engine-master\src\com\quad\core\GameContainer.java,com.quad.core.GameContainer,run/0,render,3
E:\OOD_Projects\ck-mvn-plugin\Quad-Engine-master\src\com\quad\core\GameContainer.java,com.quad.core.GameContainer,setGame/1[com.quad.core.AbstractGame],game,2
E:\OOD_Projects\ck-mvn-plugin\Quad-Engine-master\src\com\quad\core\GameContainer.java,com.quad.core.GameContainer,setDynamicLights/1[boolean],dynamicLights,2
E:\OOD_Projects\ck-mvn-plugin\Quad-Engine-master\src\com\quad\Tile\TileMap.java,com.quad.Tile.TileMap,loadMap/1[java.lang.String],br,3
E:\OOD_Projects\ck-mvn-plugin\Quad-Engine-master\src\com\quad\Tile\TileMap.java,com.quad.Tile.TileMap,loadMap/1[java.lang.String],col,4
E:\OOD_Projects\ck-mvn-plugin\Quad-Engine-master\src\com\quad\Tile\TileMap.java,com.quad.Tile.TileMap,loadMap/1[java.lang.String],delims,1
E:\OOD_Projects\ck-mvn-plugin\Quad-Engine-master\src\com\quad\Tile\TileMap.java,com.quad.Tile.TileMap,loadMap/1[java.lang.String],s,1
E:\OOD_Projects\ck-mvn-plugin\Quad-Engine-master\src\com\quad\Tile\TileMap.java,com.quad.Tile.TileMap,loadMap/1[java.lang.String],in,1
E:\OOD_Projects\ck-mvn-plugin\Quad-Engine-master\src\com\quad\Tile\TileMap.java,com.quad.Tile.TileMap,loadMap/1[java.lang.String],e,1
E:\OOD_Projects\ck-mvn-plugin\Quad-Engine-master\src\com\quad\Tile\TileMap.java,com.quad.Tile.TileMap,loadMap/1[java.lang.String],line,1
E:\OOD_Projects\ck-mvn-plugin\Quad-Engine-master\src\com\quad\Tile\TileMap.java,com.quad.Tile.TileMap,loadMap/1[java.lang.String],tokens,1
E:\OOD_Projects\ck-mvn-plugin\Quad-Engine-master\src\com\quad\Tile\TileMap.java,com.quad.Tile.TileMap,loadMap/1[java.lang.String],row,3
E:\OOD_Projects\ck-mvn-plugin\Quad-Engine-master\src\com\quad\Tile\TileMap.java,com.quad.Tile.TileMap,"replace/2[int,int]",col,4
E:\OOD_Projects\ck-mvn-plugin\Quad-Engine-master\src\com\quad\Tile\TileMap.java,com.quad.Tile.TileMap,"replace/2[int,int]",i1,1
E:\OOD_Projects\ck-mvn-plugin\Quad-Engine-master\src\com\quad\Tile\TileMap.java,com.quad.Tile.TileMap,"replace/2[int,int]",i2,1
E:\OOD_Projects\ck-mvn-plugin\Quad-Engine-master\src\com\quad\Tile\TileMap.java,com.quad.Tile.TileMap,"replace/2[int,int]",row,4
E:\OOD_Projects\ck-mvn-plugin\Quad-Engine-master\src\com\quad\Tile\TileMap.java,com.quad.Tile.TileMap,setY/1[float],y,2
E:\OOD_Projects\ck-mvn-plugin\Quad-Engine-master\src\com\quad\Tile\TileMap.java,com.quad.Tile.TileMap,"TileMap/2[com.quad.core.GameContainer,int]",tileSize,4
E:\OOD_Projects\ck-mvn-plugin\Quad-Engine-master\src\com\quad\Tile\TileMap.java,com.quad.Tile.TileMap,"TileMap/2[com.quad.core.GameContainer,int]",gc,4
E:\OOD_Projects\ck-mvn-plugin\Quad-Engine-master\src\com\quad\Tile\TileMap.java,com.quad.Tile.TileMap,render/1[com.quad.core.Renderer],col,6
E:\OOD_Projects\ck-mvn-plugin\Quad-Engine-master\src\com\quad\Tile\TileMap.java,com.quad.Tile.TileMap,render/1[com.quad.core.Renderer],rc,2
E:\OOD_Projects\ck-mvn-plugin\Quad-Engine-master\src\com\quad\Tile\TileMap.java,com.quad.Tile.TileMap,render/1[com.quad.core.Renderer],r,3
E:\OOD_Projects\ck-mvn-plugin\Quad-Engine-master\src\com\quad\Tile\TileMap.java,com.quad.Tile.TileMap,render/1[com.quad.core.Renderer],c,3
E:\OOD_Projects\ck-mvn-plugin\Quad-Engine-master\src\com\quad\Tile\TileMap.java,com.quad.Tile.TileMap,render/1[com.quad.core.Renderer],g,1
E:\OOD_Projects\ck-mvn-plugin\Quad-Engine-master\src\com\quad\Tile\TileMap.java,com.quad.Tile.TileMap,render/1[com.quad.core.Renderer],row,6
E:\OOD_Projects\ck-mvn-plugin\Quad-Engine-master\src\com\quad\Tile\TileMap.java,com.quad.Tile.TileMap,"getIndex/2[int,int]",col,1
E:\OOD_Projects\ck-mvn-plugin\Quad-Engine-master\src\com\quad\Tile\TileMap.java,com.quad.Tile.TileMap,"getIndex/2[int,int]",row,1
E:\OOD_Projects\ck-mvn-plugin\Quad-Engine-master\src\com\quad\Tile\TileMap.java,com.quad.Tile.TileMap,"setTile/3[int,int,int]",col,1
E:\OOD_Projects\ck-mvn-plugin\Quad-Engine-master\src\com\quad\Tile\TileMap.java,com.quad.Tile.TileMap,"setTile/3[int,int,int]",index,1
E:\OOD_Projects\ck-mvn-plugin\Quad-Engine-master\src\com\quad\Tile\TileMap.java,com.quad.Tile.TileMap,"setTile/3[int,int,int]",row,1
E:\OOD_Projects\ck-mvn-plugin\Quad-Engine-master\src\com\quad\Tile\TileMap.java,com.quad.Tile.TileMap,"setPosition/2[double,double]",x,6
E:\OOD_Projects\ck-mvn-plugin\Quad-Engine-master\src\com\quad\Tile\TileMap.java,com.quad.Tile.TileMap,"setPosition/2[double,double]",y,6
E:\OOD_Projects\ck-mvn-plugin\Quad-Engine-master\src\com\quad\Tile\TileMap.java,com.quad.Tile.TileMap,update/1[float],dt,1
E:\OOD_Projects\ck-mvn-plugin\Quad-Engine-master\src\com\quad\Tile\TileMap.java,com.quad.Tile.TileMap,setX/1[float],x,2
E:\OOD_Projects\ck-mvn-plugin\Quad-Engine-master\src\com\quad\Tile\TileMap.java,com.quad.Tile.TileMap,"setBounds/4[int,int,int,int]",i1,1
E:\OOD_Projects\ck-mvn-plugin\Quad-Engine-master\src\com\quad\Tile\TileMap.java,com.quad.Tile.TileMap,"setBounds/4[int,int,int,int]",i2,1
E:\OOD_Projects\ck-mvn-plugin\Quad-Engine-master\src\com\quad\Tile\TileMap.java,com.quad.Tile.TileMap,"setBounds/4[int,int,int,int]",i3,1
E:\OOD_Projects\ck-mvn-plugin\Quad-Engine-master\src\com\quad\Tile\TileMap.java,com.quad.Tile.TileMap,"setBounds/4[int,int,int,int]",i4,1
E:\OOD_Projects\ck-mvn-plugin\Quad-Engine-master\src\com\quad\Tile\TileMap.java,com.quad.Tile.TileMap,"setShaking/2[boolean,int]",b,1
E:\OOD_Projects\ck-mvn-plugin\Quad-Engine-master\src\com\quad\Tile\TileMap.java,com.quad.Tile.TileMap,"setShaking/2[boolean,int]",i,1
E:\OOD_Projects\ck-mvn-plugin\Quad-Engine-master\src\com\quad\Tile\TileMap.java,com.quad.Tile.TileMap,loadTiles/1[java.lang.String],col,7
E:\OOD_Projects\ck-mvn-plugin\Quad-Engine-master\src\com\quad\Tile\TileMap.java,com.quad.Tile.TileMap,loadTiles/1[java.lang.String],s,1
E:\OOD_Projects\ck-mvn-plugin\Quad-Engine-master\src\com\quad\Tile\TileMap.java,com.quad.Tile.TileMap,loadTiles/1[java.lang.String],e,1
E:\OOD_Projects\ck-mvn-plugin\Quad-Engine-master\src\com\quad\Tile\TileMap.java,com.quad.Tile.TileMap,loadTiles/1[java.lang.String],i,3
E:\OOD_Projects\ck-mvn-plugin\Quad-Engine-master\src\com\quad\Tile\TileMap.java,com.quad.Tile.TileMap,loadTiles/1[java.lang.String],subimage,4
E:\OOD_Projects\ck-mvn-plugin\Quad-Engine-master\src\com\quad\Tile\TileMap.java,com.quad.Tile.TileMap,"getType/2[int,int]",col,1
E:\OOD_Projects\ck-mvn-plugin\Quad-Engine-master\src\com\quad\Tile\TileMap.java,com.quad.Tile.TileMap,"getType/2[int,int]",rc,2
E:\OOD_Projects\ck-mvn-plugin\Quad-Engine-master\src\com\quad\Tile\TileMap.java,com.quad.Tile.TileMap,"getType/2[int,int]",r,1
E:\OOD_Projects\ck-mvn-plugin\Quad-Engine-master\src\com\quad\Tile\TileMap.java,com.quad.Tile.TileMap,"getType/2[int,int]",c,1
E:\OOD_Projects\ck-mvn-plugin\Quad-Engine-master\src\com\quad\Tile\TileMap.java,com.quad.Tile.TileMap,"getType/2[int,int]",row,1
E:\OOD_Projects\ck-mvn-plugin\Quad-Engine-master\src\com\quad\core\components\GameObject.java,com.quad.core.components.GameObject,contains/1[java.awt.Rectangle],r,1
E:\OOD_Projects\ck-mvn-plugin\Quad-Engine-master\src\com\quad\core\components\GameObject.java,com.quad.core.components.GameObject,"setPosition/2[double,double]",x,2
E:\OOD_Projects\ck-mvn-plugin\Quad-Engine-master\src\com\quad\core\components\GameObject.java,com.quad.core.components.GameObject,"setPosition/2[double,double]",y,2
E:\OOD_Projects\ck-mvn-plugin\Quad-Engine-master\src\com\quad\core\components\GameObject.java,com.quad.core.components.GameObject,setTag/1[java.lang.String],tag,2
E:\OOD_Projects\ck-mvn-plugin\Quad-Engine-master\src\com\quad\core\components\GameObject.java,com.quad.core.components.GameObject,setDead/1[boolean],dead,2
E:\OOD_Projects\ck-mvn-plugin\Quad-Engine-master\src\com\quad\core\components\GameObject.java,com.quad.core.components.GameObject,setW/1[int],w,1
E:\OOD_Projects\ck-mvn-plugin\Quad-Engine-master\src\com\quad\core\components\GameObject.java,com.quad.core.components.GameObject,setY/1[double],y,2
E:\OOD_Projects\ck-mvn-plugin\Quad-Engine-master\src\com\quad\core\components\GameObject.java,com.quad.core.components.GameObject,setUp/1[boolean],b,1
E:\OOD_Projects\ck-mvn-plugin\Quad-Engine-master\src\com\quad\core\components\GameObject.java,com.quad.core.components.GameObject,contains/1[com.quad.core.components.GameObject],r2,1
E:\OOD_Projects\ck-mvn-plugin\Quad-Engine-master\src\com\quad\core\components\GameObject.java,com.quad.core.components.GameObject,contains/1[com.quad.core.components.GameObject],o,1
E:\OOD_Projects\ck-mvn-plugin\Quad-Engine-master\src\com\quad\core\components\GameObject.java,com.quad.core.components.GameObject,contains/1[com.quad.core.components.GameObject],r1,1
E:\OOD_Projects\ck-mvn-plugin\Quad-Engine-master\src\com\quad\core\components\GameObject.java,com.quad.core.components.GameObject,setH/1[int],h,1
E:\OOD_Projects\ck-mvn-plugin\Quad-Engine-master\src\com\quad\core\components\GameObject.java,com.quad.core.components.GameObject,setX/1[double],x,2
E:\OOD_Projects\ck-mvn-plugin\Quad-Engine-master\src\com\quad\core\components\GameObject.java,com.quad.core.components.GameObject,setRight/1[boolean],b,1
E:\OOD_Projects\ck-mvn-plugin\Quad-Engine-master\src\com\quad\core\components\GameObject.java,com.quad.core.components.GameObject,setLeft/1[boolean],b,1
E:\OOD_Projects\ck-mvn-plugin\Quad-Engine-master\src\com\quad\core\components\GameObject.java,com.quad.core.components.GameObject,"updateComponents/2[com.quad.core.GameContainer,float]",dt,1
E:\OOD_Projects\ck-mvn-plugin\Quad-Engine-master\src\com\quad\core\components\GameObject.java,com.quad.core.components.GameObject,"updateComponents/2[com.quad.core.GameContainer,float]",c,1
E:\OOD_Projects\ck-mvn-plugin\Quad-Engine-master\src\com\quad\core\components\GameObject.java,com.quad.core.components.GameObject,"updateComponents/2[com.quad.core.GameContainer,float]",gc,1
E:\OOD_Projects\ck-mvn-plugin\Quad-Engine-master\src\com\quad\core\components\GameObject.java,com.quad.core.components.GameObject,"renderComponents/2[com.quad.core.GameContainer,com.quad.core.Renderer]",r,3
E:\OOD_Projects\ck-mvn-plugin\Quad-Engine-master\src\com\quad\core\components\GameObject.java,com.quad.core.components.GameObject,"renderComponents/2[com.quad.core.GameContainer,com.quad.core.Renderer]",c,1
E:\OOD_Projects\ck-mvn-plugin\Quad-Engine-master\src\com\quad\core\components\GameObject.java,com.quad.core.components.GameObject,"renderComponents/2[com.quad.core.GameContainer,com.quad.core.Renderer]",re,2
E:\OOD_Projects\ck-mvn-plugin\Quad-Engine-master\src\com\quad\core\components\GameObject.java,com.quad.core.components.GameObject,"renderComponents/2[com.quad.core.GameContainer,com.quad.core.Renderer]",gc,1
E:\OOD_Projects\ck-mvn-plugin\Quad-Engine-master\src\com\quad\core\components\GameObject.java,com.quad.core.components.GameObject,"componentEvent/2[java.lang.String,com.quad.core.components.GameObject]",name,0
E:\OOD_Projects\ck-mvn-plugin\Quad-Engine-master\src\com\quad\core\components\GameObject.java,com.quad.core.components.GameObject,"componentEvent/2[java.lang.String,com.quad.core.components.GameObject]",object,0
E:\OOD_Projects\ck-mvn-plugin\Quad-Engine-master\src\com\quad\core\components\GameObject.java,com.quad.core.components.GameObject,"setVector/2[double,double]",dx,2
E:\OOD_Projects\ck-mvn-plugin\Quad-Engine-master\src\com\quad\core\components\GameObject.java,com.quad.core.components.GameObject,"setVector/2[double,double]",dy,2
E:\OOD_Projects\ck-mvn-plugin\Quad-Engine-master\src\com\quad\core\components\GameObject.java,com.quad.core.components.GameObject,setDown/1[boolean],b,1
E:\OOD_Projects\ck-mvn-plugin\Quad-Engine-master\src\com\quad\core\components\GameObject.java,com.quad.core.components.GameObject,intersects/1[com.quad.core.components.GameObject],r2,1
E:\OOD_Projects\ck-mvn-plugin\Quad-Engine-master\src\com\quad\core\components\GameObject.java,com.quad.core.components.GameObject,intersects/1[com.quad.core.components.GameObject],o,1
E:\OOD_Projects\ck-mvn-plugin\Quad-Engine-master\src\com\quad\core\components\GameObject.java,com.quad.core.components.GameObject,intersects/1[com.quad.core.components.GameObject],r1,1
E:\OOD_Projects\ck-mvn-plugin\Quad-Engine-master\src\com\quad\core\components\GameObject.java,com.quad.core.components.GameObject,removeComponent/1[java.lang.String],i,4
E:\OOD_Projects\ck-mvn-plugin\Quad-Engine-master\src\com\quad\core\components\GameObject.java,com.quad.core.components.GameObject,removeComponent/1[java.lang.String],tag,1
E:\OOD_Projects\ck-mvn-plugin\Quad-Engine-master\src\com\quad\core\components\GameObject.java,com.quad.core.components.GameObject,intersects/1[java.awt.Rectangle],r,1
E:\OOD_Projects\ck-mvn-plugin\Quad-Engine-master\src\com\quad\core\components\GameObject.java,com.quad.core.components.GameObject,"calculateCorners/2[double,double]",br,1
E:\OOD_Projects\ck-mvn-plugin\Quad-Engine-master\src\com\quad\core\components\GameObject.java,com.quad.core.components.GameObject,"calculateCorners/2[double,double]",rightTile,3
E:\OOD_Projects\ck-mvn-plugin\Quad-Engine-master\src\com\quad\core\components\GameObject.java,com.quad.core.components.GameObject,"calculateCorners/2[double,double]",x,2
E:\OOD_Projects\ck-mvn-plugin\Quad-Engine-master\src\com\quad\core\components\GameObject.java,com.quad.core.components.GameObject,"calculateCorners/2[double,double]",leftTile,3
E:\OOD_Projects\ck-mvn-plugin\Quad-Engine-master\src\com\quad\core\components\GameObject.java,com.quad.core.components.GameObject,"calculateCorners/2[double,double]",tl,1
E:\OOD_Projects\ck-mvn-plugin\Quad-Engine-master\src\com\quad\core\components\GameObject.java,com.quad.core.components.GameObject,"calculateCorners/2[double,double]",y,2
E:\OOD_Projects\ck-mvn-plugin\Quad-Engine-master\src\com\quad\core\components\GameObject.java,com.quad.core.components.GameObject,"calculateCorners/2[double,double]",bl,1
E:\OOD_Projects\ck-mvn-plugin\Quad-Engine-master\src\com\quad\core\components\GameObject.java,com.quad.core.components.GameObject,"calculateCorners/2[double,double]",topTile,3
E:\OOD_Projects\ck-mvn-plugin\Quad-Engine-master\src\com\quad\core\components\GameObject.java,com.quad.core.components.GameObject,"calculateCorners/2[double,double]",tr,1
E:\OOD_Projects\ck-mvn-plugin\Quad-Engine-master\src\com\quad\core\components\GameObject.java,com.quad.core.components.GameObject,"calculateCorners/2[double,double]",bottomTile,3
E:\OOD_Projects\ck-mvn-plugin\Quad-Engine-master\src\com\quad\core\components\GameObject.java,com.quad.core.components.GameObject,setMovement/1[boolean],b,2
E:\OOD_Projects\ck-mvn-plugin\Quad-Engine-master\src\com\quad\core\components\GameObject.java,com.quad.core.components.GameObject,GameObject/1[com.quad.Tile.TileMap],tm,2
E:\OOD_Projects\ck-mvn-plugin\Quad-Engine-master\src\com\quad\core\components\GameObject.java,com.quad.core.components.GameObject,addComponent/1[com.quad.core.components.Component],c,1
E:\OOD_Projects\ck-mvn-plugin\Quad-Engine-master\src\com\quad\core\components\GameObject.java,com.quad.core.components.GameObject,setJumping/1[boolean],b,1
E:\OOD_Projects\ck-mvn-plugin\Quad-Engine-master\src\com\quad\core\components\ObjectManager.java,com.quad.core.components.ObjectManager,addObject/1[com.quad.core.components.GameObject],object,1
E:\OOD_Projects\ck-mvn-plugin\Quad-Engine-master\src\com\quad\core\components\ObjectManager.java,com.quad.core.components.ObjectManager,"renderObjects/2[com.quad.core.GameContainer,com.quad.core.Renderer]",r,1
E:\OOD_Projects\ck-mvn-plugin\Quad-Engine-master\src\com\quad\core\components\ObjectManager.java,com.quad.core.components.ObjectManager,"renderObjects/2[com.quad.core.GameContainer,com.quad.core.Renderer]",i,3
E:\OOD_Projects\ck-mvn-plugin\Quad-Engine-master\src\com\quad\core\components\ObjectManager.java,com.quad.core.components.ObjectManager,"renderObjects/2[com.quad.core.GameContainer,com.quad.core.Renderer]",gc,1
E:\OOD_Projects\ck-mvn-plugin\Quad-Engine-master\src\com\quad\core\components\ObjectManager.java,com.quad.core.components.ObjectManager,"updateObjects/2[com.quad.core.GameContainer,float]",dt,1
E:\OOD_Projects\ck-mvn-plugin\Quad-Engine-master\src\com\quad\core\components\ObjectManager.java,com.quad.core.components.ObjectManager,"updateObjects/2[com.quad.core.GameContainer,float]",i,5
E:\OOD_Projects\ck-mvn-plugin\Quad-Engine-master\src\com\quad\core\components\ObjectManager.java,com.quad.core.components.ObjectManager,"updateObjects/2[com.quad.core.GameContainer,float]",gc,1
E:\OOD_Projects\ck-mvn-plugin\Quad-Engine-master\src\com\quad\core\components\ObjectManager.java,com.quad.core.components.ObjectManager,findObject/1[java.lang.String],go,2
E:\OOD_Projects\ck-mvn-plugin\Quad-Engine-master\src\com\quad\core\components\ObjectManager.java,com.quad.core.components.ObjectManager,findObject/1[java.lang.String],tag,1
E:\OOD_Projects\ck-mvn-plugin\Quad-Engine-master\src\com\quad\core\components\ObjectManager.java,com.quad.core.components.ObjectManager,diposeObjects/0,go,1
E:\OOD_Projects\ck-mvn-plugin\Quad-Engine-master\src\com\quad\core\AbstractGame.java,com.quad.core.AbstractGame,"render/2[com.quad.core.GameContainer,com.quad.core.Renderer]",r,2
E:\OOD_Projects\ck-mvn-plugin\Quad-Engine-master\src\com\quad\core\AbstractGame.java,com.quad.core.AbstractGame,"render/2[com.quad.core.GameContainer,com.quad.core.Renderer]",gc,1
E:\OOD_Projects\ck-mvn-plugin\Quad-Engine-master\src\com\quad\core\AbstractGame.java,com.quad.core.AbstractGame,unloadState/1[int],state,1
E:\OOD_Projects\ck-mvn-plugin\Quad-Engine-master\src\com\quad\core\AbstractGame.java,com.quad.core.AbstractGame,init/1[com.quad.core.GameContainer],gc,1
E:\OOD_Projects\ck-mvn-plugin\Quad-Engine-master\src\com\quad\core\AbstractGame.java,com.quad.core.AbstractGame,"update/2[com.quad.core.GameContainer,float]",dt,1
E:\OOD_Projects\ck-mvn-plugin\Quad-Engine-master\src\com\quad\core\AbstractGame.java,com.quad.core.AbstractGame,"update/2[com.quad.core.GameContainer,float]",gc,1
E:\OOD_Projects\ck-mvn-plugin\Quad-Engine-master\src\com\quad\core\AbstractGame.java,com.quad.core.AbstractGame,loadState/1[int],state,0
E:\OOD_Projects\ck-mvn-plugin\Quad-Engine-master\src\com\quad\core\AbstractGame.java,com.quad.core.AbstractGame,"setState/2[com.quad.core.GameContainer,int]",state,1
E:\OOD_Projects\ck-mvn-plugin\Quad-Engine-master\src\com\quad\core\AbstractGame.java,com.quad.core.AbstractGame,"setState/2[com.quad.core.GameContainer,int]",gc,1
E:\OOD_Projects\ck-mvn-plugin\Quad-Engine-master\src\com\quad\core\AbstractGame.java,com.quad.core.AbstractGame,"setPaused/2[com.quad.core.GameContainer,boolean]",i,1
E:\OOD_Projects\ck-mvn-plugin\Quad-Engine-master\src\com\quad\core\AbstractGame.java,com.quad.core.AbstractGame,"setPaused/2[com.quad.core.GameContainer,boolean]",gc,1
E:\OOD_Projects\ck-mvn-plugin\Quad-Engine-master\src\com\quad\core\fx\LightRequest.java,com.quad.core.fx.LightRequest,"LightRequest/3[com.quad.core.fx.Light,int,int]",light,2
E:\OOD_Projects\ck-mvn-plugin\Quad-Engine-master\src\com\quad\core\fx\LightRequest.java,com.quad.core.fx.LightRequest,"LightRequest/3[com.quad.core.fx.Light,int,int]",x,2
E:\OOD_Projects\ck-mvn-plugin\Quad-Engine-master\src\com\quad\core\fx\LightRequest.java,com.quad.core.fx.LightRequest,"LightRequest/3[com.quad.core.fx.Light,int,int]",y,2
E:\OOD_Projects\ck-mvn-plugin\Quad-Engine-master\src\com\quad\core\fx\SoundClip.java,com.quad.core.fx.SoundClip,getFrames/1[java.lang.String],s,1
E:\OOD_Projects\ck-mvn-plugin\Quad-Engine-master\src\com\quad\core\fx\SoundClip.java,com.quad.core.fx.SoundClip,getPosition/1[java.lang.String],s,1
E:\OOD_Projects\ck-mvn-plugin\Quad-Engine-master\src\com\quad\core\fx\SoundClip.java,com.quad.core.fx.SoundClip,"play/2[java.lang.String,int]",s,1
E:\OOD_Projects\ck-mvn-plugin\Quad-Engine-master\src\com\quad\core\fx\SoundClip.java,com.quad.core.fx.SoundClip,"play/2[java.lang.String,int]",c,6
E:\OOD_Projects\ck-mvn-plugin\Quad-Engine-master\src\com\quad\core\fx\SoundClip.java,com.quad.core.fx.SoundClip,"play/2[java.lang.String,int]",i,1
E:\OOD_Projects\ck-mvn-plugin\Quad-Engine-master\src\com\quad\core\fx\SoundClip.java,com.quad.core.fx.SoundClip,"setPosition/2[java.lang.String,int]",s,1
E:\OOD_Projects\ck-mvn-plugin\Quad-Engine-master\src\com\quad\core\fx\SoundClip.java,com.quad.core.fx.SoundClip,"setPosition/2[java.lang.String,int]",frame,1
E:\OOD_Projects\ck-mvn-plugin\Quad-Engine-master\src\com\quad\core\fx\SoundClip.java,com.quad.core.fx.SoundClip,play/1[java.lang.String],s,1
E:\OOD_Projects\ck-mvn-plugin\Quad-Engine-master\src\com\quad\core\fx\SoundClip.java,com.quad.core.fx.SoundClip,"loop/2[java.lang.String,int]",s,2
E:\OOD_Projects\ck-mvn-plugin\Quad-Engine-master\src\com\quad\core\fx\SoundClip.java,com.quad.core.fx.SoundClip,"loop/2[java.lang.String,int]",frame,1
E:\OOD_Projects\ck-mvn-plugin\Quad-Engine-master\src\com\quad\core\fx\SoundClip.java,com.quad.core.fx.SoundClip,"loop/3[java.lang.String,int,int]",s,1
E:\OOD_Projects\ck-mvn-plugin\Quad-Engine-master\src\com\quad\core\fx\SoundClip.java,com.quad.core.fx.SoundClip,"loop/3[java.lang.String,int,int]",start,1
E:\OOD_Projects\ck-mvn-plugin\Quad-Engine-master\src\com\quad\core\fx\SoundClip.java,com.quad.core.fx.SoundClip,"loop/3[java.lang.String,int,int]",end,1
E:\OOD_Projects\ck-mvn-plugin\Quad-Engine-master\src\com\quad\core\fx\SoundClip.java,com.quad.core.fx.SoundClip,resume/1[java.lang.String],s,2
E:\OOD_Projects\ck-mvn-plugin\Quad-Engine-master\src\com\quad\core\fx\SoundClip.java,com.quad.core.fx.SoundClip,loop/1[java.lang.String],s,2
E:\OOD_Projects\ck-mvn-plugin\Quad-Engine-master\src\com\quad\core\fx\SoundClip.java,com.quad.core.fx.SoundClip,"load/2[java.lang.String,java.lang.String]",s,1
E:\OOD_Projects\ck-mvn-plugin\Quad-Engine-master\src\com\quad\core\fx\SoundClip.java,com.quad.core.fx.SoundClip,"load/2[java.lang.String,java.lang.String]",baseFormat,4
E:\OOD_Projects\ck-mvn-plugin\Quad-Engine-master\src\com\quad\core\fx\SoundClip.java,com.quad.core.fx.SoundClip,"load/2[java.lang.String,java.lang.String]",decodeFormat,1
E:\OOD_Projects\ck-mvn-plugin\Quad-Engine-master\src\com\quad\core\fx\SoundClip.java,com.quad.core.fx.SoundClip,"load/2[java.lang.String,java.lang.String]",e,1
E:\OOD_Projects\ck-mvn-plugin\Quad-Engine-master\src\com\quad\core\fx\SoundClip.java,com.quad.core.fx.SoundClip,"load/2[java.lang.String,java.lang.String]",dais,1
E:\OOD_Projects\ck-mvn-plugin\Quad-Engine-master\src\com\quad\core\fx\SoundClip.java,com.quad.core.fx.SoundClip,"load/2[java.lang.String,java.lang.String]",ais,2
E:\OOD_Projects\ck-mvn-plugin\Quad-Engine-master\src\com\quad\core\fx\SoundClip.java,com.quad.core.fx.SoundClip,"load/2[java.lang.String,java.lang.String]",n,2
E:\OOD_Projects\ck-mvn-plugin\Quad-Engine-master\src\com\quad\core\fx\SoundClip.java,com.quad.core.fx.SoundClip,"load/2[java.lang.String,java.lang.String]",clip,3
E:\OOD_Projects\ck-mvn-plugin\Quad-Engine-master\src\com\quad\core\fx\SoundClip.java,com.quad.core.fx.SoundClip,stop/1[java.lang.String],s,3
E:\OOD_Projects\ck-mvn-plugin\Quad-Engine-master\src\com\quad\core\fx\SoundClip.java,com.quad.core.fx.SoundClip,"loop/4[java.lang.String,int,int,int]",s,4
E:\OOD_Projects\ck-mvn-plugin\Quad-Engine-master\src\com\quad\core\fx\SoundClip.java,com.quad.core.fx.SoundClip,"loop/4[java.lang.String,int,int,int]",start,1
E:\OOD_Projects\ck-mvn-plugin\Quad-Engine-master\src\com\quad\core\fx\SoundClip.java,com.quad.core.fx.SoundClip,"loop/4[java.lang.String,int,int,int]",end,1
E:\OOD_Projects\ck-mvn-plugin\Quad-Engine-master\src\com\quad\core\fx\SoundClip.java,com.quad.core.fx.SoundClip,"loop/4[java.lang.String,int,int,int]",frame,1
E:\OOD_Projects\ck-mvn-plugin\Quad-Engine-master\src\com\quad\core\fx\SoundClip.java,com.quad.core.fx.SoundClip,close/1[java.lang.String],s,2
E:\OOD_Projects\ck-mvn-plugin\Quad-Engine-master\src\com\quad\core\fx\ImageTile.java,com.quad.core.fx.ImageTile,"ImageTile/3[java.lang.String,int,int]",path,1
E:\OOD_Projects\ck-mvn-plugin\Quad-Engine-master\src\com\quad\core\fx\ImageTile.java,com.quad.core.fx.ImageTile,"ImageTile/3[java.lang.String,int,int]",tileWidth,2
E:\OOD_Projects\ck-mvn-plugin\Quad-Engine-master\src\com\quad\core\fx\ImageTile.java,com.quad.core.fx.ImageTile,"ImageTile/3[java.lang.String,int,int]",tileHeight,2
E:\OOD_Projects\ck-mvn-plugin\Quad-Engine-master\src\com\quad\core\fx\Light.java,com.quad.core.fx.Light,"setPosition/2[int,int]",x,2
E:\OOD_Projects\ck-mvn-plugin\Quad-Engine-master\src\com\quad\core\fx\Light.java,com.quad.core.fx.Light,"setPosition/2[int,int]",y,2
E:\OOD_Projects\ck-mvn-plugin\Quad-Engine-master\src\com\quad\core\fx\Light.java,com.quad.core.fx.Light,"getLightValue/2[int,int]",x,3
E:\OOD_Projects\ck-mvn-plugin\Quad-Engine-master\src\com\quad\core\fx\Light.java,com.quad.core.fx.Light,"getLightValue/2[int,int]",y,3
E:\OOD_Projects\ck-mvn-plugin\Quad-Engine-master\src\com\quad\core\fx\Light.java,com.quad.core.fx.Light,"Light/2[int,int]",color,3
E:\OOD_Projects\ck-mvn-plugin\Quad-Engine-master\src\com\quad\core\fx\Light.java,com.quad.core.fx.Light,"Light/2[int,int]",distance,2
E:\OOD_Projects\ck-mvn-plugin\Quad-Engine-master\src\com\quad\core\fx\Light.java,com.quad.core.fx.Light,"Light/2[int,int]",x,6
E:\OOD_Projects\ck-mvn-plugin\Quad-Engine-master\src\com\quad\core\fx\Light.java,com.quad.core.fx.Light,"Light/2[int,int]",y,6
E:\OOD_Projects\ck-mvn-plugin\Quad-Engine-master\src\com\quad\core\fx\Light.java,com.quad.core.fx.Light,"Light/2[int,int]",radius,9
E:\OOD_Projects\ck-mvn-plugin\Quad-Engine-master\src\com\quad\Tile\Background.java,com.quad.Tile.Background,"setVector/2[double,double]",dx,2
E:\OOD_Projects\ck-mvn-plugin\Quad-Engine-master\src\com\quad\Tile\Background.java,com.quad.Tile.Background,"setVector/2[double,double]",dy,2
E:\OOD_Projects\ck-mvn-plugin\Quad-Engine-master\src\com\quad\Tile\Background.java,com.quad.Tile.Background,"setDimensions/2[int,int]",i1,1
E:\OOD_Projects\ck-mvn-plugin\Quad-Engine-master\src\com\quad\Tile\Background.java,com.quad.Tile.Background,"setDimensions/2[int,int]",i2,1
E:\OOD_Projects\ck-mvn-plugin\Quad-Engine-master\src\com\quad\Tile\Background.java,com.quad.Tile.Background,"setPosition/2[double,double]",x,2
E:\OOD_Projects\ck-mvn-plugin\Quad-Engine-master\src\com\quad\Tile\Background.java,com.quad.Tile.Background,"setPosition/2[double,double]",y,2
E:\OOD_Projects\ck-mvn-plugin\Quad-Engine-master\src\com\quad\Tile\Background.java,com.quad.Tile.Background,"Background/2[java.lang.String,double]",s,1
E:\OOD_Projects\ck-mvn-plugin\Quad-Engine-master\src\com\quad\Tile\Background.java,com.quad.Tile.Background,"Background/2[java.lang.String,double]",d,2
E:\OOD_Projects\ck-mvn-plugin\Quad-Engine-master\src\com\quad\Tile\Background.java,com.quad.Tile.Background,Background/1[java.lang.String],s,1
E:\OOD_Projects\ck-mvn-plugin\Quad-Engine-master\src\com\quad\Tile\Background.java,com.quad.Tile.Background,"Background/3[java.lang.String,double,double]",s,1
E:\OOD_Projects\ck-mvn-plugin\Quad-Engine-master\src\com\quad\Tile\Background.java,com.quad.Tile.Background,"Background/3[java.lang.String,double,double]",e,1
E:\OOD_Projects\ck-mvn-plugin\Quad-Engine-master\src\com\quad\Tile\Background.java,com.quad.Tile.Background,"Background/3[java.lang.String,double,double]",d1,1
E:\OOD_Projects\ck-mvn-plugin\Quad-Engine-master\src\com\quad\Tile\Background.java,com.quad.Tile.Background,"Background/3[java.lang.String,double,double]",d2,1
E:\OOD_Projects\ck-mvn-plugin\Quad-Engine-master\src\com\quad\Tile\Background.java,com.quad.Tile.Background,draw/1[com.quad.core.Renderer],r,3
E:\OOD_Projects\ck-mvn-plugin\Quad-Engine-master\src\com\quad\Tile\Background.java,com.quad.Tile.Background,"setPosition/4[double,double,int,int]",scalex,1
E:\OOD_Projects\ck-mvn-plugin\Quad-Engine-master\src\com\quad\Tile\Background.java,com.quad.Tile.Background,"setPosition/4[double,double,int,int]",scaley,1
E:\OOD_Projects\ck-mvn-plugin\Quad-Engine-master\src\com\quad\Tile\Background.java,com.quad.Tile.Background,"setPosition/4[double,double,int,int]",x,2
E:\OOD_Projects\ck-mvn-plugin\Quad-Engine-master\src\com\quad\Tile\Background.java,com.quad.Tile.Background,"setPosition/4[double,double,int,int]",y,2
E:\OOD_Projects\ck-mvn-plugin\Quad-Engine-master\src\com\quad\Tile\Background.java,com.quad.Tile.Background,"Background/6[java.lang.String,double,int,int,int,int]",s,1
E:\OOD_Projects\ck-mvn-plugin\Quad-Engine-master\src\com\quad\Tile\Background.java,com.quad.Tile.Background,"Background/6[java.lang.String,double,int,int,int,int]",e,1
E:\OOD_Projects\ck-mvn-plugin\Quad-Engine-master\src\com\quad\Tile\Background.java,com.quad.Tile.Background,"Background/6[java.lang.String,double,int,int,int,int]",ms,2
E:\OOD_Projects\ck-mvn-plugin\Quad-Engine-master\src\com\quad\Tile\Background.java,com.quad.Tile.Background,"Background/6[java.lang.String,double,int,int,int,int]",w,1
E:\OOD_Projects\ck-mvn-plugin\Quad-Engine-master\src\com\quad\Tile\Background.java,com.quad.Tile.Background,"Background/6[java.lang.String,double,int,int,int,int]",x,1
E:\OOD_Projects\ck-mvn-plugin\Quad-Engine-master\src\com\quad\Tile\Background.java,com.quad.Tile.Background,"Background/6[java.lang.String,double,int,int,int,int]",h,1
E:\OOD_Projects\ck-mvn-plugin\Quad-Engine-master\src\com\quad\Tile\Background.java,com.quad.Tile.Background,"Background/6[java.lang.String,double,int,int,int,int]",y,1
E:\OOD_Projects\ck-mvn-plugin\Quad-Engine-master\src\com\quad\Tile\Background.java,com.quad.Tile.Background,"setScale/2[double,double]",xscale,2
E:\OOD_Projects\ck-mvn-plugin\Quad-Engine-master\src\com\quad\Tile\Background.java,com.quad.Tile.Background,"setScale/2[double,double]",yscale,2
E:\OOD_Projects\ck-mvn-plugin\Quad-Engine-master\src\com\quad\core\Input.java,com.quad.core.Input,mousePressed/1[java.awt.event.MouseEvent],e,1
E:\OOD_Projects\ck-mvn-plugin\Quad-Engine-master\src\com\quad\core\Input.java,com.quad.core.Input,mouseReleased/1[java.awt.event.MouseEvent],e,1
E:\OOD_Projects\ck-mvn-plugin\Quad-Engine-master\src\com\quad\core\Input.java,com.quad.core.Input,mouseEntered/1[java.awt.event.MouseEvent],e,0
E:\OOD_Projects\ck-mvn-plugin\Quad-Engine-master\src\com\quad\core\Input.java,com.quad.core.Input,isButtonPressed/1[int],button,2
E:\OOD_Projects\ck-mvn-plugin\Quad-Engine-master\src\com\quad\core\Input.java,com.quad.core.Input,mouseMoved/1[java.awt.event.MouseEvent],e,2
E:\OOD_Projects\ck-mvn-plugin\Quad-Engine-master\src\com\quad\core\Input.java,com.quad.core.Input,isKeyPressed/1[int],keyCode,2
E:\OOD_Projects\ck-mvn-plugin\Quad-Engine-master\src\com\quad\core\Input.java,com.quad.core.Input,isButtonReleased/1[int],button,2
E:\OOD_Projects\ck-mvn-plugin\Quad-Engine-master\src\com\quad\core\Input.java,com.quad.core.Input,Input/1[com.quad.core.GameContainer],gc,5
E:\OOD_Projects\ck-mvn-plugin\Quad-Engine-master\src\com\quad\core\Input.java,com.quad.core.Input,mouseClicked/1[java.awt.event.MouseEvent],e,0
E:\OOD_Projects\ck-mvn-plugin\Quad-Engine-master\src\com\quad\core\Input.java,com.quad.core.Input,keyReleased/1[java.awt.event.KeyEvent],e,1
E:\OOD_Projects\ck-mvn-plugin\Quad-Engine-master\src\com\quad\core\Input.java,com.quad.core.Input,setMouseY/1[int],mouseY,2
E:\OOD_Projects\ck-mvn-plugin\Quad-Engine-master\src\com\quad\core\Input.java,com.quad.core.Input,isKeyReleased/1[int],keyCode,2
E:\OOD_Projects\ck-mvn-plugin\Quad-Engine-master\src\com\quad\core\Input.java,com.quad.core.Input,isButton/1[int],button,1
E:\OOD_Projects\ck-mvn-plugin\Quad-Engine-master\src\com\quad\core\Input.java,com.quad.core.Input,isKey/1[int],keyCode,1
E:\OOD_Projects\ck-mvn-plugin\Quad-Engine-master\src\com\quad\core\Input.java,com.quad.core.Input,mouseDragged/1[java.awt.event.MouseEvent],e,2
E:\OOD_Projects\ck-mvn-plugin\Quad-Engine-master\src\com\quad\core\Input.java,com.quad.core.Input,keyTyped/1[java.awt.event.KeyEvent],arg0,0
E:\OOD_Projects\ck-mvn-plugin\Quad-Engine-master\src\com\quad\core\Input.java,com.quad.core.Input,setMouseX/1[int],mouseX,2
E:\OOD_Projects\ck-mvn-plugin\Quad-Engine-master\src\com\quad\core\Input.java,com.quad.core.Input,keyPressed/1[java.awt.event.KeyEvent],e,1
E:\OOD_Projects\ck-mvn-plugin\Quad-Engine-master\src\com\quad\core\Input.java,com.quad.core.Input,mouseExited/1[java.awt.event.MouseEvent],e,0
E:\OOD_Projects\ck-mvn-plugin\Quad-Engine-master\src\com\quad\core\components\State.java,com.quad.core.components.State,"render/2[com.quad.core.GameContainer,com.quad.core.Renderer]",r,0
E:\OOD_Projects\ck-mvn-plugin\Quad-Engine-master\src\com\quad\core\components\State.java,com.quad.core.components.State,"render/2[com.quad.core.GameContainer,com.quad.core.Renderer]",gc,0
E:\OOD_Projects\ck-mvn-plugin\Quad-Engine-master\src\com\quad\core\components\State.java,com.quad.core.components.State,"update/2[com.quad.core.GameContainer,float]",dt,0
E:\OOD_Projects\ck-mvn-plugin\Quad-Engine-master\src\com\quad\core\components\State.java,com.quad.core.components.State,"update/2[com.quad.core.GameContainer,float]",gc,0
E:\OOD_Projects\ck-mvn-plugin\Quad-Engine-master\src\com\quad\core\components\State.java,com.quad.core.components.State,init/1[com.quad.core.GameContainer],gc,0
E:\OOD_Projects\ck-mvn-plugin\Quad-Engine-master\src\com\quad\core\components\State.java,com.quad.core.components.State,setManager/1[com.quad.core.components.ObjectManager],manager,2
E:\OOD_Projects\ck-mvn-plugin\Quad-Engine-master\src\com\quad\Tile\Tile.java,com.quad.Tile.Tile,"Tile/2[com.quad.core.fx.Image,int]",image,2
E:\OOD_Projects\ck-mvn-plugin\Quad-Engine-master\src\com\quad\Tile\Tile.java,com.quad.Tile.Tile,"Tile/2[com.quad.core.fx.Image,int]",type,2
E:\OOD_Projects\ck-mvn-plugin\Quad-Engine-master\src\com\quad\Tile\Tile.java,com.quad.Tile.Tile,setX/1[double],i,1
E:\OOD_Projects\ck-mvn-plugin\Quad-Engine-master\src\com\quad\Tile\Tile.java,com.quad.Tile.Tile,setY/1[int],i,1
E:\OOD_Projects\ck-mvn-plugin\Quad-Engine-master\src\com\quad\core\fx\Image.java,com.quad.core.fx.Image,"getSubimage/4[int,int,int,int]",w,3
E:\OOD_Projects\ck-mvn-plugin\Quad-Engine-master\src\com\quad\core\fx\Image.java,com.quad.core.fx.Image,"getSubimage/4[int,int,int,int]",x,2
E:\OOD_Projects\ck-mvn-plugin\Quad-Engine-master\src\com\quad\core\fx\Image.java,com.quad.core.fx.Image,"getSubimage/4[int,int,int,int]",h,2
E:\OOD_Projects\ck-mvn-plugin\Quad-Engine-master\src\com\quad\core\fx\Image.java,com.quad.core.fx.Image,"getSubimage/4[int,int,int,int]",y,2
E:\OOD_Projects\ck-mvn-plugin\Quad-Engine-master\src\com\quad\core\fx\Image.java,com.quad.core.fx.Image,"getSubimage/4[int,int,int,int]",i,2
E:\OOD_Projects\ck-mvn-plugin\Quad-Engine-master\src\com\quad\core\fx\Image.java,com.quad.core.fx.Image,Image/1[java.lang.String],path,1
E:\OOD_Projects\ck-mvn-plugin\Quad-Engine-master\src\com\quad\core\fx\Image.java,com.quad.core.fx.Image,Image/1[java.lang.String],e,1
E:\OOD_Projects\ck-mvn-plugin\Quad-Engine-master\src\com\quad\core\fx\Image.java,com.quad.core.fx.Image,"Image/3[int,int,int[]]",p,1
E:\OOD_Projects\ck-mvn-plugin\Quad-Engine-master\src\com\quad\core\fx\Image.java,com.quad.core.fx.Image,"Image/3[int,int,int[]]",w,1
E:\OOD_Projects\ck-mvn-plugin\Quad-Engine-master\src\com\quad\core\fx\Image.java,com.quad.core.fx.Image,"Image/3[int,int,int[]]",h,1
E:\OOD_Projects\ck-mvn-plugin\Quad-Engine-master\src\com\quad\core\fx\Content.java,com.quad.core.fx.Content,"load/3[java.lang.String,int,int]",ret,3
E:\OOD_Projects\ck-mvn-plugin\Quad-Engine-master\src\com\quad\core\fx\Content.java,com.quad.core.fx.Content,"load/3[java.lang.String,int,int]",s,1
E:\OOD_Projects\ck-mvn-plugin\Quad-Engine-master\src\com\quad\core\fx\Content.java,com.quad.core.fx.Content,"load/3[java.lang.String,int,int]",e,1
E:\OOD_Projects\ck-mvn-plugin\Quad-Engine-master\src\com\quad\core\fx\Content.java,com.quad.core.fx.Content,"load/3[java.lang.String,int,int]",w,3
E:\OOD_Projects\ck-mvn-plugin\Quad-Engine-master\src\com\quad\core\fx\Content.java,com.quad.core.fx.Content,"load/3[java.lang.String,int,int]",h,3
E:\OOD_Projects\ck-mvn-plugin\Quad-Engine-master\src\com\quad\core\fx\Content.java,com.quad.core.fx.Content,"load/3[java.lang.String,int,int]",width,3
E:\OOD_Projects\ck-mvn-plugin\Quad-Engine-master\src\com\quad\core\fx\Content.java,com.quad.core.fx.Content,"load/3[java.lang.String,int,int]",i,4
E:\OOD_Projects\ck-mvn-plugin\Quad-Engine-master\src\com\quad\core\fx\Content.java,com.quad.core.fx.Content,"load/3[java.lang.String,int,int]",j,4
E:\OOD_Projects\ck-mvn-plugin\Quad-Engine-master\src\com\quad\core\fx\Content.java,com.quad.core.fx.Content,"load/3[java.lang.String,int,int]",spritesheet,3
E:\OOD_Projects\ck-mvn-plugin\Quad-Engine-master\src\com\quad\core\fx\Content.java,com.quad.core.fx.Content,"load/3[java.lang.String,int,int]",height,3
E:\OOD_Projects\ck-mvn-plugin\Quad-Engine-master\src\com\quad\core\fx\Pixel.java,com.quad.core.fx.Pixel,getRed/1[int],color,1
E:\OOD_Projects\ck-mvn-plugin\Quad-Engine-master\src\com\quad\core\fx\Pixel.java,com.quad.core.fx.Pixel,getAlpha/1[int],color,1
E:\OOD_Projects\ck-mvn-plugin\Quad-Engine-master\src\com\quad\core\fx\Pixel.java,com.quad.core.fx.Pixel,getBlue/1[int],color,1
E:\OOD_Projects\ck-mvn-plugin\Quad-Engine-master\src\com\quad\core\fx\Pixel.java,com.quad.core.fx.Pixel,"getColorPower/2[int,float]",color,3
E:\OOD_Projects\ck-mvn-plugin\Quad-Engine-master\src\com\quad\core\fx\Pixel.java,com.quad.core.fx.Pixel,"getColorPower/2[int,float]",power,3
E:\OOD_Projects\ck-mvn-plugin\Quad-Engine-master\src\com\quad\core\fx\Pixel.java,com.quad.core.fx.Pixel,"getLightBlend/3[int,int,int]",r,3
E:\OOD_Projects\ck-mvn-plugin\Quad-Engine-master\src\com\quad\core\fx\Pixel.java,com.quad.core.fx.Pixel,"getLightBlend/3[int,int,int]",b,3
E:\OOD_Projects\ck-mvn-plugin\Quad-Engine-master\src\com\quad\core\fx\Pixel.java,com.quad.core.fx.Pixel,"getLightBlend/3[int,int,int]",color,3
E:\OOD_Projects\ck-mvn-plugin\Quad-Engine-master\src\com\quad\core\fx\Pixel.java,com.quad.core.fx.Pixel,"getLightBlend/3[int,int,int]",light,3
E:\OOD_Projects\ck-mvn-plugin\Quad-Engine-master\src\com\quad\core\fx\Pixel.java,com.quad.core.fx.Pixel,"getLightBlend/3[int,int,int]",g,3
E:\OOD_Projects\ck-mvn-plugin\Quad-Engine-master\src\com\quad\core\fx\Pixel.java,com.quad.core.fx.Pixel,"getLightBlend/3[int,int,int]",ambientLight,6
E:\OOD_Projects\ck-mvn-plugin\Quad-Engine-master\src\com\quad\core\fx\Pixel.java,com.quad.core.fx.Pixel,"getMax/2[int,int]",c0,3
E:\OOD_Projects\ck-mvn-plugin\Quad-Engine-master\src\com\quad\core\fx\Pixel.java,com.quad.core.fx.Pixel,"getMax/2[int,int]",c1,3
E:\OOD_Projects\ck-mvn-plugin\Quad-Engine-master\src\com\quad\core\fx\Pixel.java,com.quad.core.fx.Pixel,getGreen/1[int],color,1
E:\OOD_Projects\ck-mvn-plugin\Quad-Engine-master\src\com\quad\core\fx\Pixel.java,com.quad.core.fx.Pixel,"getColor/4[float,float,float,float]",a,1
E:\OOD_Projects\ck-mvn-plugin\Quad-Engine-master\src\com\quad\core\fx\Pixel.java,com.quad.core.fx.Pixel,"getColor/4[float,float,float,float]",r,1
E:\OOD_Projects\ck-mvn-plugin\Quad-Engine-master\src\com\quad\core\fx\Pixel.java,com.quad.core.fx.Pixel,"getColor/4[float,float,float,float]",b,1
E:\OOD_Projects\ck-mvn-plugin\Quad-Engine-master\src\com\quad\core\fx\Pixel.java,com.quad.core.fx.Pixel,"getColor/4[float,float,float,float]",g,1
E:\OOD_Projects\ck-mvn-plugin\Quad-Engine-master\src\com\quad\core\components\Component.java,com.quad.core.components.Component,"update/3[com.quad.core.GameContainer,com.quad.core.components.GameObject,float]",dt,0
E:\OOD_Projects\ck-mvn-plugin\Quad-Engine-master\src\com\quad\core\components\Component.java,com.quad.core.components.Component,"update/3[com.quad.core.GameContainer,com.quad.core.components.GameObject,float]",gc,0
E:\OOD_Projects\ck-mvn-plugin\Quad-Engine-master\src\com\quad\core\components\Component.java,com.quad.core.components.Component,"update/3[com.quad.core.GameContainer,com.quad.core.components.GameObject,float]",object,0
E:\OOD_Projects\ck-mvn-plugin\Quad-Engine-master\src\com\quad\core\components\Component.java,com.quad.core.components.Component,"render/2[com.quad.core.GameContainer,com.quad.core.Renderer]",r,0
E:\OOD_Projects\ck-mvn-plugin\Quad-Engine-master\src\com\quad\core\components\Component.java,com.quad.core.components.Component,"render/2[com.quad.core.GameContainer,com.quad.core.Renderer]",gc,0
E:\OOD_Projects\ck-mvn-plugin\Quad-Engine-master\src\com\quad\core\components\Component.java,com.quad.core.components.Component,setTag/1[java.lang.String],tag,2
E:\OOD_Projects\ck-mvn-plugin\Quad-Engine-master\src\com\quad\core\fx\Font.java,com.quad.core.fx.Font,Font/1[java.lang.String],path,1
E:\OOD_Projects\ck-mvn-plugin\Quad-Engine-master\src\com\quad\core\fx\Font.java,com.quad.core.fx.Font,Font/1[java.lang.String],color,2
E:\OOD_Projects\ck-mvn-plugin\Quad-Engine-master\src\com\quad\core\fx\Font.java,com.quad.core.fx.Font,Font/1[java.lang.String],x,5
E:\OOD_Projects\ck-mvn-plugin\Quad-Engine-master\src\com\quad\core\fx\Font.java,com.quad.core.fx.Font,Font/1[java.lang.String],unicode,4
E:\OOD_Projects\ck-mvn-plugin\Quad-Engine-master\src\com\quad\core\components\Physics.java,com.quad.core.components.Physics,update/0,i,4
E:\OOD_Projects\ck-mvn-plugin\Quad-Engine-master\src\com\quad\core\components\Physics.java,com.quad.core.components.Physics,update/0,j,3
E:\OOD_Projects\ck-mvn-plugin\Quad-Engine-master\src\com\quad\core\components\Physics.java,com.quad.core.components.Physics,update/0,c0,6
E:\OOD_Projects\ck-mvn-plugin\Quad-Engine-master\src\com\quad\core\components\Physics.java,com.quad.core.components.Physics,update/0,c1,6
E:\OOD_Projects\ck-mvn-plugin\Quad-Engine-master\src\com\quad\core\components\Physics.java,com.quad.core.components.Physics,addCollider/1[com.quad.core.components.Collider],c,1
E:\OOD_Projects\ck-mvn-plugin\Quad-Engine-master\src\com\quad\entity\Accessor.java,com.quad.entity.Accessor,"getValues/3[com.quad.Tile.TileMap,int,float[]]",returnValues,2
E:\OOD_Projects\ck-mvn-plugin\Quad-Engine-master\src\com\quad\entity\Accessor.java,com.quad.entity.Accessor,"getValues/3[com.quad.Tile.TileMap,int,float[]]",tweenType,1
E:\OOD_Projects\ck-mvn-plugin\Quad-Engine-master\src\com\quad\entity\Accessor.java,com.quad.entity.Accessor,"getValues/3[com.quad.Tile.TileMap,int,float[]]",target,4
E:\OOD_Projects\ck-mvn-plugin\Quad-Engine-master\src\com\quad\entity\Accessor.java,com.quad.entity.Accessor,"setValues/3[com.quad.Tile.TileMap,int,float[]]",tweenType,1
E:\OOD_Projects\ck-mvn-plugin\Quad-Engine-master\src\com\quad\entity\Accessor.java,com.quad.entity.Accessor,"setValues/3[com.quad.Tile.TileMap,int,float[]]",newValues,2
E:\OOD_Projects\ck-mvn-plugin\Quad-Engine-master\src\com\quad\entity\Accessor.java,com.quad.entity.Accessor,"setValues/3[com.quad.Tile.TileMap,int,float[]]",target,2
E:\OOD_Projects\ck-mvn-plugin\Quad-Engine-master\src\com\quad\core\Renderer.java,com.quad.core.Renderer,setFont/1[com.quad.core.fx.Font],font,2
E:\OOD_Projects\ck-mvn-plugin\Quad-Engine-master\src\com\quad\core\Renderer.java,com.quad.core.Renderer,"drawRect/6[int,int,int,int,int,com.quad.core.fx.ShadowType]",color,4
E:\OOD_Projects\ck-mvn-plugin\Quad-Engine-master\src\com\quad\core\Renderer.java,com.quad.core.Renderer,"drawRect/6[int,int,int,int,int,com.quad.core.fx.ShadowType]",w,2
E:\OOD_Projects\ck-mvn-plugin\Quad-Engine-master\src\com\quad\core\Renderer.java,com.quad.core.Renderer,"drawRect/6[int,int,int,int,int,com.quad.core.fx.ShadowType]",h,2
E:\OOD_Projects\ck-mvn-plugin\Quad-Engine-master\src\com\quad\core\Renderer.java,com.quad.core.Renderer,"drawRect/6[int,int,int,int,int,com.quad.core.fx.ShadowType]",x,4
E:\OOD_Projects\ck-mvn-plugin\Quad-Engine-master\src\com\quad\core\Renderer.java,com.quad.core.Renderer,"drawRect/6[int,int,int,int,int,com.quad.core.fx.ShadowType]",y,4
E:\OOD_Projects\ck-mvn-plugin\Quad-Engine-master\src\com\quad\core\Renderer.java,com.quad.core.Renderer,"drawRect/6[int,int,int,int,int,com.quad.core.fx.ShadowType]",type,4
E:\OOD_Projects\ck-mvn-plugin\Quad-Engine-master\src\com\quad\core\Renderer.java,com.quad.core.Renderer,"drawRect/6[int,int,int,int,int,com.quad.core.fx.ShadowType]",offX,4
E:\OOD_Projects\ck-mvn-plugin\Quad-Engine-master\src\com\quad\core\Renderer.java,com.quad.core.Renderer,"drawRect/6[int,int,int,int,int,com.quad.core.fx.ShadowType]",offY,4
E:\OOD_Projects\ck-mvn-plugin\Quad-Engine-master\src\com\quad\core\Renderer.java,com.quad.core.Renderer,setTransX/1[int],transX,2
E:\OOD_Projects\ck-mvn-plugin\Quad-Engine-master\src\com\quad\core\Renderer.java,com.quad.core.Renderer,"drawImage/3[com.quad.core.fx.Image,int,int]",image,5
E:\OOD_Projects\ck-mvn-plugin\Quad-Engine-master\src\com\quad\core\Renderer.java,com.quad.core.Renderer,"drawImage/3[com.quad.core.fx.Image,int,int]",x,4
E:\OOD_Projects\ck-mvn-plugin\Quad-Engine-master\src\com\quad\core\Renderer.java,com.quad.core.Renderer,"drawImage/3[com.quad.core.fx.Image,int,int]",y,4
E:\OOD_Projects\ck-mvn-plugin\Quad-Engine-master\src\com\quad\core\Renderer.java,com.quad.core.Renderer,"drawImage/3[com.quad.core.fx.Image,int,int]",offX,1
E:\OOD_Projects\ck-mvn-plugin\Quad-Engine-master\src\com\quad\core\Renderer.java,com.quad.core.Renderer,"drawImage/3[com.quad.core.fx.Image,int,int]",offY,1
E:\OOD_Projects\ck-mvn-plugin\Quad-Engine-master\src\com\quad\core\Renderer.java,com.quad.core.Renderer,"getLightBlock/2[int,int]",x,4
E:\OOD_Projects\ck-mvn-plugin\Quad-Engine-master\src\com\quad\core\Renderer.java,com.quad.core.Renderer,"getLightBlock/2[int,int]",y,4
E:\OOD_Projects\ck-mvn-plugin\Quad-Engine-master\src\com\quad\core\Renderer.java,com.quad.core.Renderer,"drawFillRect/5[int,int,int,int,int]",color,1
E:\OOD_Projects\ck-mvn-plugin\Quad-Engine-master\src\com\quad\core\Renderer.java,com.quad.core.Renderer,"drawFillRect/5[int,int,int,int,int]",w,1
E:\OOD_Projects\ck-mvn-plugin\Quad-Engine-master\src\com\quad\core\Renderer.java,com.quad.core.Renderer,"drawFillRect/5[int,int,int,int,int]",h,1
E:\OOD_Projects\ck-mvn-plugin\Quad-Engine-master\src\com\quad\core\Renderer.java,com.quad.core.Renderer,"drawFillRect/5[int,int,int,int,int]",offX,1
E:\OOD_Projects\ck-mvn-plugin\Quad-Engine-master\src\com\quad\core\Renderer.java,com.quad.core.Renderer,"drawFillRect/5[int,int,int,int,int]",offY,1
E:\OOD_Projects\ck-mvn-plugin\Quad-Engine-master\src\com\quad\core\Renderer.java,com.quad.core.Renderer,"setPixel/4[int,int,int,com.quad.core.fx.ShadowType]",shadowType,1
E:\OOD_Projects\ck-mvn-plugin\Quad-Engine-master\src\com\quad\core\Renderer.java,com.quad.core.Renderer,"setPixel/4[int,int,int,com.quad.core.fx.ShadowType]",color,2
E:\OOD_Projects\ck-mvn-plugin\Quad-Engine-master\src\com\quad\core\Renderer.java,com.quad.core.Renderer,"setPixel/4[int,int,int,com.quad.core.fx.ShadowType]",x,5
E:\OOD_Projects\ck-mvn-plugin\Quad-Engine-master\src\com\quad\core\Renderer.java,com.quad.core.Renderer,"setPixel/4[int,int,int,com.quad.core.fx.ShadowType]",y,5
E:\OOD_Projects\ck-mvn-plugin\Quad-Engine-master\src\com\quad\core\Renderer.java,com.quad.core.Renderer,"setLightMap/3[int,int,int]",color,1
E:\OOD_Projects\ck-mvn-plugin\Quad-Engine-master\src\com\quad\core\Renderer.java,com.quad.core.Renderer,"setLightMap/3[int,int,int]",x,5
E:\OOD_Projects\ck-mvn-plugin\Quad-Engine-master\src\com\quad\core\Renderer.java,com.quad.core.Renderer,"setLightMap/3[int,int,int]",y,5
E:\OOD_Projects\ck-mvn-plugin\Quad-Engine-master\src\com\quad\core\Renderer.java,com.quad.core.Renderer,flushMaps/0,x,7
E:\OOD_Projects\ck-mvn-plugin\Quad-Engine-master\src\com\quad\core\Renderer.java,com.quad.core.Renderer,flushMaps/0,y,7
E:\OOD_Projects\ck-mvn-plugin\Quad-Engine-master\src\com\quad\core\Renderer.java,com.quad.core.Renderer,setAmbientLight/1[int],ambientLight,2
E:\OOD_Projects\ck-mvn-plugin\Quad-Engine-master\src\com\quad\core\Renderer.java,com.quad.core.Renderer,"drawFillRect/6[int,int,int,int,int,com.quad.core.fx.ShadowType]",color,1
E:\OOD_Projects\ck-mvn-plugin\Quad-Engine-master\src\com\quad\core\Renderer.java,com.quad.core.Renderer,"drawFillRect/6[int,int,int,int,int,com.quad.core.fx.ShadowType]",w,1
E:\OOD_Projects\ck-mvn-plugin\Quad-Engine-master\src\com\quad\core\Renderer.java,com.quad.core.Renderer,"drawFillRect/6[int,int,int,int,int,com.quad.core.fx.ShadowType]",h,1
E:\OOD_Projects\ck-mvn-plugin\Quad-Engine-master\src\com\quad\core\Renderer.java,com.quad.core.Renderer,"drawFillRect/6[int,int,int,int,int,com.quad.core.fx.ShadowType]",x,3
E:\OOD_Projects\ck-mvn-plugin\Quad-Engine-master\src\com\quad\core\Renderer.java,com.quad.core.Renderer,"drawFillRect/6[int,int,int,int,int,com.quad.core.fx.ShadowType]",y,3
E:\OOD_Projects\ck-mvn-plugin\Quad-Engine-master\src\com\quad\core\Renderer.java,com.quad.core.Renderer,"drawFillRect/6[int,int,int,int,int,com.quad.core.fx.ShadowType]",type,1
E:\OOD_Projects\ck-mvn-plugin\Quad-Engine-master\src\com\quad\core\Renderer.java,com.quad.core.Renderer,"drawFillRect/6[int,int,int,int,int,com.quad.core.fx.ShadowType]",offX,1
E:\OOD_Projects\ck-mvn-plugin\Quad-Engine-master\src\com\quad\core\Renderer.java,com.quad.core.Renderer,"drawFillRect/6[int,int,int,int,int,com.quad.core.fx.ShadowType]",offY,1
E:\OOD_Projects\ck-mvn-plugin\Quad-Engine-master\src\com\quad\core\Renderer.java,com.quad.core.Renderer,drawLightArray/0,lr,3
E:\OOD_Projects\ck-mvn-plugin\Quad-Engine-master\src\com\quad\core\Renderer.java,com.quad.core.Renderer,"drawString/4[java.lang.String,int,int,int]",color,1
E:\OOD_Projects\ck-mvn-plugin\Quad-Engine-master\src\com\quad\core\Renderer.java,com.quad.core.Renderer,"drawString/4[java.lang.String,int,int,int]",offset,2
E:\OOD_Projects\ck-mvn-plugin\Quad-Engine-master\src\com\quad\core\Renderer.java,com.quad.core.Renderer,"drawString/4[java.lang.String,int,int,int]",x,4
E:\OOD_Projects\ck-mvn-plugin\Quad-Engine-master\src\com\quad\core\Renderer.java,com.quad.core.Renderer,"drawString/4[java.lang.String,int,int,int]",i,3
E:\OOD_Projects\ck-mvn-plugin\Quad-Engine-master\src\com\quad\core\Renderer.java,com.quad.core.Renderer,"drawString/4[java.lang.String,int,int,int]",unicode,3
E:\OOD_Projects\ck-mvn-plugin\Quad-Engine-master\src\com\quad\core\Renderer.java,com.quad.core.Renderer,"drawString/4[java.lang.String,int,int,int]",y,4
E:\OOD_Projects\ck-mvn-plugin\Quad-Engine-master\src\com\quad\core\Renderer.java,com.quad.core.Renderer,"drawString/4[java.lang.String,int,int,int]",text,4
E:\OOD_Projects\ck-mvn-plugin\Quad-Engine-master\src\com\quad\core\Renderer.java,com.quad.core.Renderer,"drawString/4[java.lang.String,int,int,int]",offX,1
E:\OOD_Projects\ck-mvn-plugin\Quad-Engine-master\src\com\quad\core\Renderer.java,com.quad.core.Renderer,"drawString/4[java.lang.String,int,int,int]",offY,1
E:\OOD_Projects\ck-mvn-plugin\Quad-Engine-master\src\com\quad\core\Renderer.java,com.quad.core.Renderer,"drawImage/5[com.quad.core.fx.Image,int,int,int,int]",image,2
E:\OOD_Projects\ck-mvn-plugin\Quad-Engine-master\src\com\quad\core\Renderer.java,com.quad.core.Renderer,"drawImage/5[com.quad.core.fx.Image,int,int,int,int]",width,2
E:\OOD_Projects\ck-mvn-plugin\Quad-Engine-master\src\com\quad\core\Renderer.java,com.quad.core.Renderer,"drawImage/5[com.quad.core.fx.Image,int,int,int,int]",x,4
E:\OOD_Projects\ck-mvn-plugin\Quad-Engine-master\src\com\quad\core\Renderer.java,com.quad.core.Renderer,"drawImage/5[com.quad.core.fx.Image,int,int,int,int]",y,4
E:\OOD_Projects\ck-mvn-plugin\Quad-Engine-master\src\com\quad\core\Renderer.java,com.quad.core.Renderer,"drawImage/5[com.quad.core.fx.Image,int,int,int,int]",offX,1
E:\OOD_Projects\ck-mvn-plugin\Quad-Engine-master\src\com\quad\core\Renderer.java,com.quad.core.Renderer,"drawImage/5[com.quad.core.fx.Image,int,int,int,int]",offY,1
E:\OOD_Projects\ck-mvn-plugin\Quad-Engine-master\src\com\quad\core\Renderer.java,com.quad.core.Renderer,"drawImage/5[com.quad.core.fx.Image,int,int,int,int]",height,1
E:\OOD_Projects\ck-mvn-plugin\Quad-Engine-master\src\com\quad\core\Renderer.java,com.quad.core.Renderer,"drawImageTile/3[com.quad.core.fx.ImageTile,int,int]",image,1
E:\OOD_Projects\ck-mvn-plugin\Quad-Engine-master\src\com\quad\core\Renderer.java,com.quad.core.Renderer,"drawImageTile/3[com.quad.core.fx.ImageTile,int,int]",tileX,1
E:\OOD_Projects\ck-mvn-plugin\Quad-Engine-master\src\com\quad\core\Renderer.java,com.quad.core.Renderer,"drawImageTile/3[com.quad.core.fx.ImageTile,int,int]",tileY,1
E:\OOD_Projects\ck-mvn-plugin\Quad-Engine-master\src\com\quad\core\Renderer.java,com.quad.core.Renderer,setTransY/1[int],transY,2
E:\OOD_Projects\ck-mvn-plugin\Quad-Engine-master\src\com\quad\core\Renderer.java,com.quad.core.Renderer,clear/0,x,3
E:\OOD_Projects\ck-mvn-plugin\Quad-Engine-master\src\com\quad\core\Renderer.java,com.quad.core.Renderer,clear/0,y,3
E:\OOD_Projects\ck-mvn-plugin\Quad-Engine-master\src\com\quad\core\Renderer.java,com.quad.core.Renderer,"drawLightRequest/3[com.quad.core.fx.Light,int,int]",light,20
E:\OOD_Projects\ck-mvn-plugin\Quad-Engine-master\src\com\quad\core\Renderer.java,com.quad.core.Renderer,"drawLightRequest/3[com.quad.core.fx.Light,int,int]",x,4
E:\OOD_Projects\ck-mvn-plugin\Quad-Engine-master\src\com\quad\core\Renderer.java,com.quad.core.Renderer,"drawLightRequest/3[com.quad.core.fx.Light,int,int]",i,6
E:\OOD_Projects\ck-mvn-plugin\Quad-Engine-master\src\com\quad\core\Renderer.java,com.quad.core.Renderer,"drawLightRequest/3[com.quad.core.fx.Light,int,int]",y,4
E:\OOD_Projects\ck-mvn-plugin\Quad-Engine-master\src\com\quad\core\Renderer.java,com.quad.core.Renderer,"drawLightRequest/3[com.quad.core.fx.Light,int,int]",offX,5
E:\OOD_Projects\ck-mvn-plugin\Quad-Engine-master\src\com\quad\core\Renderer.java,com.quad.core.Renderer,"drawLightRequest/3[com.quad.core.fx.Light,int,int]",offY,5
E:\OOD_Projects\ck-mvn-plugin\Quad-Engine-master\src\com\quad\core\Renderer.java,com.quad.core.Renderer,Renderer/1[com.quad.core.GameContainer],gc,5
E:\OOD_Projects\ck-mvn-plugin\Quad-Engine-master\src\com\quad\core\Renderer.java,com.quad.core.Renderer,drawLight/1[com.quad.core.fx.Light],light,1
E:\OOD_Projects\ck-mvn-plugin\Quad-Engine-master\src\com\quad\core\Renderer.java,com.quad.core.Renderer,setClearColor/1[int],clearColor,2
E:\OOD_Projects\ck-mvn-plugin\Quad-Engine-master\src\com\quad\core\Renderer.java,com.quad.core.Renderer,"drawLight/3[com.quad.core.fx.Light,int,int]",light,1
E:\OOD_Projects\ck-mvn-plugin\Quad-Engine-master\src\com\quad\core\Renderer.java,com.quad.core.Renderer,"drawLight/3[com.quad.core.fx.Light,int,int]",offX,1
E:\OOD_Projects\ck-mvn-plugin\Quad-Engine-master\src\com\quad\core\Renderer.java,com.quad.core.Renderer,"drawLight/3[com.quad.core.fx.Light,int,int]",offY,1
E:\OOD_Projects\ck-mvn-plugin\Quad-Engine-master\src\com\quad\core\Renderer.java,com.quad.core.Renderer,drawImage/1[com.quad.core.fx.Image],image,1
E:\OOD_Projects\ck-mvn-plugin\Quad-Engine-master\src\com\quad\core\Renderer.java,com.quad.core.Renderer,setTranslate/1[boolean],translate,2
E:\OOD_Projects\ck-mvn-plugin\Quad-Engine-master\src\com\quad\core\Renderer.java,com.quad.core.Renderer,"drawImageReverted/5[com.quad.core.fx.Image,int,int,int,int]",image,2
E:\OOD_Projects\ck-mvn-plugin\Quad-Engine-master\src\com\quad\core\Renderer.java,com.quad.core.Renderer,"drawImageReverted/5[com.quad.core.fx.Image,int,int,int,int]",width,2
E:\OOD_Projects\ck-mvn-plugin\Quad-Engine-master\src\com\quad\core\Renderer.java,com.quad.core.Renderer,"drawImageReverted/5[com.quad.core.fx.Image,int,int,int,int]",x,4
E:\OOD_Projects\ck-mvn-plugin\Quad-Engine-master\src\com\quad\core\Renderer.java,com.quad.core.Renderer,"drawImageReverted/5[com.quad.core.fx.Image,int,int,int,int]",y,4
E:\OOD_Projects\ck-mvn-plugin\Quad-Engine-master\src\com\quad\core\Renderer.java,com.quad.core.Renderer,"drawImageReverted/5[com.quad.core.fx.Image,int,int,int,int]",offX,1
E:\OOD_Projects\ck-mvn-plugin\Quad-Engine-master\src\com\quad\core\Renderer.java,com.quad.core.Renderer,"drawImageReverted/5[com.quad.core.fx.Image,int,int,int,int]",offY,1
E:\OOD_Projects\ck-mvn-plugin\Quad-Engine-master\src\com\quad\core\Renderer.java,com.quad.core.Renderer,"drawImageReverted/5[com.quad.core.fx.Image,int,int,int,int]",height,1
E:\OOD_Projects\ck-mvn-plugin\Quad-Engine-master\src\com\quad\core\Renderer.java,com.quad.core.Renderer,"drawImageTile/5[com.quad.core.fx.ImageTile,int,int,int,int]",image,7
E:\OOD_Projects\ck-mvn-plugin\Quad-Engine-master\src\com\quad\core\Renderer.java,com.quad.core.Renderer,"drawImageTile/5[com.quad.core.fx.ImageTile,int,int,int,int]",x,4
E:\OOD_Projects\ck-mvn-plugin\Quad-Engine-master\src\com\quad\core\Renderer.java,com.quad.core.Renderer,"drawImageTile/5[com.quad.core.fx.ImageTile,int,int,int,int]",y,4
E:\OOD_Projects\ck-mvn-plugin\Quad-Engine-master\src\com\quad\core\Renderer.java,com.quad.core.Renderer,"drawImageTile/5[com.quad.core.fx.ImageTile,int,int,int,int]",offX,1
E:\OOD_Projects\ck-mvn-plugin\Quad-Engine-master\src\com\quad\core\Renderer.java,com.quad.core.Renderer,"drawImageTile/5[com.quad.core.fx.ImageTile,int,int,int,int]",offY,1
E:\OOD_Projects\ck-mvn-plugin\Quad-Engine-master\src\com\quad\core\Renderer.java,com.quad.core.Renderer,"drawImageTile/5[com.quad.core.fx.ImageTile,int,int,int,int]",tileX,1
E:\OOD_Projects\ck-mvn-plugin\Quad-Engine-master\src\com\quad\core\Renderer.java,com.quad.core.Renderer,"drawImageTile/5[com.quad.core.fx.ImageTile,int,int,int,int]",tileY,1
E:\OOD_Projects\ck-mvn-plugin\Quad-Engine-master\src\com\quad\core\Renderer.java,com.quad.core.Renderer,"drawLightLine/7[int,int,int,int,com.quad.core.fx.Light,int,int]",err,3
E:\OOD_Projects\ck-mvn-plugin\Quad-Engine-master\src\com\quad\core\Renderer.java,com.quad.core.Renderer,"drawLightLine/7[int,int,int,int,com.quad.core.fx.Light,int,int]",sx,1
E:\OOD_Projects\ck-mvn-plugin\Quad-Engine-master\src\com\quad\core\Renderer.java,com.quad.core.Renderer,"drawLightLine/7[int,int,int,int,com.quad.core.fx.Light,int,int]",sy,1
E:\OOD_Projects\ck-mvn-plugin\Quad-Engine-master\src\com\quad\core\Renderer.java,com.quad.core.Renderer,"drawLightLine/7[int,int,int,int,com.quad.core.fx.Light,int,int]",e2,3
E:\OOD_Projects\ck-mvn-plugin\Quad-Engine-master\src\com\quad\core\Renderer.java,com.quad.core.Renderer,"drawLightLine/7[int,int,int,int,com.quad.core.fx.Light,int,int]",hit,4
E:\OOD_Projects\ck-mvn-plugin\Quad-Engine-master\src\com\quad\core\Renderer.java,com.quad.core.Renderer,"drawLightLine/7[int,int,int,int,com.quad.core.fx.Light,int,int]",dx,3
E:\OOD_Projects\ck-mvn-plugin\Quad-Engine-master\src\com\quad\core\Renderer.java,com.quad.core.Renderer,"drawLightLine/7[int,int,int,int,com.quad.core.fx.Light,int,int]",light,5
E:\OOD_Projects\ck-mvn-plugin\Quad-Engine-master\src\com\quad\core\Renderer.java,com.quad.core.Renderer,"drawLightLine/7[int,int,int,int,com.quad.core.fx.Light,int,int]",dy,3
E:\OOD_Projects\ck-mvn-plugin\Quad-Engine-master\src\com\quad\core\Renderer.java,com.quad.core.Renderer,"drawLightLine/7[int,int,int,int,com.quad.core.fx.Light,int,int]",y0,8
E:\OOD_Projects\ck-mvn-plugin\Quad-Engine-master\src\com\quad\core\Renderer.java,com.quad.core.Renderer,"drawLightLine/7[int,int,int,int,com.quad.core.fx.Light,int,int]",x0,8
E:\OOD_Projects\ck-mvn-plugin\Quad-Engine-master\src\com\quad\core\Renderer.java,com.quad.core.Renderer,"drawLightLine/7[int,int,int,int,com.quad.core.fx.Light,int,int]",y1,3
E:\OOD_Projects\ck-mvn-plugin\Quad-Engine-master\src\com\quad\core\Renderer.java,com.quad.core.Renderer,"drawLightLine/7[int,int,int,int,com.quad.core.fx.Light,int,int]",x1,3
E:\OOD_Projects\ck-mvn-plugin\Quad-Engine-master\src\com\quad\core\Renderer.java,com.quad.core.Renderer,"drawLightLine/7[int,int,int,int,com.quad.core.fx.Light,int,int]",power,5
E:\OOD_Projects\ck-mvn-plugin\Quad-Engine-master\src\com\quad\core\Renderer.java,com.quad.core.Renderer,"drawLightLine/7[int,int,int,int,com.quad.core.fx.Light,int,int]",offX,1
E:\OOD_Projects\ck-mvn-plugin\Quad-Engine-master\src\com\quad\core\Renderer.java,com.quad.core.Renderer,"drawLightLine/7[int,int,int,int,com.quad.core.fx.Light,int,int]",offY,1
E:\OOD_Projects\ck-mvn-plugin\Quad-Engine-master\src\com\quad\core\Renderer.java,com.quad.core.Renderer,"drawLightLine/7[int,int,int,int,com.quad.core.fx.Light,int,int]",screenX,6
E:\OOD_Projects\ck-mvn-plugin\Quad-Engine-master\src\com\quad\core\Renderer.java,com.quad.core.Renderer,"drawLightLine/7[int,int,int,int,com.quad.core.fx.Light,int,int]",screenY,6
E:\OOD_Projects\ck-mvn-plugin\Quad-Engine-master\src\com\quad\core\components\Collider.java,com.quad.core.components.Collider,"update/3[com.quad.core.GameContainer,com.quad.core.components.GameObject,float]",dt,0
E:\OOD_Projects\ck-mvn-plugin\Quad-Engine-master\src\com\quad\core\components\Collider.java,com.quad.core.components.Collider,"update/3[com.quad.core.GameContainer,com.quad.core.components.GameObject,float]",gc,1
E:\OOD_Projects\ck-mvn-plugin\Quad-Engine-master\src\com\quad\core\components\Collider.java,com.quad.core.components.Collider,"update/3[com.quad.core.GameContainer,com.quad.core.components.GameObject,float]",object,7
E:\OOD_Projects\ck-mvn-plugin\Quad-Engine-master\src\com\quad\core\components\Collider.java,com.quad.core.components.Collider,setObject/1[com.quad.core.components.GameObject],object,2
E:\OOD_Projects\ck-mvn-plugin\Quad-Engine-master\src\com\quad\core\components\Collider.java,com.quad.core.components.Collider,setX/1[float],x,2
E:\OOD_Projects\ck-mvn-plugin\Quad-Engine-master\src\com\quad\core\components\Collider.java,com.quad.core.components.Collider,sethH/1[float],hH,2
E:\OOD_Projects\ck-mvn-plugin\Quad-Engine-master\src\com\quad\core\components\Collider.java,com.quad.core.components.Collider,collision/1[com.quad.core.components.GameObject],object,2
E:\OOD_Projects\ck-mvn-plugin\Quad-Engine-master\src\com\quad\core\components\Collider.java,com.quad.core.components.Collider,"render/2[com.quad.core.GameContainer,com.quad.core.Renderer]",r,1
E:\OOD_Projects\ck-mvn-plugin\Quad-Engine-master\src\com\quad\core\components\Collider.java,com.quad.core.components.Collider,"render/2[com.quad.core.GameContainer,com.quad.core.Renderer]",gc,0
E:\OOD_Projects\ck-mvn-plugin\Quad-Engine-master\src\com\quad\core\components\Collider.java,com.quad.core.components.Collider,setY/1[float],y,2
E:\OOD_Projects\ck-mvn-plugin\Quad-Engine-master\src\com\quad\core\components\Collider.java,com.quad.core.components.Collider,sethW/1[float],hW,2
E:\OOD_Projects\ck-mvn-plugin\Quad-Engine-master\src\com\quad\core\Window.java,com.quad.core.Window,Window/1[com.quad.core.GameContainer],s,3
E:\OOD_Projects\ck-mvn-plugin\Quad-Engine-master\src\com\quad\core\Window.java,com.quad.core.Window,Window/1[com.quad.core.GameContainer],gc,7
E:\OOD_Projects\ck-mvn-plugin\Quad-Engine-master\src\com\quad\core\Window.java,com.quad.core.Window,"Window/2[com.quad.core.GameContainer,boolean]",mode,9
E:\OOD_Projects\ck-mvn-plugin\Quad-Engine-master\src\com\quad\core\Window.java,com.quad.core.Window,"Window/2[com.quad.core.GameContainer,boolean]",s,3
E:\OOD_Projects\ck-mvn-plugin\Quad-Engine-master\src\com\quad\core\Window.java,com.quad.core.Window,"Window/2[com.quad.core.GameContainer,boolean]",modes,1
E:\OOD_Projects\ck-mvn-plugin\Quad-Engine-master\src\com\quad\core\Window.java,com.quad.core.Window,"Window/2[com.quad.core.GameContainer,boolean]",ex,0
E:\OOD_Projects\ck-mvn-plugin\Quad-Engine-master\src\com\quad\core\Window.java,com.quad.core.Window,"Window/2[com.quad.core.GameContainer,boolean]",fullscreen,0
E:\OOD_Projects\ck-mvn-plugin\Quad-Engine-master\src\com\quad\core\Window.java,com.quad.core.Window,"Window/2[com.quad.core.GameContainer,boolean]",e,3
E:\OOD_Projects\ck-mvn-plugin\Quad-Engine-master\src\com\quad\core\Window.java,com.quad.core.Window,"Window/2[com.quad.core.GameContainer,boolean]",matchingModes,3
E:\OOD_Projects\ck-mvn-plugin\Quad-Engine-master\src\com\quad\core\Window.java,com.quad.core.Window,"Window/2[com.quad.core.GameContainer,boolean]",gc,7
E:\OOD_Projects\ck-mvn-plugin\Quad-Engine-master\src\com\quad\core\Window.java,com.quad.core.Window,"Window/2[com.quad.core.GameContainer,boolean]",device,5
E:\OOD_Projects\ck-mvn-plugin\Quad-Engine-master\src\com\quad\entity\Animation.java,com.quad.entity.Animation,setFrames/1[com.quad.core.fx.Image[]],frames,3
E:\OOD_Projects\ck-mvn-plugin\Quad-Engine-master\src\com\quad\entity\Animation.java,com.quad.entity.Animation,setDelay/1[int],i,1
E:\OOD_Projects\ck-mvn-plugin\Quad-Engine-master\src\com\quad\entity\Animation.java,com.quad.entity.Animation,hasPlayed/1[int],i,1
E:\OOD_Projects\ck-mvn-plugin\Quad-Engine-master\src\com\quad\entity\Animation.java,com.quad.entity.Animation,setFrame/1[int],i,1
E:\OOD_Projects\ck-mvn-plugin\Quad-Engine-master\src\com\quad\entity\Animation.java,com.quad.entity.Animation,setNumFrames/1[int],i,1
