<?xml version="1.0" encoding="UTF-8"?>
<system>
	<pattern name="Factory Method" />
	<pattern name="Prototype" />
	<pattern name="Singleton" />
	<pattern name="(Object)Adapter">
		<instance>
			<role name="Adaptee" element="PizzaOrderSystem.Menu" />
			<role name="Adapter" element="PizzaOrderSystem.FacadeModel" />
			<role name="adaptee" element="PizzaOrderSystem.FacadeModel::menu:PizzaOrderSystem.Menu" />
			<role name="Request()" element="PizzaOrderSystem.FacadeModel::showDrinks():java.lang.String" />
			<role name="Request()" element="PizzaOrderSystem.FacadeModel::showAppetizers():java.lang.String" />
			<role name="Request()" element="PizzaOrderSystem.FacadeModel::showPizzas():java.lang.String" />
			<role name="Request()" element="PizzaOrderSystem.FacadeModel::showSpecial():java.lang.String" />
			<role name="Request()" element="PizzaOrderSystem.FacadeModel::defineMenu(int, java.lang.String, PizzaOrderSystem.Size, java.lang.String):void" />
			<role name="Request()" element="PizzaOrderSystem.FacadeModel::defineMenu(PizzaOrderSystem.Item):void" />
			<role name="Request()" element="PizzaOrderSystem.FacadeModel::getMenuList():java.util.ArrayList" />
			<role name="Request()" element="PizzaOrderSystem.FacadeModel::remove(PizzaOrderSystem.Item):void" />
			<role name="Request()" element="PizzaOrderSystem.FacadeModel::setDailySpecial(PizzaOrderSystem.Item):void" />
		</instance>
		<instance>
			<role name="Adaptee" element="PizzaOrderSystem.Pay" />
			<role name="Adapter" element="PizzaOrderSystem.FacadeModel" />
			<role name="adaptee" element="PizzaOrderSystem.FacadeModel::pay:PizzaOrderSystem.Pay" />
			<role name="Request()" element="PizzaOrderSystem.FacadeModel::paythebill(PizzaOrderSystem.Order, java.lang.String, java.lang.String, java.lang.String):boolean" />
		</instance>
		<instance>
			<role name="Adapter" element="PizzaOrderSystem.Customer" />
			<role name="Adaptee" element="PizzaOrderSystem.Pay" />
			<role name="adaptee" element="PizzaOrderSystem.Customer::pay:PizzaOrderSystem.Pay" />
			<role name="Request()" element="PizzaOrderSystem.Customer::AutoPay():boolean" />
			<role name="Request()" element="PizzaOrderSystem.Customer::paythebill(PizzaOrderSystem.Order, java.lang.String, java.lang.String, java.lang.String):boolean" />
		</instance>
		<instance>
			<role name="Adaptee" element="PizzaOrderSystem.Menu" />
			<role name="Adapter" element="PizzaOrderSystem.StoreManager" />
			<role name="adaptee" element="PizzaOrderSystem.StoreManager::menu:PizzaOrderSystem.Menu" />
			<role name="Request()" element="PizzaOrderSystem.StoreManager::define(PizzaOrderSystem.Item):void" />
			<role name="Request()" element="PizzaOrderSystem.StoreManager::create():void" />
			<role name="Request()" element="PizzaOrderSystem.StoreManager::remove(PizzaOrderSystem.Item):void" />
			<role name="Request()" element="PizzaOrderSystem.StoreManager::setDailySpecial(PizzaOrderSystem.Item):void" />
		</instance>
		<instance>
			<role name="Adaptee" element="PizzaOrderSystem.Account" />
			<role name="Adapter" element="PizzaOrderSystem.Customer" />
			<role name="adaptee" element="PizzaOrderSystem.Customer::ac:PizzaOrderSystem.Account" />
			<role name="Request()" element="PizzaOrderSystem.Customer::AutoPay():boolean" />
			<role name="Request()" element="PizzaOrderSystem.Customer::createAccount(java.lang.String, java.lang.String, java.lang.String, java.lang.String, java.lang.String, PizzaOrderSystem.AccountType, java.lang.String, java.lang.String, java.lang.String):int" />
		</instance>
		<instance>
			<role name="Adaptee" element="PizzaOrderSystem.Customer" />
			<role name="Adapter" element="PizzaOrderSystem.FacadeModel" />
			<role name="adaptee" element="PizzaOrderSystem.FacadeModel::customer:PizzaOrderSystem.Customer" />
			<role name="Request()" element="PizzaOrderSystem.FacadeModel::createaccount(java.lang.String, java.lang.String, java.lang.String, java.lang.String, java.lang.String, PizzaOrderSystem.AccountType, java.lang.String, java.lang.String, java.lang.String):int" />
		</instance>
		<instance>
			<role name="Adaptee" element="PizzaOrderSystem.Account" />
			<role name="Adapter" element="PizzaOrderSystem.FacadeModel" />
			<role name="adaptee" element="PizzaOrderSystem.FacadeModel::account:PizzaOrderSystem.Account" />
			<role name="Request()" element="PizzaOrderSystem.FacadeModel::checkAccount(java.lang.String, char[]):boolean" />
		</instance>
		<instance>
			<role name="Adaptee" element="PizzaOrderSystem.Account" />
			<role name="Adapter" element="PizzaOrderSystem.StoreManager" />
			<role name="adaptee" element="PizzaOrderSystem.StoreManager::ac:PizzaOrderSystem.Account" />
			<role name="Request()" element="PizzaOrderSystem.StoreManager::createEmployeeAccount(java.lang.String, java.lang.String, java.lang.String, java.lang.String, java.lang.String, PizzaOrderSystem.AccountType):int" />
		</instance>
	</pattern>
	<pattern name="Command" />
	<pattern name="Composite" />
	<pattern name="Decorator" />
	<pattern name="Observer" />
	<pattern name="State">
		<instance>
			<role name="Context" element="PizzaOrderSystem.ChefView" />
			<role name="State" element="Node.FacadeInterface" />
			<role name="state" element="PizzaOrderSystem.ChefView::model:Node.FacadeInterface" />
			<role name="Request()" element="PizzaOrderSystem.ChefView::actionPerformed(java.awt.event.ActionEvent):void" />
		</instance>
		<instance>
			<role name="Context" element="PizzaOrderSystem.CustomerView" />
			<role name="State" element="Node.FacadeInterface" />
			<role name="state" element="PizzaOrderSystem.CustomerView::model:Node.FacadeInterface" />
			<role name="Request()" element="PizzaOrderSystem.CustomerView::actionPerformed(java.awt.event.ActionEvent):void" />
		</instance>
		<instance>
			<role name="Context" element="PizzaOrderSystem.ManagerView" />
			<role name="State" element="Node.FacadeInterface" />
			<role name="state" element="PizzaOrderSystem.ManagerView::model:Node.FacadeInterface" />
			<role name="Request()" element="PizzaOrderSystem.ManagerView::actionPerformed(java.awt.event.ActionEvent):void" />
		</instance>
	</pattern>
	<pattern name="Strategy" />
	<pattern name="Bridge" />
	<pattern name="Template Method" />
	<pattern name="Visitor" />
	<pattern name="Proxy" />
	<pattern name="Proxy2" />
	<pattern name="Chain of Responsibility" />
</system>

