<?xml version="1.0" encoding="UTF-8"?>
<system>
	<pattern name="Factory Method" />
	<pattern name="Prototype" />
	<pattern name="Singleton">
		<instance>
			<role name="Singleton" element="com.Hospital.Princeton.Frame1" />
			<role name="uniqueInstance" element="com.Hospital.Princeton.Frame1::ob:com.Hospital.Princeton.Frame1" />
		</instance>
		<instance>
			<role name="Singleton" element="com.Hospital.Princeton.Frame2" />
			<role name="uniqueInstance" element="com.Hospital.Princeton.Frame2::o:com.Hospital.Princeton.Frame2" />
		</instance>
		<instance>
			<role name="Singleton" element="com.Hospital.Princeton.PatientLogin" />
			<role name="uniqueInstance" element="com.Hospital.Princeton.PatientLogin::obj:com.Hospital.Princeton.PatientLogin" />
		</instance>
	</pattern>
	<pattern name="(Object)Adapter" />
	<pattern name="Command" />
	<pattern name="Composite" />
	<pattern name="Decorator" />
	<pattern name="Observer" />
	<pattern name="State" />
	<pattern name="Strategy" />
	<pattern name="Bridge" />
	<pattern name="Template Method" />
	<pattern name="Visitor" />
	<pattern name="Proxy" />
	<pattern name="Proxy2" />
	<pattern name="Chain of Responsibility" />
</system>

