<?xml version="1.0" encoding="UTF-8"?>
<system>
	<pattern name="Factory Method" />
	<pattern name="Prototype" />
	<pattern name="Singleton" />
	<pattern name="(Object)Adapter">
		<instance>
			<role name="Adaptee" element="com.quad.core.components.GameObject" />
			<role name="Adapter" element="com.quad.core.components.Collider" />
			<role name="adaptee" element="com.quad.core.components.Collider::object:com.quad.core.components.GameObject" />
			<role name="Request()" element="com.quad.core.components.Collider::update(com.quad.core.GameContainer, com.quad.core.components.GameObject, float):void" />
		</instance>
	</pattern>
	<pattern name="Command" />
	<pattern name="Composite" />
	<pattern name="Decorator" />
	<pattern name="Observer" />
	<pattern name="State">
		<instance>
			<role name="Context" element="com.quad.core.AbstractGame" />
			<role name="State" element="com.quad.core.components.State" />
			<role name="state" element="com.quad.core.AbstractGame::states:com.quad.core.components.State[]" />
			<role name="Request()" element="com.quad.core.AbstractGame::init(com.quad.core.GameContainer):void" />
			<role name="Request()" element="com.quad.core.AbstractGame::update(com.quad.core.GameContainer, float):void" />
			<role name="Request()" element="com.quad.core.AbstractGame::render(com.quad.core.GameContainer, com.quad.core.Renderer):void" />
		</instance>
		<instance>
			<role name="Context" element="com.quad.core.components.Collider" />
			<role name="State" element="com.quad.core.components.GameObject" />
			<role name="state" element="com.quad.core.components.Collider::object:com.quad.core.components.GameObject" />
			<role name="Request()" element="com.quad.core.components.Collider::collision(com.quad.core.components.GameObject):void" />
		</instance>
	</pattern>
	<pattern name="Strategy" />
	<pattern name="Bridge" />
	<pattern name="Template Method" />
	<pattern name="Visitor" />
	<pattern name="Proxy" />
	<pattern name="Proxy2" />
	<pattern name="Chain of Responsibility" />
</system>

