file,class,type,cbo,cboModified,fanin,fanout,wmc,dit,noc,rfc,lcom,lcom*,tcc,lcc,totalMethodsQty,staticMethodsQty,publicMethodsQty,privateMethodsQty,protectedMethodsQty,defaultMethodsQty,visibleMethodsQty,abstractMethodsQty,finalMethodsQty,synchronizedMethodsQty,totalFieldsQty,staticFieldsQty,publicFieldsQty,privateFieldsQty,protectedFieldsQty,defaultFieldsQty,finalFieldsQty,synchronizedFieldsQty,nosi,loc,returnQty,loopQty,comparisonsQty,tryCatchQty,parenthesizedExpsQty,stringLiteralsQty,numbersQty,assignmentsQty,mathOperationsQty,variablesQty,maxNestedBlocksQty,anonymousClassesQty,innerClassesQty,lambdasQty,uniqueWordsQty,modifiers,logStatementsQty
E:\OOD_Projects\ck-mvn-plugin\LiveChatServer-master\src\com\chatroom\ui\ChatActivity.java,com.chatroom.ui.ChatActivity$Anonymous3,anonymous,3,3,0,3,2,1,0,9,0,0.0,NaN,NaN,1,0,1,0,0,0,1,0,0,0,0,0,0,0,0,0,0,0,1,14,0,0,0,1,0,1,0,1,0,0,1,0,0,0,13,-1,0
E:\OOD_Projects\ck-mvn-plugin\LiveChatServer-master\src\com\chatroom\ui\SignUpActivity.java,com.chatroom.ui.SignUpActivity$Anonymous4,anonymous,1,1,0,1,1,1,0,3,0,0.0,NaN,NaN,1,0,1,0,0,0,1,0,0,0,0,0,0,0,0,0,0,0,0,7,0,0,0,0,0,0,0,2,0,2,0,0,0,0,9,-1,0
E:\OOD_Projects\ck-mvn-plugin\LiveChatServer-master\src\com\chatroom\ui\ChatActivity.java,com.chatroom.ui.ChatActivity$Anonymous2,anonymous,1,1,0,1,1,1,0,3,0,0.0,NaN,NaN,1,0,1,0,0,0,1,0,0,0,0,0,0,0,0,0,0,0,0,7,0,0,0,0,0,0,0,2,0,0,0,0,0,0,12,-1,0
E:\OOD_Projects\ck-mvn-plugin\LiveChatServer-master\src\com\chatroom\ui\SignUpActivity.java,com.chatroom.ui.SignUpActivity$Anonymous5,anonymous,2,2,0,2,2,1,0,5,0,0.0,NaN,NaN,1,0,1,0,0,0,1,0,0,0,0,0,0,0,0,0,0,0,1,13,0,0,0,1,0,0,0,0,0,0,1,0,0,0,16,-1,0
E:\OOD_Projects\ck-mvn-plugin\LiveChatServer-master\src\com\chatroom\ui\ChatActivity.java,com.chatroom.ui.ChatActivity$Anonymous1,anonymous,0,0,0,0,4,1,0,5,1,0.0,0.0,0.0,2,0,2,0,0,0,2,0,0,0,0,0,0,0,0,0,0,0,0,12,0,0,1,0,0,3,1,0,0,0,1,0,0,0,8,-1,0
E:\OOD_Projects\ck-mvn-plugin\LiveChatServer-master\src\com\chatroom\ui\ChatActivity.java,com.chatroom.ui.ChatActivity,class,7,14,7,7,16,2,0,64,0,0.7451923,NaN,NaN,8,0,1,7,0,0,1,0,0,0,26,0,0,26,0,0,0,0,12,351,0,0,0,1,0,28,75,49,2,41,4,7,1,0,124,1,0
E:\OOD_Projects\ck-mvn-plugin\LiveChatServer-master\src\com\chatroom\models\Request.java,com.chatroom.models.Request,class,0,13,13,0,11,1,0,0,29,0.74545455,0.23636363,0.6727273,11,0,11,0,0,0,11,0,0,0,5,0,0,0,0,5,0,0,0,44,5,0,0,0,0,1,0,11,0,5,0,0,1,0,27,1,0
E:\OOD_Projects\ck-mvn-plugin\LiveChatServer-master\src\com\chatroom\ui\ChatActivity.java,com.chatroom.ui.ChatActivity$Anonymous7,anonymous,1,1,0,1,1,1,0,6,0,0.0,NaN,NaN,1,0,1,0,0,0,1,0,0,0,0,0,0,0,0,0,0,0,0,10,0,0,0,0,0,1,0,2,0,0,0,0,0,0,14,-1,0
E:\OOD_Projects\ck-mvn-plugin\LiveChatServer-master\src\com\chatroom\ui\MainSplash.java,com.chatroom.ui.MainSplash$Anonymous1,anonymous,0,0,0,0,1,1,0,5,0,0.0,NaN,NaN,1,0,1,0,0,0,1,0,0,0,1,0,0,0,0,1,0,0,1,7,0,0,0,0,0,1,2,1,0,1,0,0,0,0,7,-1,0
E:\OOD_Projects\ck-mvn-plugin\LiveChatServer-master\src\com\chatroom\ui\ChatActivity.java,com.chatroom.ui.ChatActivity$Anonymous6,anonymous,1,1,0,1,6,1,0,6,0,0.0,NaN,NaN,1,0,1,0,0,0,1,0,0,0,0,0,0,0,0,0,0,0,0,19,0,0,1,0,2,0,2,8,2,2,1,0,0,0,24,-1,0
E:\OOD_Projects\ck-mvn-plugin\LiveChatServer-master\src\com\chatroom\ui\MainSplash.java,com.chatroom.ui.MainSplash$Anonymous2,anonymous,2,2,0,2,2,1,0,4,0,0.0,NaN,NaN,1,0,1,0,0,0,1,0,0,0,0,0,0,0,0,0,0,0,1,12,0,0,0,1,0,0,0,0,0,0,1,0,0,0,16,-1,0
E:\OOD_Projects\ck-mvn-plugin\LiveChatServer-master\src\com\chatroom\ui\SignUpActivity.java,com.chatroom.ui.SignUpActivity$Anonymous1,anonymous,0,0,0,0,1,1,0,5,0,0.0,NaN,NaN,1,0,1,0,0,0,1,0,0,0,1,0,0,0,0,1,0,0,1,7,0,0,0,0,0,1,2,1,0,1,0,0,0,0,7,-1,0
E:\OOD_Projects\ck-mvn-plugin\LiveChatServer-master\src\com\chatroom\others\Message.java,com.chatroom.others.Message,class,1,6,5,1,2,1,0,2,1,0.0,0.0,0.0,2,2,2,0,0,0,2,0,0,0,0,0,0,0,0,0,0,0,0,8,0,0,0,0,0,0,0,0,0,0,0,0,0,0,5,1,0
E:\OOD_Projects\ck-mvn-plugin\LiveChatServer-master\src\com\chatroom\ui\ChatActivity.java,com.chatroom.ui.ChatActivity$Anonymous5,anonymous,3,3,0,3,2,1,0,9,0,0.0,NaN,NaN,1,0,1,0,0,0,1,0,0,0,0,0,0,0,0,0,0,0,1,14,0,0,0,1,0,1,0,1,0,0,1,0,0,0,13,-1,0
E:\OOD_Projects\ck-mvn-plugin\LiveChatServer-master\src\com\chatroom\ui\MainSplash.java,com.chatroom.ui.MainSplash$Anonymous3,anonymous,2,2,0,2,2,1,0,4,0,0.0,NaN,NaN,1,0,1,0,0,0,1,0,0,0,0,0,0,0,0,0,0,0,1,12,0,0,0,1,0,0,0,0,0,0,1,0,0,0,16,-1,0
E:\OOD_Projects\ck-mvn-plugin\LiveChatServer-master\src\com\chatroom\ui\SignUpActivity.java,com.chatroom.ui.SignUpActivity$Anonymous2,anonymous,0,0,0,0,4,1,0,6,1,0.0,0.0,0.0,2,0,2,0,0,0,2,0,0,0,0,0,0,0,0,0,0,0,0,14,0,0,1,0,0,3,1,0,0,0,1,0,0,0,10,-1,0
E:\OOD_Projects\ck-mvn-plugin\LiveChatServer-master\src\com\chatroom\ui\ChatActivity.java,com.chatroom.ui.ChatActivity$Anonymous4,anonymous,3,3,0,3,2,1,0,9,0,0.0,NaN,NaN,1,0,1,0,0,0,1,0,0,0,0,0,0,0,0,0,0,0,1,14,0,0,0,1,0,1,0,1,0,0,1,0,0,0,13,-1,0
E:\OOD_Projects\ck-mvn-plugin\LiveChatServer-master\src\com\chatroom\ui\SignUpActivity.java,com.chatroom.ui.SignUpActivity$Anonymous3,anonymous,0,0,0,0,4,1,0,7,1,0.0,0.0,0.0,2,0,2,0,0,0,2,0,0,0,0,0,0,0,0,0,0,0,0,16,0,0,1,0,0,3,2,0,0,0,1,0,0,0,10,-1,0
E:\OOD_Projects\ck-mvn-plugin\LiveChatServer-master\src\com\chatroom\others\TextBubbleBorder.java,com.chatroom.others.TextBubbleBorder,class,1,3,2,1,8,2,0,12,0,0.5833334,0.6,1.0,6,0,6,0,0,0,6,0,0,0,10,0,0,9,0,1,0,0,0,70,2,0,1,0,5,0,16,27,20,21,1,0,0,0,47,1,0
E:\OOD_Projects\ck-mvn-plugin\LiveChatServer-master\src\com\chatroom\server\Server.java,com.chatroom.server.RequestAnalyser,class,9,12,3,9,37,2,0,51,1,0.5833333,0.0,0.0,2,1,2,0,0,0,2,0,0,0,6,0,0,0,0,6,0,0,10,191,0,2,11,1,0,38,39,51,10,27,6,0,0,0,80,0,0
E:\OOD_Projects\ck-mvn-plugin\LiveChatServer-master\src\com\chatroom\client\ClientExec.java,com.chatroom.client.ClientExec,class,4,4,0,4,9,1,0,10,0,0.0,NaN,NaN,1,1,1,0,0,0,1,0,0,0,0,0,0,0,0,0,0,0,7,35,0,0,2,2,0,5,7,5,1,4,2,0,0,0,26,1,0
E:\OOD_Projects\ck-mvn-plugin\LiveChatServer-master\src\com\chatroom\server\ClientThread.java,com.chatroom.server.ClientThread,class,2,5,3,2,8,2,0,15,0,0.375,1.0,1.0,2,0,2,0,0,0,2,0,0,0,4,0,0,0,0,4,0,0,1,46,0,1,4,1,0,2,2,4,0,4,4,0,0,0,23,1,0
E:\OOD_Projects\ck-mvn-plugin\LiveChatServer-master\src\com\chatroom\server\ServerExec.java,com.chatroom.server.ServerExec,class,3,3,0,3,4,1,0,9,0,0.0,NaN,NaN,1,1,1,0,0,0,1,0,0,0,0,0,0,0,0,0,0,0,4,24,0,0,0,1,0,4,4,8,1,4,2,0,0,0,22,1,0
E:\OOD_Projects\ck-mvn-plugin\LiveChatServer-master\src\com\chatroom\ui\ChatActivity.java,com.chatroom.ui.ChatActivity$MessageListener$Anonymous8,anonymous,3,3,0,3,10,1,0,16,0,0.0,NaN,NaN,1,0,1,0,0,0,1,0,0,0,0,0,0,0,0,0,0,0,4,62,0,1,6,0,0,12,7,12,3,6,4,2,0,0,27,-1,0
E:\OOD_Projects\ck-mvn-plugin\LiveChatServer-master\src\com\chatroom\server\Server.java,com.chatroom.server.MessageHandler,class,6,7,1,6,30,2,0,39,0,0.0,NaN,NaN,1,0,1,0,0,0,1,0,0,0,0,0,0,0,0,0,0,0,6,150,0,2,9,4,2,34,11,53,11,32,8,0,0,0,48,0,0
E:\OOD_Projects\ck-mvn-plugin\LiveChatServer-master\src\com\chatroom\Database\createdb.java,com.chatroom.Database.createdb,class,1,2,1,1,6,1,0,9,0,0.0,NaN,NaN,1,0,1,0,0,0,1,0,0,0,0,0,0,0,0,0,0,0,8,42,0,0,0,2,0,10,0,8,4,4,2,0,0,0,36,1,0
E:\OOD_Projects\ck-mvn-plugin\LiveChatServer-master\src\com\chatroom\client\Client.java,com.chatroom.client.Client$MessageListener,innerclass,3,3,0,3,19,2,0,16,0,0.0,NaN,NaN,1,0,1,0,0,0,1,0,0,0,0,0,0,0,0,0,0,0,8,58,0,2,10,1,0,15,4,10,5,6,5,0,0,0,32,0,0
E:\OOD_Projects\ck-mvn-plugin\LiveChatServer-master\src\com\chatroom\models\Response.java,com.chatroom.models.Response,class,0,13,13,0,7,1,0,0,3,0.5714286,0.42857143,1.0,7,0,7,0,0,0,7,0,0,0,3,0,0,0,0,3,0,0,0,29,3,0,0,0,0,0,0,6,0,3,0,0,1,0,15,1,0
E:\OOD_Projects\ck-mvn-plugin\LiveChatServer-master\src\com\chatroom\client\ClientModel.java,com.chatroom.client.ClientModel,class,0,11,11,0,6,1,0,3,6,0.7428571,0.2,0.2,5,0,5,0,0,0,5,0,0,0,7,2,2,5,0,0,0,0,0,34,2,0,0,1,0,1,3,11,0,7,1,0,0,0,22,1,0
E:\OOD_Projects\ck-mvn-plugin\LiveChatServer-master\src\com\chatroom\server\Server.java,com.chatroom.server.MessagesTrackComparator,class,1,2,1,1,3,1,0,1,0,0.0,NaN,NaN,1,0,1,0,0,0,1,0,0,0,0,0,0,0,0,0,0,0,0,9,3,0,0,0,0,0,3,0,0,0,1,0,0,0,7,0,0
E:\OOD_Projects\ck-mvn-plugin\LiveChatServer-master\src\com\chatroom\ui\ViewRoomsActivity.java,com.chatroom.ui.ViewRoomsActivity,class,7,10,3,7,12,1,0,44,0,0.56363636,NaN,NaN,5,0,1,4,0,0,1,0,0,0,11,0,0,11,0,0,0,0,8,169,1,0,1,3,0,12,42,42,2,22,3,4,0,0,100,1,0
E:\OOD_Projects\ck-mvn-plugin\LiveChatServer-master\src\com\chatroom\client\Client.java,com.chatroom.client.Client,class,8,10,2,8,33,2,0,41,0,0.52884614,0.6666667,1.0,8,0,3,5,0,0,3,0,0,0,13,0,0,13,0,0,0,0,37,278,0,1,6,4,0,36,12,47,6,18,3,0,1,0,110,1,0
E:\OOD_Projects\ck-mvn-plugin\LiveChatServer-master\src\com\chatroom\ui\ChatActivity.java,com.chatroom.ui.ChatActivity$MessageListener$Anonymous8$Anonymous9,anonymous,2,2,0,2,2,1,0,4,0,0.0,NaN,NaN,1,0,1,0,0,0,1,0,0,0,0,0,0,0,0,0,0,0,1,12,0,0,0,1,0,0,0,0,0,0,1,0,0,0,12,-1,0
E:\OOD_Projects\ck-mvn-plugin\LiveChatServer-master\src\com\chatroom\server\Server.java,com.chatroom.server.Server,class,12,16,4,12,16,1,0,20,11,0.85714287,0.14285715,0.2857143,7,4,6,0,1,0,7,0,0,0,22,15,0,0,0,22,0,0,11,115,5,2,0,4,0,5,7,26,2,27,2,0,0,0,79,1,0
E:\OOD_Projects\ck-mvn-plugin\LiveChatServer-master\src\com\chatroom\configuration\Config.java,com.chatroom.configuration.Config,class,0,0,0,0,0,1,0,0,0,NaN,-1.0,-1.0,0,0,0,0,0,0,0,0,0,0,12,12,12,0,0,0,6,0,0,14,0,0,0,0,0,10,3,12,0,12,0,0,0,0,25,1,0
E:\OOD_Projects\ck-mvn-plugin\LiveChatServer-master\src\com\chatroom\others\LogFileWriter.java,com.chatroom.others.LogFileWriter,class,0,30,30,0,2,1,0,5,0,0.0,NaN,NaN,1,1,1,0,0,0,1,0,0,0,1,1,0,0,0,1,0,0,1,17,0,0,0,1,0,5,0,3,2,3,1,0,0,0,24,1,0
E:\OOD_Projects\ck-mvn-plugin\LiveChatServer-master\src\com\chatroom\ui\ChatActivity.java,com.chatroom.ui.ChatActivity$MessageListener$Anonymous8$Anonymous10,anonymous,2,2,0,2,2,1,0,4,0,0.0,NaN,NaN,1,0,1,0,0,0,1,0,0,0,0,0,0,0,0,0,0,0,1,12,0,0,0,1,0,0,0,0,0,0,1,0,0,0,12,-1,0
E:\OOD_Projects\ck-mvn-plugin\LiveChatServer-master\src\com\chatroom\server\Server.java,com.chatroom.server.ResponseMaker,class,2,3,1,2,4,2,0,8,0,0.0,NaN,NaN,1,0,1,0,0,0,1,0,0,0,0,0,0,0,0,0,0,0,1,19,0,1,0,1,0,0,0,2,0,1,4,0,0,0,12,0,0
E:\OOD_Projects\ck-mvn-plugin\LiveChatServer-master\src\com\chatroom\server\ServerOperations.java,com.chatroom.server.ServerOperations,class,3,4,1,3,7,2,0,19,0,0.0,NaN,NaN,1,0,1,0,0,0,1,0,0,0,2,1,0,0,0,2,0,0,13,37,0,3,3,0,0,13,4,3,10,3,3,0,0,0,24,1,0
E:\OOD_Projects\ck-mvn-plugin\LiveChatServer-master\src\com\chatroom\ui\SignInActivity.java,com.chatroom.ui.SignInActivity$Anonymous1,anonymous,0,0,0,0,1,1,0,5,0,0.0,NaN,NaN,1,0,1,0,0,0,1,0,0,0,1,0,0,0,0,1,0,0,1,7,0,0,0,0,0,1,2,1,0,1,0,0,0,0,7,-1,0
E:\OOD_Projects\ck-mvn-plugin\LiveChatServer-master\src\com\chatroom\ui\ViewRoomsActivity.java,com.chatroom.ui.ViewRoomsActivity$Anonymous4,anonymous,0,0,0,0,1,1,0,3,0,0.0,NaN,NaN,1,0,1,0,0,0,1,0,0,0,0,0,0,0,0,0,0,0,0,7,0,0,0,0,0,0,0,0,0,0,0,0,0,0,6,-1,0
E:\OOD_Projects\ck-mvn-plugin\LiveChatServer-master\src\com\chatroom\ui\ViewRoomsActivity.java,com.chatroom.ui.ViewRoomsActivity$Anonymous3,anonymous,2,2,0,2,2,1,0,4,0,0.0,NaN,NaN,1,0,1,0,0,0,1,0,0,0,0,0,0,0,0,0,0,0,1,12,0,0,0,1,0,0,0,0,0,0,1,0,0,0,16,-1,0
E:\OOD_Projects\ck-mvn-plugin\LiveChatServer-master\src\com\chatroom\others\Hash.java,com.chatroom.others.Hash,class,2,5,3,2,3,1,0,8,0,0.0,NaN,NaN,1,1,1,0,0,0,1,0,0,0,1,1,0,0,0,1,0,0,2,21,2,1,0,1,0,2,3,6,1,5,2,0,0,0,21,1,0
E:\OOD_Projects\ck-mvn-plugin\LiveChatServer-master\src\com\chatroom\ui\SignInActivity.java,com.chatroom.ui.SignInActivity$Anonymous3,anonymous,0,0,0,0,4,1,0,7,1,0.0,0.0,0.0,2,0,2,0,0,0,2,0,0,0,0,0,0,0,0,0,0,0,0,16,0,0,1,0,0,3,2,0,0,0,1,0,0,0,10,-1,0
E:\OOD_Projects\ck-mvn-plugin\LiveChatServer-master\src\com\chatroom\ui\ViewRoomsActivity.java,com.chatroom.ui.ViewRoomsActivity$Anonymous2,anonymous,2,2,0,2,2,1,0,8,0,0.0,NaN,NaN,1,0,1,0,0,0,1,0,0,0,0,0,0,0,0,0,0,0,2,11,0,0,0,1,0,0,0,0,0,0,1,0,0,0,13,-1,0
E:\OOD_Projects\ck-mvn-plugin\LiveChatServer-master\src\com\chatroom\ui\SignInActivity.java,com.chatroom.ui.SignInActivity$Anonymous2,anonymous,0,0,0,0,4,1,0,6,1,0.0,0.0,0.0,2,0,2,0,0,0,2,0,0,0,0,0,0,0,0,0,0,0,0,14,0,0,1,0,0,3,1,0,0,0,1,0,0,0,10,-1,0
E:\OOD_Projects\ck-mvn-plugin\LiveChatServer-master\src\com\chatroom\ui\ViewRoomsActivity.java,com.chatroom.ui.ViewRoomsActivity$Anonymous1,anonymous,0,0,0,0,1,1,0,5,0,0.0,NaN,NaN,1,0,1,0,0,0,1,0,0,0,1,0,0,0,0,1,0,0,1,7,0,0,0,0,0,1,2,1,0,1,0,0,0,0,7,-1,0
E:\OOD_Projects\ck-mvn-plugin\LiveChatServer-master\src\com\chatroom\ui\SignInActivity.java,com.chatroom.ui.SignInActivity$Anonymous5,anonymous,1,1,0,1,1,1,0,3,0,0.0,NaN,NaN,1,0,1,0,0,0,1,0,0,0,0,0,0,0,0,0,0,0,0,7,0,0,0,0,0,0,0,2,0,2,0,0,0,0,9,-1,0
E:\OOD_Projects\ck-mvn-plugin\LiveChatServer-master\src\com\chatroom\ui\SignInActivity.java,com.chatroom.ui.SignInActivity$Anonymous4,anonymous,2,2,0,2,2,1,0,5,0,0.0,NaN,NaN,1,0,1,0,0,0,1,0,0,0,0,0,0,0,0,0,0,0,1,13,0,0,0,1,0,0,0,0,0,0,1,0,0,0,16,-1,0
E:\OOD_Projects\ck-mvn-plugin\LiveChatServer-master\src\com\chatroom\ui\MainMenuOptions.java,com.chatroom.ui.MainMenuOptions$Anonymous5,anonymous,2,2,0,2,2,1,0,4,0,0.0,NaN,NaN,1,0,1,0,0,0,1,0,0,0,0,0,0,0,0,0,0,0,1,11,0,0,0,1,0,0,0,0,0,0,1,0,0,0,11,-1,0
E:\OOD_Projects\ck-mvn-plugin\LiveChatServer-master\src\com\chatroom\ui\MainMenuOptions.java,com.chatroom.ui.MainMenuOptions$Anonymous3,anonymous,1,1,0,1,1,1,0,1,0,0.0,NaN,NaN,1,0,1,0,0,0,1,0,0,0,0,0,0,0,0,0,0,0,0,5,0,0,0,0,0,0,1,0,0,0,0,0,0,0,8,-1,0
E:\OOD_Projects\ck-mvn-plugin\LiveChatServer-master\src\com\chatroom\ui\MainMenuOptions.java,com.chatroom.ui.MainMenuOptions$Anonymous4,anonymous,2,2,0,2,2,1,0,4,0,0.0,NaN,NaN,1,0,1,0,0,0,1,0,0,0,0,0,0,0,0,0,0,0,1,12,0,0,0,1,0,0,0,0,0,0,1,0,0,0,16,-1,0
E:\OOD_Projects\ck-mvn-plugin\LiveChatServer-master\src\com\chatroom\ui\MainMenuOptions.java,com.chatroom.ui.MainMenuOptions$Anonymous1,anonymous,0,0,0,0,1,1,0,5,0,0.0,NaN,NaN,1,0,1,0,0,0,1,0,0,0,1,0,0,0,0,1,0,0,1,7,0,0,0,0,0,1,2,1,0,1,0,0,0,0,7,-1,0
E:\OOD_Projects\ck-mvn-plugin\LiveChatServer-master\src\com\chatroom\ui\ChatActivity.java,com.chatroom.ui.ChatActivity$MessageListener,innerclass,2,2,0,2,4,2,0,5,0,0.0,NaN,NaN,1,0,1,0,0,0,1,0,0,0,1,0,0,0,0,1,0,0,2,78,0,1,0,1,0,0,0,2,0,1,2,1,0,0,19,0,0
E:\OOD_Projects\ck-mvn-plugin\LiveChatServer-master\src\com\chatroom\ui\MainMenuOptions.java,com.chatroom.ui.MainMenuOptions$Anonymous2,anonymous,1,1,0,1,1,1,0,1,0,0.0,NaN,NaN,1,0,1,0,0,0,1,0,0,0,0,0,0,0,0,0,0,0,0,5,0,0,0,0,0,0,1,0,0,0,0,0,0,0,8,-1,0
E:\OOD_Projects\ck-mvn-plugin\LiveChatServer-master\src\com\chatroom\ui\MainSplash.java,com.chatroom.ui.MainSplash,class,2,4,2,2,3,1,0,19,0,0.33333334,NaN,NaN,3,0,1,2,0,0,1,0,0,0,6,0,0,6,0,0,0,0,1,91,0,0,0,0,0,5,27,21,0,9,0,3,0,0,48,1,0
E:\OOD_Projects\ck-mvn-plugin\LiveChatServer-master\src\com\chatroom\models\MessageTrackObject.java,com.chatroom.models.MessageTrackObject,class,0,4,4,0,4,1,0,0,0,0.375,0.6666667,1.0,4,0,4,0,0,0,4,0,0,0,2,0,0,0,0,2,0,0,0,17,2,0,0,0,0,0,0,2,0,2,0,0,0,0,10,1,0
E:\OOD_Projects\ck-mvn-plugin\LiveChatServer-master\src\com\chatroom\server\ResponseHolder.java,com.chatroom.server.ResponseHolder,class,1,4,3,1,1,1,0,0,0,0.0,NaN,NaN,1,0,1,0,0,0,1,0,0,0,2,0,0,0,0,2,0,0,0,8,0,0,0,0,0,0,0,2,0,2,0,0,0,0,9,1,0
E:\OOD_Projects\ck-mvn-plugin\LiveChatServer-master\src\com\chatroom\ui\SignInActivity.java,com.chatroom.ui.SignInActivity,class,7,13,6,7,7,1,0,45,0,0.4318182,NaN,NaN,4,0,1,3,0,0,1,0,0,0,11,0,0,11,0,0,0,0,7,178,0,0,1,1,0,8,55,45,0,24,3,5,0,0,87,1,0
E:\OOD_Projects\ck-mvn-plugin\LiveChatServer-master\src\com\chatroom\ui\SignUpActivity.java,com.chatroom.ui.SignUpActivity,class,7,11,4,7,11,1,0,48,0,0.4318182,NaN,NaN,4,0,1,3,0,0,1,0,0,0,11,0,0,11,0,0,0,0,9,187,0,0,1,1,0,13,61,45,0,24,4,5,0,0,88,1,0
E:\OOD_Projects\ck-mvn-plugin\LiveChatServer-master\src\com\chatroom\models\Response.java,com.chatroom.models.Response$Type,enum,0,0,0,0,0,1,0,0,0,0.0,-1.0,-1.0,0,0,0,0,0,0,0,0,0,0,0,0,0,0,0,0,0,0,0,1,0,0,0,0,0,0,0,0,0,0,0,0,0,0,5,1,0
E:\OOD_Projects\ck-mvn-plugin\LiveChatServer-master\src\com\chatroom\models\Request.java,com.chatroom.models.Request$Type,enum,0,0,0,0,0,1,0,0,0,0.0,-1.0,-1.0,0,0,0,0,0,0,0,0,0,0,0,0,0,0,0,0,0,0,0,1,0,0,0,0,0,0,0,0,0,0,0,0,0,0,9,1,0
E:\OOD_Projects\ck-mvn-plugin\LiveChatServer-master\src\com\chatroom\ui\MainMenuOptions.java,com.chatroom.ui.MainMenuOptions,class,7,16,9,7,16,1,0,48,0,0.57575756,NaN,NaN,6,0,1,5,0,0,1,0,0,0,11,0,0,11,0,0,0,0,11,199,0,0,4,3,0,18,58,42,2,20,3,5,0,0,95,1,0
