file,class,method,variable,usage
E:\OOD_Projects\ck-mvn-plugin\LiveChatServer-master\src\com\chatroom\ui\ChatActivity.java,com.chatroom.ui.ChatActivity,displayStatusMessages/1[java.lang.String],centerConstraints,1
E:\OOD_Projects\ck-mvn-plugin\LiveChatServer-master\src\com\chatroom\ui\ChatActivity.java,com.chatroom.ui.ChatActivity,displayStatusMessages/1[java.lang.String],jLabelMessage,3
E:\OOD_Projects\ck-mvn-plugin\LiveChatServer-master\src\com\chatroom\ui\ChatActivity.java,com.chatroom.ui.ChatActivity,displayStatusMessages/1[java.lang.String],jPanelChatWindow,3
E:\OOD_Projects\ck-mvn-plugin\LiveChatServer-master\src\com\chatroom\ui\ChatActivity.java,com.chatroom.ui.ChatActivity,displayStatusMessages/1[java.lang.String],i,2
E:\OOD_Projects\ck-mvn-plugin\LiveChatServer-master\src\com\chatroom\ui\ChatActivity.java,com.chatroom.ui.ChatActivity,ChatActivity/1[com.chatroom.client.ClientModel],request,2
E:\OOD_Projects\ck-mvn-plugin\LiveChatServer-master\src\com\chatroom\ui\ChatActivity.java,com.chatroom.ui.ChatActivity,ChatActivity/1[com.chatroom.client.ClientModel],rightBubble,1
E:\OOD_Projects\ck-mvn-plugin\LiveChatServer-master\src\com\chatroom\ui\ChatActivity.java,com.chatroom.ui.ChatActivity,ChatActivity/1[com.chatroom.client.ClientModel],optionsButtonsHolder,4
E:\OOD_Projects\ck-mvn-plugin\LiveChatServer-master\src\com\chatroom\ui\ChatActivity.java,com.chatroom.ui.ChatActivity,ChatActivity/1[com.chatroom.client.ClientModel],jBtnSend,1
E:\OOD_Projects\ck-mvn-plugin\LiveChatServer-master\src\com\chatroom\ui\ChatActivity.java,com.chatroom.ui.ChatActivity,ChatActivity/1[com.chatroom.client.ClientModel],i,3
E:\OOD_Projects\ck-mvn-plugin\LiveChatServer-master\src\com\chatroom\ui\ChatActivity.java,com.chatroom.ui.ChatActivity,ChatActivity/1[com.chatroom.client.ClientModel],jPanel,1
E:\OOD_Projects\ck-mvn-plugin\LiveChatServer-master\src\com\chatroom\ui\ChatActivity.java,com.chatroom.ui.ChatActivity,ChatActivity/1[com.chatroom.client.ClientModel],jLabel_live,4
E:\OOD_Projects\ck-mvn-plugin\LiveChatServer-master\src\com\chatroom\ui\ChatActivity.java,com.chatroom.ui.ChatActivity,ChatActivity/1[com.chatroom.client.ClientModel],jTfMessageHere,1
E:\OOD_Projects\ck-mvn-plugin\LiveChatServer-master\src\com\chatroom\ui\ChatActivity.java,com.chatroom.ui.ChatActivity,ChatActivity/1[com.chatroom.client.ClientModel],compoundBorder,1
E:\OOD_Projects\ck-mvn-plugin\LiveChatServer-master\src\com\chatroom\ui\ChatActivity.java,com.chatroom.ui.ChatActivity,ChatActivity/1[com.chatroom.client.ClientModel],jFrame,1
E:\OOD_Projects\ck-mvn-plugin\LiveChatServer-master\src\com\chatroom\ui\ChatActivity.java,com.chatroom.ui.ChatActivity,ChatActivity/1[com.chatroom.client.ClientModel],jLabel_logout,4
E:\OOD_Projects\ck-mvn-plugin\LiveChatServer-master\src\com\chatroom\ui\ChatActivity.java,com.chatroom.ui.ChatActivity,ChatActivity/1[com.chatroom.client.ClientModel],leftBubble,1
E:\OOD_Projects\ck-mvn-plugin\LiveChatServer-master\src\com\chatroom\ui\ChatActivity.java,com.chatroom.ui.ChatActivity,ChatActivity/1[com.chatroom.client.ClientModel],centerConstraints,1
E:\OOD_Projects\ck-mvn-plugin\LiveChatServer-master\src\com\chatroom\ui\ChatActivity.java,com.chatroom.ui.ChatActivity,ChatActivity/1[com.chatroom.client.ClientModel],jPanelChatWindow,1
E:\OOD_Projects\ck-mvn-plugin\LiveChatServer-master\src\com\chatroom\ui\ChatActivity.java,com.chatroom.ui.ChatActivity,ChatActivity/1[com.chatroom.client.ClientModel],rightBubbleConstraints,1
E:\OOD_Projects\ck-mvn-plugin\LiveChatServer-master\src\com\chatroom\ui\ChatActivity.java,com.chatroom.ui.ChatActivity,ChatActivity/1[com.chatroom.client.ClientModel],messageListener,2
E:\OOD_Projects\ck-mvn-plugin\LiveChatServer-master\src\com\chatroom\ui\ChatActivity.java,com.chatroom.ui.ChatActivity,ChatActivity/1[com.chatroom.client.ClientModel],clientModel,5
E:\OOD_Projects\ck-mvn-plugin\LiveChatServer-master\src\com\chatroom\ui\ChatActivity.java,com.chatroom.ui.ChatActivity,ChatActivity/1[com.chatroom.client.ClientModel],jLabel_exit,4
E:\OOD_Projects\ck-mvn-plugin\LiveChatServer-master\src\com\chatroom\ui\ChatActivity.java,com.chatroom.ui.ChatActivity,ChatActivity/1[com.chatroom.client.ClientModel],leftBubbleConstraints,1
E:\OOD_Projects\ck-mvn-plugin\LiveChatServer-master\src\com\chatroom\ui\ChatActivity.java,com.chatroom.ui.ChatActivity,ListeningEvents/0,jBtnSend,1
E:\OOD_Projects\ck-mvn-plugin\LiveChatServer-master\src\com\chatroom\ui\ChatActivity.java,com.chatroom.ui.ChatActivity,ListeningEvents/0,jLabel_logout,1
E:\OOD_Projects\ck-mvn-plugin\LiveChatServer-master\src\com\chatroom\ui\ChatActivity.java,com.chatroom.ui.ChatActivity,ListeningEvents/0,jScrollPane,1
E:\OOD_Projects\ck-mvn-plugin\LiveChatServer-master\src\com\chatroom\ui\ChatActivity.java,com.chatroom.ui.ChatActivity,ListeningEvents/0,jTfMessageHere,3
E:\OOD_Projects\ck-mvn-plugin\LiveChatServer-master\src\com\chatroom\ui\ChatActivity.java,com.chatroom.ui.ChatActivity,ListeningEvents/0,jLabel_live,1
E:\OOD_Projects\ck-mvn-plugin\LiveChatServer-master\src\com\chatroom\ui\ChatActivity.java,com.chatroom.ui.ChatActivity,ListeningEvents/0,jLabel_exit,1
E:\OOD_Projects\ck-mvn-plugin\LiveChatServer-master\src\com\chatroom\ui\ChatActivity.java,com.chatroom.ui.ChatActivity,"setReceiverMessage/2[java.lang.String,java.lang.String]",leftBubble,1
E:\OOD_Projects\ck-mvn-plugin\LiveChatServer-master\src\com\chatroom\ui\ChatActivity.java,com.chatroom.ui.ChatActivity,"setReceiverMessage/2[java.lang.String,java.lang.String]",jLabelMessage,4
E:\OOD_Projects\ck-mvn-plugin\LiveChatServer-master\src\com\chatroom\ui\ChatActivity.java,com.chatroom.ui.ChatActivity,"setReceiverMessage/2[java.lang.String,java.lang.String]",jPanelChatWindow,3
E:\OOD_Projects\ck-mvn-plugin\LiveChatServer-master\src\com\chatroom\ui\ChatActivity.java,com.chatroom.ui.ChatActivity,"setReceiverMessage/2[java.lang.String,java.lang.String]",i,2
E:\OOD_Projects\ck-mvn-plugin\LiveChatServer-master\src\com\chatroom\ui\ChatActivity.java,com.chatroom.ui.ChatActivity,"setReceiverMessage/2[java.lang.String,java.lang.String]",leftBubbleConstraints,1
E:\OOD_Projects\ck-mvn-plugin\LiveChatServer-master\src\com\chatroom\ui\ChatActivity.java,com.chatroom.ui.ChatActivity,updateScrollbarPosition/0,jScrollPane,2
E:\OOD_Projects\ck-mvn-plugin\LiveChatServer-master\src\com\chatroom\ui\ChatActivity.java,com.chatroom.ui.ChatActivity,initializeAllWithProperties/0,compoundBorder,1
E:\OOD_Projects\ck-mvn-plugin\LiveChatServer-master\src\com\chatroom\ui\ChatActivity.java,com.chatroom.ui.ChatActivity,initializeAllWithProperties/0,jFrame,10
E:\OOD_Projects\ck-mvn-plugin\LiveChatServer-master\src\com\chatroom\ui\ChatActivity.java,com.chatroom.ui.ChatActivity,initializeAllWithProperties/0,optionsButtonsHolder,1
E:\OOD_Projects\ck-mvn-plugin\LiveChatServer-master\src\com\chatroom\ui\ChatActivity.java,com.chatroom.ui.ChatActivity,initializeAllWithProperties/0,jBtnSend,8
E:\OOD_Projects\ck-mvn-plugin\LiveChatServer-master\src\com\chatroom\ui\ChatActivity.java,com.chatroom.ui.ChatActivity,initializeAllWithProperties/0,jPanelChatWindow,3
E:\OOD_Projects\ck-mvn-plugin\LiveChatServer-master\src\com\chatroom\ui\ChatActivity.java,com.chatroom.ui.ChatActivity,initializeAllWithProperties/0,jScrollPane,5
E:\OOD_Projects\ck-mvn-plugin\LiveChatServer-master\src\com\chatroom\ui\ChatActivity.java,com.chatroom.ui.ChatActivity,initializeAllWithProperties/0,jPanel,5
E:\OOD_Projects\ck-mvn-plugin\LiveChatServer-master\src\com\chatroom\ui\ChatActivity.java,com.chatroom.ui.ChatActivity,initializeAllWithProperties/0,jTfMessageHere,5
E:\OOD_Projects\ck-mvn-plugin\LiveChatServer-master\src\com\chatroom\ui\ChatActivity.java,com.chatroom.ui.ChatActivity,setSenderMessage/0,request,2
E:\OOD_Projects\ck-mvn-plugin\LiveChatServer-master\src\com\chatroom\ui\ChatActivity.java,com.chatroom.ui.ChatActivity,setSenderMessage/0,rightBubble,1
E:\OOD_Projects\ck-mvn-plugin\LiveChatServer-master\src\com\chatroom\ui\ChatActivity.java,com.chatroom.ui.ChatActivity,setSenderMessage/0,jLabelMessage,4
E:\OOD_Projects\ck-mvn-plugin\LiveChatServer-master\src\com\chatroom\ui\ChatActivity.java,com.chatroom.ui.ChatActivity,setSenderMessage/0,jPanelChatWindow,3
E:\OOD_Projects\ck-mvn-plugin\LiveChatServer-master\src\com\chatroom\ui\ChatActivity.java,com.chatroom.ui.ChatActivity,setSenderMessage/0,i,2
E:\OOD_Projects\ck-mvn-plugin\LiveChatServer-master\src\com\chatroom\ui\ChatActivity.java,com.chatroom.ui.ChatActivity,setSenderMessage/0,rightBubbleConstraints,1
E:\OOD_Projects\ck-mvn-plugin\LiveChatServer-master\src\com\chatroom\ui\ChatActivity.java,com.chatroom.ui.ChatActivity,setSenderMessage/0,clientModel,2
E:\OOD_Projects\ck-mvn-plugin\LiveChatServer-master\src\com\chatroom\ui\ChatActivity.java,com.chatroom.ui.ChatActivity,setSenderMessage/0,jTfMessageHere,7
E:\OOD_Projects\ck-mvn-plugin\LiveChatServer-master\src\com\chatroom\ui\ChatActivity.java,com.chatroom.ui.ChatActivity,clearTextMessage/0,jBtnSend,1
E:\OOD_Projects\ck-mvn-plugin\LiveChatServer-master\src\com\chatroom\ui\ChatActivity.java,com.chatroom.ui.ChatActivity,clearTextMessage/0,jTfMessageHere,2
E:\OOD_Projects\ck-mvn-plugin\LiveChatServer-master\src\com\chatroom\models\Request.java,com.chatroom.models.Request,getRoomId/0,roomId,1
E:\OOD_Projects\ck-mvn-plugin\LiveChatServer-master\src\com\chatroom\models\Request.java,com.chatroom.models.Request,setClientId/1[int],clientId,3
E:\OOD_Projects\ck-mvn-plugin\LiveChatServer-master\src\com\chatroom\models\Request.java,com.chatroom.models.Request,"Request/4[int,int,int,java.lang.String]",clientId,3
E:\OOD_Projects\ck-mvn-plugin\LiveChatServer-master\src\com\chatroom\models\Request.java,com.chatroom.models.Request,"Request/4[int,int,int,java.lang.String]",contents,3
E:\OOD_Projects\ck-mvn-plugin\LiveChatServer-master\src\com\chatroom\models\Request.java,com.chatroom.models.Request,"Request/4[int,int,int,java.lang.String]",id,3
E:\OOD_Projects\ck-mvn-plugin\LiveChatServer-master\src\com\chatroom\models\Request.java,com.chatroom.models.Request,"Request/4[int,int,int,java.lang.String]",roomId,3
E:\OOD_Projects\ck-mvn-plugin\LiveChatServer-master\src\com\chatroom\models\Request.java,com.chatroom.models.Request,getClientId/0,clientId,1
E:\OOD_Projects\ck-mvn-plugin\LiveChatServer-master\src\com\chatroom\models\Request.java,com.chatroom.models.Request,getContents/0,contents,1
E:\OOD_Projects\ck-mvn-plugin\LiveChatServer-master\src\com\chatroom\models\Request.java,com.chatroom.models.Request,getId/0,id,1
E:\OOD_Projects\ck-mvn-plugin\LiveChatServer-master\src\com\chatroom\models\Request.java,com.chatroom.models.Request,getIsConsole/0,isConsoleRequest,1
E:\OOD_Projects\ck-mvn-plugin\LiveChatServer-master\src\com\chatroom\models\Request.java,com.chatroom.models.Request,setIsConsole/1[boolean],isConsoleRequest,1
E:\OOD_Projects\ck-mvn-plugin\LiveChatServer-master\src\com\chatroom\models\Request.java,com.chatroom.models.Request,setId/1[int],id,3
E:\OOD_Projects\ck-mvn-plugin\LiveChatServer-master\src\com\chatroom\models\Request.java,com.chatroom.models.Request,setContents/1[java.lang.String],contents,1
E:\OOD_Projects\ck-mvn-plugin\LiveChatServer-master\src\com\chatroom\models\Request.java,com.chatroom.models.Request,setRoomId/1[int],roomId,3
E:\OOD_Projects\ck-mvn-plugin\LiveChatServer-master\src\com\chatroom\ui\MainSplash.java,com.chatroom.ui.MainSplash$Anonymous1,paintComponent/1[java.awt.Graphics],myImage,1
E:\OOD_Projects\ck-mvn-plugin\LiveChatServer-master\src\com\chatroom\ui\SignUpActivity.java,com.chatroom.ui.SignUpActivity$Anonymous1,paintComponent/1[java.awt.Graphics],myImage,1
E:\OOD_Projects\ck-mvn-plugin\LiveChatServer-master\src\com\chatroom\others\TextBubbleBorder.java,com.chatroom.others.TextBubbleBorder,TextBubbleBorder/1[java.awt.Color],color,2
E:\OOD_Projects\ck-mvn-plugin\LiveChatServer-master\src\com\chatroom\others\TextBubbleBorder.java,com.chatroom.others.TextBubbleBorder,"TextBubbleBorder/4[java.awt.Color,int,int,int]",radii,4
E:\OOD_Projects\ck-mvn-plugin\LiveChatServer-master\src\com\chatroom\others\TextBubbleBorder.java,com.chatroom.others.TextBubbleBorder,"TextBubbleBorder/4[java.awt.Color,int,int,int]",strokePad,3
E:\OOD_Projects\ck-mvn-plugin\LiveChatServer-master\src\com\chatroom\others\TextBubbleBorder.java,com.chatroom.others.TextBubbleBorder,"TextBubbleBorder/4[java.awt.Color,int,int,int]",color,3
E:\OOD_Projects\ck-mvn-plugin\LiveChatServer-master\src\com\chatroom\others\TextBubbleBorder.java,com.chatroom.others.TextBubbleBorder,"TextBubbleBorder/4[java.awt.Color,int,int,int]",thickness,5
E:\OOD_Projects\ck-mvn-plugin\LiveChatServer-master\src\com\chatroom\others\TextBubbleBorder.java,com.chatroom.others.TextBubbleBorder,"TextBubbleBorder/4[java.awt.Color,int,int,int]",hints,1
E:\OOD_Projects\ck-mvn-plugin\LiveChatServer-master\src\com\chatroom\others\TextBubbleBorder.java,com.chatroom.others.TextBubbleBorder,"TextBubbleBorder/4[java.awt.Color,int,int,int]",insets,1
E:\OOD_Projects\ck-mvn-plugin\LiveChatServer-master\src\com\chatroom\others\TextBubbleBorder.java,com.chatroom.others.TextBubbleBorder,"TextBubbleBorder/4[java.awt.Color,int,int,int]",pointerSize,4
E:\OOD_Projects\ck-mvn-plugin\LiveChatServer-master\src\com\chatroom\others\TextBubbleBorder.java,com.chatroom.others.TextBubbleBorder,"TextBubbleBorder/4[java.awt.Color,int,int,int]",stroke,1
E:\OOD_Projects\ck-mvn-plugin\LiveChatServer-master\src\com\chatroom\others\TextBubbleBorder.java,com.chatroom.others.TextBubbleBorder,"TextBubbleBorder/5[java.awt.Color,int,int,int,boolean]",radii,2
E:\OOD_Projects\ck-mvn-plugin\LiveChatServer-master\src\com\chatroom\others\TextBubbleBorder.java,com.chatroom.others.TextBubbleBorder,"TextBubbleBorder/5[java.awt.Color,int,int,int,boolean]",color,2
E:\OOD_Projects\ck-mvn-plugin\LiveChatServer-master\src\com\chatroom\others\TextBubbleBorder.java,com.chatroom.others.TextBubbleBorder,"TextBubbleBorder/5[java.awt.Color,int,int,int,boolean]",thickness,2
E:\OOD_Projects\ck-mvn-plugin\LiveChatServer-master\src\com\chatroom\others\TextBubbleBorder.java,com.chatroom.others.TextBubbleBorder,"TextBubbleBorder/5[java.awt.Color,int,int,int,boolean]",left,3
E:\OOD_Projects\ck-mvn-plugin\LiveChatServer-master\src\com\chatroom\others\TextBubbleBorder.java,com.chatroom.others.TextBubbleBorder,"TextBubbleBorder/5[java.awt.Color,int,int,int,boolean]",pointerSize,2
E:\OOD_Projects\ck-mvn-plugin\LiveChatServer-master\src\com\chatroom\others\TextBubbleBorder.java,com.chatroom.others.TextBubbleBorder,getBorderInsets/1[java.awt.Component],insets,1
E:\OOD_Projects\ck-mvn-plugin\LiveChatServer-master\src\com\chatroom\others\TextBubbleBorder.java,com.chatroom.others.TextBubbleBorder,"getBorderInsets/2[java.awt.Component,java.awt.Insets]",insets,1
E:\OOD_Projects\ck-mvn-plugin\LiveChatServer-master\src\com\chatroom\others\TextBubbleBorder.java,com.chatroom.others.TextBubbleBorder,"paintBorder/6[java.awt.Component,java.awt.Graphics,int,int,int,int]",radii,8
E:\OOD_Projects\ck-mvn-plugin\LiveChatServer-master\src\com\chatroom\others\TextBubbleBorder.java,com.chatroom.others.TextBubbleBorder,"paintBorder/6[java.awt.Component,java.awt.Graphics,int,int,int,int]",strokePad,10
E:\OOD_Projects\ck-mvn-plugin\LiveChatServer-master\src\com\chatroom\others\TextBubbleBorder.java,com.chatroom.others.TextBubbleBorder,"paintBorder/6[java.awt.Component,java.awt.Graphics,int,int,int,int]",color,1
E:\OOD_Projects\ck-mvn-plugin\LiveChatServer-master\src\com\chatroom\others\TextBubbleBorder.java,com.chatroom.others.TextBubbleBorder,"paintBorder/6[java.awt.Component,java.awt.Graphics,int,int,int,int]",thickness,2
E:\OOD_Projects\ck-mvn-plugin\LiveChatServer-master\src\com\chatroom\others\TextBubbleBorder.java,com.chatroom.others.TextBubbleBorder,"paintBorder/6[java.awt.Component,java.awt.Graphics,int,int,int,int]",left,1
E:\OOD_Projects\ck-mvn-plugin\LiveChatServer-master\src\com\chatroom\others\TextBubbleBorder.java,com.chatroom.others.TextBubbleBorder,"paintBorder/6[java.awt.Component,java.awt.Graphics,int,int,int,int]",hints,1
E:\OOD_Projects\ck-mvn-plugin\LiveChatServer-master\src\com\chatroom\others\TextBubbleBorder.java,com.chatroom.others.TextBubbleBorder,"paintBorder/6[java.awt.Component,java.awt.Graphics,int,int,int,int]",pointerPad,6
E:\OOD_Projects\ck-mvn-plugin\LiveChatServer-master\src\com\chatroom\others\TextBubbleBorder.java,com.chatroom.others.TextBubbleBorder,"paintBorder/6[java.awt.Component,java.awt.Graphics,int,int,int,int]",pointerSize,5
E:\OOD_Projects\ck-mvn-plugin\LiveChatServer-master\src\com\chatroom\others\TextBubbleBorder.java,com.chatroom.others.TextBubbleBorder,"paintBorder/6[java.awt.Component,java.awt.Graphics,int,int,int,int]",stroke,1
E:\OOD_Projects\ck-mvn-plugin\LiveChatServer-master\src\com\chatroom\server\Server.java,com.chatroom.server.RequestAnalyser,run/0,preparedStatement,12
E:\OOD_Projects\ck-mvn-plugin\LiveChatServer-master\src\com\chatroom\server\Server.java,com.chatroom.server.RequestAnalyser,run/0,query,2
E:\OOD_Projects\ck-mvn-plugin\LiveChatServer-master\src\com\chatroom\server\Server.java,com.chatroom.server.RequestAnalyser,run/0,clientIds,3
E:\OOD_Projects\ck-mvn-plugin\LiveChatServer-master\src\com\chatroom\server\Server.java,com.chatroom.server.RequestAnalyser,run/0,resultSet,5
E:\OOD_Projects\ck-mvn-plugin\LiveChatServer-master\src\com\chatroom\server\ClientThread.java,com.chatroom.server.ClientThread,run/0,request,7
E:\OOD_Projects\ck-mvn-plugin\LiveChatServer-master\src\com\chatroom\server\ClientThread.java,com.chatroom.server.ClientThread,run/0,objectInputStream,2
E:\OOD_Projects\ck-mvn-plugin\LiveChatServer-master\src\com\chatroom\server\ClientThread.java,com.chatroom.server.ClientThread,run/0,objectOutputStream,1
E:\OOD_Projects\ck-mvn-plugin\LiveChatServer-master\src\com\chatroom\server\ClientThread.java,com.chatroom.server.ClientThread,run/0,socket,2
E:\OOD_Projects\ck-mvn-plugin\LiveChatServer-master\src\com\chatroom\server\ClientThread.java,com.chatroom.server.ClientThread,ClientThread/1[java.net.Socket],socket,1
E:\OOD_Projects\ck-mvn-plugin\LiveChatServer-master\src\com\chatroom\models\Response.java,com.chatroom.models.Response,"Response/3[int,boolean,java.lang.String]",success,3
E:\OOD_Projects\ck-mvn-plugin\LiveChatServer-master\src\com\chatroom\models\Response.java,com.chatroom.models.Response,"Response/3[int,boolean,java.lang.String]",id,3
E:\OOD_Projects\ck-mvn-plugin\LiveChatServer-master\src\com\chatroom\models\Response.java,com.chatroom.models.Response,"Response/3[int,boolean,java.lang.String]",content,3
E:\OOD_Projects\ck-mvn-plugin\LiveChatServer-master\src\com\chatroom\models\Response.java,com.chatroom.models.Response,getId/0,id,1
E:\OOD_Projects\ck-mvn-plugin\LiveChatServer-master\src\com\chatroom\models\Response.java,com.chatroom.models.Response,setContents/1[java.lang.String],content,3
E:\OOD_Projects\ck-mvn-plugin\LiveChatServer-master\src\com\chatroom\models\Response.java,com.chatroom.models.Response,getContents/0,content,1
E:\OOD_Projects\ck-mvn-plugin\LiveChatServer-master\src\com\chatroom\models\Response.java,com.chatroom.models.Response,setSuccess/1[boolean],success,3
E:\OOD_Projects\ck-mvn-plugin\LiveChatServer-master\src\com\chatroom\models\Response.java,com.chatroom.models.Response,setId/1[int],id,3
E:\OOD_Projects\ck-mvn-plugin\LiveChatServer-master\src\com\chatroom\models\Response.java,com.chatroom.models.Response,getSuccess/0,success,1
E:\OOD_Projects\ck-mvn-plugin\LiveChatServer-master\src\com\chatroom\client\ClientModel.java,com.chatroom.client.ClientModel,setClientID/1[int],clientID,3
E:\OOD_Projects\ck-mvn-plugin\LiveChatServer-master\src\com\chatroom\client\ClientModel.java,com.chatroom.client.ClientModel,setRoomId/1[int],roomId,3
E:\OOD_Projects\ck-mvn-plugin\LiveChatServer-master\src\com\chatroom\client\ClientModel.java,com.chatroom.client.ClientModel,"ClientModel/2[java.lang.String,int]",objectInputStream,1
E:\OOD_Projects\ck-mvn-plugin\LiveChatServer-master\src\com\chatroom\client\ClientModel.java,com.chatroom.client.ClientModel,"ClientModel/2[java.lang.String,int]",port,4
E:\OOD_Projects\ck-mvn-plugin\LiveChatServer-master\src\com\chatroom\client\ClientModel.java,com.chatroom.client.ClientModel,"ClientModel/2[java.lang.String,int]",host,4
E:\OOD_Projects\ck-mvn-plugin\LiveChatServer-master\src\com\chatroom\client\ClientModel.java,com.chatroom.client.ClientModel,"ClientModel/2[java.lang.String,int]",objectOutputStream,1
E:\OOD_Projects\ck-mvn-plugin\LiveChatServer-master\src\com\chatroom\client\ClientModel.java,com.chatroom.client.ClientModel,"ClientModel/2[java.lang.String,int]",socket,3
E:\OOD_Projects\ck-mvn-plugin\LiveChatServer-master\src\com\chatroom\client\ClientModel.java,com.chatroom.client.ClientModel,getClientID/0,clientID,1
E:\OOD_Projects\ck-mvn-plugin\LiveChatServer-master\src\com\chatroom\client\ClientModel.java,com.chatroom.client.ClientModel,getRoomId/0,roomId,1
E:\OOD_Projects\ck-mvn-plugin\LiveChatServer-master\src\com\chatroom\ui\ViewRoomsActivity.java,com.chatroom.ui.ViewRoomsActivity,initializeAllWithProperties/0,jFrame,12
E:\OOD_Projects\ck-mvn-plugin\LiveChatServer-master\src\com\chatroom\ui\ViewRoomsActivity.java,com.chatroom.ui.ViewRoomsActivity,initializeAllWithProperties/0,jLabel,3
E:\OOD_Projects\ck-mvn-plugin\LiveChatServer-master\src\com\chatroom\ui\ViewRoomsActivity.java,com.chatroom.ui.ViewRoomsActivity,initializeAllWithProperties/0,iconLogo,1
E:\OOD_Projects\ck-mvn-plugin\LiveChatServer-master\src\com\chatroom\ui\ViewRoomsActivity.java,com.chatroom.ui.ViewRoomsActivity,initializeAllWithProperties/0,jLabel_back_arrow_image,3
E:\OOD_Projects\ck-mvn-plugin\LiveChatServer-master\src\com\chatroom\ui\ViewRoomsActivity.java,com.chatroom.ui.ViewRoomsActivity,initializeAllWithProperties/0,jComboBox,4
E:\OOD_Projects\ck-mvn-plugin\LiveChatServer-master\src\com\chatroom\ui\ViewRoomsActivity.java,com.chatroom.ui.ViewRoomsActivity,initializeAllWithProperties/0,jBtnJoinRoom,7
E:\OOD_Projects\ck-mvn-plugin\LiveChatServer-master\src\com\chatroom\ui\ViewRoomsActivity.java,com.chatroom.ui.ViewRoomsActivity,initializeAllWithProperties/0,jLabelTitle,1
E:\OOD_Projects\ck-mvn-plugin\LiveChatServer-master\src\com\chatroom\ui\ViewRoomsActivity.java,com.chatroom.ui.ViewRoomsActivity,initializeAllWithProperties/0,back_arrow_image,1
E:\OOD_Projects\ck-mvn-plugin\LiveChatServer-master\src\com\chatroom\ui\ViewRoomsActivity.java,com.chatroom.ui.ViewRoomsActivity,getRooms/0,clientModel,2
E:\OOD_Projects\ck-mvn-plugin\LiveChatServer-master\src\com\chatroom\ui\ViewRoomsActivity.java,com.chatroom.ui.ViewRoomsActivity,ViewRoomsActivity/1[com.chatroom.client.ClientModel],jFrame,3
E:\OOD_Projects\ck-mvn-plugin\LiveChatServer-master\src\com\chatroom\ui\ViewRoomsActivity.java,com.chatroom.ui.ViewRoomsActivity,ViewRoomsActivity/1[com.chatroom.client.ClientModel],iconLogo,1
E:\OOD_Projects\ck-mvn-plugin\LiveChatServer-master\src\com\chatroom\ui\ViewRoomsActivity.java,com.chatroom.ui.ViewRoomsActivity,ViewRoomsActivity/1[com.chatroom.client.ClientModel],jComboBox,1
E:\OOD_Projects\ck-mvn-plugin\LiveChatServer-master\src\com\chatroom\ui\ViewRoomsActivity.java,com.chatroom.ui.ViewRoomsActivity,ViewRoomsActivity/1[com.chatroom.client.ClientModel],jBtnJoinRoom,1
E:\OOD_Projects\ck-mvn-plugin\LiveChatServer-master\src\com\chatroom\ui\ViewRoomsActivity.java,com.chatroom.ui.ViewRoomsActivity,ViewRoomsActivity/1[com.chatroom.client.ClientModel],clientModel,2
E:\OOD_Projects\ck-mvn-plugin\LiveChatServer-master\src\com\chatroom\ui\ViewRoomsActivity.java,com.chatroom.ui.ViewRoomsActivity,ViewRoomsActivity/1[com.chatroom.client.ClientModel],jLabelTitle,1
E:\OOD_Projects\ck-mvn-plugin\LiveChatServer-master\src\com\chatroom\ui\ViewRoomsActivity.java,com.chatroom.ui.ViewRoomsActivity,ViewRoomsActivity/1[com.chatroom.client.ClientModel],back_arrow_image,1
E:\OOD_Projects\ck-mvn-plugin\LiveChatServer-master\src\com\chatroom\ui\ViewRoomsActivity.java,com.chatroom.ui.ViewRoomsActivity,"createAndJoinRoom/2[java.lang.String,boolean]",request,3
E:\OOD_Projects\ck-mvn-plugin\LiveChatServer-master\src\com\chatroom\ui\ViewRoomsActivity.java,com.chatroom.ui.ViewRoomsActivity,"createAndJoinRoom/2[java.lang.String,boolean]",jFrame,1
E:\OOD_Projects\ck-mvn-plugin\LiveChatServer-master\src\com\chatroom\ui\ViewRoomsActivity.java,com.chatroom.ui.ViewRoomsActivity,"createAndJoinRoom/2[java.lang.String,boolean]",response,6
E:\OOD_Projects\ck-mvn-plugin\LiveChatServer-master\src\com\chatroom\ui\ViewRoomsActivity.java,com.chatroom.ui.ViewRoomsActivity,"createAndJoinRoom/2[java.lang.String,boolean]",clientModel,6
E:\OOD_Projects\ck-mvn-plugin\LiveChatServer-master\src\com\chatroom\ui\ViewRoomsActivity.java,com.chatroom.ui.ViewRoomsActivity,ListeningEvents/0,jLabel_back_arrow_image,1
E:\OOD_Projects\ck-mvn-plugin\LiveChatServer-master\src\com\chatroom\ui\ViewRoomsActivity.java,com.chatroom.ui.ViewRoomsActivity,ListeningEvents/0,jBtnJoinRoom,1
E:\OOD_Projects\ck-mvn-plugin\LiveChatServer-master\src\com\chatroom\client\Client.java,com.chatroom.client.Client,mainOptions/0,scanner,3
E:\OOD_Projects\ck-mvn-plugin\LiveChatServer-master\src\com\chatroom\client\Client.java,com.chatroom.client.Client,mainOptions/0,choice,2
E:\OOD_Projects\ck-mvn-plugin\LiveChatServer-master\src\com\chatroom\client\Client.java,com.chatroom.client.Client,mainOptions/0,cont,4
E:\OOD_Projects\ck-mvn-plugin\LiveChatServer-master\src\com\chatroom\client\Client.java,com.chatroom.client.Client,logOut/0,request,3
E:\OOD_Projects\ck-mvn-plugin\LiveChatServer-master\src\com\chatroom\client\Client.java,com.chatroom.client.Client,logOut/0,clientID,1
E:\OOD_Projects\ck-mvn-plugin\LiveChatServer-master\src\com\chatroom\client\Client.java,com.chatroom.client.Client,logOut/0,objectInputStream,1
E:\OOD_Projects\ck-mvn-plugin\LiveChatServer-master\src\com\chatroom\client\Client.java,com.chatroom.client.Client,logOut/0,response,4
E:\OOD_Projects\ck-mvn-plugin\LiveChatServer-master\src\com\chatroom\client\Client.java,com.chatroom.client.Client,logOut/0,objectOutputStream,2
E:\OOD_Projects\ck-mvn-plugin\LiveChatServer-master\src\com\chatroom\client\Client.java,com.chatroom.client.Client,logOut/0,cont,2
E:\OOD_Projects\ck-mvn-plugin\LiveChatServer-master\src\com\chatroom\client\Client.java,com.chatroom.client.Client,logOut/0,roomId,1
E:\OOD_Projects\ck-mvn-plugin\LiveChatServer-master\src\com\chatroom\client\Client.java,com.chatroom.client.Client,conversation/0,request,6
E:\OOD_Projects\ck-mvn-plugin\LiveChatServer-master\src\com\chatroom\client\Client.java,com.chatroom.client.Client,conversation/0,clientID,2
E:\OOD_Projects\ck-mvn-plugin\LiveChatServer-master\src\com\chatroom\client\Client.java,com.chatroom.client.Client,conversation/0,objectOutputStream,4
E:\OOD_Projects\ck-mvn-plugin\LiveChatServer-master\src\com\chatroom\client\Client.java,com.chatroom.client.Client,conversation/0,scanner,1
E:\OOD_Projects\ck-mvn-plugin\LiveChatServer-master\src\com\chatroom\client\Client.java,com.chatroom.client.Client,conversation/0,messageListener,4
E:\OOD_Projects\ck-mvn-plugin\LiveChatServer-master\src\com\chatroom\client\Client.java,com.chatroom.client.Client,conversation/0,cont,6
E:\OOD_Projects\ck-mvn-plugin\LiveChatServer-master\src\com\chatroom\client\Client.java,com.chatroom.client.Client,conversation/0,roomId,2
E:\OOD_Projects\ck-mvn-plugin\LiveChatServer-master\src\com\chatroom\client\Client.java,com.chatroom.client.Client,mainFunc/0,request,5
E:\OOD_Projects\ck-mvn-plugin\LiveChatServer-master\src\com\chatroom\client\Client.java,com.chatroom.client.Client,mainFunc/0,clientID,6
E:\OOD_Projects\ck-mvn-plugin\LiveChatServer-master\src\com\chatroom\client\Client.java,com.chatroom.client.Client,mainFunc/0,objectInputStream,1
E:\OOD_Projects\ck-mvn-plugin\LiveChatServer-master\src\com\chatroom\client\Client.java,com.chatroom.client.Client,mainFunc/0,response,9
E:\OOD_Projects\ck-mvn-plugin\LiveChatServer-master\src\com\chatroom\client\Client.java,com.chatroom.client.Client,mainFunc/0,scanner,3
E:\OOD_Projects\ck-mvn-plugin\LiveChatServer-master\src\com\chatroom\client\Client.java,com.chatroom.client.Client,mainFunc/0,objectOutputStream,2
E:\OOD_Projects\ck-mvn-plugin\LiveChatServer-master\src\com\chatroom\client\Client.java,com.chatroom.client.Client,mainFunc/0,choice,3
E:\OOD_Projects\ck-mvn-plugin\LiveChatServer-master\src\com\chatroom\client\Client.java,com.chatroom.client.Client,mainFunc/0,cont,8
E:\OOD_Projects\ck-mvn-plugin\LiveChatServer-master\src\com\chatroom\client\Client.java,com.chatroom.client.Client,mainFunc/0,roomId,2
E:\OOD_Projects\ck-mvn-plugin\LiveChatServer-master\src\com\chatroom\client\Client.java,com.chatroom.client.Client,"createAndJoinRoom/2[java.lang.String,boolean]",request,4
E:\OOD_Projects\ck-mvn-plugin\LiveChatServer-master\src\com\chatroom\client\Client.java,com.chatroom.client.Client,"createAndJoinRoom/2[java.lang.String,boolean]",clientID,2
E:\OOD_Projects\ck-mvn-plugin\LiveChatServer-master\src\com\chatroom\client\Client.java,com.chatroom.client.Client,"createAndJoinRoom/2[java.lang.String,boolean]",objectInputStream,1
E:\OOD_Projects\ck-mvn-plugin\LiveChatServer-master\src\com\chatroom\client\Client.java,com.chatroom.client.Client,"createAndJoinRoom/2[java.lang.String,boolean]",response,7
E:\OOD_Projects\ck-mvn-plugin\LiveChatServer-master\src\com\chatroom\client\Client.java,com.chatroom.client.Client,"createAndJoinRoom/2[java.lang.String,boolean]",objectOutputStream,2
E:\OOD_Projects\ck-mvn-plugin\LiveChatServer-master\src\com\chatroom\client\Client.java,com.chatroom.client.Client,"createAndJoinRoom/2[java.lang.String,boolean]",cont,2
E:\OOD_Projects\ck-mvn-plugin\LiveChatServer-master\src\com\chatroom\client\Client.java,com.chatroom.client.Client,"createAndJoinRoom/2[java.lang.String,boolean]",roomId,4
E:\OOD_Projects\ck-mvn-plugin\LiveChatServer-master\src\com\chatroom\client\Client.java,com.chatroom.client.Client,connect/0,objectInputStream,1
E:\OOD_Projects\ck-mvn-plugin\LiveChatServer-master\src\com\chatroom\client\Client.java,com.chatroom.client.Client,connect/0,port,1
E:\OOD_Projects\ck-mvn-plugin\LiveChatServer-master\src\com\chatroom\client\Client.java,com.chatroom.client.Client,connect/0,host,1
E:\OOD_Projects\ck-mvn-plugin\LiveChatServer-master\src\com\chatroom\client\Client.java,com.chatroom.client.Client,connect/0,objectOutputStream,1
E:\OOD_Projects\ck-mvn-plugin\LiveChatServer-master\src\com\chatroom\client\Client.java,com.chatroom.client.Client,connect/0,socket,3
E:\OOD_Projects\ck-mvn-plugin\LiveChatServer-master\src\com\chatroom\client\Client.java,com.chatroom.client.Client,"Client/2[java.lang.String,int]",port,3
E:\OOD_Projects\ck-mvn-plugin\LiveChatServer-master\src\com\chatroom\client\Client.java,com.chatroom.client.Client,"Client/2[java.lang.String,int]",host,3
E:\OOD_Projects\ck-mvn-plugin\LiveChatServer-master\src\com\chatroom\client\Client.java,com.chatroom.client.Client,"Client/2[java.lang.String,int]",messageListener,1
E:\OOD_Projects\ck-mvn-plugin\LiveChatServer-master\src\com\chatroom\client\Client.java,com.chatroom.client.Client,viewRooms/0,request,3
E:\OOD_Projects\ck-mvn-plugin\LiveChatServer-master\src\com\chatroom\client\Client.java,com.chatroom.client.Client,viewRooms/0,clientID,1
E:\OOD_Projects\ck-mvn-plugin\LiveChatServer-master\src\com\chatroom\client\Client.java,com.chatroom.client.Client,viewRooms/0,objectInputStream,1
E:\OOD_Projects\ck-mvn-plugin\LiveChatServer-master\src\com\chatroom\client\Client.java,com.chatroom.client.Client,viewRooms/0,response,4
E:\OOD_Projects\ck-mvn-plugin\LiveChatServer-master\src\com\chatroom\client\Client.java,com.chatroom.client.Client,viewRooms/0,objectOutputStream,2
E:\OOD_Projects\ck-mvn-plugin\LiveChatServer-master\src\com\chatroom\client\Client.java,com.chatroom.client.Client,viewRooms/0,scanner,1
E:\OOD_Projects\ck-mvn-plugin\LiveChatServer-master\src\com\chatroom\client\Client.java,com.chatroom.client.Client,viewRooms/0,cont,4
E:\OOD_Projects\ck-mvn-plugin\LiveChatServer-master\src\com\chatroom\client\Client.java,com.chatroom.client.Client,viewRooms/0,roomId,1
E:\OOD_Projects\ck-mvn-plugin\LiveChatServer-master\src\com\chatroom\server\Server.java,com.chatroom.server.Server,connect/0,port,1
E:\OOD_Projects\ck-mvn-plugin\LiveChatServer-master\src\com\chatroom\server\Server.java,com.chatroom.server.Server,connect/0,serverSocket,2
E:\OOD_Projects\ck-mvn-plugin\LiveChatServer-master\src\com\chatroom\server\Server.java,com.chatroom.server.Server,connect/0,socket,2
E:\OOD_Projects\ck-mvn-plugin\LiveChatServer-master\src\com\chatroom\server\Server.java,com.chatroom.server.Server,Server/1[int],responseMakerQueue,1
E:\OOD_Projects\ck-mvn-plugin\LiveChatServer-master\src\com\chatroom\server\Server.java,com.chatroom.server.Server,Server/1[int],messageHandler,2
E:\OOD_Projects\ck-mvn-plugin\LiveChatServer-master\src\com\chatroom\server\Server.java,com.chatroom.server.Server,Server/1[int],responseMaker,2
E:\OOD_Projects\ck-mvn-plugin\LiveChatServer-master\src\com\chatroom\server\Server.java,com.chatroom.server.Server,Server/1[int],requestqueue,1
E:\OOD_Projects\ck-mvn-plugin\LiveChatServer-master\src\com\chatroom\server\Server.java,com.chatroom.server.Server,Server/1[int],messagesTrackQueue,1
E:\OOD_Projects\ck-mvn-plugin\LiveChatServer-master\src\com\chatroom\server\Server.java,com.chatroom.server.Server,Server/1[int],requestAnalyser,2
E:\OOD_Projects\ck-mvn-plugin\LiveChatServer-master\src\com\chatroom\server\Server.java,com.chatroom.server.Server,Server/1[int],roomsHolder,1
E:\OOD_Projects\ck-mvn-plugin\LiveChatServer-master\src\com\chatroom\server\Server.java,com.chatroom.server.Server,Server/1[int],listOfRooms,1
E:\OOD_Projects\ck-mvn-plugin\LiveChatServer-master\src\com\chatroom\server\Server.java,com.chatroom.server.Server,Server/1[int],serverOperations,2
E:\OOD_Projects\ck-mvn-plugin\LiveChatServer-master\src\com\chatroom\server\Server.java,com.chatroom.server.Server,Server/1[int],port,3
E:\OOD_Projects\ck-mvn-plugin\LiveChatServer-master\src\com\chatroom\server\Server.java,com.chatroom.server.Server,Server/1[int],messagesTrackHashmap,1
E:\OOD_Projects\ck-mvn-plugin\LiveChatServer-master\src\com\chatroom\server\Server.java,com.chatroom.server.Server,Server/1[int],roomsMapping,1
E:\OOD_Projects\ck-mvn-plugin\LiveChatServer-master\src\com\chatroom\server\Server.java,com.chatroom.server.Server,Server/1[int],clientHolder,1
E:\OOD_Projects\ck-mvn-plugin\LiveChatServer-master\src\com\chatroom\server\Server.java,com.chatroom.server.Server,Server/1[int],connection,1
E:\OOD_Projects\ck-mvn-plugin\LiveChatServer-master\src\com\chatroom\server\Server.java,com.chatroom.server.Server,Server/1[int],messagequeue,1
E:\OOD_Projects\ck-mvn-plugin\LiveChatServer-master\src\com\chatroom\server\Server.java,com.chatroom.server.Server,getKey/1[java.lang.String],roomsMapping,1
E:\OOD_Projects\ck-mvn-plugin\LiveChatServer-master\src\com\chatroom\server\Server.java,com.chatroom.server.Server,getRoomId/0,roomIdGenerator,1
E:\OOD_Projects\ck-mvn-plugin\LiveChatServer-master\src\com\chatroom\server\Server.java,com.chatroom.server.Server,finalize/0,connection,1
E:\OOD_Projects\ck-mvn-plugin\LiveChatServer-master\src\com\chatroom\others\LogFileWriter.java,com.chatroom.others.LogFileWriter,Log/1[java.lang.String],printWriter,3
E:\OOD_Projects\ck-mvn-plugin\LiveChatServer-master\src\com\chatroom\server\ServerOperations.java,com.chatroom.server.ServerOperations,run/0,messageTrackObject,2
E:\OOD_Projects\ck-mvn-plugin\LiveChatServer-master\src\com\chatroom\server\ServerOperations.java,com.chatroom.server.ServerOperations,run/0,scanner,1
E:\OOD_Projects\ck-mvn-plugin\LiveChatServer-master\src\com\chatroom\ui\SignInActivity.java,com.chatroom.ui.SignInActivity$Anonymous1,paintComponent/1[java.awt.Graphics],myImage,1
E:\OOD_Projects\ck-mvn-plugin\LiveChatServer-master\src\com\chatroom\others\Hash.java,com.chatroom.others.Hash,getHash/1[java.lang.String],errors,2
E:\OOD_Projects\ck-mvn-plugin\LiveChatServer-master\src\com\chatroom\ui\ViewRoomsActivity.java,com.chatroom.ui.ViewRoomsActivity$Anonymous1,paintComponent/1[java.awt.Graphics],myImage,1
E:\OOD_Projects\ck-mvn-plugin\LiveChatServer-master\src\com\chatroom\ui\MainMenuOptions.java,com.chatroom.ui.MainMenuOptions$Anonymous1,paintComponent/1[java.awt.Graphics],myImage,1
E:\OOD_Projects\ck-mvn-plugin\LiveChatServer-master\src\com\chatroom\ui\ChatActivity.java,com.chatroom.ui.ChatActivity$MessageListener,run/0,isContinue,1
E:\OOD_Projects\ck-mvn-plugin\LiveChatServer-master\src\com\chatroom\ui\MainSplash.java,com.chatroom.ui.MainSplash,initializeAllWithProperties/0,jFrame,9
E:\OOD_Projects\ck-mvn-plugin\LiveChatServer-master\src\com\chatroom\ui\MainSplash.java,com.chatroom.ui.MainSplash,initializeAllWithProperties/0,jLabel,3
E:\OOD_Projects\ck-mvn-plugin\LiveChatServer-master\src\com\chatroom\ui\MainSplash.java,com.chatroom.ui.MainSplash,initializeAllWithProperties/0,iconLogo,1
E:\OOD_Projects\ck-mvn-plugin\LiveChatServer-master\src\com\chatroom\ui\MainSplash.java,com.chatroom.ui.MainSplash,initializeAllWithProperties/0,jBtnSignUp,6
E:\OOD_Projects\ck-mvn-plugin\LiveChatServer-master\src\com\chatroom\ui\MainSplash.java,com.chatroom.ui.MainSplash,initializeAllWithProperties/0,jBtnSignIn,6
E:\OOD_Projects\ck-mvn-plugin\LiveChatServer-master\src\com\chatroom\ui\MainSplash.java,com.chatroom.ui.MainSplash,MainSplash/1[com.chatroom.client.ClientModel],jFrame,2
E:\OOD_Projects\ck-mvn-plugin\LiveChatServer-master\src\com\chatroom\ui\MainSplash.java,com.chatroom.ui.MainSplash,MainSplash/1[com.chatroom.client.ClientModel],iconLogo,1
E:\OOD_Projects\ck-mvn-plugin\LiveChatServer-master\src\com\chatroom\ui\MainSplash.java,com.chatroom.ui.MainSplash,MainSplash/1[com.chatroom.client.ClientModel],jBtnSignUp,1
E:\OOD_Projects\ck-mvn-plugin\LiveChatServer-master\src\com\chatroom\ui\MainSplash.java,com.chatroom.ui.MainSplash,MainSplash/1[com.chatroom.client.ClientModel],jBtnSignIn,1
E:\OOD_Projects\ck-mvn-plugin\LiveChatServer-master\src\com\chatroom\ui\MainSplash.java,com.chatroom.ui.MainSplash,MainSplash/1[com.chatroom.client.ClientModel],clientModel,1
E:\OOD_Projects\ck-mvn-plugin\LiveChatServer-master\src\com\chatroom\ui\MainSplash.java,com.chatroom.ui.MainSplash,ListeningEvents/0,jBtnSignUp,1
E:\OOD_Projects\ck-mvn-plugin\LiveChatServer-master\src\com\chatroom\ui\MainSplash.java,com.chatroom.ui.MainSplash,ListeningEvents/0,jBtnSignIn,1
E:\OOD_Projects\ck-mvn-plugin\LiveChatServer-master\src\com\chatroom\models\MessageTrackObject.java,com.chatroom.models.MessageTrackObject,getId/0,clientId,1
E:\OOD_Projects\ck-mvn-plugin\LiveChatServer-master\src\com\chatroom\models\MessageTrackObject.java,com.chatroom.models.MessageTrackObject,updateCount/0,MessagesCount,1
E:\OOD_Projects\ck-mvn-plugin\LiveChatServer-master\src\com\chatroom\models\MessageTrackObject.java,com.chatroom.models.MessageTrackObject,"MessageTrackObject/2[int,int]",clientId,3
E:\OOD_Projects\ck-mvn-plugin\LiveChatServer-master\src\com\chatroom\models\MessageTrackObject.java,com.chatroom.models.MessageTrackObject,"MessageTrackObject/2[int,int]",MessagesCount,1
E:\OOD_Projects\ck-mvn-plugin\LiveChatServer-master\src\com\chatroom\models\MessageTrackObject.java,com.chatroom.models.MessageTrackObject,getCount/0,MessagesCount,1
E:\OOD_Projects\ck-mvn-plugin\LiveChatServer-master\src\com\chatroom\server\ResponseHolder.java,com.chatroom.server.ResponseHolder,"ResponseHolder/2[com.chatroom.models.Response,java.io.ObjectOutputStream]",response,1
E:\OOD_Projects\ck-mvn-plugin\LiveChatServer-master\src\com\chatroom\server\ResponseHolder.java,com.chatroom.server.ResponseHolder,"ResponseHolder/2[com.chatroom.models.Response,java.io.ObjectOutputStream]",objectOutputStream,1
E:\OOD_Projects\ck-mvn-plugin\LiveChatServer-master\src\com\chatroom\ui\SignInActivity.java,com.chatroom.ui.SignInActivity,SignInActivity/1[com.chatroom.client.ClientModel],compoundBorder,1
E:\OOD_Projects\ck-mvn-plugin\LiveChatServer-master\src\com\chatroom\ui\SignInActivity.java,com.chatroom.ui.SignInActivity,SignInActivity/1[com.chatroom.client.ClientModel],jFrame,2
E:\OOD_Projects\ck-mvn-plugin\LiveChatServer-master\src\com\chatroom\ui\SignInActivity.java,com.chatroom.ui.SignInActivity,SignInActivity/1[com.chatroom.client.ClientModel],iconLogo,1
E:\OOD_Projects\ck-mvn-plugin\LiveChatServer-master\src\com\chatroom\ui\SignInActivity.java,com.chatroom.ui.SignInActivity,SignInActivity/1[com.chatroom.client.ClientModel],jTvpassword,3
E:\OOD_Projects\ck-mvn-plugin\LiveChatServer-master\src\com\chatroom\ui\SignInActivity.java,com.chatroom.ui.SignInActivity,SignInActivity/1[com.chatroom.client.ClientModel],jTvUsername,1
E:\OOD_Projects\ck-mvn-plugin\LiveChatServer-master\src\com\chatroom\ui\SignInActivity.java,com.chatroom.ui.SignInActivity,SignInActivity/1[com.chatroom.client.ClientModel],jBtnSignIn,1
E:\OOD_Projects\ck-mvn-plugin\LiveChatServer-master\src\com\chatroom\ui\SignInActivity.java,com.chatroom.ui.SignInActivity,SignInActivity/1[com.chatroom.client.ClientModel],jLabelSignup,1
E:\OOD_Projects\ck-mvn-plugin\LiveChatServer-master\src\com\chatroom\ui\SignInActivity.java,com.chatroom.ui.SignInActivity,SignInActivity/1[com.chatroom.client.ClientModel],clientModel,1
E:\OOD_Projects\ck-mvn-plugin\LiveChatServer-master\src\com\chatroom\ui\SignInActivity.java,com.chatroom.ui.SignInActivity,SignInActivity/1[com.chatroom.client.ClientModel],jLabelSignIntitle,1
E:\OOD_Projects\ck-mvn-plugin\LiveChatServer-master\src\com\chatroom\ui\SignInActivity.java,com.chatroom.ui.SignInActivity,SignInActivity/1[com.chatroom.client.ClientModel],compoundBorderAfterClick,1
E:\OOD_Projects\ck-mvn-plugin\LiveChatServer-master\src\com\chatroom\ui\SignInActivity.java,com.chatroom.ui.SignInActivity,"signIn/2[java.lang.String,java.lang.String]",jFrame,1
E:\OOD_Projects\ck-mvn-plugin\LiveChatServer-master\src\com\chatroom\ui\SignInActivity.java,com.chatroom.ui.SignInActivity,"signIn/2[java.lang.String,java.lang.String]",clientModel,4
E:\OOD_Projects\ck-mvn-plugin\LiveChatServer-master\src\com\chatroom\ui\SignInActivity.java,com.chatroom.ui.SignInActivity,initializeAllWithProperties/0,compoundBorder,2
E:\OOD_Projects\ck-mvn-plugin\LiveChatServer-master\src\com\chatroom\ui\SignInActivity.java,com.chatroom.ui.SignInActivity,initializeAllWithProperties/0,jFrame,13
E:\OOD_Projects\ck-mvn-plugin\LiveChatServer-master\src\com\chatroom\ui\SignInActivity.java,com.chatroom.ui.SignInActivity,initializeAllWithProperties/0,jLabel,3
E:\OOD_Projects\ck-mvn-plugin\LiveChatServer-master\src\com\chatroom\ui\SignInActivity.java,com.chatroom.ui.SignInActivity,initializeAllWithProperties/0,iconLogo,1
E:\OOD_Projects\ck-mvn-plugin\LiveChatServer-master\src\com\chatroom\ui\SignInActivity.java,com.chatroom.ui.SignInActivity,initializeAllWithProperties/0,jTvpassword,5
E:\OOD_Projects\ck-mvn-plugin\LiveChatServer-master\src\com\chatroom\ui\SignInActivity.java,com.chatroom.ui.SignInActivity,initializeAllWithProperties/0,jTvUsername,5
E:\OOD_Projects\ck-mvn-plugin\LiveChatServer-master\src\com\chatroom\ui\SignInActivity.java,com.chatroom.ui.SignInActivity,initializeAllWithProperties/0,jBtnSignIn,8
E:\OOD_Projects\ck-mvn-plugin\LiveChatServer-master\src\com\chatroom\ui\SignInActivity.java,com.chatroom.ui.SignInActivity,initializeAllWithProperties/0,jLabelSignup,1
E:\OOD_Projects\ck-mvn-plugin\LiveChatServer-master\src\com\chatroom\ui\SignInActivity.java,com.chatroom.ui.SignInActivity,initializeAllWithProperties/0,jLabelSignIntitle,1
E:\OOD_Projects\ck-mvn-plugin\LiveChatServer-master\src\com\chatroom\ui\SignInActivity.java,com.chatroom.ui.SignInActivity,ListeningEvents/0,jTvpassword,1
E:\OOD_Projects\ck-mvn-plugin\LiveChatServer-master\src\com\chatroom\ui\SignInActivity.java,com.chatroom.ui.SignInActivity,ListeningEvents/0,jTvUsername,1
E:\OOD_Projects\ck-mvn-plugin\LiveChatServer-master\src\com\chatroom\ui\SignInActivity.java,com.chatroom.ui.SignInActivity,ListeningEvents/0,jLabelSignup,1
E:\OOD_Projects\ck-mvn-plugin\LiveChatServer-master\src\com\chatroom\ui\SignInActivity.java,com.chatroom.ui.SignInActivity,ListeningEvents/0,jBtnSignIn,1
E:\OOD_Projects\ck-mvn-plugin\LiveChatServer-master\src\com\chatroom\ui\SignUpActivity.java,com.chatroom.ui.SignUpActivity,"signUp/2[java.lang.String,java.lang.String]",jFrame,1
E:\OOD_Projects\ck-mvn-plugin\LiveChatServer-master\src\com\chatroom\ui\SignUpActivity.java,com.chatroom.ui.SignUpActivity,"signUp/2[java.lang.String,java.lang.String]",clientModel,4
E:\OOD_Projects\ck-mvn-plugin\LiveChatServer-master\src\com\chatroom\ui\SignUpActivity.java,com.chatroom.ui.SignUpActivity,initializeAllWithProperties/0,compoundBorder,2
E:\OOD_Projects\ck-mvn-plugin\LiveChatServer-master\src\com\chatroom\ui\SignUpActivity.java,com.chatroom.ui.SignUpActivity,initializeAllWithProperties/0,jFrame,13
E:\OOD_Projects\ck-mvn-plugin\LiveChatServer-master\src\com\chatroom\ui\SignUpActivity.java,com.chatroom.ui.SignUpActivity,initializeAllWithProperties/0,jLabel,4
E:\OOD_Projects\ck-mvn-plugin\LiveChatServer-master\src\com\chatroom\ui\SignUpActivity.java,com.chatroom.ui.SignUpActivity,initializeAllWithProperties/0,iconLogo,1
E:\OOD_Projects\ck-mvn-plugin\LiveChatServer-master\src\com\chatroom\ui\SignUpActivity.java,com.chatroom.ui.SignUpActivity,initializeAllWithProperties/0,jTvpassword,5
E:\OOD_Projects\ck-mvn-plugin\LiveChatServer-master\src\com\chatroom\ui\SignUpActivity.java,com.chatroom.ui.SignUpActivity,initializeAllWithProperties/0,jBtnSignUp,8
E:\OOD_Projects\ck-mvn-plugin\LiveChatServer-master\src\com\chatroom\ui\SignUpActivity.java,com.chatroom.ui.SignUpActivity,initializeAllWithProperties/0,jTvUsername,5
E:\OOD_Projects\ck-mvn-plugin\LiveChatServer-master\src\com\chatroom\ui\SignUpActivity.java,com.chatroom.ui.SignUpActivity,initializeAllWithProperties/0,jLabelsignin,1
E:\OOD_Projects\ck-mvn-plugin\LiveChatServer-master\src\com\chatroom\ui\SignUpActivity.java,com.chatroom.ui.SignUpActivity,initializeAllWithProperties/0,jLabelsignUptitle,1
E:\OOD_Projects\ck-mvn-plugin\LiveChatServer-master\src\com\chatroom\ui\SignUpActivity.java,com.chatroom.ui.SignUpActivity,SignUpActivity/1[com.chatroom.client.ClientModel],compoundBorder,1
E:\OOD_Projects\ck-mvn-plugin\LiveChatServer-master\src\com\chatroom\ui\SignUpActivity.java,com.chatroom.ui.SignUpActivity,SignUpActivity/1[com.chatroom.client.ClientModel],jFrame,2
E:\OOD_Projects\ck-mvn-plugin\LiveChatServer-master\src\com\chatroom\ui\SignUpActivity.java,com.chatroom.ui.SignUpActivity,SignUpActivity/1[com.chatroom.client.ClientModel],iconLogo,1
E:\OOD_Projects\ck-mvn-plugin\LiveChatServer-master\src\com\chatroom\ui\SignUpActivity.java,com.chatroom.ui.SignUpActivity,SignUpActivity/1[com.chatroom.client.ClientModel],jBtnSignUp,1
E:\OOD_Projects\ck-mvn-plugin\LiveChatServer-master\src\com\chatroom\ui\SignUpActivity.java,com.chatroom.ui.SignUpActivity,SignUpActivity/1[com.chatroom.client.ClientModel],jTvpassword,3
E:\OOD_Projects\ck-mvn-plugin\LiveChatServer-master\src\com\chatroom\ui\SignUpActivity.java,com.chatroom.ui.SignUpActivity,SignUpActivity/1[com.chatroom.client.ClientModel],jTvUsername,1
E:\OOD_Projects\ck-mvn-plugin\LiveChatServer-master\src\com\chatroom\ui\SignUpActivity.java,com.chatroom.ui.SignUpActivity,SignUpActivity/1[com.chatroom.client.ClientModel],clientModel,1
E:\OOD_Projects\ck-mvn-plugin\LiveChatServer-master\src\com\chatroom\ui\SignUpActivity.java,com.chatroom.ui.SignUpActivity,SignUpActivity/1[com.chatroom.client.ClientModel],jLabelsignin,1
E:\OOD_Projects\ck-mvn-plugin\LiveChatServer-master\src\com\chatroom\ui\SignUpActivity.java,com.chatroom.ui.SignUpActivity,SignUpActivity/1[com.chatroom.client.ClientModel],jLabelsignUptitle,1
E:\OOD_Projects\ck-mvn-plugin\LiveChatServer-master\src\com\chatroom\ui\SignUpActivity.java,com.chatroom.ui.SignUpActivity,SignUpActivity/1[com.chatroom.client.ClientModel],compoundBorderAfterClick,1
E:\OOD_Projects\ck-mvn-plugin\LiveChatServer-master\src\com\chatroom\ui\SignUpActivity.java,com.chatroom.ui.SignUpActivity,ListeningEvents/0,jTvpassword,1
E:\OOD_Projects\ck-mvn-plugin\LiveChatServer-master\src\com\chatroom\ui\SignUpActivity.java,com.chatroom.ui.SignUpActivity,ListeningEvents/0,jBtnSignUp,1
E:\OOD_Projects\ck-mvn-plugin\LiveChatServer-master\src\com\chatroom\ui\SignUpActivity.java,com.chatroom.ui.SignUpActivity,ListeningEvents/0,jTvUsername,1
E:\OOD_Projects\ck-mvn-plugin\LiveChatServer-master\src\com\chatroom\ui\SignUpActivity.java,com.chatroom.ui.SignUpActivity,ListeningEvents/0,jLabelsignin,1
E:\OOD_Projects\ck-mvn-plugin\LiveChatServer-master\src\com\chatroom\ui\MainMenuOptions.java,com.chatroom.ui.MainMenuOptions,logOut/0,request,2
E:\OOD_Projects\ck-mvn-plugin\LiveChatServer-master\src\com\chatroom\ui\MainMenuOptions.java,com.chatroom.ui.MainMenuOptions,logOut/0,jFrame,1
E:\OOD_Projects\ck-mvn-plugin\LiveChatServer-master\src\com\chatroom\ui\MainMenuOptions.java,com.chatroom.ui.MainMenuOptions,logOut/0,response,3
E:\OOD_Projects\ck-mvn-plugin\LiveChatServer-master\src\com\chatroom\ui\MainMenuOptions.java,com.chatroom.ui.MainMenuOptions,logOut/0,clientModel,5
E:\OOD_Projects\ck-mvn-plugin\LiveChatServer-master\src\com\chatroom\ui\MainMenuOptions.java,com.chatroom.ui.MainMenuOptions,initializeAllWithProperties/0,jBtnViewRooms,5
E:\OOD_Projects\ck-mvn-plugin\LiveChatServer-master\src\com\chatroom\ui\MainMenuOptions.java,com.chatroom.ui.MainMenuOptions,initializeAllWithProperties/0,jFrame,12
E:\OOD_Projects\ck-mvn-plugin\LiveChatServer-master\src\com\chatroom\ui\MainMenuOptions.java,com.chatroom.ui.MainMenuOptions,initializeAllWithProperties/0,jLabel,4
E:\OOD_Projects\ck-mvn-plugin\LiveChatServer-master\src\com\chatroom\ui\MainMenuOptions.java,com.chatroom.ui.MainMenuOptions,initializeAllWithProperties/0,iconLogo,1
E:\OOD_Projects\ck-mvn-plugin\LiveChatServer-master\src\com\chatroom\ui\MainMenuOptions.java,com.chatroom.ui.MainMenuOptions,initializeAllWithProperties/0,jBtnCreateRoom,5
E:\OOD_Projects\ck-mvn-plugin\LiveChatServer-master\src\com\chatroom\ui\MainMenuOptions.java,com.chatroom.ui.MainMenuOptions,initializeAllWithProperties/0,jBtnJoinRoom,5
E:\OOD_Projects\ck-mvn-plugin\LiveChatServer-master\src\com\chatroom\ui\MainMenuOptions.java,com.chatroom.ui.MainMenuOptions,initializeAllWithProperties/0,jBtnLogout,5
E:\OOD_Projects\ck-mvn-plugin\LiveChatServer-master\src\com\chatroom\ui\MainMenuOptions.java,com.chatroom.ui.MainMenuOptions,initializeAllWithProperties/0,jLabelTitle,1
E:\OOD_Projects\ck-mvn-plugin\LiveChatServer-master\src\com\chatroom\ui\MainMenuOptions.java,com.chatroom.ui.MainMenuOptions,"createAndJoinRoom/2[java.lang.String,boolean]",request,3
E:\OOD_Projects\ck-mvn-plugin\LiveChatServer-master\src\com\chatroom\ui\MainMenuOptions.java,com.chatroom.ui.MainMenuOptions,"createAndJoinRoom/2[java.lang.String,boolean]",jFrame,1
E:\OOD_Projects\ck-mvn-plugin\LiveChatServer-master\src\com\chatroom\ui\MainMenuOptions.java,com.chatroom.ui.MainMenuOptions,"createAndJoinRoom/2[java.lang.String,boolean]",response,6
E:\OOD_Projects\ck-mvn-plugin\LiveChatServer-master\src\com\chatroom\ui\MainMenuOptions.java,com.chatroom.ui.MainMenuOptions,"createAndJoinRoom/2[java.lang.String,boolean]",clientModel,6
E:\OOD_Projects\ck-mvn-plugin\LiveChatServer-master\src\com\chatroom\ui\MainMenuOptions.java,com.chatroom.ui.MainMenuOptions,MainMenuOptions/1[com.chatroom.client.ClientModel],jFrame,2
E:\OOD_Projects\ck-mvn-plugin\LiveChatServer-master\src\com\chatroom\ui\MainMenuOptions.java,com.chatroom.ui.MainMenuOptions,MainMenuOptions/1[com.chatroom.client.ClientModel],jBtnViewRooms,1
E:\OOD_Projects\ck-mvn-plugin\LiveChatServer-master\src\com\chatroom\ui\MainMenuOptions.java,com.chatroom.ui.MainMenuOptions,MainMenuOptions/1[com.chatroom.client.ClientModel],iconLogo,1
E:\OOD_Projects\ck-mvn-plugin\LiveChatServer-master\src\com\chatroom\ui\MainMenuOptions.java,com.chatroom.ui.MainMenuOptions,MainMenuOptions/1[com.chatroom.client.ClientModel],jBtnCreateRoom,1
E:\OOD_Projects\ck-mvn-plugin\LiveChatServer-master\src\com\chatroom\ui\MainMenuOptions.java,com.chatroom.ui.MainMenuOptions,MainMenuOptions/1[com.chatroom.client.ClientModel],jBtnJoinRoom,1
E:\OOD_Projects\ck-mvn-plugin\LiveChatServer-master\src\com\chatroom\ui\MainMenuOptions.java,com.chatroom.ui.MainMenuOptions,MainMenuOptions/1[com.chatroom.client.ClientModel],clientModel,1
E:\OOD_Projects\ck-mvn-plugin\LiveChatServer-master\src\com\chatroom\ui\MainMenuOptions.java,com.chatroom.ui.MainMenuOptions,MainMenuOptions/1[com.chatroom.client.ClientModel],jBtnLogout,1
E:\OOD_Projects\ck-mvn-plugin\LiveChatServer-master\src\com\chatroom\ui\MainMenuOptions.java,com.chatroom.ui.MainMenuOptions,MainMenuOptions/1[com.chatroom.client.ClientModel],jLabelTitle,1
E:\OOD_Projects\ck-mvn-plugin\LiveChatServer-master\src\com\chatroom\ui\MainMenuOptions.java,com.chatroom.ui.MainMenuOptions,ListeningEvents/0,jBtnViewRooms,1
E:\OOD_Projects\ck-mvn-plugin\LiveChatServer-master\src\com\chatroom\ui\MainMenuOptions.java,com.chatroom.ui.MainMenuOptions,ListeningEvents/0,jBtnCreateRoom,1
E:\OOD_Projects\ck-mvn-plugin\LiveChatServer-master\src\com\chatroom\ui\MainMenuOptions.java,com.chatroom.ui.MainMenuOptions,ListeningEvents/0,jBtnJoinRoom,1
E:\OOD_Projects\ck-mvn-plugin\LiveChatServer-master\src\com\chatroom\ui\MainMenuOptions.java,com.chatroom.ui.MainMenuOptions,ListeningEvents/0,jBtnLogout,1
