file,class,method,variable,usage
E:\OOD_Projects\ck-mvn-plugin\LiveChatServer-master\src\com\chatroom\ui\ChatActivity.java,com.chatroom.ui.ChatActivity$Anonymous3,mouseClicked/1[java.awt.event.MouseEvent],e,1
E:\OOD_Projects\ck-mvn-plugin\LiveChatServer-master\src\com\chatroom\ui\ChatActivity.java,com.chatroom.ui.ChatActivity$Anonymous3,mouseClicked/1[java.awt.event.MouseEvent],e1,1
E:\OOD_Projects\ck-mvn-plugin\LiveChatServer-master\src\com\chatroom\ui\SignUpActivity.java,com.chatroom.ui.SignUpActivity$Anonymous4,actionPerformed/1[java.awt.event.ActionEvent],password,1
E:\OOD_Projects\ck-mvn-plugin\LiveChatServer-master\src\com\chatroom\ui\SignUpActivity.java,com.chatroom.ui.SignUpActivity$Anonymous4,actionPerformed/1[java.awt.event.ActionEvent],e,0
E:\OOD_Projects\ck-mvn-plugin\LiveChatServer-master\src\com\chatroom\ui\SignUpActivity.java,com.chatroom.ui.SignUpActivity$Anonymous4,actionPerformed/1[java.awt.event.ActionEvent],username,1
E:\OOD_Projects\ck-mvn-plugin\LiveChatServer-master\src\com\chatroom\ui\ChatActivity.java,com.chatroom.ui.ChatActivity$Anonymous2,actionPerformed/1[java.awt.event.ActionEvent],e,0
E:\OOD_Projects\ck-mvn-plugin\LiveChatServer-master\src\com\chatroom\ui\SignUpActivity.java,com.chatroom.ui.SignUpActivity$Anonymous5,mouseClicked/1[java.awt.event.MouseEvent],e,1
E:\OOD_Projects\ck-mvn-plugin\LiveChatServer-master\src\com\chatroom\ui\SignUpActivity.java,com.chatroom.ui.SignUpActivity$Anonymous5,mouseClicked/1[java.awt.event.MouseEvent],e1,1
E:\OOD_Projects\ck-mvn-plugin\LiveChatServer-master\src\com\chatroom\ui\ChatActivity.java,com.chatroom.ui.ChatActivity$Anonymous1,focusGained/1[java.awt.event.FocusEvent],e,0
E:\OOD_Projects\ck-mvn-plugin\LiveChatServer-master\src\com\chatroom\ui\ChatActivity.java,com.chatroom.ui.ChatActivity$Anonymous1,focusLost/1[java.awt.event.FocusEvent],e,0
E:\OOD_Projects\ck-mvn-plugin\LiveChatServer-master\src\com\chatroom\ui\ChatActivity.java,com.chatroom.ui.ChatActivity,displayStatusMessages/1[java.lang.String],text,1
E:\OOD_Projects\ck-mvn-plugin\LiveChatServer-master\src\com\chatroom\ui\ChatActivity.java,com.chatroom.ui.ChatActivity,displayStatusMessages/1[java.lang.String],message,1
E:\OOD_Projects\ck-mvn-plugin\LiveChatServer-master\src\com\chatroom\ui\ChatActivity.java,com.chatroom.ui.ChatActivity,ChatActivity/1[com.chatroom.client.ClientModel],exit,1
E:\OOD_Projects\ck-mvn-plugin\LiveChatServer-master\src\com\chatroom\ui\ChatActivity.java,com.chatroom.ui.ChatActivity,ChatActivity/1[com.chatroom.client.ClientModel],emptyBorder,1
E:\OOD_Projects\ck-mvn-plugin\LiveChatServer-master\src\com\chatroom\ui\ChatActivity.java,com.chatroom.ui.ChatActivity,ChatActivity/1[com.chatroom.client.ClientModel],logout,1
E:\OOD_Projects\ck-mvn-plugin\LiveChatServer-master\src\com\chatroom\ui\ChatActivity.java,com.chatroom.ui.ChatActivity,ChatActivity/1[com.chatroom.client.ClientModel],lineBorder,1
E:\OOD_Projects\ck-mvn-plugin\LiveChatServer-master\src\com\chatroom\ui\ChatActivity.java,com.chatroom.ui.ChatActivity,ChatActivity/1[com.chatroom.client.ClientModel],liveUsers,1
E:\OOD_Projects\ck-mvn-plugin\LiveChatServer-master\src\com\chatroom\ui\ChatActivity.java,com.chatroom.ui.ChatActivity,ChatActivity/1[com.chatroom.client.ClientModel],clientModel,4
E:\OOD_Projects\ck-mvn-plugin\LiveChatServer-master\src\com\chatroom\ui\ChatActivity.java,com.chatroom.ui.ChatActivity,ListeningEvents/0,condition,1
E:\OOD_Projects\ck-mvn-plugin\LiveChatServer-master\src\com\chatroom\ui\ChatActivity.java,com.chatroom.ui.ChatActivity,ListeningEvents/0,actionMap,1
E:\OOD_Projects\ck-mvn-plugin\LiveChatServer-master\src\com\chatroom\ui\ChatActivity.java,com.chatroom.ui.ChatActivity,ListeningEvents/0,inputMap,1
E:\OOD_Projects\ck-mvn-plugin\LiveChatServer-master\src\com\chatroom\ui\ChatActivity.java,com.chatroom.ui.ChatActivity,ListeningEvents/0,enterKey,3
E:\OOD_Projects\ck-mvn-plugin\LiveChatServer-master\src\com\chatroom\ui\ChatActivity.java,com.chatroom.ui.ChatActivity,"setReceiverMessage/2[java.lang.String,java.lang.String]",senderName,1
E:\OOD_Projects\ck-mvn-plugin\LiveChatServer-master\src\com\chatroom\ui\ChatActivity.java,com.chatroom.ui.ChatActivity,"setReceiverMessage/2[java.lang.String,java.lang.String]",temp,4
E:\OOD_Projects\ck-mvn-plugin\LiveChatServer-master\src\com\chatroom\ui\ChatActivity.java,com.chatroom.ui.ChatActivity,"setReceiverMessage/2[java.lang.String,java.lang.String]",text,1
E:\OOD_Projects\ck-mvn-plugin\LiveChatServer-master\src\com\chatroom\ui\ChatActivity.java,com.chatroom.ui.ChatActivity,"setReceiverMessage/2[java.lang.String,java.lang.String]",message,3
E:\OOD_Projects\ck-mvn-plugin\LiveChatServer-master\src\com\chatroom\ui\ChatActivity.java,com.chatroom.ui.ChatActivity,initializeAllWithProperties/0,p1,3
E:\OOD_Projects\ck-mvn-plugin\LiveChatServer-master\src\com\chatroom\ui\ChatActivity.java,com.chatroom.ui.ChatActivity,setSenderMessage/0,temp,4
E:\OOD_Projects\ck-mvn-plugin\LiveChatServer-master\src\com\chatroom\ui\ChatActivity.java,com.chatroom.ui.ChatActivity,setSenderMessage/0,e,1
E:\OOD_Projects\ck-mvn-plugin\LiveChatServer-master\src\com\chatroom\ui\ChatActivity.java,com.chatroom.ui.ChatActivity,setSenderMessage/0,text,1
E:\OOD_Projects\ck-mvn-plugin\LiveChatServer-master\src\com\chatroom\models\Request.java,com.chatroom.models.Request,setClientId/1[int],clientId,2
E:\OOD_Projects\ck-mvn-plugin\LiveChatServer-master\src\com\chatroom\models\Request.java,com.chatroom.models.Request,"Request/4[int,int,int,java.lang.String]",clientId,2
E:\OOD_Projects\ck-mvn-plugin\LiveChatServer-master\src\com\chatroom\models\Request.java,com.chatroom.models.Request,"Request/4[int,int,int,java.lang.String]",contents,2
E:\OOD_Projects\ck-mvn-plugin\LiveChatServer-master\src\com\chatroom\models\Request.java,com.chatroom.models.Request,"Request/4[int,int,int,java.lang.String]",id,2
E:\OOD_Projects\ck-mvn-plugin\LiveChatServer-master\src\com\chatroom\models\Request.java,com.chatroom.models.Request,"Request/4[int,int,int,java.lang.String]",roomId,2
E:\OOD_Projects\ck-mvn-plugin\LiveChatServer-master\src\com\chatroom\models\Request.java,com.chatroom.models.Request,setIsConsole/1[boolean],consoleRequest,1
E:\OOD_Projects\ck-mvn-plugin\LiveChatServer-master\src\com\chatroom\models\Request.java,com.chatroom.models.Request,setId/1[int],id,2
E:\OOD_Projects\ck-mvn-plugin\LiveChatServer-master\src\com\chatroom\models\Request.java,com.chatroom.models.Request,setContents/1[java.lang.String],content,1
E:\OOD_Projects\ck-mvn-plugin\LiveChatServer-master\src\com\chatroom\models\Request.java,com.chatroom.models.Request,setRoomId/1[int],roomId,2
E:\OOD_Projects\ck-mvn-plugin\LiveChatServer-master\src\com\chatroom\ui\ChatActivity.java,com.chatroom.ui.ChatActivity$Anonymous7,actionPerformed/1[java.awt.event.ActionEvent],e,0
E:\OOD_Projects\ck-mvn-plugin\LiveChatServer-master\src\com\chatroom\ui\MainSplash.java,com.chatroom.ui.MainSplash$Anonymous1,paintComponent/1[java.awt.Graphics],g,2
E:\OOD_Projects\ck-mvn-plugin\LiveChatServer-master\src\com\chatroom\ui\ChatActivity.java,com.chatroom.ui.ChatActivity$Anonymous6,adjustmentValueChanged/1[java.awt.event.AdjustmentEvent],e,1
E:\OOD_Projects\ck-mvn-plugin\LiveChatServer-master\src\com\chatroom\ui\ChatActivity.java,com.chatroom.ui.ChatActivity$Anonymous6,adjustmentValueChanged/1[java.awt.event.AdjustmentEvent],jsb,5
E:\OOD_Projects\ck-mvn-plugin\LiveChatServer-master\src\com\chatroom\ui\ChatActivity.java,com.chatroom.ui.ChatActivity$Anonymous6,adjustmentValueChanged/1[java.awt.event.AdjustmentEvent],e1,1
E:\OOD_Projects\ck-mvn-plugin\LiveChatServer-master\src\com\chatroom\ui\MainSplash.java,com.chatroom.ui.MainSplash$Anonymous2,actionPerformed/1[java.awt.event.ActionEvent],ex,1
E:\OOD_Projects\ck-mvn-plugin\LiveChatServer-master\src\com\chatroom\ui\MainSplash.java,com.chatroom.ui.MainSplash$Anonymous2,actionPerformed/1[java.awt.event.ActionEvent],e,0
E:\OOD_Projects\ck-mvn-plugin\LiveChatServer-master\src\com\chatroom\ui\SignUpActivity.java,com.chatroom.ui.SignUpActivity$Anonymous1,paintComponent/1[java.awt.Graphics],g,2
E:\OOD_Projects\ck-mvn-plugin\LiveChatServer-master\src\com\chatroom\others\Message.java,com.chatroom.others.Message,print/1[T],param,1
E:\OOD_Projects\ck-mvn-plugin\LiveChatServer-master\src\com\chatroom\others\Message.java,com.chatroom.others.Message,println/1[T],param,1
E:\OOD_Projects\ck-mvn-plugin\LiveChatServer-master\src\com\chatroom\ui\ChatActivity.java,com.chatroom.ui.ChatActivity$Anonymous5,mouseClicked/1[java.awt.event.MouseEvent],e,1
E:\OOD_Projects\ck-mvn-plugin\LiveChatServer-master\src\com\chatroom\ui\ChatActivity.java,com.chatroom.ui.ChatActivity$Anonymous5,mouseClicked/1[java.awt.event.MouseEvent],e1,1
E:\OOD_Projects\ck-mvn-plugin\LiveChatServer-master\src\com\chatroom\ui\MainSplash.java,com.chatroom.ui.MainSplash$Anonymous3,actionPerformed/1[java.awt.event.ActionEvent],ex,1
E:\OOD_Projects\ck-mvn-plugin\LiveChatServer-master\src\com\chatroom\ui\MainSplash.java,com.chatroom.ui.MainSplash$Anonymous3,actionPerformed/1[java.awt.event.ActionEvent],e,0
E:\OOD_Projects\ck-mvn-plugin\LiveChatServer-master\src\com\chatroom\ui\SignUpActivity.java,com.chatroom.ui.SignUpActivity$Anonymous2,focusLost/1[java.awt.event.FocusEvent],e,0
E:\OOD_Projects\ck-mvn-plugin\LiveChatServer-master\src\com\chatroom\ui\SignUpActivity.java,com.chatroom.ui.SignUpActivity$Anonymous2,focusGained/1[java.awt.event.FocusEvent],e,0
E:\OOD_Projects\ck-mvn-plugin\LiveChatServer-master\src\com\chatroom\ui\ChatActivity.java,com.chatroom.ui.ChatActivity$Anonymous4,mouseClicked/1[java.awt.event.MouseEvent],e,1
E:\OOD_Projects\ck-mvn-plugin\LiveChatServer-master\src\com\chatroom\ui\ChatActivity.java,com.chatroom.ui.ChatActivity$Anonymous4,mouseClicked/1[java.awt.event.MouseEvent],e1,1
E:\OOD_Projects\ck-mvn-plugin\LiveChatServer-master\src\com\chatroom\ui\SignUpActivity.java,com.chatroom.ui.SignUpActivity$Anonymous3,focusGained/1[java.awt.event.FocusEvent],e,0
E:\OOD_Projects\ck-mvn-plugin\LiveChatServer-master\src\com\chatroom\ui\SignUpActivity.java,com.chatroom.ui.SignUpActivity$Anonymous3,focusLost/1[java.awt.event.FocusEvent],e,0
E:\OOD_Projects\ck-mvn-plugin\LiveChatServer-master\src\com\chatroom\others\TextBubbleBorder.java,com.chatroom.others.TextBubbleBorder,TextBubbleBorder/1[java.awt.Color],color,1
E:\OOD_Projects\ck-mvn-plugin\LiveChatServer-master\src\com\chatroom\others\TextBubbleBorder.java,com.chatroom.others.TextBubbleBorder,"TextBubbleBorder/4[java.awt.Color,int,int,int]",bottomPad,1
E:\OOD_Projects\ck-mvn-plugin\LiveChatServer-master\src\com\chatroom\others\TextBubbleBorder.java,com.chatroom.others.TextBubbleBorder,"TextBubbleBorder/4[java.awt.Color,int,int,int]",radii,3
E:\OOD_Projects\ck-mvn-plugin\LiveChatServer-master\src\com\chatroom\others\TextBubbleBorder.java,com.chatroom.others.TextBubbleBorder,"TextBubbleBorder/4[java.awt.Color,int,int,int]",pad,4
E:\OOD_Projects\ck-mvn-plugin\LiveChatServer-master\src\com\chatroom\others\TextBubbleBorder.java,com.chatroom.others.TextBubbleBorder,"TextBubbleBorder/4[java.awt.Color,int,int,int]",color,2
E:\OOD_Projects\ck-mvn-plugin\LiveChatServer-master\src\com\chatroom\others\TextBubbleBorder.java,com.chatroom.others.TextBubbleBorder,"TextBubbleBorder/4[java.awt.Color,int,int,int]",thickness,4
E:\OOD_Projects\ck-mvn-plugin\LiveChatServer-master\src\com\chatroom\others\TextBubbleBorder.java,com.chatroom.others.TextBubbleBorder,"TextBubbleBorder/4[java.awt.Color,int,int,int]",pointerSize,3
E:\OOD_Projects\ck-mvn-plugin\LiveChatServer-master\src\com\chatroom\others\TextBubbleBorder.java,com.chatroom.others.TextBubbleBorder,"TextBubbleBorder/5[java.awt.Color,int,int,int,boolean]",radii,1
E:\OOD_Projects\ck-mvn-plugin\LiveChatServer-master\src\com\chatroom\others\TextBubbleBorder.java,com.chatroom.others.TextBubbleBorder,"TextBubbleBorder/5[java.awt.Color,int,int,int,boolean]",color,1
E:\OOD_Projects\ck-mvn-plugin\LiveChatServer-master\src\com\chatroom\others\TextBubbleBorder.java,com.chatroom.others.TextBubbleBorder,"TextBubbleBorder/5[java.awt.Color,int,int,int,boolean]",thickness,1
E:\OOD_Projects\ck-mvn-plugin\LiveChatServer-master\src\com\chatroom\others\TextBubbleBorder.java,com.chatroom.others.TextBubbleBorder,"TextBubbleBorder/5[java.awt.Color,int,int,int,boolean]",left,2
E:\OOD_Projects\ck-mvn-plugin\LiveChatServer-master\src\com\chatroom\others\TextBubbleBorder.java,com.chatroom.others.TextBubbleBorder,"TextBubbleBorder/5[java.awt.Color,int,int,int,boolean]",pointerSize,1
E:\OOD_Projects\ck-mvn-plugin\LiveChatServer-master\src\com\chatroom\others\TextBubbleBorder.java,com.chatroom.others.TextBubbleBorder,getBorderInsets/1[java.awt.Component],c,0
E:\OOD_Projects\ck-mvn-plugin\LiveChatServer-master\src\com\chatroom\others\TextBubbleBorder.java,com.chatroom.others.TextBubbleBorder,"getBorderInsets/2[java.awt.Component,java.awt.Insets]",c,1
E:\OOD_Projects\ck-mvn-plugin\LiveChatServer-master\src\com\chatroom\others\TextBubbleBorder.java,com.chatroom.others.TextBubbleBorder,"getBorderInsets/2[java.awt.Component,java.awt.Insets]",insets,0
E:\OOD_Projects\ck-mvn-plugin\LiveChatServer-master\src\com\chatroom\others\TextBubbleBorder.java,com.chatroom.others.TextBubbleBorder,"paintBorder/6[java.awt.Component,java.awt.Graphics,int,int,int,int]",area,3
E:\OOD_Projects\ck-mvn-plugin\LiveChatServer-master\src\com\chatroom\others\TextBubbleBorder.java,com.chatroom.others.TextBubbleBorder,"paintBorder/6[java.awt.Component,java.awt.Graphics,int,int,int,int]",parent,2
E:\OOD_Projects\ck-mvn-plugin\LiveChatServer-master\src\com\chatroom\others\TextBubbleBorder.java,com.chatroom.others.TextBubbleBorder,"paintBorder/6[java.awt.Component,java.awt.Graphics,int,int,int,int]",pointer,7
E:\OOD_Projects\ck-mvn-plugin\LiveChatServer-master\src\com\chatroom\others\TextBubbleBorder.java,com.chatroom.others.TextBubbleBorder,"paintBorder/6[java.awt.Component,java.awt.Graphics,int,int,int,int]",c,1
E:\OOD_Projects\ck-mvn-plugin\LiveChatServer-master\src\com\chatroom\others\TextBubbleBorder.java,com.chatroom.others.TextBubbleBorder,"paintBorder/6[java.awt.Component,java.awt.Graphics,int,int,int,int]",borderRegion,2
E:\OOD_Projects\ck-mvn-plugin\LiveChatServer-master\src\com\chatroom\others\TextBubbleBorder.java,com.chatroom.others.TextBubbleBorder,"paintBorder/6[java.awt.Component,java.awt.Graphics,int,int,int,int]",bg,1
E:\OOD_Projects\ck-mvn-plugin\LiveChatServer-master\src\com\chatroom\others\TextBubbleBorder.java,com.chatroom.others.TextBubbleBorder,"paintBorder/6[java.awt.Component,java.awt.Graphics,int,int,int,int]",g,1
E:\OOD_Projects\ck-mvn-plugin\LiveChatServer-master\src\com\chatroom\others\TextBubbleBorder.java,com.chatroom.others.TextBubbleBorder,"paintBorder/6[java.awt.Component,java.awt.Graphics,int,int,int,int]",g2,8
E:\OOD_Projects\ck-mvn-plugin\LiveChatServer-master\src\com\chatroom\others\TextBubbleBorder.java,com.chatroom.others.TextBubbleBorder,"paintBorder/6[java.awt.Component,java.awt.Graphics,int,int,int,int]",rect,1
E:\OOD_Projects\ck-mvn-plugin\LiveChatServer-master\src\com\chatroom\others\TextBubbleBorder.java,com.chatroom.others.TextBubbleBorder,"paintBorder/6[java.awt.Component,java.awt.Graphics,int,int,int,int]",bubble,1
E:\OOD_Projects\ck-mvn-plugin\LiveChatServer-master\src\com\chatroom\others\TextBubbleBorder.java,com.chatroom.others.TextBubbleBorder,"paintBorder/6[java.awt.Component,java.awt.Graphics,int,int,int,int]",x,0
E:\OOD_Projects\ck-mvn-plugin\LiveChatServer-master\src\com\chatroom\others\TextBubbleBorder.java,com.chatroom.others.TextBubbleBorder,"paintBorder/6[java.awt.Component,java.awt.Graphics,int,int,int,int]",width,6
E:\OOD_Projects\ck-mvn-plugin\LiveChatServer-master\src\com\chatroom\others\TextBubbleBorder.java,com.chatroom.others.TextBubbleBorder,"paintBorder/6[java.awt.Component,java.awt.Graphics,int,int,int,int]",y,0
E:\OOD_Projects\ck-mvn-plugin\LiveChatServer-master\src\com\chatroom\others\TextBubbleBorder.java,com.chatroom.others.TextBubbleBorder,"paintBorder/6[java.awt.Component,java.awt.Graphics,int,int,int,int]",bottomLineY,5
E:\OOD_Projects\ck-mvn-plugin\LiveChatServer-master\src\com\chatroom\others\TextBubbleBorder.java,com.chatroom.others.TextBubbleBorder,"paintBorder/6[java.awt.Component,java.awt.Graphics,int,int,int,int]",height,5
E:\OOD_Projects\ck-mvn-plugin\LiveChatServer-master\src\com\chatroom\server\Server.java,com.chatroom.server.RequestAnalyser,run/0,request,16
E:\OOD_Projects\ck-mvn-plugin\LiveChatServer-master\src\com\chatroom\server\Server.java,com.chatroom.server.RequestAnalyser,run/0,response_code,1
E:\OOD_Projects\ck-mvn-plugin\LiveChatServer-master\src\com\chatroom\server\Server.java,com.chatroom.server.RequestAnalyser,run/0,clientID,4
E:\OOD_Projects\ck-mvn-plugin\LiveChatServer-master\src\com\chatroom\server\Server.java,com.chatroom.server.RequestAnalyser,run/0,roomName1,1
E:\OOD_Projects\ck-mvn-plugin\LiveChatServer-master\src\com\chatroom\server\Server.java,com.chatroom.server.RequestAnalyser,run/0,clientId,1
E:\OOD_Projects\ck-mvn-plugin\LiveChatServer-master\src\com\chatroom\server\Server.java,com.chatroom.server.RequestAnalyser,run/0,roomId1,4
E:\OOD_Projects\ck-mvn-plugin\LiveChatServer-master\src\com\chatroom\server\Server.java,com.chatroom.server.RequestAnalyser,run/0,roomNames,2
E:\OOD_Projects\ck-mvn-plugin\LiveChatServer-master\src\com\chatroom\server\Server.java,com.chatroom.server.RequestAnalyser,run/0,e,1
E:\OOD_Projects\ck-mvn-plugin\LiveChatServer-master\src\com\chatroom\server\Server.java,com.chatroom.server.RequestAnalyser,run/0,query,3
E:\OOD_Projects\ck-mvn-plugin\LiveChatServer-master\src\com\chatroom\server\Server.java,com.chatroom.server.RequestAnalyser,run/0,resultSet,3
E:\OOD_Projects\ck-mvn-plugin\LiveChatServer-master\src\com\chatroom\server\Server.java,com.chatroom.server.RequestAnalyser,run/0,client_id,3
E:\OOD_Projects\ck-mvn-plugin\LiveChatServer-master\src\com\chatroom\server\Server.java,com.chatroom.server.RequestAnalyser,run/0,roomId,4
E:\OOD_Projects\ck-mvn-plugin\LiveChatServer-master\src\com\chatroom\server\Server.java,com.chatroom.server.RequestAnalyser,run/0,roomName,2
E:\OOD_Projects\ck-mvn-plugin\LiveChatServer-master\src\com\chatroom\server\Server.java,com.chatroom.server.RequestAnalyser,run/0,clientThread,10
E:\OOD_Projects\ck-mvn-plugin\LiveChatServer-master\src\com\chatroom\server\Server.java,com.chatroom.server.RequestAnalyser,run/0,iterator,3
E:\OOD_Projects\ck-mvn-plugin\LiveChatServer-master\src\com\chatroom\server\Server.java,com.chatroom.server.RequestAnalyser,run/0,response,17
E:\OOD_Projects\ck-mvn-plugin\LiveChatServer-master\src\com\chatroom\server\Server.java,com.chatroom.server.RequestAnalyser,run/0,name,1
E:\OOD_Projects\ck-mvn-plugin\LiveChatServer-master\src\com\chatroom\server\Server.java,com.chatroom.server.RequestAnalyser,run/0,pwd,3
E:\OOD_Projects\ck-mvn-plugin\LiveChatServer-master\src\com\chatroom\server\Server.java,com.chatroom.server.RequestAnalyser,run/0,requestContent,9
E:\OOD_Projects\ck-mvn-plugin\LiveChatServer-master\src\com\chatroom\server\Server.java,com.chatroom.server.RequestAnalyser,run/0,username,2
E:\OOD_Projects\ck-mvn-plugin\LiveChatServer-master\src\com\chatroom\server\Server.java,com.chatroom.server.RequestAnalyser,"logout/3[com.chatroom.server.ClientThread,com.chatroom.models.Request,int]",request,7
E:\OOD_Projects\ck-mvn-plugin\LiveChatServer-master\src\com\chatroom\server\Server.java,com.chatroom.server.RequestAnalyser,"logout/3[com.chatroom.server.ClientThread,com.chatroom.models.Request,int]",clientThread,1
E:\OOD_Projects\ck-mvn-plugin\LiveChatServer-master\src\com\chatroom\server\Server.java,com.chatroom.server.RequestAnalyser,"logout/3[com.chatroom.server.ClientThread,com.chatroom.models.Request,int]",temp,1
E:\OOD_Projects\ck-mvn-plugin\LiveChatServer-master\src\com\chatroom\server\Server.java,com.chatroom.server.RequestAnalyser,"logout/3[com.chatroom.server.ClientThread,com.chatroom.models.Request,int]",response,1
E:\OOD_Projects\ck-mvn-plugin\LiveChatServer-master\src\com\chatroom\client\ClientExec.java,com.chatroom.client.ClientExec,main/1[java.lang.String[]],args,7
E:\OOD_Projects\ck-mvn-plugin\LiveChatServer-master\src\com\chatroom\client\ClientExec.java,com.chatroom.client.ClientExec,main/1[java.lang.String[]],path,2
E:\OOD_Projects\ck-mvn-plugin\LiveChatServer-master\src\com\chatroom\client\ClientExec.java,com.chatroom.client.ClientExec,main/1[java.lang.String[]],file,2
E:\OOD_Projects\ck-mvn-plugin\LiveChatServer-master\src\com\chatroom\client\ClientExec.java,com.chatroom.client.ClientExec,main/1[java.lang.String[]],e,5
E:\OOD_Projects\ck-mvn-plugin\LiveChatServer-master\src\com\chatroom\client\ClientExec.java,com.chatroom.client.ClientExec,main/1[java.lang.String[]],f,2
E:\OOD_Projects\ck-mvn-plugin\LiveChatServer-master\src\com\chatroom\client\ClientExec.java,com.chatroom.client.ClientExec,main/1[java.lang.String[]],client,1
E:\OOD_Projects\ck-mvn-plugin\LiveChatServer-master\src\com\chatroom\server\ClientThread.java,com.chatroom.server.ClientThread,run/0,e,2
E:\OOD_Projects\ck-mvn-plugin\LiveChatServer-master\src\com\chatroom\server\ClientThread.java,com.chatroom.server.ClientThread,ClientThread/1[java.net.Socket],s,1
E:\OOD_Projects\ck-mvn-plugin\LiveChatServer-master\src\com\chatroom\server\ServerExec.java,com.chatroom.server.ServerExec,main/1[java.lang.String[]],args,4
E:\OOD_Projects\ck-mvn-plugin\LiveChatServer-master\src\com\chatroom\server\ServerExec.java,com.chatroom.server.ServerExec,main/1[java.lang.String[]],path,2
E:\OOD_Projects\ck-mvn-plugin\LiveChatServer-master\src\com\chatroom\server\ServerExec.java,com.chatroom.server.ServerExec,main/1[java.lang.String[]],server,1
E:\OOD_Projects\ck-mvn-plugin\LiveChatServer-master\src\com\chatroom\server\ServerExec.java,com.chatroom.server.ServerExec,main/1[java.lang.String[]],file,2
E:\OOD_Projects\ck-mvn-plugin\LiveChatServer-master\src\com\chatroom\server\ServerExec.java,com.chatroom.server.ServerExec,main/1[java.lang.String[]],e,1
E:\OOD_Projects\ck-mvn-plugin\LiveChatServer-master\src\com\chatroom\server\ServerExec.java,com.chatroom.server.ServerExec,main/1[java.lang.String[]],f,2
E:\OOD_Projects\ck-mvn-plugin\LiveChatServer-master\src\com\chatroom\ui\ChatActivity.java,com.chatroom.ui.ChatActivity$MessageListener$Anonymous8,run/0,msg,6
E:\OOD_Projects\ck-mvn-plugin\LiveChatServer-master\src\com\chatroom\ui\ChatActivity.java,com.chatroom.ui.ChatActivity$MessageListener$Anonymous8,run/0,temp,3
E:\OOD_Projects\ck-mvn-plugin\LiveChatServer-master\src\com\chatroom\ui\ChatActivity.java,com.chatroom.ui.ChatActivity$MessageListener$Anonymous8,run/0,data,3
E:\OOD_Projects\ck-mvn-plugin\LiveChatServer-master\src\com\chatroom\ui\ChatActivity.java,com.chatroom.ui.ChatActivity$MessageListener$Anonymous8,run/0,string,1
E:\OOD_Projects\ck-mvn-plugin\LiveChatServer-master\src\com\chatroom\ui\ChatActivity.java,com.chatroom.ui.ChatActivity$MessageListener$Anonymous8,run/0,arrayOFNames,1
E:\OOD_Projects\ck-mvn-plugin\LiveChatServer-master\src\com\chatroom\ui\ChatActivity.java,com.chatroom.ui.ChatActivity$MessageListener$Anonymous8,run/0,name,2
E:\OOD_Projects\ck-mvn-plugin\LiveChatServer-master\src\com\chatroom\ui\ChatActivity.java,com.chatroom.ui.ChatActivity$MessageListener$Anonymous8,run/0,i,3
E:\OOD_Projects\ck-mvn-plugin\LiveChatServer-master\src\com\chatroom\server\Server.java,com.chatroom.server.MessageHandler,run/0,msg,11
E:\OOD_Projects\ck-mvn-plugin\LiveChatServer-master\src\com\chatroom\server\Server.java,com.chatroom.server.MessageHandler,run/0,request,39
E:\OOD_Projects\ck-mvn-plugin\LiveChatServer-master\src\com\chatroom\server\Server.java,com.chatroom.server.MessageHandler,run/0,res,12
E:\OOD_Projects\ck-mvn-plugin\LiveChatServer-master\src\com\chatroom\server\Server.java,com.chatroom.server.MessageHandler,run/0,set,2
E:\OOD_Projects\ck-mvn-plugin\LiveChatServer-master\src\com\chatroom\server\Server.java,com.chatroom.server.MessageHandler,run/0,data,3
E:\OOD_Projects\ck-mvn-plugin\LiveChatServer-master\src\com\chatroom\server\Server.java,com.chatroom.server.MessageHandler,run/0,e,7
E:\OOD_Projects\ck-mvn-plugin\LiveChatServer-master\src\com\chatroom\server\Server.java,com.chatroom.server.MessageHandler,run/0,preparedStatement,6
E:\OOD_Projects\ck-mvn-plugin\LiveChatServer-master\src\com\chatroom\server\Server.java,com.chatroom.server.MessageHandler,run/0,query,4
E:\OOD_Projects\ck-mvn-plugin\LiveChatServer-master\src\com\chatroom\server\Server.java,com.chatroom.server.MessageHandler,run/0,personalMessage,1
E:\OOD_Projects\ck-mvn-plugin\LiveChatServer-master\src\com\chatroom\server\Server.java,com.chatroom.server.MessageHandler,run/0,recieverId,5
E:\OOD_Projects\ck-mvn-plugin\LiveChatServer-master\src\com\chatroom\server\Server.java,com.chatroom.server.MessageHandler,run/0,resultSet,7
E:\OOD_Projects\ck-mvn-plugin\LiveChatServer-master\src\com\chatroom\server\Server.java,com.chatroom.server.MessageHandler,run/0,ct,12
E:\OOD_Projects\ck-mvn-plugin\LiveChatServer-master\src\com\chatroom\server\Server.java,com.chatroom.server.MessageHandler,run/0,oos,17
E:\OOD_Projects\ck-mvn-plugin\LiveChatServer-master\src\com\chatroom\server\Server.java,com.chatroom.server.MessageHandler,run/0,iterator,3
E:\OOD_Projects\ck-mvn-plugin\LiveChatServer-master\src\com\chatroom\server\Server.java,com.chatroom.server.MessageHandler,run/0,sender,6
E:\OOD_Projects\ck-mvn-plugin\LiveChatServer-master\src\com\chatroom\server\Server.java,com.chatroom.server.MessageHandler,run/0,reciever,3
E:\OOD_Projects\ck-mvn-plugin\LiveChatServer-master\src\com\chatroom\server\Server.java,com.chatroom.server.MessageHandler,run/0,response,1
E:\OOD_Projects\ck-mvn-plugin\LiveChatServer-master\src\com\chatroom\server\Server.java,com.chatroom.server.MessageHandler,run/0,set1,1
E:\OOD_Projects\ck-mvn-plugin\LiveChatServer-master\src\com\chatroom\server\Server.java,com.chatroom.server.MessageHandler,run/0,id,8
E:\OOD_Projects\ck-mvn-plugin\LiveChatServer-master\src\com\chatroom\Database\createdb.java,com.chatroom.Database.createdb,createdb/0,Queries,1
E:\OOD_Projects\ck-mvn-plugin\LiveChatServer-master\src\com\chatroom\Database\createdb.java,com.chatroom.Database.createdb,createdb/0,Query,1
E:\OOD_Projects\ck-mvn-plugin\LiveChatServer-master\src\com\chatroom\Database\createdb.java,com.chatroom.Database.createdb,createdb/0,e,9
E:\OOD_Projects\ck-mvn-plugin\LiveChatServer-master\src\com\chatroom\Database\createdb.java,com.chatroom.Database.createdb,createdb/0,statement,4
E:\OOD_Projects\ck-mvn-plugin\LiveChatServer-master\src\com\chatroom\Database\createdb.java,com.chatroom.Database.createdb,createdb/0,connection,5
E:\OOD_Projects\ck-mvn-plugin\LiveChatServer-master\src\com\chatroom\client\Client.java,com.chatroom.client.Client$MessageListener,run/0,msg,7
E:\OOD_Projects\ck-mvn-plugin\LiveChatServer-master\src\com\chatroom\client\Client.java,com.chatroom.client.Client$MessageListener,run/0,temp,3
E:\OOD_Projects\ck-mvn-plugin\LiveChatServer-master\src\com\chatroom\client\Client.java,com.chatroom.client.Client$MessageListener,run/0,data,3
E:\OOD_Projects\ck-mvn-plugin\LiveChatServer-master\src\com\chatroom\client\Client.java,com.chatroom.client.Client$MessageListener,run/0,string,1
E:\OOD_Projects\ck-mvn-plugin\LiveChatServer-master\src\com\chatroom\client\Client.java,com.chatroom.client.Client$MessageListener,run/0,e,3
E:\OOD_Projects\ck-mvn-plugin\LiveChatServer-master\src\com\chatroom\client\Client.java,com.chatroom.client.Client$MessageListener,run/0,name,2
E:\OOD_Projects\ck-mvn-plugin\LiveChatServer-master\src\com\chatroom\client\Client.java,com.chatroom.client.Client$MessageListener,run/0,arrayOFNames,1
E:\OOD_Projects\ck-mvn-plugin\LiveChatServer-master\src\com\chatroom\client\Client.java,com.chatroom.client.Client$MessageListener,run/0,i,3
E:\OOD_Projects\ck-mvn-plugin\LiveChatServer-master\src\com\chatroom\models\Response.java,com.chatroom.models.Response,"Response/3[int,boolean,java.lang.String]",success,2
E:\OOD_Projects\ck-mvn-plugin\LiveChatServer-master\src\com\chatroom\models\Response.java,com.chatroom.models.Response,"Response/3[int,boolean,java.lang.String]",id,2
E:\OOD_Projects\ck-mvn-plugin\LiveChatServer-master\src\com\chatroom\models\Response.java,com.chatroom.models.Response,"Response/3[int,boolean,java.lang.String]",content,2
E:\OOD_Projects\ck-mvn-plugin\LiveChatServer-master\src\com\chatroom\models\Response.java,com.chatroom.models.Response,setContents/1[java.lang.String],content,2
E:\OOD_Projects\ck-mvn-plugin\LiveChatServer-master\src\com\chatroom\models\Response.java,com.chatroom.models.Response,setSuccess/1[boolean],success,2
E:\OOD_Projects\ck-mvn-plugin\LiveChatServer-master\src\com\chatroom\models\Response.java,com.chatroom.models.Response,setId/1[int],id,2
E:\OOD_Projects\ck-mvn-plugin\LiveChatServer-master\src\com\chatroom\client\ClientModel.java,com.chatroom.client.ClientModel,setClientID/1[int],clientID,2
E:\OOD_Projects\ck-mvn-plugin\LiveChatServer-master\src\com\chatroom\client\ClientModel.java,com.chatroom.client.ClientModel,setRoomId/1[int],roomId,2
E:\OOD_Projects\ck-mvn-plugin\LiveChatServer-master\src\com\chatroom\client\ClientModel.java,com.chatroom.client.ClientModel,"ClientModel/2[java.lang.String,int]",port,3
E:\OOD_Projects\ck-mvn-plugin\LiveChatServer-master\src\com\chatroom\client\ClientModel.java,com.chatroom.client.ClientModel,"ClientModel/2[java.lang.String,int]",e,1
E:\OOD_Projects\ck-mvn-plugin\LiveChatServer-master\src\com\chatroom\client\ClientModel.java,com.chatroom.client.ClientModel,"ClientModel/2[java.lang.String,int]",host,3
E:\OOD_Projects\ck-mvn-plugin\LiveChatServer-master\src\com\chatroom\server\Server.java,com.chatroom.server.MessagesTrackComparator,"compare/2[com.chatroom.models.MessageTrackObject,com.chatroom.models.MessageTrackObject]",o1,2
E:\OOD_Projects\ck-mvn-plugin\LiveChatServer-master\src\com\chatroom\server\Server.java,com.chatroom.server.MessagesTrackComparator,"compare/2[com.chatroom.models.MessageTrackObject,com.chatroom.models.MessageTrackObject]",o2,2
E:\OOD_Projects\ck-mvn-plugin\LiveChatServer-master\src\com\chatroom\ui\ViewRoomsActivity.java,com.chatroom.ui.ViewRoomsActivity,initializeAllWithProperties/0,c,21
E:\OOD_Projects\ck-mvn-plugin\LiveChatServer-master\src\com\chatroom\ui\ViewRoomsActivity.java,com.chatroom.ui.ViewRoomsActivity,initializeAllWithProperties/0,textTitle,1
E:\OOD_Projects\ck-mvn-plugin\LiveChatServer-master\src\com\chatroom\ui\ViewRoomsActivity.java,com.chatroom.ui.ViewRoomsActivity,initializeAllWithProperties/0,comboBoxInsets,1
E:\OOD_Projects\ck-mvn-plugin\LiveChatServer-master\src\com\chatroom\ui\ViewRoomsActivity.java,com.chatroom.ui.ViewRoomsActivity,initializeAllWithProperties/0,backArrowInsets,1
E:\OOD_Projects\ck-mvn-plugin\LiveChatServer-master\src\com\chatroom\ui\ViewRoomsActivity.java,com.chatroom.ui.ViewRoomsActivity,initializeAllWithProperties/0,logoInsets,1
E:\OOD_Projects\ck-mvn-plugin\LiveChatServer-master\src\com\chatroom\ui\ViewRoomsActivity.java,com.chatroom.ui.ViewRoomsActivity,initializeAllWithProperties/0,buttonInsets,1
E:\OOD_Projects\ck-mvn-plugin\LiveChatServer-master\src\com\chatroom\ui\ViewRoomsActivity.java,com.chatroom.ui.ViewRoomsActivity,getRooms/0,request,1
E:\OOD_Projects\ck-mvn-plugin\LiveChatServer-master\src\com\chatroom\ui\ViewRoomsActivity.java,com.chatroom.ui.ViewRoomsActivity,getRooms/0,rooms,2
E:\OOD_Projects\ck-mvn-plugin\LiveChatServer-master\src\com\chatroom\ui\ViewRoomsActivity.java,com.chatroom.ui.ViewRoomsActivity,getRooms/0,e,1
E:\OOD_Projects\ck-mvn-plugin\LiveChatServer-master\src\com\chatroom\ui\ViewRoomsActivity.java,com.chatroom.ui.ViewRoomsActivity,getRooms/0,response,3
E:\OOD_Projects\ck-mvn-plugin\LiveChatServer-master\src\com\chatroom\ui\ViewRoomsActivity.java,com.chatroom.ui.ViewRoomsActivity,ViewRoomsActivity/1[com.chatroom.client.ClientModel],e,1
E:\OOD_Projects\ck-mvn-plugin\LiveChatServer-master\src\com\chatroom\ui\ViewRoomsActivity.java,com.chatroom.ui.ViewRoomsActivity,ViewRoomsActivity/1[com.chatroom.client.ClientModel],cm,1
E:\OOD_Projects\ck-mvn-plugin\LiveChatServer-master\src\com\chatroom\ui\ViewRoomsActivity.java,com.chatroom.ui.ViewRoomsActivity,"createAndJoinRoom/2[java.lang.String,boolean]",e,1
E:\OOD_Projects\ck-mvn-plugin\LiveChatServer-master\src\com\chatroom\ui\ViewRoomsActivity.java,com.chatroom.ui.ViewRoomsActivity,"createAndJoinRoom/2[java.lang.String,boolean]",rName,2
E:\OOD_Projects\ck-mvn-plugin\LiveChatServer-master\src\com\chatroom\ui\ViewRoomsActivity.java,com.chatroom.ui.ViewRoomsActivity,"createAndJoinRoom/2[java.lang.String,boolean]",obj,3
E:\OOD_Projects\ck-mvn-plugin\LiveChatServer-master\src\com\chatroom\ui\ViewRoomsActivity.java,com.chatroom.ui.ViewRoomsActivity,"createAndJoinRoom/2[java.lang.String,boolean]",create,1
E:\OOD_Projects\ck-mvn-plugin\LiveChatServer-master\src\com\chatroom\ui\ViewRoomsActivity.java,com.chatroom.ui.ViewRoomsActivity,"createAndJoinRoom/2[java.lang.String,boolean]",hashIndex,2
E:\OOD_Projects\ck-mvn-plugin\LiveChatServer-master\src\com\chatroom\client\Client.java,com.chatroom.client.Client,mainOptions/0,e,1
E:\OOD_Projects\ck-mvn-plugin\LiveChatServer-master\src\com\chatroom\client\Client.java,com.chatroom.client.Client,mainFunc/0,console,3
E:\OOD_Projects\ck-mvn-plugin\LiveChatServer-master\src\com\chatroom\client\Client.java,com.chatroom.client.Client,mainFunc/0,e,1
E:\OOD_Projects\ck-mvn-plugin\LiveChatServer-master\src\com\chatroom\client\Client.java,com.chatroom.client.Client,mainFunc/0,pwd,3
E:\OOD_Projects\ck-mvn-plugin\LiveChatServer-master\src\com\chatroom\client\Client.java,com.chatroom.client.Client,"createAndJoinRoom/2[java.lang.String,boolean]",rName,0
E:\OOD_Projects\ck-mvn-plugin\LiveChatServer-master\src\com\chatroom\client\Client.java,com.chatroom.client.Client,"createAndJoinRoom/2[java.lang.String,boolean]",obj,3
E:\OOD_Projects\ck-mvn-plugin\LiveChatServer-master\src\com\chatroom\client\Client.java,com.chatroom.client.Client,"createAndJoinRoom/2[java.lang.String,boolean]",create,1
E:\OOD_Projects\ck-mvn-plugin\LiveChatServer-master\src\com\chatroom\client\Client.java,com.chatroom.client.Client,"createAndJoinRoom/2[java.lang.String,boolean]",hashIndex,2
E:\OOD_Projects\ck-mvn-plugin\LiveChatServer-master\src\com\chatroom\client\Client.java,com.chatroom.client.Client,connect/0,e,1
E:\OOD_Projects\ck-mvn-plugin\LiveChatServer-master\src\com\chatroom\client\Client.java,com.chatroom.client.Client,"Client/2[java.lang.String,int]",port,2
E:\OOD_Projects\ck-mvn-plugin\LiveChatServer-master\src\com\chatroom\client\Client.java,com.chatroom.client.Client,"Client/2[java.lang.String,int]",host,2
E:\OOD_Projects\ck-mvn-plugin\LiveChatServer-master\src\com\chatroom\client\Client.java,com.chatroom.client.Client,viewRooms/0,e,1
E:\OOD_Projects\ck-mvn-plugin\LiveChatServer-master\src\com\chatroom\ui\ChatActivity.java,com.chatroom.ui.ChatActivity$MessageListener$Anonymous8$Anonymous9,run/0,e,1
E:\OOD_Projects\ck-mvn-plugin\LiveChatServer-master\src\com\chatroom\server\Server.java,com.chatroom.server.Server,getClientNameFromId/1[int],e,1
E:\OOD_Projects\ck-mvn-plugin\LiveChatServer-master\src\com\chatroom\server\Server.java,com.chatroom.server.Server,getClientNameFromId/1[int],preparedStatement,2
E:\OOD_Projects\ck-mvn-plugin\LiveChatServer-master\src\com\chatroom\server\Server.java,com.chatroom.server.Server,getClientNameFromId/1[int],name,2
E:\OOD_Projects\ck-mvn-plugin\LiveChatServer-master\src\com\chatroom\server\Server.java,com.chatroom.server.Server,getClientNameFromId/1[int],connection,1
E:\OOD_Projects\ck-mvn-plugin\LiveChatServer-master\src\com\chatroom\server\Server.java,com.chatroom.server.Server,getClientNameFromId/1[int],id,1
E:\OOD_Projects\ck-mvn-plugin\LiveChatServer-master\src\com\chatroom\server\Server.java,com.chatroom.server.Server,getClientNameFromId/1[int],resultSet,2
E:\OOD_Projects\ck-mvn-plugin\LiveChatServer-master\src\com\chatroom\server\Server.java,com.chatroom.server.Server,getClientNameFromId/1[int],sql,2
E:\OOD_Projects\ck-mvn-plugin\LiveChatServer-master\src\com\chatroom\server\Server.java,com.chatroom.server.Server,connect/0,e,1
E:\OOD_Projects\ck-mvn-plugin\LiveChatServer-master\src\com\chatroom\server\Server.java,com.chatroom.server.Server,Server/1[int],port,2
E:\OOD_Projects\ck-mvn-plugin\LiveChatServer-master\src\com\chatroom\server\Server.java,com.chatroom.server.Server,Server/1[int],e,5
E:\OOD_Projects\ck-mvn-plugin\LiveChatServer-master\src\com\chatroom\server\Server.java,com.chatroom.server.Server,getKey/1[java.lang.String],entry,2
E:\OOD_Projects\ck-mvn-plugin\LiveChatServer-master\src\com\chatroom\server\Server.java,com.chatroom.server.Server,getKey/1[java.lang.String],value,1
E:\OOD_Projects\ck-mvn-plugin\LiveChatServer-master\src\com\chatroom\server\Server.java,com.chatroom.server.Server,finalize/0,e,1
E:\OOD_Projects\ck-mvn-plugin\LiveChatServer-master\src\com\chatroom\others\LogFileWriter.java,com.chatroom.others.LogFileWriter,Log/1[java.lang.String],date,1
E:\OOD_Projects\ck-mvn-plugin\LiveChatServer-master\src\com\chatroom\others\LogFileWriter.java,com.chatroom.others.LogFileWriter,Log/1[java.lang.String],dateFormat,1
E:\OOD_Projects\ck-mvn-plugin\LiveChatServer-master\src\com\chatroom\others\LogFileWriter.java,com.chatroom.others.LogFileWriter,Log/1[java.lang.String],e,1
E:\OOD_Projects\ck-mvn-plugin\LiveChatServer-master\src\com\chatroom\others\LogFileWriter.java,com.chatroom.others.LogFileWriter,Log/1[java.lang.String],message,1
E:\OOD_Projects\ck-mvn-plugin\LiveChatServer-master\src\com\chatroom\ui\ChatActivity.java,com.chatroom.ui.ChatActivity$MessageListener$Anonymous8$Anonymous10,run/0,e,1
E:\OOD_Projects\ck-mvn-plugin\LiveChatServer-master\src\com\chatroom\server\Server.java,com.chatroom.server.ResponseMaker,run/0,responseHolder,4
E:\OOD_Projects\ck-mvn-plugin\LiveChatServer-master\src\com\chatroom\server\Server.java,com.chatroom.server.ResponseMaker,run/0,e,1
E:\OOD_Projects\ck-mvn-plugin\LiveChatServer-master\src\com\chatroom\server\ServerOperations.java,com.chatroom.server.ServerOperations,run/0,input,4
E:\OOD_Projects\ck-mvn-plugin\LiveChatServer-master\src\com\chatroom\server\ServerOperations.java,com.chatroom.server.ServerOperations,run/0,entry,2
E:\OOD_Projects\ck-mvn-plugin\LiveChatServer-master\src\com\chatroom\server\ServerOperations.java,com.chatroom.server.ServerOperations,run/0,messageTrackObject1,2
E:\OOD_Projects\ck-mvn-plugin\LiveChatServer-master\src\com\chatroom\ui\SignInActivity.java,com.chatroom.ui.SignInActivity$Anonymous1,paintComponent/1[java.awt.Graphics],g,2
E:\OOD_Projects\ck-mvn-plugin\LiveChatServer-master\src\com\chatroom\ui\ViewRoomsActivity.java,com.chatroom.ui.ViewRoomsActivity$Anonymous4,paint/1[java.awt.Graphics],g,1
E:\OOD_Projects\ck-mvn-plugin\LiveChatServer-master\src\com\chatroom\ui\ViewRoomsActivity.java,com.chatroom.ui.ViewRoomsActivity$Anonymous3,mouseClicked/1[java.awt.event.MouseEvent],e,0
E:\OOD_Projects\ck-mvn-plugin\LiveChatServer-master\src\com\chatroom\ui\ViewRoomsActivity.java,com.chatroom.ui.ViewRoomsActivity$Anonymous3,mouseClicked/1[java.awt.event.MouseEvent],e1,1
E:\OOD_Projects\ck-mvn-plugin\LiveChatServer-master\src\com\chatroom\others\Hash.java,com.chatroom.others.Hash,getHash/1[java.lang.String],input,1
E:\OOD_Projects\ck-mvn-plugin\LiveChatServer-master\src\com\chatroom\others\Hash.java,com.chatroom.others.Hash,getHash/1[java.lang.String],messageDigest,1
E:\OOD_Projects\ck-mvn-plugin\LiveChatServer-master\src\com\chatroom\others\Hash.java,com.chatroom.others.Hash,getHash/1[java.lang.String],e,1
E:\OOD_Projects\ck-mvn-plugin\LiveChatServer-master\src\com\chatroom\others\Hash.java,com.chatroom.others.Hash,getHash/1[java.lang.String],bytes,1
E:\OOD_Projects\ck-mvn-plugin\LiveChatServer-master\src\com\chatroom\others\Hash.java,com.chatroom.others.Hash,getHash/1[java.lang.String],integer,1
E:\OOD_Projects\ck-mvn-plugin\LiveChatServer-master\src\com\chatroom\others\Hash.java,com.chatroom.others.Hash,getHash/1[java.lang.String],hash,5
E:\OOD_Projects\ck-mvn-plugin\LiveChatServer-master\src\com\chatroom\ui\SignInActivity.java,com.chatroom.ui.SignInActivity$Anonymous3,focusGained/1[java.awt.event.FocusEvent],e,0
E:\OOD_Projects\ck-mvn-plugin\LiveChatServer-master\src\com\chatroom\ui\SignInActivity.java,com.chatroom.ui.SignInActivity$Anonymous3,focusLost/1[java.awt.event.FocusEvent],e,0
E:\OOD_Projects\ck-mvn-plugin\LiveChatServer-master\src\com\chatroom\ui\ViewRoomsActivity.java,com.chatroom.ui.ViewRoomsActivity$Anonymous2,actionPerformed/1[java.awt.event.ActionEvent],e,0
E:\OOD_Projects\ck-mvn-plugin\LiveChatServer-master\src\com\chatroom\ui\ViewRoomsActivity.java,com.chatroom.ui.ViewRoomsActivity$Anonymous2,actionPerformed/1[java.awt.event.ActionEvent],e1,1
E:\OOD_Projects\ck-mvn-plugin\LiveChatServer-master\src\com\chatroom\ui\SignInActivity.java,com.chatroom.ui.SignInActivity$Anonymous2,focusLost/1[java.awt.event.FocusEvent],e,0
E:\OOD_Projects\ck-mvn-plugin\LiveChatServer-master\src\com\chatroom\ui\SignInActivity.java,com.chatroom.ui.SignInActivity$Anonymous2,focusGained/1[java.awt.event.FocusEvent],e,0
E:\OOD_Projects\ck-mvn-plugin\LiveChatServer-master\src\com\chatroom\ui\ViewRoomsActivity.java,com.chatroom.ui.ViewRoomsActivity$Anonymous1,paintComponent/1[java.awt.Graphics],g,2
E:\OOD_Projects\ck-mvn-plugin\LiveChatServer-master\src\com\chatroom\ui\SignInActivity.java,com.chatroom.ui.SignInActivity$Anonymous5,actionPerformed/1[java.awt.event.ActionEvent],password,1
E:\OOD_Projects\ck-mvn-plugin\LiveChatServer-master\src\com\chatroom\ui\SignInActivity.java,com.chatroom.ui.SignInActivity$Anonymous5,actionPerformed/1[java.awt.event.ActionEvent],e,0
E:\OOD_Projects\ck-mvn-plugin\LiveChatServer-master\src\com\chatroom\ui\SignInActivity.java,com.chatroom.ui.SignInActivity$Anonymous5,actionPerformed/1[java.awt.event.ActionEvent],username,1
E:\OOD_Projects\ck-mvn-plugin\LiveChatServer-master\src\com\chatroom\ui\SignInActivity.java,com.chatroom.ui.SignInActivity$Anonymous4,mouseClicked/1[java.awt.event.MouseEvent],e,1
E:\OOD_Projects\ck-mvn-plugin\LiveChatServer-master\src\com\chatroom\ui\SignInActivity.java,com.chatroom.ui.SignInActivity$Anonymous4,mouseClicked/1[java.awt.event.MouseEvent],e1,1
E:\OOD_Projects\ck-mvn-plugin\LiveChatServer-master\src\com\chatroom\ui\MainMenuOptions.java,com.chatroom.ui.MainMenuOptions$Anonymous5,actionPerformed/1[java.awt.event.ActionEvent],e,0
E:\OOD_Projects\ck-mvn-plugin\LiveChatServer-master\src\com\chatroom\ui\MainMenuOptions.java,com.chatroom.ui.MainMenuOptions$Anonymous5,actionPerformed/1[java.awt.event.ActionEvent],e1,1
E:\OOD_Projects\ck-mvn-plugin\LiveChatServer-master\src\com\chatroom\ui\MainMenuOptions.java,com.chatroom.ui.MainMenuOptions$Anonymous3,actionPerformed/1[java.awt.event.ActionEvent],e,0
E:\OOD_Projects\ck-mvn-plugin\LiveChatServer-master\src\com\chatroom\ui\MainMenuOptions.java,com.chatroom.ui.MainMenuOptions$Anonymous4,actionPerformed/1[java.awt.event.ActionEvent],e,0
E:\OOD_Projects\ck-mvn-plugin\LiveChatServer-master\src\com\chatroom\ui\MainMenuOptions.java,com.chatroom.ui.MainMenuOptions$Anonymous4,actionPerformed/1[java.awt.event.ActionEvent],e1,1
E:\OOD_Projects\ck-mvn-plugin\LiveChatServer-master\src\com\chatroom\ui\MainMenuOptions.java,com.chatroom.ui.MainMenuOptions$Anonymous1,paintComponent/1[java.awt.Graphics],g,2
E:\OOD_Projects\ck-mvn-plugin\LiveChatServer-master\src\com\chatroom\ui\ChatActivity.java,com.chatroom.ui.ChatActivity$MessageListener,run/0,e,1
E:\OOD_Projects\ck-mvn-plugin\LiveChatServer-master\src\com\chatroom\ui\MainMenuOptions.java,com.chatroom.ui.MainMenuOptions$Anonymous2,actionPerformed/1[java.awt.event.ActionEvent],e,0
E:\OOD_Projects\ck-mvn-plugin\LiveChatServer-master\src\com\chatroom\ui\MainSplash.java,com.chatroom.ui.MainSplash,initializeAllWithProperties/0,c,15
E:\OOD_Projects\ck-mvn-plugin\LiveChatServer-master\src\com\chatroom\ui\MainSplash.java,com.chatroom.ui.MainSplash,initializeAllWithProperties/0,logoInsets,1
E:\OOD_Projects\ck-mvn-plugin\LiveChatServer-master\src\com\chatroom\ui\MainSplash.java,com.chatroom.ui.MainSplash,initializeAllWithProperties/0,buttonInsets,1
E:\OOD_Projects\ck-mvn-plugin\LiveChatServer-master\src\com\chatroom\ui\MainSplash.java,com.chatroom.ui.MainSplash,MainSplash/1[com.chatroom.client.ClientModel],cm,1
E:\OOD_Projects\ck-mvn-plugin\LiveChatServer-master\src\com\chatroom\models\MessageTrackObject.java,com.chatroom.models.MessageTrackObject,"MessageTrackObject/2[int,int]",clientId,2
E:\OOD_Projects\ck-mvn-plugin\LiveChatServer-master\src\com\chatroom\models\MessageTrackObject.java,com.chatroom.models.MessageTrackObject,"MessageTrackObject/2[int,int]",msgCount,1
E:\OOD_Projects\ck-mvn-plugin\LiveChatServer-master\src\com\chatroom\server\ResponseHolder.java,com.chatroom.server.ResponseHolder,"ResponseHolder/2[com.chatroom.models.Response,java.io.ObjectOutputStream]",r,1
E:\OOD_Projects\ck-mvn-plugin\LiveChatServer-master\src\com\chatroom\server\ResponseHolder.java,com.chatroom.server.ResponseHolder,"ResponseHolder/2[com.chatroom.models.Response,java.io.ObjectOutputStream]",o,1
E:\OOD_Projects\ck-mvn-plugin\LiveChatServer-master\src\com\chatroom\ui\SignInActivity.java,com.chatroom.ui.SignInActivity,SignInActivity/1[com.chatroom.client.ClientModel],emptyBorder,1
E:\OOD_Projects\ck-mvn-plugin\LiveChatServer-master\src\com\chatroom\ui\SignInActivity.java,com.chatroom.ui.SignInActivity,SignInActivity/1[com.chatroom.client.ClientModel],lineBorder1,1
E:\OOD_Projects\ck-mvn-plugin\LiveChatServer-master\src\com\chatroom\ui\SignInActivity.java,com.chatroom.ui.SignInActivity,SignInActivity/1[com.chatroom.client.ClientModel],lineBorder,1
E:\OOD_Projects\ck-mvn-plugin\LiveChatServer-master\src\com\chatroom\ui\SignInActivity.java,com.chatroom.ui.SignInActivity,SignInActivity/1[com.chatroom.client.ClientModel],cm,1
E:\OOD_Projects\ck-mvn-plugin\LiveChatServer-master\src\com\chatroom\ui\SignInActivity.java,com.chatroom.ui.SignInActivity,SignInActivity/1[com.chatroom.client.ClientModel],emptyBorder1,1
E:\OOD_Projects\ck-mvn-plugin\LiveChatServer-master\src\com\chatroom\ui\SignInActivity.java,com.chatroom.ui.SignInActivity,"signIn/2[java.lang.String,java.lang.String]",request,1
E:\OOD_Projects\ck-mvn-plugin\LiveChatServer-master\src\com\chatroom\ui\SignInActivity.java,com.chatroom.ui.SignInActivity,"signIn/2[java.lang.String,java.lang.String]",password,1
E:\OOD_Projects\ck-mvn-plugin\LiveChatServer-master\src\com\chatroom\ui\SignInActivity.java,com.chatroom.ui.SignInActivity,"signIn/2[java.lang.String,java.lang.String]",e,1
E:\OOD_Projects\ck-mvn-plugin\LiveChatServer-master\src\com\chatroom\ui\SignInActivity.java,com.chatroom.ui.SignInActivity,"signIn/2[java.lang.String,java.lang.String]",response,4
E:\OOD_Projects\ck-mvn-plugin\LiveChatServer-master\src\com\chatroom\ui\SignInActivity.java,com.chatroom.ui.SignInActivity,"signIn/2[java.lang.String,java.lang.String]",cont,3
E:\OOD_Projects\ck-mvn-plugin\LiveChatServer-master\src\com\chatroom\ui\SignInActivity.java,com.chatroom.ui.SignInActivity,"signIn/2[java.lang.String,java.lang.String]",username,1
E:\OOD_Projects\ck-mvn-plugin\LiveChatServer-master\src\com\chatroom\ui\SignInActivity.java,com.chatroom.ui.SignInActivity,initializeAllWithProperties/0,textFieldInsets,1
E:\OOD_Projects\ck-mvn-plugin\LiveChatServer-master\src\com\chatroom\ui\SignInActivity.java,com.chatroom.ui.SignInActivity,initializeAllWithProperties/0,temp,1
E:\OOD_Projects\ck-mvn-plugin\LiveChatServer-master\src\com\chatroom\ui\SignInActivity.java,com.chatroom.ui.SignInActivity,initializeAllWithProperties/0,c,25
E:\OOD_Projects\ck-mvn-plugin\LiveChatServer-master\src\com\chatroom\ui\SignInActivity.java,com.chatroom.ui.SignInActivity,initializeAllWithProperties/0,textTitle,1
E:\OOD_Projects\ck-mvn-plugin\LiveChatServer-master\src\com\chatroom\ui\SignInActivity.java,com.chatroom.ui.SignInActivity,initializeAllWithProperties/0,logoInsets,1
E:\OOD_Projects\ck-mvn-plugin\LiveChatServer-master\src\com\chatroom\ui\SignInActivity.java,com.chatroom.ui.SignInActivity,initializeAllWithProperties/0,buttonInsets,1
E:\OOD_Projects\ck-mvn-plugin\LiveChatServer-master\src\com\chatroom\ui\SignUpActivity.java,com.chatroom.ui.SignUpActivity,"signUp/2[java.lang.String,java.lang.String]",request,1
E:\OOD_Projects\ck-mvn-plugin\LiveChatServer-master\src\com\chatroom\ui\SignUpActivity.java,com.chatroom.ui.SignUpActivity,"signUp/2[java.lang.String,java.lang.String]",password,3
E:\OOD_Projects\ck-mvn-plugin\LiveChatServer-master\src\com\chatroom\ui\SignUpActivity.java,com.chatroom.ui.SignUpActivity,"signUp/2[java.lang.String,java.lang.String]",e,1
E:\OOD_Projects\ck-mvn-plugin\LiveChatServer-master\src\com\chatroom\ui\SignUpActivity.java,com.chatroom.ui.SignUpActivity,"signUp/2[java.lang.String,java.lang.String]",response,4
E:\OOD_Projects\ck-mvn-plugin\LiveChatServer-master\src\com\chatroom\ui\SignUpActivity.java,com.chatroom.ui.SignUpActivity,"signUp/2[java.lang.String,java.lang.String]",cont,3
E:\OOD_Projects\ck-mvn-plugin\LiveChatServer-master\src\com\chatroom\ui\SignUpActivity.java,com.chatroom.ui.SignUpActivity,"signUp/2[java.lang.String,java.lang.String]",username,3
E:\OOD_Projects\ck-mvn-plugin\LiveChatServer-master\src\com\chatroom\ui\SignUpActivity.java,com.chatroom.ui.SignUpActivity,initializeAllWithProperties/0,textFieldInsets,1
E:\OOD_Projects\ck-mvn-plugin\LiveChatServer-master\src\com\chatroom\ui\SignUpActivity.java,com.chatroom.ui.SignUpActivity,initializeAllWithProperties/0,temp,1
E:\OOD_Projects\ck-mvn-plugin\LiveChatServer-master\src\com\chatroom\ui\SignUpActivity.java,com.chatroom.ui.SignUpActivity,initializeAllWithProperties/0,c,25
E:\OOD_Projects\ck-mvn-plugin\LiveChatServer-master\src\com\chatroom\ui\SignUpActivity.java,com.chatroom.ui.SignUpActivity,initializeAllWithProperties/0,textTitle,1
E:\OOD_Projects\ck-mvn-plugin\LiveChatServer-master\src\com\chatroom\ui\SignUpActivity.java,com.chatroom.ui.SignUpActivity,initializeAllWithProperties/0,logoInsets,1
E:\OOD_Projects\ck-mvn-plugin\LiveChatServer-master\src\com\chatroom\ui\SignUpActivity.java,com.chatroom.ui.SignUpActivity,initializeAllWithProperties/0,buttonInsets,1
E:\OOD_Projects\ck-mvn-plugin\LiveChatServer-master\src\com\chatroom\ui\SignUpActivity.java,com.chatroom.ui.SignUpActivity,SignUpActivity/1[com.chatroom.client.ClientModel],emptyBorder,1
E:\OOD_Projects\ck-mvn-plugin\LiveChatServer-master\src\com\chatroom\ui\SignUpActivity.java,com.chatroom.ui.SignUpActivity,SignUpActivity/1[com.chatroom.client.ClientModel],lineBorder1,1
E:\OOD_Projects\ck-mvn-plugin\LiveChatServer-master\src\com\chatroom\ui\SignUpActivity.java,com.chatroom.ui.SignUpActivity,SignUpActivity/1[com.chatroom.client.ClientModel],lineBorder,1
E:\OOD_Projects\ck-mvn-plugin\LiveChatServer-master\src\com\chatroom\ui\SignUpActivity.java,com.chatroom.ui.SignUpActivity,SignUpActivity/1[com.chatroom.client.ClientModel],cm,1
E:\OOD_Projects\ck-mvn-plugin\LiveChatServer-master\src\com\chatroom\ui\SignUpActivity.java,com.chatroom.ui.SignUpActivity,SignUpActivity/1[com.chatroom.client.ClientModel],emptyBorder1,1
E:\OOD_Projects\ck-mvn-plugin\LiveChatServer-master\src\com\chatroom\ui\MainMenuOptions.java,com.chatroom.ui.MainMenuOptions,logOut/0,e,1
E:\OOD_Projects\ck-mvn-plugin\LiveChatServer-master\src\com\chatroom\ui\MainMenuOptions.java,com.chatroom.ui.MainMenuOptions,initializeAllWithProperties/0,c,25
E:\OOD_Projects\ck-mvn-plugin\LiveChatServer-master\src\com\chatroom\ui\MainMenuOptions.java,com.chatroom.ui.MainMenuOptions,initializeAllWithProperties/0,textTitle,1
E:\OOD_Projects\ck-mvn-plugin\LiveChatServer-master\src\com\chatroom\ui\MainMenuOptions.java,com.chatroom.ui.MainMenuOptions,initializeAllWithProperties/0,logoInsets,1
E:\OOD_Projects\ck-mvn-plugin\LiveChatServer-master\src\com\chatroom\ui\MainMenuOptions.java,com.chatroom.ui.MainMenuOptions,initializeAllWithProperties/0,buttonInsets,1
E:\OOD_Projects\ck-mvn-plugin\LiveChatServer-master\src\com\chatroom\ui\MainMenuOptions.java,com.chatroom.ui.MainMenuOptions,displayAlertDialog/1[int],which,2
E:\OOD_Projects\ck-mvn-plugin\LiveChatServer-master\src\com\chatroom\ui\MainMenuOptions.java,com.chatroom.ui.MainMenuOptions,displayAlertDialog/1[int],e,1
E:\OOD_Projects\ck-mvn-plugin\LiveChatServer-master\src\com\chatroom\ui\MainMenuOptions.java,com.chatroom.ui.MainMenuOptions,displayAlertDialog/1[int],jPanel,4
E:\OOD_Projects\ck-mvn-plugin\LiveChatServer-master\src\com\chatroom\ui\MainMenuOptions.java,com.chatroom.ui.MainMenuOptions,displayAlertDialog/1[int],choice,1
E:\OOD_Projects\ck-mvn-plugin\LiveChatServer-master\src\com\chatroom\ui\MainMenuOptions.java,com.chatroom.ui.MainMenuOptions,displayAlertDialog/1[int],jTextField,6
E:\OOD_Projects\ck-mvn-plugin\LiveChatServer-master\src\com\chatroom\ui\MainMenuOptions.java,com.chatroom.ui.MainMenuOptions,"createAndJoinRoom/2[java.lang.String,boolean]",e,1
E:\OOD_Projects\ck-mvn-plugin\LiveChatServer-master\src\com\chatroom\ui\MainMenuOptions.java,com.chatroom.ui.MainMenuOptions,"createAndJoinRoom/2[java.lang.String,boolean]",rName,2
E:\OOD_Projects\ck-mvn-plugin\LiveChatServer-master\src\com\chatroom\ui\MainMenuOptions.java,com.chatroom.ui.MainMenuOptions,"createAndJoinRoom/2[java.lang.String,boolean]",obj,3
E:\OOD_Projects\ck-mvn-plugin\LiveChatServer-master\src\com\chatroom\ui\MainMenuOptions.java,com.chatroom.ui.MainMenuOptions,"createAndJoinRoom/2[java.lang.String,boolean]",create,1
E:\OOD_Projects\ck-mvn-plugin\LiveChatServer-master\src\com\chatroom\ui\MainMenuOptions.java,com.chatroom.ui.MainMenuOptions,"createAndJoinRoom/2[java.lang.String,boolean]",hashIndex,2
E:\OOD_Projects\ck-mvn-plugin\LiveChatServer-master\src\com\chatroom\ui\MainMenuOptions.java,com.chatroom.ui.MainMenuOptions,MainMenuOptions/1[com.chatroom.client.ClientModel],cm,1
