file,class,method,constructor,line,cbo,cboModified,fanin,fanout,wmc,rfc,loc,returnsQty,variablesQty,parametersQty,methodsInvokedQty,methodsInvokedLocalQty,methodsInvokedIndirectLocalQty,loopQty,comparisonsQty,tryCatchQty,parenthesizedExpsQty,stringLiteralsQty,numbersQty,assignmentsQty,mathOperationsQty,maxNestedBlocksQty,anonymousClassesQty,innerClassesQty,lambdasQty,uniqueWordsQty,modifiers,logStatementsQty,hasJavaDoc
E:\OOD_Projects\ck-mvn-plugin\Memcached-Java-Client-master\src\com\meetup\memcached\NativeHandler.java,com.meetup.memcached.NativeHandler,getBytes/1[long],false,285,1,2,2,0,1,0,12,1,1,1,0,0,0,0,0,0,16,0,25,9,8,0,0,0,0,6,12,0,false
E:\OOD_Projects\ck-mvn-plugin\Memcached-Java-Client-master\src\com\meetup\memcached\NativeHandler.java,com.meetup.memcached.NativeHandler,encode/1[java.lang.Object],false,180,2,14,1,13,14,17,16,14,0,1,17,13,7,0,0,0,4,0,0,0,0,1,0,0,0,24,9,0,true
E:\OOD_Projects\ck-mvn-plugin\Memcached-Java-Client-master\src\com\meetup\memcached\NativeHandler.java,com.meetup.memcached.NativeHandler,encode/1[java.lang.String],false,257,1,3,3,0,1,1,3,1,0,1,1,0,0,0,0,0,0,1,0,0,0,0,0,0,0,3,12,0,false
E:\OOD_Projects\ck-mvn-plugin\Memcached-Java-Client-master\src\com\meetup\memcached\NativeHandler.java,com.meetup.memcached.NativeHandler,decodeShort/1[byte[]],false,398,2,2,1,1,1,2,3,1,0,1,2,1,2,0,0,0,0,0,0,0,0,0,0,0,0,5,12,0,false
E:\OOD_Projects\ck-mvn-plugin\Memcached-Java-Client-master\src\com\meetup\memcached\NativeHandler.java,com.meetup.memcached.NativeHandler,toInt/1[byte[]],false,426,1,1,1,0,1,0,3,1,0,1,0,0,0,0,0,0,13,0,12,0,5,0,0,0,0,24,12,0,true
E:\OOD_Projects\ck-mvn-plugin\Memcached-Java-Client-master\src\com\meetup\memcached\NativeHandler.java,com.meetup.memcached.NativeHandler,encode/1[java.lang.StringBuilder],false,277,2,2,1,1,1,2,3,1,0,1,2,1,1,0,0,0,0,0,0,0,0,0,0,0,0,5,12,0,false
E:\OOD_Projects\ck-mvn-plugin\Memcached-Java-Client-master\src\com\meetup\memcached\NativeHandler.java,com.meetup.memcached.NativeHandler,decodeLong/1[byte[]],false,377,2,3,2,1,1,1,3,1,0,1,1,1,1,0,0,0,0,0,0,0,0,0,0,0,0,5,12,0,false
E:\OOD_Projects\ck-mvn-plugin\Memcached-Java-Client-master\src\com\meetup\memcached\NativeHandler.java,com.meetup.memcached.NativeHandler,encode/1[float],false,265,2,2,1,1,1,2,3,1,0,1,2,1,2,0,0,0,0,0,0,0,0,0,0,0,0,3,12,0,false
E:\OOD_Projects\ck-mvn-plugin\Memcached-Java-Client-master\src\com\meetup\memcached\NativeHandler.java,com.meetup.memcached.NativeHandler,encode/1[byte[]],false,281,1,1,1,0,1,0,3,1,0,1,0,0,0,0,0,0,0,0,0,0,0,0,0,0,0,2,12,0,false
E:\OOD_Projects\ck-mvn-plugin\Memcached-Java-Client-master\src\com\meetup\memcached\NativeHandler.java,com.meetup.memcached.NativeHandler,decodeStringBuilder/1[byte[]],false,411,2,2,1,1,1,1,3,1,0,1,1,1,1,0,0,0,0,0,0,0,0,0,0,0,0,5,12,0,false
E:\OOD_Projects\ck-mvn-plugin\Memcached-Java-Client-master\src\com\meetup\memcached\NativeHandler.java,com.meetup.memcached.NativeHandler,encode/1[java.lang.Character],false,253,2,2,1,1,1,2,3,1,0,1,2,1,2,0,0,0,0,0,0,0,0,0,0,0,0,3,12,0,false
E:\OOD_Projects\ck-mvn-plugin\Memcached-Java-Client-master\src\com\meetup\memcached\NativeHandler.java,com.meetup.memcached.NativeHandler,encode/1[long],false,245,2,3,2,1,1,1,3,1,0,1,1,1,1,0,0,0,0,0,0,0,0,0,0,0,0,5,12,0,false
E:\OOD_Projects\ck-mvn-plugin\Memcached-Java-Client-master\src\com\meetup\memcached\NativeHandler.java,com.meetup.memcached.NativeHandler,decodeStringBuffer/1[byte[]],false,389,2,2,1,1,1,1,3,1,0,1,1,1,1,0,0,0,0,0,0,0,0,0,0,0,0,5,12,0,false
E:\OOD_Projects\ck-mvn-plugin\Memcached-Java-Client-master\src\com\meetup\memcached\NativeHandler.java,com.meetup.memcached.NativeHandler,"decode/2[byte[],int]",false,315,2,15,2,13,28,13,17,15,0,2,13,13,7,0,13,0,13,0,1,0,0,1,0,0,0,26,9,0,true
E:\OOD_Projects\ck-mvn-plugin\Memcached-Java-Client-master\src\com\meetup\memcached\NativeHandler.java,com.meetup.memcached.NativeHandler,encode/1[int],false,241,2,5,4,1,1,1,3,1,0,1,1,1,1,0,0,0,0,0,0,0,0,0,0,0,0,4,12,0,false
E:\OOD_Projects\ck-mvn-plugin\Memcached-Java-Client-master\src\com\meetup\memcached\NativeHandler.java,com.meetup.memcached.NativeHandler,encode/1[java.lang.StringBuffer],false,261,2,2,1,1,1,2,3,1,0,1,2,1,1,0,0,0,0,0,0,0,0,0,0,0,0,5,12,0,false
E:\OOD_Projects\ck-mvn-plugin\Memcached-Java-Client-master\src\com\meetup\memcached\NativeHandler.java,com.meetup.memcached.NativeHandler,decodeString/1[byte[]],false,385,1,3,3,0,1,0,3,1,0,1,0,0,0,0,0,0,0,1,0,0,0,0,0,0,0,4,12,0,false
E:\OOD_Projects\ck-mvn-plugin\Memcached-Java-Client-master\src\com\meetup\memcached\NativeHandler.java,com.meetup.memcached.NativeHandler,encode/1[double],false,273,2,2,1,1,1,2,3,1,0,1,2,1,2,0,0,0,0,0,0,0,0,0,0,0,0,3,12,0,false
E:\OOD_Projects\ck-mvn-plugin\Memcached-Java-Client-master\src\com\meetup\memcached\NativeHandler.java,com.meetup.memcached.NativeHandler,decodeByte/1[byte[]],false,364,1,1,1,0,1,0,3,1,0,1,0,0,0,0,0,0,0,0,1,0,0,0,0,0,0,3,12,0,false
E:\OOD_Projects\ck-mvn-plugin\Memcached-Java-Client-master\src\com\meetup\memcached\NativeHandler.java,com.meetup.memcached.NativeHandler,decodeInteger/1[byte[]],false,373,2,5,4,1,1,1,3,1,0,1,1,1,1,0,0,0,0,0,0,0,0,0,0,0,0,5,12,0,false
E:\OOD_Projects\ck-mvn-plugin\Memcached-Java-Client-master\src\com\meetup\memcached\NativeHandler.java,com.meetup.memcached.NativeHandler,decodeByteArr/1[byte[]],false,415,1,1,1,0,1,0,3,1,0,1,0,0,0,0,0,0,0,0,0,0,0,0,0,0,0,4,12,0,false
E:\OOD_Projects\ck-mvn-plugin\Memcached-Java-Client-master\src\com\meetup\memcached\NativeHandler.java,com.meetup.memcached.NativeHandler,encode/1[java.lang.Short],false,269,2,2,1,1,1,2,3,1,0,1,2,1,2,0,0,0,0,0,0,0,0,0,0,0,0,4,12,0,false
E:\OOD_Projects\ck-mvn-plugin\Memcached-Java-Client-master\src\com\meetup\memcached\NativeHandler.java,com.meetup.memcached.NativeHandler,encode/1[java.lang.Boolean],false,230,1,1,1,0,2,1,6,1,1,1,1,0,0,0,0,0,0,0,5,3,0,1,0,0,0,4,12,0,false
E:\OOD_Projects\ck-mvn-plugin\Memcached-Java-Client-master\src\com\meetup\memcached\NativeHandler.java,com.meetup.memcached.NativeHandler,encode/1[java.lang.Byte],false,224,1,1,1,0,1,1,5,1,1,1,1,0,0,0,0,0,0,0,2,2,0,0,0,0,0,4,12,0,false
E:\OOD_Projects\ck-mvn-plugin\Memcached-Java-Client-master\src\com\meetup\memcached\NativeHandler.java,com.meetup.memcached.NativeHandler,encode/1[java.util.Date],false,249,2,2,1,1,1,2,3,1,0,1,2,1,1,0,0,0,0,0,0,0,0,0,0,0,0,5,12,0,false
E:\OOD_Projects\ck-mvn-plugin\Memcached-Java-Client-master\src\com\meetup\memcached\NativeHandler.java,com.meetup.memcached.NativeHandler,decodeDouble/1[byte[]],false,402,2,2,1,1,1,3,4,1,1,1,3,1,2,0,0,0,0,0,0,1,0,0,0,0,0,6,12,0,false
E:\OOD_Projects\ck-mvn-plugin\Memcached-Java-Client-master\src\com\meetup\memcached\NativeHandler.java,com.meetup.memcached.NativeHandler,decodeCharacter/1[byte[]],false,381,2,2,1,1,1,2,3,1,0,1,2,1,2,0,0,0,0,0,0,0,0,0,0,0,0,4,12,0,false
E:\OOD_Projects\ck-mvn-plugin\Memcached-Java-Client-master\src\com\meetup\memcached\NativeHandler.java,com.meetup.memcached.NativeHandler,getMarkerFlag/1[java.lang.Object],false,128,1,1,1,0,14,0,16,14,0,1,0,0,0,0,0,0,0,0,1,0,0,1,0,0,0,26,9,0,true
E:\OOD_Projects\ck-mvn-plugin\Memcached-Java-Client-master\src\com\meetup\memcached\NativeHandler.java,com.meetup.memcached.NativeHandler,decodeBoolean/1[byte[]],false,368,1,1,1,0,3,0,4,1,1,1,0,0,0,0,1,0,1,0,2,1,0,0,0,0,0,4,12,0,false
E:\OOD_Projects\ck-mvn-plugin\Memcached-Java-Client-master\src\com\meetup\memcached\NativeHandler.java,com.meetup.memcached.NativeHandler,isHandled/1[java.lang.Object],false,101,1,1,1,0,14,0,3,1,0,1,0,0,0,0,0,0,1,0,0,0,0,0,0,0,0,27,9,0,true
E:\OOD_Projects\ck-mvn-plugin\Memcached-Java-Client-master\src\com\meetup\memcached\NativeHandler.java,com.meetup.memcached.NativeHandler,getBytes/1[int],false,298,1,1,1,0,1,0,8,1,1,1,0,0,0,0,0,0,8,0,13,5,4,0,0,0,0,6,12,0,false
E:\OOD_Projects\ck-mvn-plugin\Memcached-Java-Client-master\src\com\meetup\memcached\NativeHandler.java,com.meetup.memcached.NativeHandler,decodeFloat/1[byte[]],false,393,2,2,1,1,1,3,4,1,1,1,3,1,2,0,0,0,0,0,0,1,0,0,0,0,0,6,12,0,false
E:\OOD_Projects\ck-mvn-plugin\Memcached-Java-Client-master\src\com\meetup\memcached\NativeHandler.java,com.meetup.memcached.NativeHandler,toLong/1[byte[]],false,433,1,2,2,0,1,0,3,1,0,1,0,0,0,0,0,0,24,0,23,0,8,0,0,0,0,5,12,0,false
E:\OOD_Projects\ck-mvn-plugin\Memcached-Java-Client-master\src\com\meetup\memcached\NativeHandler.java,com.meetup.memcached.NativeHandler,decodeDate/1[byte[]],false,407,2,2,1,1,1,1,3,1,0,1,1,1,1,0,0,0,0,0,0,0,0,0,0,0,0,5,12,0,false
E:\OOD_Projects\ck-mvn-plugin\Memcached-Java-Client-master\src\com\meetup\memcached\SockIOPool.java,com.meetup.memcached.SockIOPool$SockIO,read/1[byte[]],false,1823,2,2,1,1,4,3,12,1,2,1,3,0,0,1,1,0,1,2,1,3,1,1,0,0,0,25,1,1,true
E:\OOD_Projects\ck-mvn-plugin\Memcached-Java-Client-master\src\com\meetup\memcached\SockIOPool.java,com.meetup.memcached.SockIOPool$SockIO,"SockIO/6[com.meetup.memcached.SockIOPool,java.lang.String,int,int,int,boolean]",true,1545,2,1,0,1,2,5,9,0,0,6,5,1,1,0,0,0,0,1,1,5,1,1,0,0,0,62,1,0,true
E:\OOD_Projects\ck-mvn-plugin\Memcached-Java-Client-master\src\com\meetup\memcached\SockIOPool.java,com.meetup.memcached.SockIOPool$SockIO,"SockIO/5[com.meetup.memcached.SockIOPool,java.lang.String,int,int,boolean]",true,1576,2,2,1,1,2,7,10,0,1,5,7,1,1,0,0,0,0,1,3,6,0,1,0,0,0,60,1,0,true
E:\OOD_Projects\ck-mvn-plugin\Memcached-Java-Client-master\src\com\meetup\memcached\SockIOPool.java,com.meetup.memcached.SockIOPool$SockIO,write/1[byte[]],false,1857,2,8,7,1,3,3,7,0,0,1,3,0,0,0,1,0,0,2,0,0,0,1,0,0,0,20,0,1,true
E:\OOD_Projects\ck-mvn-plugin\Memcached-Java-Client-master\src\com\meetup\memcached\SockIOPool.java,com.meetup.memcached.SockIOPool$SockIO,flush/0,false,1843,1,8,7,1,3,3,7,0,0,0,3,0,0,0,1,0,0,2,0,0,0,1,0,0,0,17,0,1,true
E:\OOD_Projects\ck-mvn-plugin\Memcached-Java-Client-master\src\com\meetup\memcached\SockIOPool.java,com.meetup.memcached.SockIOPool$SockIO,getChannel/0,false,1619,0,1,1,0,1,1,3,1,0,0,1,0,0,0,0,0,0,0,0,0,0,0,0,0,0,10,1,0,true
E:\OOD_Projects\ck-mvn-plugin\Memcached-Java-Client-master\src\com\meetup\memcached\SockIOPool.java,com.meetup.memcached.SockIOPool$SockIO,finalize/0,false,1887,1,2,0,2,3,5,15,0,0,0,5,0,0,0,1,1,0,1,0,1,0,2,0,0,0,15,4,2,true
E:\OOD_Projects\ck-mvn-plugin\Memcached-Java-Client-master\src\com\meetup\memcached\SockIOPool.java,com.meetup.memcached.SockIOPool$SockIO,toString/0,false,1880,0,13,13,0,2,1,3,1,0,0,1,0,0,0,1,0,1,1,0,0,0,0,0,0,0,10,1,0,true
E:\OOD_Projects\ck-mvn-plugin\Memcached-Java-Client-master\src\com\meetup\memcached\SockIOPool.java,com.meetup.memcached.SockIOPool$SockIO,"getSocket/3[java.lang.String,int,int]",false,1608,0,2,2,0,1,3,5,1,1,3,3,0,0,0,0,0,0,0,0,1,0,0,0,0,0,31,12,0,true
E:\OOD_Projects\ck-mvn-plugin\Memcached-Java-Client-master\src\com\meetup\memcached\SockIOPool.java,com.meetup.memcached.SockIOPool$SockIO,close/0,false,1704,3,14,10,4,2,4,4,0,0,0,4,1,1,0,0,0,0,2,0,0,1,1,0,0,0,19,0,1,true
E:\OOD_Projects\ck-mvn-plugin\Memcached-Java-Client-master\src\com\meetup\memcached\SockIOPool.java,com.meetup.memcached.SockIOPool$SockIO,trueClose/0,false,1633,1,11,10,1,1,1,3,0,0,0,1,1,2,0,0,0,0,0,0,0,0,0,0,0,0,16,1,0,true
E:\OOD_Projects\ck-mvn-plugin\Memcached-Java-Client-master\src\com\meetup\memcached\SockIOPool.java,com.meetup.memcached.SockIOPool$SockIO,readLine/0,false,1750,2,8,7,1,9,7,25,1,3,0,7,0,0,1,5,0,0,3,11,5,0,4,0,0,0,42,1,1,true
E:\OOD_Projects\ck-mvn-plugin\Memcached-Java-Client-master\src\com\meetup\memcached\SockIOPool.java,com.meetup.memcached.SockIOPool$SockIO,getHost/0,false,1626,0,7,7,0,1,0,3,1,0,0,0,0,0,0,0,0,0,0,0,0,0,0,0,0,0,11,1,0,true
E:\OOD_Projects\ck-mvn-plugin\Memcached-Java-Client-master\src\com\meetup\memcached\SockIOPool.java,com.meetup.memcached.SockIOPool$SockIO,trueClose/1[boolean],false,1642,3,9,2,7,11,13,46,0,2,1,13,2,1,0,4,3,0,16,0,8,7,2,0,0,0,38,1,7,true
E:\OOD_Projects\ck-mvn-plugin\Memcached-Java-Client-master\src\com\meetup\memcached\SockIOPool.java,com.meetup.memcached.SockIOPool$SockIO,isConnected/0,false,1716,0,5,5,0,2,1,3,1,0,0,1,0,0,0,1,0,1,0,0,0,0,0,0,0,0,10,0,0,true
E:\OOD_Projects\ck-mvn-plugin\Memcached-Java-Client-master\src\com\meetup\memcached\SockIOPool.java,com.meetup.memcached.SockIOPool$SockIO,clearEOL/0,false,1791,2,2,1,1,7,3,18,0,2,0,3,0,0,1,4,0,0,2,8,4,0,3,0,0,0,28,1,1,true
E:\OOD_Projects\ck-mvn-plugin\Memcached-Java-Client-master\src\com\meetup\memcached\SockIOPool.java,com.meetup.memcached.SockIOPool$SockIO,hashCode/0,false,1871,0,0,0,0,2,1,3,1,0,0,1,0,0,0,1,0,1,0,1,0,0,0,0,0,0,18,1,0,true
E:\OOD_Projects\ck-mvn-plugin\Memcached-Java-Client-master\src\com\meetup\memcached\SockIOPool.java,com.meetup.memcached.SockIOPool$SockIO,isAlive/0,false,1725,1,5,1,4,3,5,12,3,1,0,5,4,1,0,0,1,0,1,0,1,0,1,0,0,0,10,0,0,false
E:\OOD_Projects\ck-mvn-plugin\Memcached-Java-Client-master\src\com\meetup\memcached\MemcachedClient.java,com.meetup.memcached.MemcachedClient$NIOLoader,writeRequest/1[java.nio.channels.SelectionKey],false,2278,2,3,1,2,5,10,12,0,2,1,10,0,0,0,0,0,3,3,0,2,2,2,0,0,0,19,1,2,false
E:\OOD_Projects\ck-mvn-plugin\Memcached-Java-Client-master\src\com\meetup\memcached\MemcachedClient.java,com.meetup.memcached.MemcachedClient$NIOLoader,"handleError/2[java.lang.Throwable,java.lang.String[]]",false,2258,2,3,1,2,2,3,5,0,0,2,3,0,0,0,1,0,0,1,0,0,0,1,0,0,0,13,2,2,false
E:\OOD_Projects\ck-mvn-plugin\Memcached-Java-Client-master\src\com\meetup\memcached\MemcachedClient.java,com.meetup.memcached.MemcachedClient$NIOLoader,"doMulti/4[boolean,java.util.Map<java.lang.String,java.lang.StringBuilder>,java.lang.String[],java.util.Map<java.lang.String,java.lang.Object>]",false,2166,8,15,1,14,18,29,58,2,9,4,29,2,2,5,4,3,1,5,7,15,4,4,0,0,0,49,1,3,false
E:\OOD_Projects\ck-mvn-plugin\Memcached-Java-Client-master\src\com\meetup\memcached\MemcachedClient.java,com.meetup.memcached.MemcachedClient$NIOLoader,handleKey/1[java.nio.channels.SelectionKey],false,2268,2,5,1,4,4,7,5,0,0,1,7,2,1,0,0,0,0,2,0,0,1,2,0,0,0,13,2,1,false
E:\OOD_Projects\ck-mvn-plugin\Memcached-Java-Client-master\src\com\meetup\memcached\MemcachedClient.java,com.meetup.memcached.MemcachedClient$NIOLoader,readResponse/1[java.nio.channels.SelectionKey],false,2297,2,5,1,4,5,9,14,1,3,1,9,0,0,0,0,0,0,3,1,3,2,3,0,0,0,19,1,2,false
E:\OOD_Projects\ck-mvn-plugin\Memcached-Java-Client-master\src\com\meetup\memcached\MemcachedClient.java,com.meetup.memcached.MemcachedClient$NIOLoader,NIOLoader/1[com.meetup.memcached.MemcachedClient],true,2072,1,1,1,0,1,0,3,0,0,1,0,0,0,0,0,0,0,0,0,1,0,0,0,0,0,7,1,0,false
E:\OOD_Projects\ck-mvn-plugin\Memcached-Java-Client-master\src\com\meetup\memcached\test\TestMemcached.java,com.meetup.memcached.test.TestMemcached,main/1[java.lang.String[]],false,24,3,16,0,16,4,20,35,0,9,1,20,0,0,2,0,1,0,13,10,9,4,1,0,0,0,19,9,0,false
E:\OOD_Projects\ck-mvn-plugin\Memcached-Java-Client-master\src\com\meetup\memcached\SockIOPool.java,com.meetup.memcached.SockIOPool$MaintThread,stopThread/0,false,1477,0,1,1,0,1,1,4,0,0,0,1,0,0,0,0,0,0,0,0,1,0,0,0,0,0,9,1,0,true
E:\OOD_Projects\ck-mvn-plugin\Memcached-Java-Client-master\src\com\meetup\memcached\SockIOPool.java,com.meetup.memcached.SockIOPool$MaintThread,MaintThread/1[com.meetup.memcached.SockIOPool],true,1461,1,1,1,0,1,2,5,0,0,1,2,0,0,0,0,0,0,1,0,1,0,0,0,0,0,8,4,0,false
E:\OOD_Projects\ck-mvn-plugin\Memcached-Java-Client-master\src\com\meetup\memcached\SockIOPool.java,com.meetup.memcached.SockIOPool$MaintThread,setInterval/1[long],false,1467,0,1,1,0,1,0,3,0,0,1,0,0,0,0,0,0,0,0,0,1,0,0,0,0,0,3,1,0,false
E:\OOD_Projects\ck-mvn-plugin\Memcached-Java-Client-master\src\com\meetup\memcached\SockIOPool.java,com.meetup.memcached.SockIOPool$MaintThread,isRunning/0,false,1469,0,3,3,0,1,0,3,1,0,0,0,0,0,0,0,0,0,0,0,0,0,0,0,0,0,2,1,0,false
E:\OOD_Projects\ck-mvn-plugin\Memcached-Java-Client-master\src\com\meetup\memcached\SockIOPool.java,com.meetup.memcached.SockIOPool$MaintThread,run/0,false,1485,1,2,0,2,4,3,13,0,0,0,3,0,0,1,0,1,0,0,0,2,0,3,0,0,0,8,1,0,true
E:\OOD_Projects\ck-mvn-plugin\Memcached-Java-Client-master\src\com\meetup\memcached\Logger.java,com.meetup.memcached.Logger,info/1[java.lang.String],false,144,1,8,7,1,1,1,3,0,0,1,1,1,2,0,0,0,0,0,0,0,0,0,0,0,0,2,1,0,false
E:\OOD_Projects\ck-mvn-plugin\Memcached-Java-Client-master\src\com\meetup\memcached\Logger.java,com.meetup.memcached.Logger,warn/1[java.lang.String],false,165,1,4,3,1,1,1,3,0,0,1,1,1,2,0,0,0,0,0,0,0,0,0,0,0,0,2,1,0,false
E:\OOD_Projects\ck-mvn-plugin\Memcached-Java-Client-master\src\com\meetup\memcached\Logger.java,com.meetup.memcached.Logger,"log/2[java.lang.String,java.lang.Throwable]",false,104,0,5,5,0,2,2,4,0,0,2,2,0,0,0,1,0,0,2,0,0,1,1,0,0,0,17,2,0,true
E:\OOD_Projects\ck-mvn-plugin\Memcached-Java-Client-master\src\com\meetup\memcached\Logger.java,com.meetup.memcached.Logger,"error/2[java.lang.String,java.lang.Throwable]",false,175,1,13,12,1,2,1,4,1,0,2,1,1,1,0,0,0,0,0,0,0,0,1,0,0,0,11,1,0,true
E:\OOD_Projects\ck-mvn-plugin\Memcached-Java-Client-master\src\com\meetup\memcached\Logger.java,com.meetup.memcached.Logger,debug/1[java.lang.String],false,123,1,23,22,1,1,1,3,0,0,1,1,1,2,0,0,0,0,0,0,0,0,0,0,0,0,2,1,0,false
E:\OOD_Projects\ck-mvn-plugin\Memcached-Java-Client-master\src\com\meetup\memcached\Logger.java,com.meetup.memcached.Logger,"fatal/2[java.lang.String,java.lang.Throwable]",false,192,1,2,1,1,2,1,4,1,0,2,1,1,1,0,0,0,0,0,0,0,0,1,0,0,0,12,1,0,true
E:\OOD_Projects\ck-mvn-plugin\Memcached-Java-Client-master\src\com\meetup\memcached\Logger.java,com.meetup.memcached.Logger,setLevel/1[int],false,47,0,2,2,0,1,0,3,0,0,1,0,0,0,0,0,0,0,0,0,1,0,0,0,0,0,3,1,0,false
E:\OOD_Projects\ck-mvn-plugin\Memcached-Java-Client-master\src\com\meetup\memcached\Logger.java,com.meetup.memcached.Logger,getLevel/0,false,48,0,1,1,0,1,0,3,1,0,0,0,0,0,0,0,0,0,0,0,0,0,0,0,0,0,2,1,0,false
E:\OOD_Projects\ck-mvn-plugin\Memcached-Java-Client-master\src\com\meetup\memcached\Logger.java,com.meetup.memcached.Logger,getLogger/1[java.lang.String],false,84,1,3,2,1,2,3,11,1,1,1,3,0,0,0,0,0,0,0,0,3,0,1,0,0,0,11,41,0,true
E:\OOD_Projects\ck-mvn-plugin\Memcached-Java-Client-master\src\com\meetup\memcached\Logger.java,com.meetup.memcached.Logger,"Logger/2[java.lang.String,int]",true,50,0,0,0,0,1,0,5,0,0,2,0,0,0,0,0,0,0,0,0,3,0,0,0,0,0,4,4,0,false
E:\OOD_Projects\ck-mvn-plugin\Memcached-Java-Client-master\src\com\meetup\memcached\Logger.java,com.meetup.memcached.Logger,"getLogger/2[java.lang.String,int]",false,69,1,3,0,3,2,3,5,1,1,2,3,3,1,0,1,0,0,0,0,1,0,1,0,0,0,10,41,0,true
E:\OOD_Projects\ck-mvn-plugin\Memcached-Java-Client-master\src\com\meetup\memcached\Logger.java,com.meetup.memcached.Logger,Logger/1[java.lang.String],true,56,0,1,1,0,1,0,5,0,0,1,0,0,0,0,0,0,0,0,0,3,0,0,0,0,0,11,4,0,false
E:\OOD_Projects\ck-mvn-plugin\Memcached-Java-Client-master\src\com\meetup\memcached\Logger.java,com.meetup.memcached.Logger,isDebugEnabled/0,false,127,0,22,22,0,2,0,3,1,0,0,0,0,0,0,0,0,0,0,0,0,0,0,0,0,0,11,1,0,false
E:\OOD_Projects\ck-mvn-plugin\Memcached-Java-Client-master\src\com\meetup\memcached\Logger.java,com.meetup.memcached.Logger,"debug/2[java.lang.String,java.lang.Throwable]",false,116,1,2,1,1,2,1,4,1,0,2,1,1,1,0,0,0,0,0,0,0,0,1,0,0,0,14,1,0,true
E:\OOD_Projects\ck-mvn-plugin\Memcached-Java-Client-master\src\com\meetup\memcached\Logger.java,com.meetup.memcached.Logger,"info/2[java.lang.String,java.lang.Throwable]",false,137,1,2,1,1,2,1,4,1,0,2,1,1,1,0,0,0,0,0,0,0,0,1,0,0,0,13,1,0,true
E:\OOD_Projects\ck-mvn-plugin\Memcached-Java-Client-master\src\com\meetup\memcached\Logger.java,com.meetup.memcached.Logger,isInfoEnabled/0,false,148,0,7,7,0,2,0,3,1,0,0,0,0,0,0,0,0,0,0,0,0,0,0,0,0,0,11,1,0,false
E:\OOD_Projects\ck-mvn-plugin\Memcached-Java-Client-master\src\com\meetup\memcached\Logger.java,com.meetup.memcached.Logger,"warn/2[java.lang.String,java.lang.Throwable]",false,158,1,2,1,1,2,1,4,1,0,2,1,1,1,0,0,0,0,0,0,0,0,1,0,0,0,13,1,0,true
E:\OOD_Projects\ck-mvn-plugin\Memcached-Java-Client-master\src\com\meetup\memcached\Logger.java,com.meetup.memcached.Logger,error/1[java.lang.String],false,182,1,53,52,1,1,1,3,0,0,1,1,1,2,0,0,0,0,0,0,0,0,0,0,0,0,2,1,0,false
E:\OOD_Projects\ck-mvn-plugin\Memcached-Java-Client-master\src\com\meetup\memcached\Logger.java,com.meetup.memcached.Logger,fatal/1[java.lang.String],false,199,1,1,0,1,1,1,3,0,0,1,1,1,2,0,0,0,0,0,0,0,0,0,0,0,0,2,1,0,false
E:\OOD_Projects\ck-mvn-plugin\Memcached-Java-Client-master\src\com\meetup\memcached\ByteBufArrayInputStream.java,com.meetup.memcached.ByteBufArrayInputStream,toString/0,false,126,0,0,0,0,2,4,8,1,2,0,4,0,0,1,0,0,0,5,1,2,0,1,0,0,0,7,1,0,false
E:\OOD_Projects\ck-mvn-plugin\Memcached-Java-Client-master\src\com\meetup\memcached\ByteBufArrayInputStream.java,com.meetup.memcached.ByteBufArrayInputStream,ByteBufArrayInputStream/1[java.util.List<java.nio.ByteBuffer>],true,31,0,1,1,0,1,1,3,0,0,1,1,0,0,0,0,0,0,0,0,0,0,0,0,0,0,7,1,0,false
E:\OOD_Projects\ck-mvn-plugin\Memcached-Java-Client-master\src\com\meetup\memcached\ByteBufArrayInputStream.java,com.meetup.memcached.ByteBufArrayInputStream,read/0,false,44,0,0,0,0,3,2,9,2,0,0,2,0,0,1,0,0,0,0,1,0,0,2,0,0,0,3,1,0,false
E:\OOD_Projects\ck-mvn-plugin\Memcached-Java-Client-master\src\com\meetup\memcached\ByteBufArrayInputStream.java,com.meetup.memcached.ByteBufArrayInputStream,readLine/0,false,77,1,0,0,0,7,5,21,1,3,0,5,0,0,1,4,0,0,1,11,5,0,4,0,0,0,21,1,0,false
E:\OOD_Projects\ck-mvn-plugin\Memcached-Java-Client-master\src\com\meetup\memcached\ByteBufArrayInputStream.java,com.meetup.memcached.ByteBufArrayInputStream,ByteBufArrayInputStream/1[java.nio.ByteBuffer[]],true,35,0,0,0,0,4,1,5,0,0,1,1,0,0,1,2,0,0,1,1,1,0,1,0,0,0,11,1,0,false
E:\OOD_Projects\ck-mvn-plugin\Memcached-Java-Client-master\src\com\meetup\memcached\ByteBufArrayInputStream.java,com.meetup.memcached.ByteBufArrayInputStream,read/1[byte[]],false,56,1,0,0,0,7,4,16,2,3,1,4,0,0,1,2,0,1,0,5,4,1,2,0,0,0,7,1,0,false
E:\OOD_Projects\ck-mvn-plugin\Memcached-Java-Client-master\src\com\meetup\memcached\ByteBufArrayInputStream.java,com.meetup.memcached.ByteBufArrayInputStream,clearEOL/0,false,106,1,0,0,0,5,1,14,0,2,0,1,0,0,1,3,0,0,0,8,4,0,3,0,0,0,11,1,0,false
E:\OOD_Projects\ck-mvn-plugin\Memcached-Java-Client-master\src\com\meetup\memcached\SockIOPool.java,com.meetup.memcached.SockIOPool$Anonymous1,initialValue/0,false,140,1,1,0,1,2,2,9,1,0,0,2,0,0,0,0,1,0,3,0,0,0,1,0,0,0,15,4,1,false
E:\OOD_Projects\ck-mvn-plugin\Memcached-Java-Client-master\src\com\meetup\memcached\LineInputStream.java,com.meetup.memcached.LineInputStream,clearEOL/0,false,32,0,1,1,0,1,0,1,0,0,0,0,0,0,0,0,0,0,0,0,0,0,0,0,0,0,15,1,0,true
E:\OOD_Projects\ck-mvn-plugin\Memcached-Java-Client-master\src\com\meetup\memcached\LineInputStream.java,com.meetup.memcached.LineInputStream,read/1[byte[]],false,37,1,1,1,0,1,0,1,0,0,1,0,0,0,0,0,0,0,0,0,0,0,0,0,0,0,19,1,0,true
E:\OOD_Projects\ck-mvn-plugin\Memcached-Java-Client-master\src\com\meetup\memcached\LineInputStream.java,com.meetup.memcached.LineInputStream,readLine/0,false,24,0,1,1,0,1,0,1,0,0,0,0,0,0,0,0,0,0,0,0,0,0,0,0,0,0,22,1,0,true
E:\OOD_Projects\ck-mvn-plugin\Memcached-Java-Client-master\src\com\meetup\memcached\test\MemcachedTest.java,com.meetup.memcached.test.MemcachedTest$bench,"bench/4[int,int,int[],java.lang.String[]]",true,105,1,1,1,0,1,0,7,0,0,4,0,0,0,0,0,0,0,0,0,5,0,0,0,0,0,6,1,0,false
E:\OOD_Projects\ck-mvn-plugin\Memcached-Java-Client-master\src\com\meetup\memcached\test\MemcachedTest.java,com.meetup.memcached.test.MemcachedTest$bench,run/0,false,113,1,6,0,6,4,8,28,0,8,0,8,0,0,3,0,0,3,18,7,14,12,1,0,0,0,26,1,0,false
E:\OOD_Projects\ck-mvn-plugin\Memcached-Java-Client-master\src\com\meetup\memcached\test\UnitTests.java,com.meetup.memcached.test.UnitTests$TestClass,getField1/0,false,388,0,1,1,0,1,0,3,1,0,0,0,0,0,0,0,0,0,0,0,0,0,0,0,0,0,2,1,0,false
E:\OOD_Projects\ck-mvn-plugin\Memcached-Java-Client-master\src\com\meetup\memcached\test\UnitTests.java,com.meetup.memcached.test.UnitTests$TestClass,getField2/0,false,389,0,1,1,0,1,0,3,1,0,0,0,0,0,0,0,0,0,0,0,0,0,0,0,0,0,2,1,0,false
E:\OOD_Projects\ck-mvn-plugin\Memcached-Java-Client-master\src\com\meetup\memcached\test\UnitTests.java,com.meetup.memcached.test.UnitTests$TestClass,getField3/0,false,390,0,1,1,0,1,0,3,1,0,0,0,0,0,0,0,0,0,0,0,0,0,0,0,0,0,3,1,0,false
E:\OOD_Projects\ck-mvn-plugin\Memcached-Java-Client-master\src\com\meetup\memcached\test\UnitTests.java,com.meetup.memcached.test.UnitTests$TestClass,"TestClass/3[java.lang.String,java.lang.String,java.lang.Integer]",true,382,0,1,1,0,1,0,5,0,0,3,0,0,0,0,0,0,0,0,0,3,0,0,0,0,0,5,1,0,false
E:\OOD_Projects\ck-mvn-plugin\Memcached-Java-Client-master\src\com\meetup\memcached\test\UnitTests.java,com.meetup.memcached.test.UnitTests$TestClass,equals/1[java.lang.Object],false,392,1,4,1,3,9,5,6,3,1,1,5,3,1,0,7,0,8,0,0,1,0,1,0,0,0,9,1,0,false
E:\OOD_Projects\ck-mvn-plugin\Memcached-Java-Client-master\src\com\meetup\memcached\SockIOPool.java,com.meetup.memcached.SockIOPool,setHashingAlg/1[int],false,462,0,1,1,0,1,0,3,0,0,1,0,0,0,0,0,0,0,0,0,1,0,0,0,0,0,32,1,0,true
E:\OOD_Projects\ck-mvn-plugin\Memcached-Java-Client-master\src\com\meetup\memcached\SockIOPool.java,com.meetup.memcached.SockIOPool,setWeights/1[java.lang.Integer[]],false,254,0,1,1,0,1,0,3,0,0,1,0,0,0,0,0,0,0,0,0,1,0,0,0,0,0,22,1,0,true
E:\OOD_Projects\ck-mvn-plugin\Memcached-Java-Client-master\src\com\meetup\memcached\SockIOPool.java,com.meetup.memcached.SockIOPool,setMaintSleep/1[long],false,340,0,3,3,0,1,0,3,0,0,1,0,0,0,0,0,0,0,0,0,1,0,0,0,0,0,22,1,0,true
E:\OOD_Projects\ck-mvn-plugin\Memcached-Java-Client-master\src\com\meetup\memcached\SockIOPool.java,com.meetup.memcached.SockIOPool,"closePool/1[java.util.Map<java.lang.String,java.util.Map<com.meetup.memcached.SockIOPool.SockIO,java.lang.Long>>]",false,1190,2,4,1,3,4,13,17,0,5,1,13,0,0,2,0,1,0,2,0,6,1,3,0,0,0,25,4,1,true
E:\OOD_Projects\ck-mvn-plugin\Memcached-Java-Client-master\src\com\meetup\memcached\SockIOPool.java,com.meetup.memcached.SockIOPool,setMaxIdle/1[long],false,311,0,0,0,0,1,0,3,0,0,1,0,0,0,0,0,0,0,0,0,1,0,0,0,0,0,12,1,0,true
E:\OOD_Projects\ck-mvn-plugin\Memcached-Java-Client-master\src\com\meetup\memcached\SockIOPool.java,com.meetup.memcached.SockIOPool,"getBucket/2[java.lang.String,java.lang.Integer]",false,559,1,3,1,2,3,3,11,2,2,2,3,2,2,0,1,0,0,0,2,3,1,2,0,0,0,20,2,0,false
E:\OOD_Projects\ck-mvn-plugin\Memcached-Java-Client-master\src\com\meetup\memcached\SockIOPool.java,com.meetup.memcached.SockIOPool,isInitialized/0,false,743,0,1,1,0,1,0,3,1,0,0,0,0,0,0,0,0,0,0,0,0,0,0,0,0,0,10,1,0,true
E:\OOD_Projects\ck-mvn-plugin\Memcached-Java-Client-master\src\com\meetup\memcached\SockIOPool.java,com.meetup.memcached.SockIOPool,checkIn/1[com.meetup.memcached.SockIOPool.SockIO],false,1179,2,2,1,1,1,1,3,0,0,1,1,1,2,0,0,0,0,0,0,0,0,0,0,0,0,25,2,0,true
E:\OOD_Projects\ck-mvn-plugin\Memcached-Java-Client-master\src\com\meetup\memcached\SockIOPool.java,com.meetup.memcached.SockIOPool,setSocketTO/1[int],false,354,0,1,1,0,1,0,3,0,0,1,0,0,0,0,0,0,0,0,0,1,0,0,0,0,0,10,1,0,true
E:\OOD_Projects\ck-mvn-plugin\Memcached-Java-Client-master\src\com\meetup\memcached\SockIOPool.java,com.meetup.memcached.SockIOPool,"addSocketToPool/3[java.util.Map<java.lang.String,java.util.Map<com.meetup.memcached.SockIOPool.SockIO,java.lang.Long>>,java.lang.String,com.meetup.memcached.SockIOPool.SockIO]",false,1069,1,5,5,0,3,5,12,1,2,3,5,0,0,0,1,0,0,0,0,2,0,2,0,0,0,37,4,0,true
E:\OOD_Projects\ck-mvn-plugin\Memcached-Java-Client-master\src\com\meetup\memcached\SockIOPool.java,com.meetup.memcached.SockIOPool,"getHost/2[java.lang.String,java.lang.Integer]",false,845,2,4,1,3,1,3,6,1,2,2,3,1,6,0,0,0,0,0,0,2,0,0,0,0,0,15,1,0,true
E:\OOD_Projects\ck-mvn-plugin\Memcached-Java-Client-master\src\com\meetup\memcached\SockIOPool.java,com.meetup.memcached.SockIOPool,selfMaint/0,false,1290,3,8,1,7,27,31,84,0,26,0,31,2,2,10,1,1,5,16,2,28,12,6,0,0,0,77,4,11,true
E:\OOD_Projects\ck-mvn-plugin\Memcached-Java-Client-master\src\com\meetup\memcached\SockIOPool.java,com.meetup.memcached.SockIOPool,SockIOPool/0,true,204,0,1,1,0,1,0,2,0,0,0,0,0,0,0,0,0,0,0,0,0,0,0,0,0,0,4,4,0,false
E:\OOD_Projects\ck-mvn-plugin\Memcached-Java-Client-master\src\com\meetup\memcached\SockIOPool.java,com.meetup.memcached.SockIOPool,setInitConn/1[int],false,268,0,3,3,0,1,0,3,0,0,1,0,0,0,0,0,0,0,0,0,1,0,0,0,0,0,14,1,0,true
E:\OOD_Projects\ck-mvn-plugin\Memcached-Java-Client-master\src\com\meetup\memcached\SockIOPool.java,com.meetup.memcached.SockIOPool,"removeSocketFromPool/3[java.util.Map<java.lang.String,java.util.Map<com.meetup.memcached.SockIOPool.SockIO,java.lang.Long>>,java.lang.String,com.meetup.memcached.SockIOPool.SockIO]",false,1097,1,1,1,0,3,3,6,0,1,3,3,0,0,0,1,0,0,0,0,1,0,2,0,0,0,34,4,0,true
E:\OOD_Projects\ck-mvn-plugin\Memcached-Java-Client-master\src\com\meetup\memcached\SockIOPool.java,com.meetup.memcached.SockIOPool,getMaxConn/0,false,304,0,0,0,0,1,0,3,1,0,0,0,0,0,0,0,0,0,0,0,0,0,0,0,0,0,13,1,0,true
E:\OOD_Projects\ck-mvn-plugin\Memcached-Java-Client-master\src\com\meetup\memcached\SockIOPool.java,com.meetup.memcached.SockIOPool,"getHash/2[java.lang.String,java.lang.Integer]",false,533,1,4,1,3,7,5,21,7,0,2,5,3,1,0,2,0,0,0,1,1,0,2,0,0,0,36,2,0,true
E:\OOD_Projects\ck-mvn-plugin\Memcached-Java-Client-master\src\com\meetup\memcached\SockIOPool.java,com.meetup.memcached.SockIOPool,populateConsistentBuckets/0,false,682,4,7,1,6,17,11,34,0,11,0,11,2,2,5,6,0,12,11,25,15,18,4,0,0,0,46,2,5,false
E:\OOD_Projects\ck-mvn-plugin\Memcached-Java-Client-master\src\com\meetup\memcached\SockIOPool.java,com.meetup.memcached.SockIOPool,setFailover/1[boolean],false,387,0,1,1,0,1,0,3,0,0,1,0,0,0,0,0,0,0,0,0,1,0,0,0,0,0,27,1,0,true
E:\OOD_Projects\ck-mvn-plugin\Memcached-Java-Client-master\src\com\meetup\memcached\SockIOPool.java,com.meetup.memcached.SockIOPool,getSock/1[java.lang.String],false,859,2,1,0,1,1,1,3,1,0,1,1,1,6,0,0,0,0,0,0,0,0,0,0,0,0,16,1,0,true
E:\OOD_Projects\ck-mvn-plugin\Memcached-Java-Client-master\src\com\meetup\memcached\SockIOPool.java,com.meetup.memcached.SockIOPool,getServers/0,false,244,0,2,2,0,1,0,3,1,0,0,0,0,0,0,0,0,0,0,0,0,0,0,0,0,0,11,1,0,true
E:\OOD_Projects\ck-mvn-plugin\Memcached-Java-Client-master\src\com\meetup\memcached\SockIOPool.java,com.meetup.memcached.SockIOPool,"clearHostFromPool/2[java.util.Map<java.lang.String,java.util.Map<com.meetup.memcached.SockIOPool.SockIO,java.lang.Long>>,java.lang.String]",false,1114,2,3,1,2,6,11,18,0,3,2,11,0,0,1,1,1,0,1,1,4,1,4,0,0,0,42,4,1,true
E:\OOD_Projects\ck-mvn-plugin\Memcached-Java-Client-master\src\com\meetup\memcached\SockIOPool.java,com.meetup.memcached.SockIOPool,setMinConn/1[int],false,283,0,3,3,0,1,0,3,0,0,1,0,0,0,0,0,0,0,0,0,1,0,0,0,0,0,16,1,0,true
E:\OOD_Projects\ck-mvn-plugin\Memcached-Java-Client-master\src\com\meetup\memcached\SockIOPool.java,com.meetup.memcached.SockIOPool,getMaxBusy/0,false,332,0,1,1,0,1,0,3,1,0,0,0,0,0,0,0,0,0,0,0,0,0,0,0,0,0,11,1,0,true
E:\OOD_Projects\ck-mvn-plugin\Memcached-Java-Client-master\src\com\meetup\memcached\SockIOPool.java,com.meetup.memcached.SockIOPool,getMaxIdle/0,false,318,0,0,0,0,1,0,3,1,0,0,0,0,0,0,0,0,0,0,0,0,0,0,0,0,0,11,1,0,true
E:\OOD_Projects\ck-mvn-plugin\Memcached-Java-Client-master\src\com\meetup\memcached\SockIOPool.java,com.meetup.memcached.SockIOPool,getNagle/0,false,449,0,0,0,0,1,0,3,1,0,0,0,0,0,0,0,0,0,0,0,0,0,0,0,0,0,10,1,0,true
E:\OOD_Projects\ck-mvn-plugin\Memcached-Java-Client-master\src\com\meetup\memcached\SockIOPool.java,com.meetup.memcached.SockIOPool,"checkIn/2[com.meetup.memcached.SockIOPool.SockIO,boolean]",false,1145,3,9,2,7,6,8,16,0,1,2,8,2,1,0,0,0,0,6,0,2,3,3,0,0,0,34,2,3,true
E:\OOD_Projects\ck-mvn-plugin\Memcached-Java-Client-master\src\com\meetup\memcached\SockIOPool.java,com.meetup.memcached.SockIOPool,setMaxBusyTime/1[long],false,325,0,0,0,0,1,0,3,0,0,1,0,0,0,0,0,0,0,0,0,1,0,0,0,0,0,13,1,0,true
E:\OOD_Projects\ck-mvn-plugin\Memcached-Java-Client-master\src\com\meetup\memcached\SockIOPool.java,com.meetup.memcached.SockIOPool,md5HashingAlg/1[java.lang.String],false,518,1,1,1,0,1,5,8,1,3,1,5,0,0,0,0,0,7,0,11,3,3,0,0,0,0,22,10,0,true
E:\OOD_Projects\ck-mvn-plugin\Memcached-Java-Client-master\src\com\meetup\memcached\SockIOPool.java,com.meetup.memcached.SockIOPool,setServers/1[java.lang.String[]],false,237,0,4,4,0,1,0,3,0,0,1,0,0,0,0,0,0,0,0,0,1,0,0,0,0,0,10,1,0,true
E:\OOD_Projects\ck-mvn-plugin\Memcached-Java-Client-master\src\com\meetup\memcached\SockIOPool.java,com.meetup.memcached.SockIOPool,getInitConn/0,false,276,0,0,0,0,1,0,3,1,0,0,0,0,0,0,0,0,0,0,0,0,0,0,0,0,0,15,1,0,true
E:\OOD_Projects\ck-mvn-plugin\Memcached-Java-Client-master\src\com\meetup\memcached\SockIOPool.java,com.meetup.memcached.SockIOPool,findPointFor/1[java.lang.Long],false,578,0,1,1,0,2,4,4,1,1,1,4,0,0,0,0,0,1,0,0,1,0,0,0,0,0,20,2,0,true
E:\OOD_Projects\ck-mvn-plugin\Memcached-Java-Client-master\src\com\meetup\memcached\SockIOPool.java,com.meetup.memcached.SockIOPool,shutDown/0,false,1218,3,7,2,5,9,6,28,0,0,0,6,2,1,1,1,1,0,4,1,8,0,4,0,0,0,43,1,4,true
E:\OOD_Projects\ck-mvn-plugin\Memcached-Java-Client-master\src\com\meetup\memcached\SockIOPool.java,com.meetup.memcached.SockIOPool,setSocketConnectTO/1[int],false,368,0,0,0,0,1,0,3,0,0,1,0,0,0,0,0,0,0,0,0,1,0,0,0,0,0,11,1,0,true
E:\OOD_Projects\ck-mvn-plugin\Memcached-Java-Client-master\src\com\meetup\memcached\SockIOPool.java,com.meetup.memcached.SockIOPool,getInstance/1[java.lang.String],false,212,1,5,4,1,2,3,6,2,1,1,3,0,0,0,0,0,0,0,0,1,0,1,0,0,0,20,41,0,true
E:\OOD_Projects\ck-mvn-plugin\Memcached-Java-Client-master\src\com\meetup\memcached\SockIOPool.java,com.meetup.memcached.SockIOPool,getSocketConnectTO/0,false,375,0,0,0,0,1,0,3,1,0,0,0,0,0,0,0,0,0,0,0,0,0,0,0,0,0,11,1,0,true
E:\OOD_Projects\ck-mvn-plugin\Memcached-Java-Client-master\src\com\meetup\memcached\SockIOPool.java,com.meetup.memcached.SockIOPool,setAliveCheck/1[boolean],false,425,0,1,1,0,1,0,3,0,0,1,0,0,0,0,0,0,0,0,0,1,0,0,0,0,0,44,1,0,true
E:\OOD_Projects\ck-mvn-plugin\Memcached-Java-Client-master\src\com\meetup\memcached\SockIOPool.java,com.meetup.memcached.SockIOPool,getHashingAlg/0,false,469,0,0,0,0,1,0,3,1,0,0,0,0,0,0,0,0,0,0,0,0,0,0,0,0,0,12,1,0,true
E:\OOD_Projects\ck-mvn-plugin\Memcached-Java-Client-master\src\com\meetup\memcached\SockIOPool.java,com.meetup.memcached.SockIOPool,getSocketTO/0,false,361,0,0,0,0,1,0,3,1,0,0,0,0,0,0,0,0,0,0,0,0,0,0,0,0,0,10,1,0,true
E:\OOD_Projects\ck-mvn-plugin\Memcached-Java-Client-master\src\com\meetup\memcached\SockIOPool.java,com.meetup.memcached.SockIOPool,getWeights/0,false,261,0,0,0,0,1,0,3,1,0,0,0,0,0,0,0,0,0,0,0,0,0,0,0,0,0,9,1,0,true
E:\OOD_Projects\ck-mvn-plugin\Memcached-Java-Client-master\src\com\meetup\memcached\SockIOPool.java,com.meetup.memcached.SockIOPool,"getSock/2[java.lang.String,java.lang.Integer]",false,874,3,16,7,9,32,20,77,7,7,2,20,2,5,2,15,2,7,9,6,13,3,5,0,0,0,66,1,6,true
E:\OOD_Projects\ck-mvn-plugin\Memcached-Java-Client-master\src\com\meetup\memcached\SockIOPool.java,com.meetup.memcached.SockIOPool,getConnection/1[java.lang.String],false,999,3,10,4,6,11,15,34,4,4,1,15,2,2,1,4,0,0,3,0,4,1,6,0,0,0,42,1,2,true
E:\OOD_Projects\ck-mvn-plugin\Memcached-Java-Client-master\src\com\meetup\memcached\SockIOPool.java,com.meetup.memcached.SockIOPool,setMaxConn/1[int],false,297,0,4,4,0,1,0,3,0,0,1,0,0,0,0,0,0,0,0,0,1,0,0,0,0,0,15,1,0,true
E:\OOD_Projects\ck-mvn-plugin\Memcached-Java-Client-master\src\com\meetup\memcached\SockIOPool.java,com.meetup.memcached.SockIOPool,newCompatHashingAlg/1[java.lang.String],false,502,0,1,1,0,1,3,6,1,2,1,3,0,0,0,0,0,1,0,2,2,1,0,0,0,0,31,10,0,true
E:\OOD_Projects\ck-mvn-plugin\Memcached-Java-Client-master\src\com\meetup\memcached\SockIOPool.java,com.meetup.memcached.SockIOPool,getHost/1[java.lang.String],false,834,1,1,0,1,1,1,3,1,0,1,1,1,7,0,0,0,0,0,0,0,0,0,0,0,0,3,1,0,true
E:\OOD_Projects\ck-mvn-plugin\Memcached-Java-Client-master\src\com\meetup\memcached\SockIOPool.java,com.meetup.memcached.SockIOPool,populateBuckets/0,false,643,3,7,1,6,12,8,26,0,4,0,8,2,2,3,2,0,0,12,3,5,5,4,0,0,0,34,2,6,false
E:\OOD_Projects\ck-mvn-plugin\Memcached-Java-Client-master\src\com\meetup\memcached\SockIOPool.java,com.meetup.memcached.SockIOPool,setNagle/1[boolean],false,442,0,4,4,0,1,0,3,0,0,1,0,0,0,0,0,0,0,0,0,1,0,0,0,0,0,17,1,0,true
E:\OOD_Projects\ck-mvn-plugin\Memcached-Java-Client-master\src\com\meetup\memcached\SockIOPool.java,com.meetup.memcached.SockIOPool,getFailback/0,false,412,0,0,0,0,1,0,3,1,0,0,0,0,0,0,0,0,0,0,0,0,0,0,0,0,0,9,1,0,true
E:\OOD_Projects\ck-mvn-plugin\Memcached-Java-Client-master\src\com\meetup\memcached\SockIOPool.java,com.meetup.memcached.SockIOPool,stopMaintThread/0,false,1280,1,3,1,2,3,2,3,0,0,0,2,0,0,0,1,0,0,0,0,0,0,1,0,0,0,8,4,0,true
E:\OOD_Projects\ck-mvn-plugin\Memcached-Java-Client-master\src\com\meetup\memcached\SockIOPool.java,com.meetup.memcached.SockIOPool,createSocket/1[java.lang.String],false,757,3,12,4,8,15,22,50,2,5,1,22,1,1,0,1,3,4,8,2,9,6,3,0,0,0,62,4,5,true
E:\OOD_Projects\ck-mvn-plugin\Memcached-Java-Client-master\src\com\meetup\memcached\SockIOPool.java,com.meetup.memcached.SockIOPool,origCompatHashingAlg/1[java.lang.String],false,480,1,1,1,0,2,1,8,1,3,1,1,0,0,1,0,0,1,0,3,4,2,1,0,0,0,30,10,0,true
E:\OOD_Projects\ck-mvn-plugin\Memcached-Java-Client-master\src\com\meetup\memcached\SockIOPool.java,com.meetup.memcached.SockIOPool,getFailover/0,false,394,0,0,0,0,1,0,3,1,0,0,0,0,0,0,0,0,0,0,0,0,0,0,0,0,0,9,1,0,true
E:\OOD_Projects\ck-mvn-plugin\Memcached-Java-Client-master\src\com\meetup\memcached\SockIOPool.java,com.meetup.memcached.SockIOPool,getInstance/0,false,228,1,3,2,1,1,1,3,1,0,0,1,1,1,0,0,0,0,1,0,0,0,0,0,0,0,19,9,0,true
E:\OOD_Projects\ck-mvn-plugin\Memcached-Java-Client-master\src\com\meetup\memcached\SockIOPool.java,com.meetup.memcached.SockIOPool,getAliveCheck/0,false,433,0,0,0,0,1,0,3,1,0,0,0,0,0,0,0,0,0,0,0,0,0,0,0,0,0,11,1,0,true
E:\OOD_Projects\ck-mvn-plugin\Memcached-Java-Client-master\src\com\meetup\memcached\SockIOPool.java,com.meetup.memcached.SockIOPool,startMaintThread/0,false,1259,2,5,1,4,3,4,15,0,0,0,4,0,0,0,1,0,0,1,0,1,0,2,0,0,0,27,4,1,true
E:\OOD_Projects\ck-mvn-plugin\Memcached-Java-Client-master\src\com\meetup\memcached\SockIOPool.java,com.meetup.memcached.SockIOPool,setFailback/1[boolean],false,405,0,0,0,0,1,0,3,0,0,1,0,0,0,0,0,0,0,0,0,1,0,0,0,0,0,24,1,0,true
E:\OOD_Projects\ck-mvn-plugin\Memcached-Java-Client-master\src\com\meetup\memcached\SockIOPool.java,com.meetup.memcached.SockIOPool,getMinConn/0,false,290,0,0,0,0,1,0,3,1,0,0,0,0,0,0,0,0,0,0,0,0,0,0,0,0,0,12,1,0,true
E:\OOD_Projects\ck-mvn-plugin\Memcached-Java-Client-master\src\com\meetup\memcached\SockIOPool.java,com.meetup.memcached.SockIOPool,initialize/0,false,592,3,10,4,6,12,6,28,1,0,0,6,3,4,0,6,0,4,7,2,7,6,2,0,0,0,49,1,6,true
E:\OOD_Projects\ck-mvn-plugin\Memcached-Java-Client-master\src\com\meetup\memcached\SockIOPool.java,com.meetup.memcached.SockIOPool,getMaintSleep/0,false,347,0,0,0,0,1,0,3,1,0,0,0,0,0,0,0,0,0,0,0,0,0,0,0,0,0,12,1,0,true
E:\OOD_Projects\ck-mvn-plugin\Memcached-Java-Client-master\src\com\meetup\memcached\test\UnitTests.java,com.meetup.memcached.test.UnitTests,test16/0,false,157,2,3,1,2,1,2,4,0,0,0,2,0,0,0,0,0,0,2,0,0,0,0,0,0,0,6,9,1,false
E:\OOD_Projects\ck-mvn-plugin\Memcached-Java-Client-master\src\com\meetup\memcached\test\UnitTests.java,com.meetup.memcached.test.UnitTests,test13/0,false,126,2,4,1,3,1,4,7,0,2,0,4,0,0,0,0,0,0,3,0,2,0,0,0,0,0,9,9,1,false
E:\OOD_Projects\ck-mvn-plugin\Memcached-Java-Client-master\src\com\meetup\memcached\test\UnitTests.java,com.meetup.memcached.test.UnitTests,test4/0,false,59,2,4,1,3,2,4,6,0,1,0,4,0,0,0,1,0,0,3,0,1,0,0,0,0,0,8,9,1,false
E:\OOD_Projects\ck-mvn-plugin\Memcached-Java-Client-master\src\com\meetup\memcached\test\UnitTests.java,com.meetup.memcached.test.UnitTests,test9/0,false,94,2,4,1,3,2,4,6,0,1,0,4,0,0,0,1,0,0,3,2,1,0,0,0,0,0,8,9,1,false
E:\OOD_Projects\ck-mvn-plugin\Memcached-Java-Client-master\src\com\meetup\memcached\test\UnitTests.java,com.meetup.memcached.test.UnitTests,test10/0,false,101,2,4,1,3,2,4,6,0,1,0,4,0,0,0,1,0,0,3,2,1,0,0,0,0,0,8,9,1,false
E:\OOD_Projects\ck-mvn-plugin\Memcached-Java-Client-master\src\com\meetup\memcached\test\UnitTests.java,com.meetup.memcached.test.UnitTests,test18/0,false,169,2,6,0,6,3,6,11,0,2,0,6,0,0,0,2,0,0,7,4,2,0,0,0,0,0,7,9,1,false
E:\OOD_Projects\ck-mvn-plugin\Memcached-Java-Client-master\src\com\meetup\memcached\test\UnitTests.java,com.meetup.memcached.test.UnitTests,test2/0,false,44,2,4,1,3,2,4,6,0,1,0,4,0,0,0,1,0,0,3,0,1,0,0,0,0,0,8,9,1,false
E:\OOD_Projects\ck-mvn-plugin\Memcached-Java-Client-master\src\com\meetup\memcached\test\UnitTests.java,com.meetup.memcached.test.UnitTests,test22/0,false,230,3,4,1,3,2,4,7,0,2,0,4,0,0,1,0,0,0,3,3,3,0,1,0,0,0,8,9,1,false
E:\OOD_Projects\ck-mvn-plugin\Memcached-Java-Client-master\src\com\meetup\memcached\test\UnitTests.java,com.meetup.memcached.test.UnitTests,test7/0,false,80,2,4,1,3,2,4,6,0,1,0,4,0,0,0,1,0,0,3,2,1,0,0,0,0,0,8,9,1,false
E:\OOD_Projects\ck-mvn-plugin\Memcached-Java-Client-master\src\com\meetup\memcached\test\UnitTests.java,com.meetup.memcached.test.UnitTests,test15/0,false,146,2,4,1,3,3,3,7,0,1,0,3,0,0,0,2,0,0,1,0,2,0,0,0,0,0,6,9,1,false
E:\OOD_Projects\ck-mvn-plugin\Memcached-Java-Client-master\src\com\meetup\memcached\test\UnitTests.java,com.meetup.memcached.test.UnitTests,test12/0,false,115,2,7,1,6,3,6,10,0,2,0,6,0,0,0,2,0,0,6,4,2,0,0,0,0,0,7,9,1,false
E:\OOD_Projects\ck-mvn-plugin\Memcached-Java-Client-master\src\com\meetup\memcached\test\UnitTests.java,com.meetup.memcached.test.UnitTests,test21/0,false,223,2,4,1,3,1,5,6,0,1,0,5,0,0,0,0,0,0,5,0,1,0,0,0,0,0,9,9,1,false
E:\OOD_Projects\ck-mvn-plugin\Memcached-Java-Client-master\src\com\meetup\memcached\test\UnitTests.java,com.meetup.memcached.test.UnitTests,test8/0,false,87,2,4,1,3,2,4,6,0,1,0,4,0,0,0,1,0,0,3,0,1,0,0,0,0,0,8,9,1,false
E:\OOD_Projects\ck-mvn-plugin\Memcached-Java-Client-master\src\com\meetup\memcached\test\UnitTests.java,com.meetup.memcached.test.UnitTests,test3/0,false,51,2,4,1,3,1,4,7,0,2,0,4,0,0,0,0,0,0,4,0,2,0,0,0,0,0,10,9,1,false
E:\OOD_Projects\ck-mvn-plugin\Memcached-Java-Client-master\src\com\meetup\memcached\test\UnitTests.java,com.meetup.memcached.test.UnitTests,test5/0,false,66,2,4,1,3,2,4,6,0,1,0,4,0,0,0,1,0,0,3,2,1,0,0,0,0,0,8,9,1,false
E:\OOD_Projects\ck-mvn-plugin\Memcached-Java-Client-master\src\com\meetup\memcached\test\UnitTests.java,com.meetup.memcached.test.UnitTests,main/1[java.lang.String[]],false,329,3,9,0,9,4,14,24,0,3,1,14,1,2,0,0,1,0,13,13,5,0,2,0,0,0,43,9,0,true
E:\OOD_Projects\ck-mvn-plugin\Memcached-Java-Client-master\src\com\meetup\memcached\test\UnitTests.java,com.meetup.memcached.test.UnitTests,test23/0,false,240,3,6,1,5,1,4,6,0,1,0,4,0,0,0,0,0,0,5,1,1,0,0,0,0,0,11,9,1,false
E:\OOD_Projects\ck-mvn-plugin\Memcached-Java-Client-master\src\com\meetup\memcached\test\UnitTests.java,com.meetup.memcached.test.UnitTests,test17/0,false,162,2,4,1,3,1,4,6,0,1,0,4,0,0,0,0,0,0,3,0,1,0,0,0,0,0,8,9,1,false
E:\OOD_Projects\ck-mvn-plugin\Memcached-Java-Client-master\src\com\meetup\memcached\test\UnitTests.java,com.meetup.memcached.test.UnitTests,test1/0,false,37,2,4,1,3,1,4,6,0,1,0,4,0,0,0,0,0,0,3,0,1,0,0,0,0,0,8,9,1,false
E:\OOD_Projects\ck-mvn-plugin\Memcached-Java-Client-master\src\com\meetup\memcached\test\UnitTests.java,com.meetup.memcached.test.UnitTests,test6/0,false,73,2,4,1,3,1,5,6,0,1,0,5,0,0,0,0,0,0,5,0,1,0,0,0,0,0,9,9,1,false
E:\OOD_Projects\ck-mvn-plugin\Memcached-Java-Client-master\src\com\meetup\memcached\test\UnitTests.java,com.meetup.memcached.test.UnitTests,test14/0,false,134,2,5,1,4,1,4,10,0,0,0,4,0,0,0,0,0,0,8,2,0,0,0,0,0,0,7,9,2,false
E:\OOD_Projects\ck-mvn-plugin\Memcached-Java-Client-master\src\com\meetup\memcached\test\UnitTests.java,com.meetup.memcached.test.UnitTests,test24/0,false,247,2,4,1,3,4,6,14,0,4,0,6,0,0,2,1,0,0,12,0,4,0,1,0,0,0,15,9,1,false
E:\OOD_Projects\ck-mvn-plugin\Memcached-Java-Client-master\src\com\meetup\memcached\test\UnitTests.java,com.meetup.memcached.test.UnitTests,"test20/3[int,int,int]",false,199,3,4,1,3,4,7,17,0,8,3,7,0,0,3,0,0,0,2,6,12,4,2,0,0,0,16,9,2,false
E:\OOD_Projects\ck-mvn-plugin\Memcached-Java-Client-master\src\com\meetup\memcached\test\UnitTests.java,com.meetup.memcached.test.UnitTests,runAlTests/1[com.meetup.memcached.MemcachedClient],false,267,2,25,1,24,3,24,42,0,2,1,24,23,1,2,1,0,1,0,63,2,12,2,0,0,0,31,9,0,false
E:\OOD_Projects\ck-mvn-plugin\Memcached-Java-Client-master\src\com\meetup\memcached\test\UnitTests.java,com.meetup.memcached.test.UnitTests,test19/0,false,184,2,4,1,3,3,6,13,0,5,0,6,0,0,2,0,0,0,3,3,6,2,1,0,0,0,9,9,1,false
E:\OOD_Projects\ck-mvn-plugin\Memcached-Java-Client-master\src\com\meetup\memcached\test\UnitTests.java,com.meetup.memcached.test.UnitTests,test11/0,false,108,2,4,1,3,3,5,10,0,0,0,5,0,0,0,1,1,0,3,2,0,0,1,0,0,0,12,9,1,false
E:\OOD_Projects\ck-mvn-plugin\Memcached-Java-Client-master\src\com\meetup\memcached\NestedIOException.java,com.meetup.memcached.NestedIOException,NestedIOException/1[java.lang.Throwable],true,35,0,2,2,0,1,2,4,0,0,1,2,0,0,0,0,0,0,0,0,0,0,0,0,0,0,13,1,0,true
E:\OOD_Projects\ck-mvn-plugin\Memcached-Java-Client-master\src\com\meetup\memcached\NestedIOException.java,com.meetup.memcached.NestedIOException,"NestedIOException/2[java.lang.String,java.lang.Throwable]",true,40,0,2,2,0,1,1,4,0,0,2,1,0,0,0,0,0,0,0,0,0,0,0,0,0,0,8,1,0,false
E:\OOD_Projects\ck-mvn-plugin\Memcached-Java-Client-master\src\com\meetup\memcached\ErrorHandler.java,com.meetup.memcached.ErrorHandler,"handleErrorOnInit/2[com.meetup.memcached.MemcachedClient,java.lang.Throwable]",false,26,1,0,0,0,1,0,1,0,0,2,0,0,0,0,0,0,0,0,0,0,0,0,0,0,0,12,1,0,true
E:\OOD_Projects\ck-mvn-plugin\Memcached-Java-Client-master\src\com\meetup\memcached\ErrorHandler.java,com.meetup.memcached.ErrorHandler,"handleErrorOnSet/3[com.meetup.memcached.MemcachedClient,java.lang.Throwable,java.lang.String]",false,46,1,2,2,0,1,0,1,0,0,3,0,0,0,0,0,0,0,0,0,0,0,0,0,0,0,15,1,0,true
E:\OOD_Projects\ck-mvn-plugin\Memcached-Java-Client-master\src\com\meetup\memcached\ErrorHandler.java,com.meetup.memcached.ErrorHandler,"handleErrorOnGet/3[com.meetup.memcached.MemcachedClient,java.lang.Throwable,java.lang.String[]]",false,39,1,2,2,0,1,0,1,0,0,3,0,0,0,0,0,0,0,0,0,0,0,0,0,0,0,15,1,0,true
E:\OOD_Projects\ck-mvn-plugin\Memcached-Java-Client-master\src\com\meetup\memcached\ErrorHandler.java,com.meetup.memcached.ErrorHandler,"handleErrorOnFlush/2[com.meetup.memcached.MemcachedClient,java.lang.Throwable]",false,60,1,1,1,0,1,0,1,0,0,2,0,0,0,0,0,0,0,0,0,0,0,0,0,0,0,14,1,0,true
E:\OOD_Projects\ck-mvn-plugin\Memcached-Java-Client-master\src\com\meetup\memcached\ErrorHandler.java,com.meetup.memcached.ErrorHandler,"handleErrorOnGet/3[com.meetup.memcached.MemcachedClient,java.lang.Throwable,java.lang.String]",false,32,1,5,5,0,1,0,1,0,0,3,0,0,0,0,0,0,0,0,0,0,0,0,0,0,0,15,1,0,true
E:\OOD_Projects\ck-mvn-plugin\Memcached-Java-Client-master\src\com\meetup\memcached\ErrorHandler.java,com.meetup.memcached.ErrorHandler,"handleErrorOnStats/2[com.meetup.memcached.MemcachedClient,java.lang.Throwable]",false,66,1,1,1,0,1,0,1,0,0,2,0,0,0,0,0,0,0,0,0,0,0,0,0,0,0,14,1,0,true
E:\OOD_Projects\ck-mvn-plugin\Memcached-Java-Client-master\src\com\meetup\memcached\ErrorHandler.java,com.meetup.memcached.ErrorHandler,"handleErrorOnDelete/3[com.meetup.memcached.MemcachedClient,java.lang.Throwable,java.lang.String]",false,53,1,1,1,0,1,0,1,0,0,3,0,0,0,0,0,0,0,0,0,0,0,0,0,0,0,15,1,0,true
E:\OOD_Projects\ck-mvn-plugin\Memcached-Java-Client-master\src\com\meetup\memcached\test\MemcachedTest.java,com.meetup.memcached.test.MemcachedTest,main/1[java.lang.String[]],false,39,3,10,0,10,7,17,43,0,12,1,17,0,0,4,0,1,0,3,14,14,2,3,0,0,0,39,9,0,true
E:\OOD_Projects\ck-mvn-plugin\Memcached-Java-Client-master\src\com\meetup\memcached\test\MemcachedBench.java,com.meetup.memcached.test.MemcachedBench,main/1[java.lang.String[]],false,32,2,15,0,15,5,20,52,0,18,1,20,0,0,4,0,0,0,14,7,28,16,1,0,0,0,56,9,0,false
E:\OOD_Projects\ck-mvn-plugin\Memcached-Java-Client-master\src\com\meetup\memcached\MemcachedClient.java,com.meetup.memcached.MemcachedClient,"replace/3[java.lang.String,java.lang.Object,java.util.Date]",false,637,1,1,0,1,1,1,3,1,0,3,1,1,2,0,0,0,0,1,0,0,0,0,0,0,0,24,1,0,true
E:\OOD_Projects\ck-mvn-plugin\Memcached-Java-Client-master\src\com\meetup\memcached\MemcachedClient.java,com.meetup.memcached.MemcachedClient,"decr/3[java.lang.String,long,java.lang.Integer]",false,1096,1,1,0,1,1,1,3,1,0,3,1,1,2,0,0,0,0,1,0,0,0,0,0,0,0,28,1,0,true
E:\OOD_Projects\ck-mvn-plugin\Memcached-Java-Client-master\src\com\meetup\memcached\MemcachedClient.java,com.meetup.memcached.MemcachedClient,"delete/2[java.lang.String,java.util.Date]",false,403,1,1,0,1,1,1,3,1,0,2,1,1,2,0,0,0,0,0,0,0,0,0,0,0,0,22,1,0,true
E:\OOD_Projects\ck-mvn-plugin\Memcached-Java-Client-master\src\com\meetup\memcached\MemcachedClient.java,com.meetup.memcached.MemcachedClient,statsItems/1[java.lang.String[]],false,1904,1,2,1,1,1,1,3,1,0,1,1,1,1,0,0,0,0,1,0,0,0,0,0,0,0,33,1,0,true
E:\OOD_Projects\ck-mvn-plugin\Memcached-Java-Client-master\src\com\meetup\memcached\MemcachedClient.java,com.meetup.memcached.MemcachedClient,MemcachedClient/1[java.lang.String],true,235,1,3,2,1,1,1,4,0,0,1,1,1,1,0,0,0,0,0,0,1,0,0,0,0,0,19,1,0,true
E:\OOD_Projects\ck-mvn-plugin\Memcached-Java-Client-master\src\com\meetup\memcached\MemcachedClient.java,com.meetup.memcached.MemcachedClient,keyExists/1[java.lang.String],false,382,1,2,1,1,2,1,3,1,0,1,1,1,2,0,1,0,1,0,0,0,0,0,0,0,0,18,1,0,true
E:\OOD_Projects\ck-mvn-plugin\Memcached-Java-Client-master\src\com\meetup\memcached\MemcachedClient.java,com.meetup.memcached.MemcachedClient,setErrorHandler/1[com.meetup.memcached.ErrorHandler],false,313,1,0,0,0,1,0,3,0,0,1,0,0,0,0,0,0,0,0,0,1,0,0,0,0,0,7,1,0,true
E:\OOD_Projects\ck-mvn-plugin\Memcached-Java-Client-master\src\com\meetup\memcached\MemcachedClient.java,com.meetup.memcached.MemcachedClient,delete/1[java.lang.String],false,392,1,3,2,1,1,1,3,1,0,1,1,1,2,0,0,0,0,0,0,0,0,0,0,0,0,17,1,0,true
E:\OOD_Projects\ck-mvn-plugin\Memcached-Java-Client-master\src\com\meetup\memcached\MemcachedClient.java,com.meetup.memcached.MemcachedClient,"get/3[java.lang.String,java.lang.Integer,boolean]",false,1255,9,25,4,21,32,30,109,5,13,3,30,1,1,2,12,6,3,23,5,21,13,7,0,0,0,116,1,15,true
E:\OOD_Projects\ck-mvn-plugin\Memcached-Java-Client-master\src\com\meetup\memcached\MemcachedClient.java,com.meetup.memcached.MemcachedClient,"loadMulti/3[com.meetup.memcached.LineInputStream,java.util.Map<java.lang.String,java.lang.Object>,boolean]",false,1629,7,14,1,13,25,23,77,0,12,3,23,0,0,2,8,3,3,17,6,17,10,6,0,0,0,99,2,11,true
E:\OOD_Projects\ck-mvn-plugin\Memcached-Java-Client-master\src\com\meetup\memcached\MemcachedClient.java,com.meetup.memcached.MemcachedClient,setCompressThreshold/1[long],false,372,0,1,1,0,1,0,3,0,0,1,0,0,0,0,0,0,0,0,0,1,0,0,0,0,0,27,1,0,true
E:\OOD_Projects\ck-mvn-plugin\Memcached-Java-Client-master\src\com\meetup\memcached\MemcachedClient.java,com.meetup.memcached.MemcachedClient,"storeCounter/2[java.lang.String,java.lang.Long]",false,896,1,1,0,1,1,1,3,1,0,2,1,1,2,0,0,0,0,1,0,0,0,0,0,0,0,16,1,0,true
E:\OOD_Projects\ck-mvn-plugin\Memcached-Java-Client-master\src\com\meetup\memcached\MemcachedClient.java,com.meetup.memcached.MemcachedClient,"getCounter/2[java.lang.String,java.lang.Integer]",false,929,3,6,1,5,5,7,15,2,1,2,7,1,2,0,2,1,0,2,2,2,0,2,0,0,0,29,1,2,true
E:\OOD_Projects\ck-mvn-plugin\Memcached-Java-Client-master\src\com\meetup\memcached\MemcachedClient.java,com.meetup.memcached.MemcachedClient,"statsCacheDump/2[int,int]",false,1945,1,1,0,1,1,1,3,1,0,2,1,1,2,0,0,0,0,0,0,0,0,0,0,0,0,37,1,0,true
E:\OOD_Projects\ck-mvn-plugin\Memcached-Java-Client-master\src\com\meetup\memcached\MemcachedClient.java,com.meetup.memcached.MemcachedClient,get/1[java.lang.String],false,1220,1,20,19,1,1,1,3,1,0,1,1,1,2,0,0,0,0,0,0,0,0,0,0,0,0,37,1,0,true
E:\OOD_Projects\ck-mvn-plugin\Memcached-Java-Client-master\src\com\meetup\memcached\MemcachedClient.java,com.meetup.memcached.MemcachedClient,statsSlabs/1[java.lang.String[]],false,1931,1,2,1,1,1,1,3,1,0,1,1,1,1,0,0,0,0,1,0,0,0,0,0,0,0,33,1,0,true
E:\OOD_Projects\ck-mvn-plugin\Memcached-Java-Client-master\src\com\meetup\memcached\MemcachedClient.java,com.meetup.memcached.MemcachedClient,setSanitizeKeys/1[boolean],false,322,0,0,0,0,1,0,3,0,0,1,0,0,0,0,0,0,0,0,0,1,0,0,0,0,0,15,1,0,true
E:\OOD_Projects\ck-mvn-plugin\Memcached-Java-Client-master\src\com\meetup\memcached\MemcachedClient.java,com.meetup.memcached.MemcachedClient,init/0,false,286,1,6,5,1,2,1,9,0,0,0,1,0,0,0,1,0,1,2,0,7,0,0,0,0,0,26,2,0,true
E:\OOD_Projects\ck-mvn-plugin\Memcached-Java-Client-master\src\com\meetup\memcached\MemcachedClient.java,com.meetup.memcached.MemcachedClient,setClassLoader/1[java.lang.ClassLoader],false,304,0,0,0,0,1,0,3,0,0,1,0,0,0,0,0,0,0,0,0,1,0,0,0,0,0,10,1,0,true
E:\OOD_Projects\ck-mvn-plugin\Memcached-Java-Client-master\src\com\meetup\memcached\MemcachedClient.java,com.meetup.memcached.MemcachedClient,"replace/2[java.lang.String,java.lang.Object]",false,613,1,1,0,1,1,1,3,1,0,2,1,1,2,0,0,0,0,1,0,0,0,0,0,0,0,18,1,0,true
E:\OOD_Projects\ck-mvn-plugin\Memcached-Java-Client-master\src\com\meetup\memcached\MemcachedClient.java,com.meetup.memcached.MemcachedClient,"MemcachedClient/2[java.lang.ClassLoader,com.meetup.memcached.ErrorHandler]",true,259,2,1,0,1,1,1,5,0,0,2,1,1,1,0,0,0,0,0,0,2,0,0,0,0,0,20,1,0,true
E:\OOD_Projects\ck-mvn-plugin\Memcached-Java-Client-master\src\com\meetup\memcached\MemcachedClient.java,com.meetup.memcached.MemcachedClient,"delete/3[java.lang.String,java.lang.Integer,java.util.Date]",false,421,5,15,2,13,15,19,57,5,3,3,19,1,1,0,7,3,0,14,1,7,7,3,0,0,0,84,1,9,true
E:\OOD_Projects\ck-mvn-plugin\Memcached-Java-Client-master\src\com\meetup\memcached\MemcachedClient.java,com.meetup.memcached.MemcachedClient,setDefaultEncoding/1[java.lang.String],false,341,0,0,0,0,1,0,3,0,0,1,0,0,0,0,0,0,0,0,0,1,0,0,0,0,0,14,1,0,true
E:\OOD_Projects\ck-mvn-plugin\Memcached-Java-Client-master\src\com\meetup\memcached\MemcachedClient.java,com.meetup.memcached.MemcachedClient,getMultiArray/1[java.lang.String[]],false,1433,1,1,0,1,1,1,3,1,0,1,1,1,3,0,0,0,0,0,0,0,0,0,0,0,0,30,1,0,true
E:\OOD_Projects\ck-mvn-plugin\Memcached-Java-Client-master\src\com\meetup\memcached\MemcachedClient.java,com.meetup.memcached.MemcachedClient,addOrDecr/1[java.lang.String],false,1000,1,1,0,1,1,1,3,1,0,1,1,1,4,0,0,0,0,0,1,0,0,0,0,0,0,20,1,0,true
E:\OOD_Projects\ck-mvn-plugin\Memcached-Java-Client-master\src\com\meetup\memcached\MemcachedClient.java,com.meetup.memcached.MemcachedClient,"get/2[java.lang.String,java.lang.Integer]",false,1237,1,1,0,1,1,1,3,1,0,2,1,1,2,0,0,0,0,0,0,0,0,0,0,0,0,43,1,0,true
E:\OOD_Projects\ck-mvn-plugin\Memcached-Java-Client-master\src\com\meetup\memcached\MemcachedClient.java,com.meetup.memcached.MemcachedClient,incr/1[java.lang.String],false,1040,1,3,2,1,1,1,3,1,0,1,1,1,2,0,0,0,0,1,1,0,0,0,0,0,0,19,1,0,true
E:\OOD_Projects\ck-mvn-plugin\Memcached-Java-Client-master\src\com\meetup\memcached\MemcachedClient.java,com.meetup.memcached.MemcachedClient,"set/6[java.lang.String,java.lang.String,java.lang.Object,java.util.Date,java.lang.Integer,boolean]",false,674,7,33,17,16,36,31,132,9,8,6,31,1,1,0,13,7,2,30,4,22,13,4,0,0,0,129,2,23,true
E:\OOD_Projects\ck-mvn-plugin\Memcached-Java-Client-master\src\com\meetup\memcached\MemcachedClient.java,com.meetup.memcached.MemcachedClient,"addOrDecr/3[java.lang.String,long,java.lang.Integer]",false,1023,1,4,2,2,2,2,9,2,1,3,2,2,3,0,0,0,0,2,0,1,0,1,0,0,0,34,1,0,true
E:\OOD_Projects\ck-mvn-plugin\Memcached-Java-Client-master\src\com\meetup\memcached\MemcachedClient.java,com.meetup.memcached.MemcachedClient,decr/1[java.lang.String],false,1073,1,1,0,1,1,1,3,1,0,1,1,1,2,0,0,0,0,1,1,0,0,0,0,0,0,19,1,0,true
E:\OOD_Projects\ck-mvn-plugin\Memcached-Java-Client-master\src\com\meetup\memcached\MemcachedClient.java,com.meetup.memcached.MemcachedClient,MemcachedClient/0,true,225,1,3,2,1,1,1,3,0,0,0,1,1,1,0,0,0,0,0,0,0,0,0,0,0,0,7,1,0,true
E:\OOD_Projects\ck-mvn-plugin\Memcached-Java-Client-master\src\com\meetup\memcached\MemcachedClient.java,com.meetup.memcached.MemcachedClient,"add/2[java.lang.String,java.lang.Object]",false,565,1,1,0,1,1,1,3,1,0,2,1,1,2,0,0,0,0,1,0,0,0,0,0,0,0,17,1,0,true
E:\OOD_Projects\ck-mvn-plugin\Memcached-Java-Client-master\src\com\meetup\memcached\MemcachedClient.java,com.meetup.memcached.MemcachedClient,"incr/2[java.lang.String,long]",false,1051,1,3,2,1,1,1,3,1,0,2,1,1,2,0,0,0,0,1,0,0,0,0,0,0,0,24,1,0,true
E:\OOD_Projects\ck-mvn-plugin\Memcached-Java-Client-master\src\com\meetup\memcached\MemcachedClient.java,com.meetup.memcached.MemcachedClient,"stats/3[java.lang.String[],java.lang.String,java.lang.String]",false,1964,4,17,4,13,22,21,66,3,8,3,21,0,0,2,7,2,1,14,5,11,6,5,0,0,0,52,2,12,false
E:\OOD_Projects\ck-mvn-plugin\Memcached-Java-Client-master\src\com\meetup\memcached\MemcachedClient.java,com.meetup.memcached.MemcachedClient,stats/1[java.lang.String[]],false,1877,1,2,1,1,1,1,3,1,0,1,1,1,1,0,0,0,0,1,0,0,0,0,0,0,0,33,1,0,true
E:\OOD_Projects\ck-mvn-plugin\Memcached-Java-Client-master\src\com\meetup\memcached\MemcachedClient.java,com.meetup.memcached.MemcachedClient,"getMultiArray/3[java.lang.String[],java.lang.Integer[],boolean]",false,1462,1,3,2,1,3,2,9,2,3,3,2,1,2,1,1,0,0,0,1,4,0,1,0,0,0,42,1,0,true
E:\OOD_Projects\ck-mvn-plugin\Memcached-Java-Client-master\src\com\meetup\memcached\MemcachedClient.java,com.meetup.memcached.MemcachedClient,"addOrIncr/2[java.lang.String,long]",false,971,1,1,0,1,1,1,3,1,0,2,1,1,4,0,0,0,0,0,0,0,0,0,0,0,0,24,1,0,true
E:\OOD_Projects\ck-mvn-plugin\Memcached-Java-Client-master\src\com\meetup\memcached\MemcachedClient.java,com.meetup.memcached.MemcachedClient,"incr/3[java.lang.String,long,java.lang.Integer]",false,1063,1,1,0,1,1,1,3,1,0,3,1,1,2,0,0,0,0,1,0,0,0,0,0,0,0,28,1,0,true
E:\OOD_Projects\ck-mvn-plugin\Memcached-Java-Client-master\src\com\meetup\memcached\MemcachedClient.java,com.meetup.memcached.MemcachedClient,"set/3[java.lang.String,java.lang.Object,java.lang.Integer]",false,529,1,1,0,1,1,1,3,1,0,3,1,1,2,0,0,0,0,1,0,0,0,0,0,0,0,23,1,0,true
E:\OOD_Projects\ck-mvn-plugin\Memcached-Java-Client-master\src\com\meetup\memcached\MemcachedClient.java,com.meetup.memcached.MemcachedClient,"add/4[java.lang.String,java.lang.Object,java.util.Date,java.lang.Integer]",false,602,1,1,0,1,1,1,3,1,0,4,1,1,2,0,0,0,0,1,0,0,0,0,0,0,0,29,1,0,true
E:\OOD_Projects\ck-mvn-plugin\Memcached-Java-Client-master\src\com\meetup\memcached\MemcachedClient.java,com.meetup.memcached.MemcachedClient,"add/3[java.lang.String,java.lang.Object,java.lang.Integer]",false,577,1,1,0,1,1,1,3,1,0,3,1,1,2,0,0,0,0,1,0,0,0,0,0,0,0,25,1,0,true
E:\OOD_Projects\ck-mvn-plugin\Memcached-Java-Client-master\src\com\meetup\memcached\MemcachedClient.java,com.meetup.memcached.MemcachedClient,sanitizeKey/1[java.lang.String],false,1754,0,5,5,0,2,1,3,1,0,1,1,0,0,0,0,0,1,1,0,0,0,0,0,0,0,7,2,0,false
E:\OOD_Projects\ck-mvn-plugin\Memcached-Java-Client-master\src\com\meetup\memcached\MemcachedClient.java,com.meetup.memcached.MemcachedClient,flushAll/0,false,1765,1,1,0,1,1,1,3,1,0,0,1,1,1,0,0,0,0,0,0,0,0,0,0,0,0,15,1,0,true
E:\OOD_Projects\ck-mvn-plugin\Memcached-Java-Client-master\src\com\meetup\memcached\MemcachedClient.java,com.meetup.memcached.MemcachedClient,"incrdecr/4[java.lang.String,java.lang.String,long,java.lang.Integer]",false,1115,5,24,8,16,16,22,60,5,3,4,22,1,1,0,7,4,0,12,4,6,5,4,0,0,0,80,2,10,true
E:\OOD_Projects\ck-mvn-plugin\Memcached-Java-Client-master\src\com\meetup\memcached\MemcachedClient.java,com.meetup.memcached.MemcachedClient,getCounter/1[java.lang.String],false,918,1,3,2,1,1,1,3,1,0,1,1,1,3,0,0,0,0,0,0,0,0,0,0,0,0,15,1,0,true
E:\OOD_Projects\ck-mvn-plugin\Memcached-Java-Client-master\src\com\meetup\memcached\MemcachedClient.java,com.meetup.memcached.MemcachedClient,"replace/3[java.lang.String,java.lang.Object,java.lang.Integer]",false,625,1,1,0,1,1,1,3,1,0,3,1,1,2,0,0,0,0,1,0,0,0,0,0,0,0,26,1,0,true
E:\OOD_Projects\ck-mvn-plugin\Memcached-Java-Client-master\src\com\meetup\memcached\MemcachedClient.java,com.meetup.memcached.MemcachedClient,stats/0,false,1863,1,1,0,1,1,1,3,1,0,0,1,1,2,0,0,0,0,0,0,0,0,0,0,0,0,24,1,0,true
E:\OOD_Projects\ck-mvn-plugin\Memcached-Java-Client-master\src\com\meetup\memcached\MemcachedClient.java,com.meetup.memcached.MemcachedClient,"replace/4[java.lang.String,java.lang.Object,java.util.Date,java.lang.Integer]",false,650,1,1,0,1,1,1,3,1,0,4,1,1,2,0,0,0,0,1,0,0,0,0,0,0,0,30,1,0,true
E:\OOD_Projects\ck-mvn-plugin\Memcached-Java-Client-master\src\com\meetup\memcached\MemcachedClient.java,com.meetup.memcached.MemcachedClient,"set/2[java.lang.String,java.lang.Object]",false,517,1,24,23,1,1,1,3,1,0,2,1,1,2,0,0,0,0,1,0,0,0,0,0,0,0,17,1,0,true
E:\OOD_Projects\ck-mvn-plugin\Memcached-Java-Client-master\src\com\meetup\memcached\MemcachedClient.java,com.meetup.memcached.MemcachedClient,addOrIncr/1[java.lang.String],false,960,1,2,1,1,1,1,3,1,0,1,1,1,4,0,0,0,0,0,1,0,0,0,0,0,0,20,1,0,true
E:\OOD_Projects\ck-mvn-plugin\Memcached-Java-Client-master\src\com\meetup\memcached\MemcachedClient.java,com.meetup.memcached.MemcachedClient,"add/3[java.lang.String,java.lang.Object,java.util.Date]",false,589,1,1,0,1,1,1,3,1,0,3,1,1,2,0,0,0,0,1,0,0,0,0,0,0,0,23,1,0,true
E:\OOD_Projects\ck-mvn-plugin\Memcached-Java-Client-master\src\com\meetup\memcached\MemcachedClient.java,com.meetup.memcached.MemcachedClient,"storeCounter/2[java.lang.String,long]",false,885,1,3,2,1,1,1,3,1,0,2,1,1,2,0,0,0,0,1,0,0,0,0,0,0,0,17,1,0,true
E:\OOD_Projects\ck-mvn-plugin\Memcached-Java-Client-master\src\com\meetup\memcached\MemcachedClient.java,com.meetup.memcached.MemcachedClient,statsSlabs/0,false,1917,1,2,1,1,1,1,3,1,0,0,1,1,2,0,0,0,0,0,0,0,0,0,0,0,0,25,1,0,true
E:\OOD_Projects\ck-mvn-plugin\Memcached-Java-Client-master\src\com\meetup\memcached\MemcachedClient.java,com.meetup.memcached.MemcachedClient,"MemcachedClient/3[java.lang.ClassLoader,com.meetup.memcached.ErrorHandler,java.lang.String]",true,274,2,1,0,1,1,1,6,0,0,3,1,1,1,0,0,0,0,0,0,3,0,0,0,0,0,27,1,0,true
E:\OOD_Projects\ck-mvn-plugin\Memcached-Java-Client-master\src\com\meetup\memcached\MemcachedClient.java,com.meetup.memcached.MemcachedClient,"set/4[java.lang.String,java.lang.Object,java.util.Date,java.lang.Integer]",false,554,1,1,0,1,1,1,3,1,0,4,1,1,2,0,0,0,0,1,0,0,0,0,0,0,0,29,1,0,true
E:\OOD_Projects\ck-mvn-plugin\Memcached-Java-Client-master\src\com\meetup\memcached\MemcachedClient.java,com.meetup.memcached.MemcachedClient,"storeCounter/3[java.lang.String,java.lang.Long,java.lang.Integer]",false,908,1,1,0,1,1,1,3,1,0,3,1,1,2,0,0,0,0,1,0,0,0,0,0,0,0,23,1,0,true
E:\OOD_Projects\ck-mvn-plugin\Memcached-Java-Client-master\src\com\meetup\memcached\MemcachedClient.java,com.meetup.memcached.MemcachedClient,getMulti/1[java.lang.String[]],false,1488,1,5,4,1,1,1,3,1,0,1,1,1,2,0,0,0,0,0,0,0,0,0,0,0,0,38,1,0,true
E:\OOD_Projects\ck-mvn-plugin\Memcached-Java-Client-master\src\com\meetup\memcached\MemcachedClient.java,com.meetup.memcached.MemcachedClient,setCompressEnable/1[boolean],false,358,0,3,3,0,1,0,3,0,0,1,0,0,0,0,0,0,0,0,0,1,0,0,0,0,0,35,1,0,true
E:\OOD_Projects\ck-mvn-plugin\Memcached-Java-Client-master\src\com\meetup\memcached\MemcachedClient.java,com.meetup.memcached.MemcachedClient,"getMulti/3[java.lang.String[],java.lang.Integer[],boolean]",false,1521,6,16,3,13,20,23,54,2,8,3,23,1,1,2,8,2,1,10,2,11,3,3,0,0,0,73,1,6,true
E:\OOD_Projects\ck-mvn-plugin\Memcached-Java-Client-master\src\com\meetup\memcached\MemcachedClient.java,com.meetup.memcached.MemcachedClient,flushAll/1[java.lang.String[]],false,1778,4,12,1,11,13,14,46,3,5,1,14,0,0,1,7,2,2,7,2,11,2,3,0,0,0,53,1,6,true
E:\OOD_Projects\ck-mvn-plugin\Memcached-Java-Client-master\src\com\meetup\memcached\MemcachedClient.java,com.meetup.memcached.MemcachedClient,"statsCacheDump/3[java.lang.String[],int,int]",false,1960,1,2,1,1,1,2,3,1,0,3,2,1,1,0,0,0,0,1,0,0,0,0,0,0,0,45,1,0,true
E:\OOD_Projects\ck-mvn-plugin\Memcached-Java-Client-master\src\com\meetup\memcached\MemcachedClient.java,com.meetup.memcached.MemcachedClient,"set/3[java.lang.String,java.lang.Object,java.util.Date]",false,541,1,2,1,1,1,1,3,1,0,3,1,1,2,0,0,0,0,1,0,0,0,0,0,0,0,23,1,0,true
E:\OOD_Projects\ck-mvn-plugin\Memcached-Java-Client-master\src\com\meetup\memcached\MemcachedClient.java,com.meetup.memcached.MemcachedClient,MemcachedClient/1[java.lang.ClassLoader],true,246,1,1,0,1,1,1,4,0,0,1,1,1,1,0,0,0,0,0,0,1,0,0,0,0,0,16,1,0,true
E:\OOD_Projects\ck-mvn-plugin\Memcached-Java-Client-master\src\com\meetup\memcached\MemcachedClient.java,com.meetup.memcached.MemcachedClient,"addOrIncr/3[java.lang.String,long,java.lang.Integer]",false,983,1,4,2,2,2,2,9,2,1,3,2,2,3,0,0,0,0,2,0,1,0,1,0,0,0,33,1,0,true
E:\OOD_Projects\ck-mvn-plugin\Memcached-Java-Client-master\src\com\meetup\memcached\MemcachedClient.java,com.meetup.memcached.MemcachedClient,"getMultiArray/2[java.lang.String[],java.lang.Integer[]]",false,1447,1,1,0,1,1,1,3,1,0,2,1,1,3,0,0,0,0,0,0,0,0,0,0,0,0,35,1,0,true
E:\OOD_Projects\ck-mvn-plugin\Memcached-Java-Client-master\src\com\meetup\memcached\MemcachedClient.java,com.meetup.memcached.MemcachedClient,setPrimitiveAsString/1[boolean],false,331,0,0,0,0,1,0,3,0,0,1,0,0,0,0,0,0,0,0,0,1,0,0,0,0,0,15,1,0,true
E:\OOD_Projects\ck-mvn-plugin\Memcached-Java-Client-master\src\com\meetup\memcached\MemcachedClient.java,com.meetup.memcached.MemcachedClient,"addOrDecr/2[java.lang.String,long]",false,1011,1,1,0,1,1,1,3,1,0,2,1,1,4,0,0,0,0,0,0,0,0,0,0,0,0,25,1,0,true
E:\OOD_Projects\ck-mvn-plugin\Memcached-Java-Client-master\src\com\meetup\memcached\MemcachedClient.java,com.meetup.memcached.MemcachedClient,"decr/2[java.lang.String,long]",false,1084,1,3,2,1,1,1,3,1,0,2,1,1,2,0,0,0,0,1,0,0,0,0,0,0,0,26,1,0,true
E:\OOD_Projects\ck-mvn-plugin\Memcached-Java-Client-master\src\com\meetup\memcached\MemcachedClient.java,com.meetup.memcached.MemcachedClient,"getMulti/2[java.lang.String[],java.lang.Integer[]]",false,1504,1,1,0,1,1,1,3,1,0,2,1,1,2,0,0,0,0,0,0,0,0,0,0,0,0,41,1,0,true
E:\OOD_Projects\ck-mvn-plugin\Memcached-Java-Client-master\src\com\meetup\memcached\MemcachedClient.java,com.meetup.memcached.MemcachedClient,statsItems/0,false,1890,1,2,1,1,1,1,3,1,0,0,1,1,2,0,0,0,0,0,0,0,0,0,0,0,0,25,1,0,true
E:\OOD_Projects\ck-mvn-plugin\Memcached-Java-Client-master\src\com\meetup\memcached\MemcachedClient.java,com.meetup.memcached.MemcachedClient$NIOLoader$Connection,isDone/0,false,2125,0,2,2,0,8,4,15,3,4,0,4,0,0,2,1,0,0,0,8,5,3,3,0,0,0,11,1,0,false
E:\OOD_Projects\ck-mvn-plugin\Memcached-Java-Client-master\src\com\meetup\memcached\MemcachedClient.java,com.meetup.memcached.MemcachedClient$NIOLoader$Connection,"Connection/2[com.meetup.memcached.SockIOPool.SockIO,java.lang.StringBuilder]",true,2084,2,5,1,4,3,10,9,0,0,2,10,0,0,0,1,0,0,3,0,3,2,1,0,0,0,13,1,1,false
E:\OOD_Projects\ck-mvn-plugin\Memcached-Java-Client-master\src\com\meetup\memcached\MemcachedClient.java,com.meetup.memcached.MemcachedClient$NIOLoader$Connection,toString/0,false,2161,1,1,0,1,1,2,3,1,0,0,2,0,0,0,0,0,0,3,0,0,1,0,0,0,0,7,1,0,false
E:\OOD_Projects\ck-mvn-plugin\Memcached-Java-Client-master\src\com\meetup\memcached\MemcachedClient.java,com.meetup.memcached.MemcachedClient$NIOLoader$Connection,getBuffer/0,false,2149,0,1,1,0,3,5,11,2,2,0,5,0,0,0,0,0,0,0,3,2,1,1,0,0,0,6,1,0,false
E:\OOD_Projects\ck-mvn-plugin\Memcached-Java-Client-master\src\com\meetup\memcached\MemcachedClient.java,com.meetup.memcached.MemcachedClient$NIOLoader$Connection,close/0,false,2099,2,7,1,6,6,8,20,1,0,0,8,0,0,0,0,2,0,3,0,0,2,3,0,0,0,16,1,3,false
E:\OOD_Projects\ck-mvn-plugin\Memcached-Java-Client-master\src\com\meetup\memcached\ContextObjectInputStream.java,com.meetup.memcached.ContextObjectInputStream,resolveClass/1[java.io.ObjectStreamClass],false,38,0,0,0,0,2,3,4,2,0,1,3,0,0,0,1,0,0,0,0,0,0,1,0,0,0,11,4,0,false
E:\OOD_Projects\ck-mvn-plugin\Memcached-Java-Client-master\src\com\meetup\memcached\ContextObjectInputStream.java,com.meetup.memcached.ContextObjectInputStream,"ContextObjectInputStream/2[java.io.InputStream,java.lang.ClassLoader]",true,33,0,2,2,0,1,0,4,0,0,2,0,0,0,0,0,0,0,0,0,1,0,0,0,0,0,10,1,0,false
