file,class,method,variable,usage
E:\OOD_Projects\ck-mvn-plugin\java-console-chat-master\src\multiUserChatApplication\ChatServer.java,multiUserChatApplication.ChatServer$ClientHandler,run/0,in,3
E:\OOD_Projects\ck-mvn-plugin\java-console-chat-master\src\multiUserChatApplication\ChatServer.java,multiUserChatApplication.ChatServer$ClientHandler,run/0,name,13
E:\OOD_Projects\ck-mvn-plugin\java-console-chat-master\src\multiUserChatApplication\ChatServer.java,multiUserChatApplication.ChatServer$ClientHandler,run/0,socket,3
E:\OOD_Projects\ck-mvn-plugin\java-console-chat-master\src\multiUserChatApplication\ChatServer.java,multiUserChatApplication.ChatServer$ClientHandler,run/0,out,6
E:\OOD_Projects\ck-mvn-plugin\java-console-chat-master\src\multiUserChatApplication\ChatServer.java,multiUserChatApplication.ChatServer$ClientHandler,ClientHandler/1[java.net.Socket],socket,3
E:\OOD_Projects\ck-mvn-plugin\java-console-chat-master\src\multiUserChatApplication\ChatServer.java,multiUserChatApplication.ChatServer,stop/0,listener,2
E:\OOD_Projects\ck-mvn-plugin\java-console-chat-master\src\multiUserChatApplication\ChatServer.java,multiUserChatApplication.ChatServer,broadcastMessage/1[java.lang.String],connectedClients,1
E:\OOD_Projects\ck-mvn-plugin\java-console-chat-master\src\multiUserChatApplication\ChatServer.java,multiUserChatApplication.ChatServer,start/1[boolean],connectedClients,1
E:\OOD_Projects\ck-mvn-plugin\java-console-chat-master\src\multiUserChatApplication\ChatServer.java,multiUserChatApplication.ChatServer,start/1[boolean],PORT,2
E:\OOD_Projects\ck-mvn-plugin\java-console-chat-master\src\multiUserChatApplication\ChatServer.java,multiUserChatApplication.ChatServer,start/1[boolean],listener,2
E:\OOD_Projects\ck-mvn-plugin\java-console-chat-master\src\multiUserChatApplication\ChatServer.java,multiUserChatApplication.ChatServer,start/1[boolean],MAX_CONNECTED,1
E:\OOD_Projects\ck-mvn-plugin\java-console-chat-master\src\multiUserChatApplication\ChatServer.java,multiUserChatApplication.ChatServer,start/1[boolean],verbose,3
E:\OOD_Projects\ck-mvn-plugin\java-console-chat-master\src\multiUserChatApplication\ConsoleChatClient.java,multiUserChatApplication.ConsoleChatClient$Listener,run/0,in,2
E:\OOD_Projects\ck-mvn-plugin\java-console-chat-master\src\multiUserChatApplication\ConsoleChatClient.java,multiUserChatApplication.ConsoleChatClient,main/1[java.lang.String[]],clientSocket,1
E:\OOD_Projects\ck-mvn-plugin\java-console-chat-master\src\multiUserChatApplication\ConsoleChatClient.java,multiUserChatApplication.ConsoleChatClient$Writer,run/0,out,2
