file,class,method,variable,usage
E:\OOD_Projects\ck-mvn-plugin\java-console-chat-master\src\multiUserChatApplication\ChatServer.java,multiUserChatApplication.ChatServer$ClientHandler,run/0,e,1
E:\OOD_Projects\ck-mvn-plugin\java-console-chat-master\src\multiUserChatApplication\ChatServer.java,multiUserChatApplication.ChatServer$ClientHandler,run/0,message,4
E:\OOD_Projects\ck-mvn-plugin\java-console-chat-master\src\multiUserChatApplication\ChatServer.java,multiUserChatApplication.ChatServer$ClientHandler,ClientHandler/1[java.net.Socket],socket,2
E:\OOD_Projects\ck-mvn-plugin\java-console-chat-master\src\testing\Testing.java,testing.Testing,testConnection/0,aSock,2
E:\OOD_Projects\ck-mvn-plugin\java-console-chat-master\src\multiUserChatApplication\ChatServer.java,multiUserChatApplication.ChatServer,main/1[java.lang.String[]],args,2
E:\OOD_Projects\ck-mvn-plugin\java-console-chat-master\src\multiUserChatApplication\ChatServer.java,multiUserChatApplication.ChatServer,main/1[java.lang.String[]],isVerbose,2
E:\OOD_Projects\ck-mvn-plugin\java-console-chat-master\src\multiUserChatApplication\ChatServer.java,multiUserChatApplication.ChatServer,broadcastMessage/1[java.lang.String],p,1
E:\OOD_Projects\ck-mvn-plugin\java-console-chat-master\src\multiUserChatApplication\ChatServer.java,multiUserChatApplication.ChatServer,broadcastMessage/1[java.lang.String],message,1
E:\OOD_Projects\ck-mvn-plugin\java-console-chat-master\src\multiUserChatApplication\ChatServer.java,multiUserChatApplication.ChatServer,start/1[boolean],newClient,1
E:\OOD_Projects\ck-mvn-plugin\java-console-chat-master\src\multiUserChatApplication\ChatServer.java,multiUserChatApplication.ChatServer,start/1[boolean],e,2
E:\OOD_Projects\ck-mvn-plugin\java-console-chat-master\src\multiUserChatApplication\ChatServer.java,multiUserChatApplication.ChatServer,start/1[boolean],isVerbose,1
E:\OOD_Projects\ck-mvn-plugin\java-console-chat-master\src\multiUserChatApplication\ConsoleChatClient.java,multiUserChatApplication.ConsoleChatClient$Listener,run/0,read,4
E:\OOD_Projects\ck-mvn-plugin\java-console-chat-master\src\multiUserChatApplication\ConsoleChatClient.java,multiUserChatApplication.ConsoleChatClient$Listener,run/0,e,0
E:\OOD_Projects\ck-mvn-plugin\java-console-chat-master\src\testing\TestClient.java,testing.TestClient,"sendMessage/2[java.net.Socket,java.lang.String]",clientSocket,1
E:\OOD_Projects\ck-mvn-plugin\java-console-chat-master\src\testing\TestClient.java,testing.TestClient,"sendMessage/2[java.net.Socket,java.lang.String]",e,0
E:\OOD_Projects\ck-mvn-plugin\java-console-chat-master\src\testing\TestClient.java,testing.TestClient,"sendMessage/2[java.net.Socket,java.lang.String]",message,1
E:\OOD_Projects\ck-mvn-plugin\java-console-chat-master\src\testing\TestClient.java,testing.TestClient,"sendMessage/2[java.net.Socket,java.lang.String]",out,2
E:\OOD_Projects\ck-mvn-plugin\java-console-chat-master\src\testing\TestClient.java,testing.TestClient,"initConnection/2[java.net.Socket,java.lang.String]",clientSocket,1
E:\OOD_Projects\ck-mvn-plugin\java-console-chat-master\src\testing\TestClient.java,testing.TestClient,"initConnection/2[java.net.Socket,java.lang.String]",e,0
E:\OOD_Projects\ck-mvn-plugin\java-console-chat-master\src\testing\TestClient.java,testing.TestClient,"initConnection/2[java.net.Socket,java.lang.String]",name,1
E:\OOD_Projects\ck-mvn-plugin\java-console-chat-master\src\testing\TestClient.java,testing.TestClient,"initConnection/2[java.net.Socket,java.lang.String]",out,3
E:\OOD_Projects\ck-mvn-plugin\java-console-chat-master\src\multiUserChatApplication\ConsoleChatClient.java,multiUserChatApplication.ConsoleChatClient,main/1[java.lang.String[]],args,2
E:\OOD_Projects\ck-mvn-plugin\java-console-chat-master\src\multiUserChatApplication\ConsoleChatClient.java,multiUserChatApplication.ConsoleChatClient,main/1[java.lang.String[]],e,1
E:\OOD_Projects\ck-mvn-plugin\java-console-chat-master\src\multiUserChatApplication\ConsoleChatClient.java,multiUserChatApplication.ConsoleChatClient$Writer,run/0,e,0
E:\OOD_Projects\ck-mvn-plugin\java-console-chat-master\src\multiUserChatApplication\ConsoleChatClient.java,multiUserChatApplication.ConsoleChatClient$Writer,run/0,write,3
