file,class,method,constructor,line,cbo,cboModified,fanin,fanout,wmc,rfc,loc,returnsQty,variablesQty,parametersQty,methodsInvokedQty,methodsInvokedLocalQty,methodsInvokedIndirectLocalQty,loopQty,comparisonsQty,tryCatchQty,parenthesizedExpsQty,stringLiteralsQty,numbersQty,assignmentsQty,mathOperationsQty,maxNestedBlocksQty,anonymousClassesQty,innerClassesQty,lambdasQty,uniqueWordsQty,modifiers,logStatementsQty,hasJavaDoc
E:\OOD_Projects\ck-mvn-plugin\Pizza-Ordering-System-master\src\PizzaOrderSystem\ManagerView.java,PizzaOrderSystem.ManagerView$ViewMenuFrame,ViewMenuFrame/0,true,835,1,5,1,4,2,21,40,0,11,0,21,0,0,0,0,1,4,6,4,12,4,1,0,0,0,40,1,0,false
E:\OOD_Projects\ck-mvn-plugin\Pizza-Ordering-System-master\src\PizzaOrderSystem\ManagerView.java,PizzaOrderSystem.ManagerView$ViewMenuFrame,actionPerformed/1[java.awt.event.ActionEvent],false,885,0,0,0,0,2,2,5,0,0,1,2,0,0,0,1,0,0,0,0,0,0,1,0,0,0,9,1,0,false
E:\OOD_Projects\ck-mvn-plugin\Pizza-Ordering-System-master\src\PizzaOrderSystem\Main.java,PizzaOrderSystem.Main,main/1[java.lang.String[]],false,7,5,5,0,5,1,0,7,0,5,1,0,0,0,0,0,0,0,4,0,5,0,0,0,0,0,16,9,0,false
E:\OOD_Projects\ck-mvn-plugin\Pizza-Ordering-System-master\src\PizzaOrderSystem\FacadeModel.java,PizzaOrderSystem.FacadeModel,register/1[PizzaOrderSystem.ManagerInterface],false,181,2,1,0,1,2,4,7,0,0,1,4,1,1,0,0,0,0,1,0,0,0,1,0,0,0,9,33,0,false
E:\OOD_Projects\ck-mvn-plugin\Pizza-Ordering-System-master\src\PizzaOrderSystem\FacadeModel.java,PizzaOrderSystem.FacadeModel,getStoreManager/0,false,166,1,0,0,0,1,0,3,1,0,0,0,0,0,0,0,0,0,0,0,0,0,0,0,0,0,4,1,0,false
E:\OOD_Projects\ck-mvn-plugin\Pizza-Ordering-System-master\src\PizzaOrderSystem\FacadeModel.java,PizzaOrderSystem.FacadeModel,showDrinks/0,false,60,2,2,0,2,3,3,10,2,1,0,3,0,0,1,1,0,0,2,1,2,1,2,0,0,0,6,1,0,false
E:\OOD_Projects\ck-mvn-plugin\Pizza-Ordering-System-master\src\PizzaOrderSystem\FacadeModel.java,PizzaOrderSystem.FacadeModel,register/1[PizzaOrderSystem.CustomerInterFace],false,191,2,1,0,1,2,4,7,0,0,1,4,1,1,0,0,0,0,1,0,0,0,1,0,0,0,10,33,0,false
E:\OOD_Projects\ck-mvn-plugin\Pizza-Ordering-System-master\src\PizzaOrderSystem\FacadeModel.java,PizzaOrderSystem.FacadeModel,"createCustomer/4[java.lang.String,java.lang.String,java.lang.String,java.lang.String]",false,48,1,1,0,1,1,0,4,0,0,4,0,0,0,0,0,0,0,0,0,2,0,0,0,0,0,8,1,0,false
E:\OOD_Projects\ck-mvn-plugin\Pizza-Ordering-System-master\src\PizzaOrderSystem\FacadeModel.java,PizzaOrderSystem.FacadeModel,callback/0,false,200,1,4,3,1,2,4,8,0,2,0,4,0,0,1,0,0,0,3,1,2,0,1,0,0,0,9,33,0,false
E:\OOD_Projects\ck-mvn-plugin\Pizza-Ordering-System-master\src\PizzaOrderSystem\FacadeModel.java,PizzaOrderSystem.FacadeModel,"paythebill/4[PizzaOrderSystem.Order,java.lang.String,java.lang.String,java.lang.String]",false,31,2,5,1,4,4,4,7,2,0,4,4,0,0,0,0,0,0,0,0,0,0,1,0,0,0,8,1,0,false
E:\OOD_Projects\ck-mvn-plugin\Pizza-Ordering-System-master\src\PizzaOrderSystem\FacadeModel.java,PizzaOrderSystem.FacadeModel,getflag/0,false,57,0,2,2,0,1,0,3,1,0,0,0,0,0,0,0,0,0,0,0,0,0,0,0,0,0,2,1,0,false
E:\OOD_Projects\ck-mvn-plugin\Pizza-Ordering-System-master\src\PizzaOrderSystem\FacadeModel.java,PizzaOrderSystem.FacadeModel,showPizzas/0,false,88,2,2,0,2,3,3,10,2,1,0,3,0,0,1,1,0,0,2,1,2,1,2,0,0,0,6,1,0,false
E:\OOD_Projects\ck-mvn-plugin\Pizza-Ordering-System-master\src\PizzaOrderSystem\FacadeModel.java,PizzaOrderSystem.FacadeModel,showAppetizers/0,false,77,2,2,0,2,3,3,10,2,1,0,3,0,0,1,1,0,0,2,1,2,1,2,0,0,0,6,1,0,false
E:\OOD_Projects\ck-mvn-plugin\Pizza-Ordering-System-master\src\PizzaOrderSystem\FacadeModel.java,PizzaOrderSystem.FacadeModel,"checkAccount/2[java.lang.String,char[]]",false,155,2,2,1,1,2,1,7,2,1,2,1,0,0,0,0,0,0,0,0,1,0,1,0,0,0,6,1,0,false
E:\OOD_Projects\ck-mvn-plugin\Pizza-Ordering-System-master\src\PizzaOrderSystem\FacadeModel.java,PizzaOrderSystem.FacadeModel,getMenuList/0,false,124,2,4,1,3,1,4,7,1,1,0,4,0,0,0,0,0,0,0,0,1,0,0,0,0,0,4,1,0,false
E:\OOD_Projects\ck-mvn-plugin\Pizza-Ordering-System-master\src\PizzaOrderSystem\FacadeModel.java,PizzaOrderSystem.FacadeModel,"createaccount/9[java.lang.String,java.lang.String,java.lang.String,java.lang.String,java.lang.String,PizzaOrderSystem.AccountType,java.lang.String,java.lang.String,java.lang.String]",false,71,2,2,0,2,1,1,5,1,0,9,1,0,0,0,0,0,0,0,0,2,0,0,0,0,0,10,1,0,false
E:\OOD_Projects\ck-mvn-plugin\Pizza-Ordering-System-master\src\PizzaOrderSystem\FacadeModel.java,PizzaOrderSystem.FacadeModel,deleteCustomer/0,false,53,0,1,1,0,1,0,3,0,0,0,0,0,0,0,0,0,0,0,0,1,0,0,0,0,0,4,1,0,false
E:\OOD_Projects\ck-mvn-plugin\Pizza-Ordering-System-master\src\PizzaOrderSystem\FacadeModel.java,PizzaOrderSystem.FacadeModel,remove/1[PizzaOrderSystem.Item],false,132,2,1,0,1,1,1,3,0,0,1,1,0,0,0,0,0,0,0,0,0,0,0,0,0,0,3,1,0,false
E:\OOD_Projects\ck-mvn-plugin\Pizza-Ordering-System-master\src\PizzaOrderSystem\FacadeModel.java,PizzaOrderSystem.FacadeModel,FacadeModel/0,true,23,3,5,2,3,1,0,5,0,0,0,0,0,0,0,0,0,0,0,0,3,0,0,0,0,0,10,1,0,false
E:\OOD_Projects\ck-mvn-plugin\Pizza-Ordering-System-master\src\PizzaOrderSystem\FacadeModel.java,PizzaOrderSystem.FacadeModel,recordOrder/1[PizzaOrderSystem.Order],false,145,1,1,1,0,1,1,3,0,0,1,1,0,0,0,0,0,0,0,0,0,0,0,0,0,0,3,1,0,false
E:\OOD_Projects\ck-mvn-plugin\Pizza-Ordering-System-master\src\PizzaOrderSystem\FacadeModel.java,PizzaOrderSystem.FacadeModel,setDailySpecial/1[PizzaOrderSystem.Item],false,137,2,1,0,1,1,1,3,0,0,1,1,0,0,0,0,0,0,0,0,0,0,0,0,0,0,5,1,0,false
E:\OOD_Projects\ck-mvn-plugin\Pizza-Ordering-System-master\src\PizzaOrderSystem\FacadeModel.java,PizzaOrderSystem.FacadeModel,getaccount/0,false,151,1,1,1,0,1,0,3,1,0,0,0,0,0,0,0,0,0,0,0,0,0,0,0,0,0,3,1,0,false
E:\OOD_Projects\ck-mvn-plugin\Pizza-Ordering-System-master\src\PizzaOrderSystem\FacadeModel.java,PizzaOrderSystem.FacadeModel,setCustomername/1[java.lang.String],false,42,1,1,0,1,1,1,3,0,0,1,1,0,0,0,0,0,0,0,0,0,0,0,0,0,0,3,1,0,false
E:\OOD_Projects\ck-mvn-plugin\Pizza-Ordering-System-master\src\PizzaOrderSystem\FacadeModel.java,PizzaOrderSystem.FacadeModel,showSpecial/0,false,100,2,2,0,2,2,2,4,2,0,0,2,0,0,0,1,0,0,0,0,0,0,1,0,0,0,3,1,0,false
E:\OOD_Projects\ck-mvn-plugin\Pizza-Ordering-System-master\src\PizzaOrderSystem\FacadeModel.java,PizzaOrderSystem.FacadeModel,getOrders/0,false,141,1,3,3,0,1,0,3,1,0,0,0,0,0,0,0,0,0,0,0,0,0,0,0,0,0,3,1,0,false
E:\OOD_Projects\ck-mvn-plugin\Pizza-Ordering-System-master\src\PizzaOrderSystem\FacadeModel.java,PizzaOrderSystem.FacadeModel,register/1[PizzaOrderSystem.ChefInterFace],false,172,2,1,0,1,2,4,7,0,0,1,4,1,1,0,0,0,0,1,0,0,0,1,0,0,0,10,33,0,false
E:\OOD_Projects\ck-mvn-plugin\Pizza-Ordering-System-master\src\PizzaOrderSystem\FacadeModel.java,PizzaOrderSystem.FacadeModel,defineMenu/1[PizzaOrderSystem.Item],false,118,5,1,0,1,4,1,5,0,0,1,1,0,0,0,0,0,0,0,0,0,0,1,0,0,0,7,1,0,false
E:\OOD_Projects\ck-mvn-plugin\Pizza-Ordering-System-master\src\PizzaOrderSystem\FacadeModel.java,PizzaOrderSystem.FacadeModel,getCustomer/0,false,163,1,3,3,0,1,0,3,1,0,0,0,0,0,0,0,0,0,0,0,0,0,0,0,0,0,3,1,0,false
E:\OOD_Projects\ck-mvn-plugin\Pizza-Ordering-System-master\src\PizzaOrderSystem\FacadeModel.java,PizzaOrderSystem.FacadeModel,"createCustomer/3[java.lang.String,java.lang.String,java.lang.String]",false,38,1,1,0,1,1,0,4,0,0,3,0,0,0,0,0,0,0,0,0,2,0,0,0,0,0,8,1,0,false
E:\OOD_Projects\ck-mvn-plugin\Pizza-Ordering-System-master\src\PizzaOrderSystem\FacadeModel.java,PizzaOrderSystem.FacadeModel,"defineMenu/4[int,java.lang.String,PizzaOrderSystem.Size,java.lang.String]",false,106,5,4,0,4,4,2,11,0,0,4,2,0,0,0,3,0,0,0,3,0,0,1,0,0,0,7,1,0,false
E:\OOD_Projects\ck-mvn-plugin\Pizza-Ordering-System-master\src\PizzaOrderSystem\FacadeModel.java,PizzaOrderSystem.FacadeModel,"markOrder/2[PizzaOrderSystem.Order,PizzaOrderSystem.OrderStatus]",false,210,2,1,0,1,1,1,3,0,0,2,1,0,0,0,0,0,0,0,0,0,0,0,0,0,0,3,1,0,false
E:\OOD_Projects\ck-mvn-plugin\Pizza-Ordering-System-master\src\PizzaOrderSystem\FacadeModel.java,PizzaOrderSystem.FacadeModel,setflag/1[boolean],false,45,0,1,1,0,1,0,3,0,0,1,0,0,0,0,0,0,0,0,0,1,0,0,0,0,0,2,1,0,false
E:\OOD_Projects\ck-mvn-plugin\Pizza-Ordering-System-master\src\PizzaOrderSystem\CashierView.java,PizzaOrderSystem.CashierView$PlaceOrderFrame,actionPerformed/1[java.awt.event.ActionEvent],false,253,6,15,0,15,25,33,101,0,12,1,33,0,0,0,16,0,0,23,5,15,4,6,0,0,0,55,1,0,false
E:\OOD_Projects\ck-mvn-plugin\Pizza-Ordering-System-master\src\PizzaOrderSystem\CashierView.java,PizzaOrderSystem.CashierView$PlaceOrderFrame,PlaceOrderFrame/0,true,192,1,2,1,1,1,18,47,0,9,0,18,0,0,0,0,0,4,9,8,18,4,0,0,0,0,50,1,0,false
E:\OOD_Projects\ck-mvn-plugin\Pizza-Ordering-System-master\src\PizzaOrderSystem\CustomerView.java,PizzaOrderSystem.CustomerView$PlaceOrderFrame,actionPerformed/1[java.awt.event.ActionEvent],false,543,6,15,0,15,27,32,110,0,13,1,32,0,0,0,16,2,0,22,6,16,5,7,0,0,0,59,1,0,false
E:\OOD_Projects\ck-mvn-plugin\Pizza-Ordering-System-master\src\PizzaOrderSystem\CustomerView.java,PizzaOrderSystem.CustomerView$PlaceOrderFrame,PlaceOrderFrame/0,true,477,1,2,1,1,2,19,52,0,9,0,19,0,0,0,0,1,4,9,8,18,4,1,0,0,0,53,1,0,false
E:\OOD_Projects\ck-mvn-plugin\Pizza-Ordering-System-master\src\PizzaOrderSystem\CashierView.java,PizzaOrderSystem.CashierView$Payment,"Payment/2[PizzaOrderSystem.Order,PizzaOrderSystem.OrderType]",true,553,2,2,2,0,1,16,71,0,8,2,16,0,0,0,0,0,4,12,39,42,4,0,0,0,0,55,1,0,false
E:\OOD_Projects\ck-mvn-plugin\Pizza-Ordering-System-master\src\PizzaOrderSystem\CashierView.java,PizzaOrderSystem.CashierView$Payment,actionPerformed/1[java.awt.event.ActionEvent],false,631,3,9,0,9,17,16,72,0,7,1,16,0,0,0,13,0,0,10,1,9,1,4,0,0,0,16,1,0,false
E:\OOD_Projects\ck-mvn-plugin\Pizza-Ordering-System-master\src\PizzaOrderSystem\ManagerInterface.java,PizzaOrderSystem.ManagerInterface,"createEmployeeAccount/6[java.lang.String,java.lang.String,java.lang.String,java.lang.String,java.lang.String,PizzaOrderSystem.AccountType]",false,7,1,0,0,0,1,0,1,0,0,6,0,0,0,0,0,0,0,0,0,0,0,0,0,0,0,6,1,0,false
E:\OOD_Projects\ck-mvn-plugin\Pizza-Ordering-System-master\src\PizzaOrderSystem\ManagerInterface.java,PizzaOrderSystem.ManagerInterface,setDailySpecial/1[PizzaOrderSystem.Item],false,12,1,0,0,0,1,0,1,0,0,1,0,0,0,0,0,0,0,0,0,0,0,0,0,0,0,7,1,0,false
E:\OOD_Projects\ck-mvn-plugin\Pizza-Ordering-System-master\src\PizzaOrderSystem\ManagerInterface.java,PizzaOrderSystem.ManagerInterface,getName/0,false,13,0,0,0,0,1,0,1,0,0,0,0,0,0,0,0,0,0,0,0,0,0,0,0,0,0,4,1,0,false
E:\OOD_Projects\ck-mvn-plugin\Pizza-Ordering-System-master\src\PizzaOrderSystem\ManagerInterface.java,PizzaOrderSystem.ManagerInterface,define/1[PizzaOrderSystem.Item],false,9,1,0,0,0,1,0,1,0,0,1,0,0,0,0,0,0,0,0,0,0,0,0,0,0,0,5,1,0,false
E:\OOD_Projects\ck-mvn-plugin\Pizza-Ordering-System-master\src\PizzaOrderSystem\ManagerInterface.java,PizzaOrderSystem.ManagerInterface,remove/1[PizzaOrderSystem.Item],false,11,1,0,0,0,1,0,1,0,0,1,0,0,0,0,0,0,0,0,0,0,0,0,0,0,0,5,1,0,false
E:\OOD_Projects\ck-mvn-plugin\Pizza-Ordering-System-master\src\PizzaOrderSystem\ManagerInterface.java,PizzaOrderSystem.ManagerInterface,create/0,false,10,0,0,0,0,1,0,1,0,0,0,0,0,0,0,0,0,0,0,0,0,0,0,0,0,0,3,1,0,false
E:\OOD_Projects\ck-mvn-plugin\Pizza-Ordering-System-master\src\PizzaOrderSystem\CashierView.java,PizzaOrderSystem.CashierView$PrintFrame,actionPerformed/1[java.awt.event.ActionEvent],false,540,0,0,0,0,1,0,2,0,0,1,0,0,0,0,0,0,0,0,0,0,0,0,0,0,0,5,1,0,false
E:\OOD_Projects\ck-mvn-plugin\Pizza-Ordering-System-master\src\PizzaOrderSystem\CashierView.java,PizzaOrderSystem.CashierView$PrintFrame,PrintFrame/1[java.lang.Object],true,520,1,5,1,4,1,16,14,0,5,1,16,0,0,0,0,0,4,5,4,5,5,0,0,0,0,28,1,0,false
E:\OOD_Projects\ck-mvn-plugin\Pizza-Ordering-System-master\src\Node\ClientImpl.java,Node.ClientImpl,notifyClient/1[java.lang.String],false,13,0,0,0,0,1,1,4,1,0,1,1,0,0,0,0,0,0,2,0,0,2,0,0,0,0,6,1,0,false
E:\OOD_Projects\ck-mvn-plugin\Pizza-Ordering-System-master\src\Node\ClientImpl.java,Node.ClientImpl,ClientImpl/0,true,8,0,1,1,0,1,0,3,0,0,0,0,0,0,0,0,0,0,0,0,0,0,0,0,0,0,4,1,0,false
E:\OOD_Projects\ck-mvn-plugin\Pizza-Ordering-System-master\src\PizzaOrderSystem\Chef.java,PizzaOrderSystem.Chef,markOrder/1[java.lang.String],false,24,0,0,0,0,1,0,3,1,0,1,0,0,0,0,0,0,0,0,0,0,0,0,0,0,0,4,1,0,false
E:\OOD_Projects\ck-mvn-plugin\Pizza-Ordering-System-master\src\PizzaOrderSystem\Chef.java,PizzaOrderSystem.Chef,notifyClient/1[java.lang.String],false,20,0,0,0,0,1,1,4,1,0,1,1,0,0,0,0,0,0,2,0,0,2,0,0,0,0,6,1,0,false
E:\OOD_Projects\ck-mvn-plugin\Pizza-Ordering-System-master\src\PizzaOrderSystem\Chef.java,PizzaOrderSystem.Chef,"Chef/2[java.lang.String,java.lang.String]",true,9,0,0,0,0,1,0,5,0,0,2,0,0,0,0,0,0,0,0,0,2,0,0,0,0,0,5,1,0,false
E:\OOD_Projects\ck-mvn-plugin\Pizza-Ordering-System-master\src\PizzaOrderSystem\Chef.java,PizzaOrderSystem.Chef,Chef/0,true,15,0,1,1,0,1,0,3,0,0,0,0,0,0,0,0,0,0,0,0,0,0,0,0,0,0,3,1,0,false
E:\OOD_Projects\ck-mvn-plugin\Pizza-Ordering-System-master\src\PizzaOrderSystem\StoreManager.java,PizzaOrderSystem.StoreManager,define/1[PizzaOrderSystem.Item],false,29,2,1,0,1,1,1,3,0,0,1,1,0,0,0,0,0,0,0,0,0,0,0,0,0,0,5,1,0,false
E:\OOD_Projects\ck-mvn-plugin\Pizza-Ordering-System-master\src\PizzaOrderSystem\StoreManager.java,PizzaOrderSystem.StoreManager,"StoreManager/3[java.lang.String,java.lang.String,java.lang.String]",true,10,1,2,1,1,1,0,5,0,0,3,0,0,0,0,0,0,0,0,0,3,0,0,0,0,0,8,1,0,false
E:\OOD_Projects\ck-mvn-plugin\Pizza-Ordering-System-master\src\PizzaOrderSystem\StoreManager.java,PizzaOrderSystem.StoreManager,"createEmployeeAccount/6[java.lang.String,java.lang.String,java.lang.String,java.lang.String,java.lang.String,PizzaOrderSystem.AccountType]",false,21,2,2,1,1,2,1,7,1,1,6,1,0,0,0,1,0,0,3,1,2,0,1,0,0,0,8,1,0,false
E:\OOD_Projects\ck-mvn-plugin\Pizza-Ordering-System-master\src\PizzaOrderSystem\StoreManager.java,PizzaOrderSystem.StoreManager,remove/1[PizzaOrderSystem.Item],false,37,2,1,0,1,1,1,3,0,0,1,1,0,0,0,0,0,0,0,0,0,0,0,0,0,0,5,1,0,false
E:\OOD_Projects\ck-mvn-plugin\Pizza-Ordering-System-master\src\PizzaOrderSystem\StoreManager.java,PizzaOrderSystem.StoreManager,getName/0,false,45,0,0,0,0,1,0,3,1,0,0,0,0,0,0,0,0,0,0,0,0,0,0,0,0,0,5,1,0,false
E:\OOD_Projects\ck-mvn-plugin\Pizza-Ordering-System-master\src\PizzaOrderSystem\StoreManager.java,PizzaOrderSystem.StoreManager,setDailySpecial/1[PizzaOrderSystem.Item],false,41,2,1,0,1,1,1,3,0,0,1,1,0,0,0,0,0,0,0,0,0,0,0,0,0,0,7,1,0,false
E:\OOD_Projects\ck-mvn-plugin\Pizza-Ordering-System-master\src\PizzaOrderSystem\StoreManager.java,PizzaOrderSystem.StoreManager,StoreManager/0,true,17,0,0,0,0,1,0,3,0,0,0,0,0,0,0,0,0,0,0,0,0,0,0,0,0,0,4,1,0,false
E:\OOD_Projects\ck-mvn-plugin\Pizza-Ordering-System-master\src\PizzaOrderSystem\StoreManager.java,PizzaOrderSystem.StoreManager,create/0,false,33,1,1,0,1,1,1,3,0,0,0,1,0,0,0,0,0,0,0,0,0,0,0,0,0,0,3,1,0,false
E:\OOD_Projects\ck-mvn-plugin\Pizza-Ordering-System-master\src\PizzaOrderSystem\CustomerInterFace.java,PizzaOrderSystem.CustomerInterFace,getUsername/0,false,14,0,0,0,0,1,0,1,0,0,0,0,0,0,0,0,0,0,0,0,0,0,0,0,0,0,4,1,0,false
E:\OOD_Projects\ck-mvn-plugin\Pizza-Ordering-System-master\src\PizzaOrderSystem\CustomerInterFace.java,PizzaOrderSystem.CustomerInterFace,AutoPay/0,false,8,0,0,0,0,1,0,1,0,0,0,0,0,0,0,0,0,0,0,0,0,0,0,0,0,0,4,1,0,false
E:\OOD_Projects\ck-mvn-plugin\Pizza-Ordering-System-master\src\PizzaOrderSystem\CustomerInterFace.java,PizzaOrderSystem.CustomerInterFace,getaccount/0,false,12,1,0,0,0,1,0,1,0,0,0,0,0,0,0,0,0,0,0,0,0,0,0,0,0,0,4,1,0,false
E:\OOD_Projects\ck-mvn-plugin\Pizza-Ordering-System-master\src\PizzaOrderSystem\CustomerInterFace.java,PizzaOrderSystem.CustomerInterFace,getname/0,false,13,0,0,0,0,1,0,1,0,0,0,0,0,0,0,0,0,0,0,0,0,0,0,0,0,0,3,1,0,false
E:\OOD_Projects\ck-mvn-plugin\Pizza-Ordering-System-master\src\PizzaOrderSystem\CustomerInterFace.java,PizzaOrderSystem.CustomerInterFace,"paythebill/4[PizzaOrderSystem.Order,java.lang.String,java.lang.String,java.lang.String]",false,9,1,0,0,0,1,0,1,0,0,4,0,0,0,0,0,0,0,0,0,0,0,0,0,0,0,5,1,0,false
E:\OOD_Projects\ck-mvn-plugin\Pizza-Ordering-System-master\src\PizzaOrderSystem\CustomerInterFace.java,PizzaOrderSystem.CustomerInterFace,getOrder/0,false,15,1,0,0,0,1,0,1,0,0,0,0,0,0,0,0,0,0,0,0,0,0,0,0,0,0,4,1,0,false
E:\OOD_Projects\ck-mvn-plugin\Pizza-Ordering-System-master\src\PizzaOrderSystem\CustomerInterFace.java,PizzaOrderSystem.CustomerInterFace,"createAccount/9[java.lang.String,java.lang.String,java.lang.String,java.lang.String,java.lang.String,PizzaOrderSystem.AccountType,java.lang.String,java.lang.String,java.lang.String]",false,10,1,0,0,0,1,0,1,0,0,9,0,0,0,0,0,0,0,0,0,0,0,0,0,0,0,7,1,0,false
E:\OOD_Projects\ck-mvn-plugin\Pizza-Ordering-System-master\src\PizzaOrderSystem\CustomerInterFace.java,PizzaOrderSystem.CustomerInterFace,"placeOrder/3[java.util.ArrayList<PizzaOrderSystem.Item>,PizzaOrderSystem.OrderType,java.lang.String]",false,11,2,0,0,0,1,0,1,0,0,3,0,0,0,0,0,0,0,0,0,0,0,0,0,0,0,5,1,0,false
E:\OOD_Projects\ck-mvn-plugin\Pizza-Ordering-System-master\src\PizzaOrderSystem\Menu.java,PizzaOrderSystem.Menu,define/1[PizzaOrderSystem.Item],false,28,4,4,4,0,4,3,5,0,0,1,3,0,0,0,0,0,0,0,0,0,0,1,0,0,0,6,1,0,false
E:\OOD_Projects\ck-mvn-plugin\Pizza-Ordering-System-master\src\PizzaOrderSystem\Menu.java,PizzaOrderSystem.Menu,getDrinks/0,false,63,1,2,2,0,1,0,3,1,0,0,0,0,0,0,0,0,0,0,0,0,0,0,0,0,0,3,1,0,false
E:\OOD_Projects\ck-mvn-plugin\Pizza-Ordering-System-master\src\PizzaOrderSystem\Menu.java,PizzaOrderSystem.Menu,getDailySpecial/0,false,49,1,3,2,1,7,1,13,1,1,0,1,0,0,3,3,0,0,0,3,4,0,2,0,0,0,15,1,0,false
E:\OOD_Projects\ck-mvn-plugin\Pizza-Ordering-System-master\src\PizzaOrderSystem\Menu.java,PizzaOrderSystem.Menu,setDailySpecial/1[PizzaOrderSystem.Item],false,40,2,5,2,3,2,3,7,0,1,1,3,1,1,0,1,0,0,0,2,1,1,1,0,0,0,8,1,0,false
E:\OOD_Projects\ck-mvn-plugin\Pizza-Ordering-System-master\src\PizzaOrderSystem\Menu.java,PizzaOrderSystem.Menu,Menu/0,true,9,4,2,1,1,1,1,6,0,0,0,1,1,2,0,0,0,0,0,0,3,0,0,0,0,0,5,1,0,false
E:\OOD_Projects\ck-mvn-plugin\Pizza-Ordering-System-master\src\PizzaOrderSystem\Menu.java,PizzaOrderSystem.Menu,getAppetizers/0,false,67,1,2,2,0,1,0,3,1,0,0,0,0,0,0,0,0,0,0,0,0,0,0,0,0,0,3,1,0,false
E:\OOD_Projects\ck-mvn-plugin\Pizza-Ordering-System-master\src\PizzaOrderSystem\Menu.java,PizzaOrderSystem.Menu,getPizzas/0,false,71,1,2,2,0,1,0,3,1,0,0,0,0,0,0,0,0,0,0,0,0,0,0,0,0,0,3,1,0,false
E:\OOD_Projects\ck-mvn-plugin\Pizza-Ordering-System-master\src\PizzaOrderSystem\Menu.java,PizzaOrderSystem.Menu,create/0,false,16,5,8,2,6,1,3,10,0,1,0,3,1,1,0,0,0,0,6,7,1,1,0,0,0,0,9,1,0,false
E:\OOD_Projects\ck-mvn-plugin\Pizza-Ordering-System-master\src\PizzaOrderSystem\Menu.java,PizzaOrderSystem.Menu,remove/1[PizzaOrderSystem.Item],false,34,4,2,2,0,4,3,5,0,0,1,3,0,0,0,0,0,0,0,0,0,0,1,0,0,0,6,1,0,false
E:\OOD_Projects\ck-mvn-plugin\Pizza-Ordering-System-master\src\PizzaOrderSystem\CustomerView.java,PizzaOrderSystem.CustomerView$CreateAccountFrame,actionPerformed/1[java.awt.event.ActionEvent],false,336,2,3,0,3,10,12,38,0,1,1,12,0,0,0,5,2,0,9,4,2,0,3,0,0,0,24,1,0,false
E:\OOD_Projects\ck-mvn-plugin\Pizza-Ordering-System-master\src\PizzaOrderSystem\CustomerView.java,PizzaOrderSystem.CustomerView$CreateAccountFrame,CreateAccountFrame/0,true,227,0,1,1,0,1,16,103,0,12,0,16,0,0,0,0,0,4,16,58,62,4,0,0,0,0,57,1,0,false
E:\OOD_Projects\ck-mvn-plugin\Pizza-Ordering-System-master\src\PizzaOrderSystem\CustomerView.java,PizzaOrderSystem.CustomerView$Payment,"Payment/2[PizzaOrderSystem.Order,PizzaOrderSystem.OrderType]",true,787,2,2,2,0,1,16,71,0,8,2,16,0,0,0,0,0,4,12,39,42,4,0,0,0,0,55,1,0,false
E:\OOD_Projects\ck-mvn-plugin\Pizza-Ordering-System-master\src\PizzaOrderSystem\CustomerView.java,PizzaOrderSystem.CustomerView$Payment,actionPerformed/1[java.awt.event.ActionEvent],false,865,3,10,0,10,18,18,77,0,7,1,18,0,0,0,13,1,0,10,1,9,1,5,0,0,0,20,1,0,false
E:\OOD_Projects\ck-mvn-plugin\Pizza-Ordering-System-master\src\PizzaOrderSystem\ManagerView.java,PizzaOrderSystem.ManagerView$EditItemFrame,actionPerformed/1[java.awt.event.ActionEvent],false,735,1,5,0,5,14,11,27,0,0,1,11,0,0,0,13,0,0,1,7,6,0,3,0,0,0,21,1,0,false
E:\OOD_Projects\ck-mvn-plugin\Pizza-Ordering-System-master\src\PizzaOrderSystem\ManagerView.java,PizzaOrderSystem.ManagerView$EditItemFrame,EditItemFrame/1[java.lang.Object],true,633,4,5,1,4,8,22,87,0,8,1,22,0,0,0,4,0,4,13,10,25,4,1,0,0,0,48,1,0,false
E:\OOD_Projects\ck-mvn-plugin\Pizza-Ordering-System-master\src\PizzaOrderSystem\ChefView.java,PizzaOrderSystem.ChefView$MarkOrderFrame,MarkOrderFrame/0,true,206,2,2,1,1,3,23,40,0,11,0,23,0,0,1,0,0,4,6,7,15,4,2,0,0,0,50,1,0,false
E:\OOD_Projects\ck-mvn-plugin\Pizza-Ordering-System-master\src\PizzaOrderSystem\ChefView.java,PizzaOrderSystem.ChefView$MarkOrderFrame,actionPerformed/1[java.awt.event.ActionEvent],false,258,2,2,0,2,7,12,31,0,2,1,12,0,0,0,4,1,0,3,0,2,1,5,0,0,0,23,1,0,false
E:\OOD_Projects\ck-mvn-plugin\Pizza-Ordering-System-master\src\PizzaOrderSystem\ChefView.java,PizzaOrderSystem.ChefView$ViewOrderFrame,actionPerformed/1[java.awt.event.ActionEvent],false,331,1,3,0,3,5,11,20,0,2,1,11,0,0,1,3,0,0,9,2,2,3,3,0,0,0,17,1,0,false
E:\OOD_Projects\ck-mvn-plugin\Pizza-Ordering-System-master\src\PizzaOrderSystem\ChefView.java,PizzaOrderSystem.ChefView$ViewOrderFrame,ViewOrderFrame/0,true,300,1,2,1,1,1,17,27,0,6,0,17,0,0,0,0,0,4,4,6,10,4,0,0,0,0,44,1,0,false
E:\OOD_Projects\ck-mvn-plugin\Pizza-Ordering-System-master\src\PizzaOrderSystem\AccountInterFace.java,PizzaOrderSystem.AccountInterFace,getphone/1[java.lang.String],false,11,0,0,0,0,1,0,1,0,0,1,0,0,0,0,0,0,0,0,0,0,0,0,0,0,0,4,1,0,false
E:\OOD_Projects\ck-mvn-plugin\Pizza-Ordering-System-master\src\PizzaOrderSystem\AccountInterFace.java,PizzaOrderSystem.AccountInterFace,getNameOnCard/1[java.lang.String],false,19,0,0,0,0,1,0,1,0,0,1,0,0,0,0,0,0,0,0,0,0,0,0,0,0,0,7,1,0,false
E:\OOD_Projects\ck-mvn-plugin\Pizza-Ordering-System-master\src\PizzaOrderSystem\AccountInterFace.java,PizzaOrderSystem.AccountInterFace,getaddr/1[java.lang.String],false,13,0,0,0,0,1,0,1,0,0,1,0,0,0,0,0,0,0,0,0,0,0,0,0,0,0,4,1,0,false
E:\OOD_Projects\ck-mvn-plugin\Pizza-Ordering-System-master\src\PizzaOrderSystem\AccountInterFace.java,PizzaOrderSystem.AccountInterFace,getname/1[java.lang.String],false,9,0,0,0,0,1,0,1,0,0,1,0,0,0,0,0,0,0,0,0,0,0,0,0,0,0,4,1,0,false
E:\OOD_Projects\ck-mvn-plugin\Pizza-Ordering-System-master\src\PizzaOrderSystem\AccountInterFace.java,PizzaOrderSystem.AccountInterFace,getExpirationTime/1[java.lang.String],false,18,0,0,0,0,1,0,1,0,0,1,0,0,0,0,0,0,0,0,0,0,0,0,0,0,0,6,1,0,false
E:\OOD_Projects\ck-mvn-plugin\Pizza-Ordering-System-master\src\PizzaOrderSystem\AccountInterFace.java,PizzaOrderSystem.AccountInterFace,"validaccount/2[java.lang.String,java.lang.String]",false,8,0,0,0,0,1,0,1,0,0,2,0,0,0,0,0,0,0,0,0,0,0,0,0,0,0,4,1,0,false
E:\OOD_Projects\ck-mvn-plugin\Pizza-Ordering-System-master\src\PizzaOrderSystem\AccountInterFace.java,PizzaOrderSystem.AccountInterFace,"createaccount/9[java.lang.String,java.lang.String,java.lang.String,java.lang.String,java.lang.String,PizzaOrderSystem.AccountType,java.lang.String,java.lang.String,java.lang.String]",false,7,1,0,0,0,1,0,1,0,0,9,0,0,0,0,0,0,0,0,0,0,0,0,0,0,0,6,1,0,false
E:\OOD_Projects\ck-mvn-plugin\Pizza-Ordering-System-master\src\PizzaOrderSystem\AccountInterFace.java,PizzaOrderSystem.AccountInterFace,getCardNumber/1[java.lang.String],false,17,0,0,0,0,1,0,1,0,0,1,0,0,0,0,0,0,0,0,0,0,0,0,0,0,0,6,1,0,false
E:\OOD_Projects\ck-mvn-plugin\Pizza-Ordering-System-master\src\PizzaOrderSystem\AccountInterFace.java,PizzaOrderSystem.AccountInterFace,gettype/1[java.lang.String],false,15,0,0,0,0,1,0,1,0,0,1,0,0,0,0,0,0,0,0,0,0,0,0,0,0,0,4,1,0,false
E:\OOD_Projects\ck-mvn-plugin\Pizza-Ordering-System-master\src\PizzaOrderSystem\ChefInterFace.java,PizzaOrderSystem.ChefInterFace,markOrder/1[java.lang.String],false,7,0,0,0,0,1,0,1,0,0,1,0,0,0,0,0,0,0,0,0,0,0,0,0,0,0,5,1,0,false
E:\OOD_Projects\ck-mvn-plugin\Pizza-Ordering-System-master\src\PizzaOrderSystem\ChefInterFace.java,PizzaOrderSystem.ChefInterFace,notifyClient/1[java.lang.String],false,8,0,1,1,0,1,0,1,0,0,1,0,0,0,0,0,0,0,0,0,0,0,0,0,0,0,5,1,0,false
E:\OOD_Projects\ck-mvn-plugin\Pizza-Ordering-System-master\src\PizzaOrderSystem\CustomerView.java,PizzaOrderSystem.CustomerView$ViewMenuFrame,actionPerformed/1[java.awt.event.ActionEvent],false,458,0,0,0,0,2,2,5,0,0,1,2,0,0,0,1,0,0,0,0,0,0,1,0,0,0,9,1,0,false
E:\OOD_Projects\ck-mvn-plugin\Pizza-Ordering-System-master\src\PizzaOrderSystem\CustomerView.java,PizzaOrderSystem.CustomerView$ViewMenuFrame,ViewMenuFrame/0,true,391,1,5,1,4,5,21,58,0,11,0,21,0,0,0,0,4,4,6,4,16,4,1,0,0,0,41,1,0,false
E:\OOD_Projects\ck-mvn-plugin\Pizza-Ordering-System-master\src\PizzaOrderSystem\ManagerView.java,PizzaOrderSystem.ManagerView$DefineMenuFrame,DefineMenuFrame/0,true,446,0,1,1,0,1,15,59,0,8,0,15,0,0,0,0,0,4,13,6,18,4,0,0,0,0,44,1,0,false
E:\OOD_Projects\ck-mvn-plugin\Pizza-Ordering-System-master\src\PizzaOrderSystem\ManagerView.java,PizzaOrderSystem.ManagerView$DefineMenuFrame,actionPerformed/1[java.awt.event.ActionEvent],false,520,1,1,0,1,14,7,25,0,0,1,7,0,0,0,12,1,0,1,6,6,0,3,0,0,0,24,1,0,false
E:\OOD_Projects\ck-mvn-plugin\Pizza-Ordering-System-master\src\PizzaOrderSystem\Order.java,PizzaOrderSystem.Order,calTotal/0,false,27,1,5,3,2,4,4,15,0,1,0,4,0,0,1,2,0,0,0,4,4,0,3,0,0,0,4,1,0,false
E:\OOD_Projects\ck-mvn-plugin\Pizza-Ordering-System-master\src\PizzaOrderSystem\Order.java,PizzaOrderSystem.Order,"Order/3[java.util.ArrayList<PizzaOrderSystem.Item>,PizzaOrderSystem.OrderType,java.lang.String]",true,20,2,3,3,0,1,3,7,0,0,3,3,0,0,0,0,0,0,1,0,5,0,0,0,0,0,9,1,0,false
E:\OOD_Projects\ck-mvn-plugin\Pizza-Ordering-System-master\src\PizzaOrderSystem\Order.java,PizzaOrderSystem.Order,getAddress/0,false,74,0,1,1,0,1,0,3,1,0,0,0,0,0,0,0,0,0,0,0,0,0,0,0,0,0,3,1,0,false
E:\OOD_Projects\ck-mvn-plugin\Pizza-Ordering-System-master\src\PizzaOrderSystem\Order.java,PizzaOrderSystem.Order,toString/0,false,77,1,1,0,1,2,4,8,1,3,0,4,0,0,1,0,0,0,6,2,3,3,1,0,0,0,14,1,0,false
E:\OOD_Projects\ck-mvn-plugin\Pizza-Ordering-System-master\src\PizzaOrderSystem\Order.java,PizzaOrderSystem.Order,getOrderInfo/0,false,60,0,1,1,0,2,2,7,1,2,0,2,0,0,1,0,0,0,2,1,3,1,1,0,0,0,5,1,0,false
E:\OOD_Projects\ck-mvn-plugin\Pizza-Ordering-System-master\src\PizzaOrderSystem\Order.java,PizzaOrderSystem.Order,getName/0,false,85,0,1,1,0,1,0,3,1,0,0,0,0,0,0,0,0,0,0,0,0,0,0,0,0,0,3,1,0,false
E:\OOD_Projects\ck-mvn-plugin\Pizza-Ordering-System-master\src\PizzaOrderSystem\Order.java,PizzaOrderSystem.Order,getItems/0,false,52,1,1,1,0,1,0,3,1,0,0,0,0,0,0,0,0,0,0,0,0,0,0,0,0,0,3,1,0,false
E:\OOD_Projects\ck-mvn-plugin\Pizza-Ordering-System-master\src\PizzaOrderSystem\Order.java,PizzaOrderSystem.Order,setAddress/1[java.lang.String],false,71,0,2,2,0,1,0,3,0,0,1,0,0,0,0,0,0,0,0,0,1,0,0,0,0,0,3,1,0,false
E:\OOD_Projects\ck-mvn-plugin\Pizza-Ordering-System-master\src\PizzaOrderSystem\Order.java,PizzaOrderSystem.Order,markStatus/1[PizzaOrderSystem.OrderStatus],false,49,1,1,1,0,1,0,3,0,0,1,0,0,0,0,0,0,0,0,0,1,0,0,0,0,0,4,1,0,false
E:\OOD_Projects\ck-mvn-plugin\Pizza-Ordering-System-master\src\PizzaOrderSystem\Order.java,PizzaOrderSystem.Order,setName/1[java.lang.String],false,67,0,2,2,0,1,0,3,0,0,1,0,0,0,0,0,0,0,0,0,1,0,0,0,0,0,3,1,0,false
E:\OOD_Projects\ck-mvn-plugin\Pizza-Ordering-System-master\src\PizzaOrderSystem\Order.java,PizzaOrderSystem.Order,getOrderNumber/0,false,42,0,6,6,0,1,0,3,1,0,0,0,0,0,0,0,0,0,0,0,0,0,0,0,0,0,4,1,0,false
E:\OOD_Projects\ck-mvn-plugin\Pizza-Ordering-System-master\src\PizzaOrderSystem\Order.java,PizzaOrderSystem.Order,getTotal/0,false,45,0,5,5,0,1,0,3,1,0,0,0,0,0,0,0,0,0,0,0,0,0,0,0,0,0,3,1,0,false
E:\OOD_Projects\ck-mvn-plugin\Pizza-Ordering-System-master\src\PizzaOrderSystem\ManagerView.java,PizzaOrderSystem.ManagerView$ModifyMenuFrame,ModifyMenuFrame/0,true,556,1,2,1,1,2,18,33,0,6,0,18,0,0,0,0,1,4,5,6,10,4,1,0,0,0,40,1,0,false
E:\OOD_Projects\ck-mvn-plugin\Pizza-Ordering-System-master\src\PizzaOrderSystem\ManagerView.java,PizzaOrderSystem.ManagerView$ModifyMenuFrame,actionPerformed/1[java.awt.event.ActionEvent],false,593,3,2,0,2,7,6,29,0,0,1,6,0,0,0,5,1,0,3,0,0,0,3,0,0,0,23,1,0,false
E:\OOD_Projects\ck-mvn-plugin\Pizza-Ordering-System-master\src\PizzaOrderSystem\Drink.java,PizzaOrderSystem.Drink,"Drink/3[java.lang.String,PizzaOrderSystem.Size,double]",true,5,1,2,2,0,1,0,3,0,0,3,0,0,0,0,0,0,0,0,0,0,0,0,0,0,0,2,1,0,false
E:\OOD_Projects\ck-mvn-plugin\Pizza-Ordering-System-master\src\Node\ServerInterface.java,Node.ServerInterface,getphone/1[java.lang.String],false,11,0,0,0,0,1,0,1,0,0,1,0,0,0,0,0,0,0,0,0,0,0,0,0,0,0,4,1,0,false
E:\OOD_Projects\ck-mvn-plugin\Pizza-Ordering-System-master\src\Node\ServerInterface.java,Node.ServerInterface,getNameOnCard/1[java.lang.String],false,19,0,0,0,0,1,0,1,0,0,1,0,0,0,0,0,0,0,0,0,0,0,0,0,0,0,7,1,0,false
E:\OOD_Projects\ck-mvn-plugin\Pizza-Ordering-System-master\src\Node\ServerInterface.java,Node.ServerInterface,getaddr/1[java.lang.String],false,13,0,1,1,0,1,0,1,0,0,1,0,0,0,0,0,0,0,0,0,0,0,0,0,0,0,4,1,0,false
E:\OOD_Projects\ck-mvn-plugin\Pizza-Ordering-System-master\src\Node\ServerInterface.java,Node.ServerInterface,getname/1[java.lang.String],false,9,0,1,1,0,1,0,1,0,0,1,0,0,0,0,0,0,0,0,0,0,0,0,0,0,0,4,1,0,false
E:\OOD_Projects\ck-mvn-plugin\Pizza-Ordering-System-master\src\Node\ServerInterface.java,Node.ServerInterface,getExpirationTime/1[java.lang.String],false,18,0,0,0,0,1,0,1,0,0,1,0,0,0,0,0,0,0,0,0,0,0,0,0,0,0,6,1,0,false
E:\OOD_Projects\ck-mvn-plugin\Pizza-Ordering-System-master\src\Node\ServerInterface.java,Node.ServerInterface,register/1[Node.ClientInterface],false,21,1,1,1,0,1,0,1,0,0,1,0,0,0,0,0,0,0,0,0,0,0,0,0,0,0,6,1,0,false
E:\OOD_Projects\ck-mvn-plugin\Pizza-Ordering-System-master\src\Node\ServerInterface.java,Node.ServerInterface,"validaccount/2[java.lang.String,java.lang.String]",false,8,0,0,0,0,1,0,1,0,0,2,0,0,0,0,0,0,0,0,0,0,0,0,0,0,0,4,1,0,false
E:\OOD_Projects\ck-mvn-plugin\Pizza-Ordering-System-master\src\Node\ServerInterface.java,Node.ServerInterface,"createaccount/9[java.lang.String,java.lang.String,java.lang.String,java.lang.String,java.lang.String,PizzaOrderSystem.AccountType,java.lang.String,java.lang.String,java.lang.String]",false,7,1,1,1,0,1,0,1,0,0,9,0,0,0,0,0,0,0,0,0,0,0,0,0,0,0,6,1,0,false
E:\OOD_Projects\ck-mvn-plugin\Pizza-Ordering-System-master\src\Node\ServerInterface.java,Node.ServerInterface,getCardNumber/1[java.lang.String],false,17,0,0,0,0,1,0,1,0,0,1,0,0,0,0,0,0,0,0,0,0,0,0,0,0,0,6,1,0,false
E:\OOD_Projects\ck-mvn-plugin\Pizza-Ordering-System-master\src\Node\ServerInterface.java,Node.ServerInterface,callback/0,false,23,0,0,0,0,1,0,1,0,0,0,0,0,0,0,0,0,0,0,0,0,0,0,0,0,0,3,1,0,false
E:\OOD_Projects\ck-mvn-plugin\Pizza-Ordering-System-master\src\Node\ServerInterface.java,Node.ServerInterface,gettype/1[java.lang.String],false,15,0,1,1,0,1,0,1,0,0,1,0,0,0,0,0,0,0,0,0,0,0,0,0,0,0,4,1,0,false
E:\OOD_Projects\ck-mvn-plugin\Pizza-Ordering-System-master\src\Node\Client.java,Node.Client,main/1[java.lang.String[]],false,13,3,6,0,6,2,9,12,0,4,1,9,0,0,1,0,0,0,15,2,4,1,1,0,0,0,17,9,0,false
E:\OOD_Projects\ck-mvn-plugin\Pizza-Ordering-System-master\src\PizzaOrderSystem\Cashier.java,PizzaOrderSystem.Cashier,"Cashier/2[java.lang.String,java.lang.String]",true,9,0,0,0,0,1,0,4,0,0,2,0,0,0,0,0,0,0,0,0,2,0,0,0,0,0,3,1,0,false
E:\OOD_Projects\ck-mvn-plugin\Pizza-Ordering-System-master\src\PizzaOrderSystem\Customer.java,PizzaOrderSystem.Customer,"createAccount/9[java.lang.String,java.lang.String,java.lang.String,java.lang.String,java.lang.String,PizzaOrderSystem.AccountType,java.lang.String,java.lang.String,java.lang.String]",false,51,2,3,2,1,2,1,7,1,1,9,1,0,0,0,1,0,0,0,1,2,0,1,0,0,0,7,1,0,false
E:\OOD_Projects\ck-mvn-plugin\Pizza-Ordering-System-master\src\PizzaOrderSystem\Customer.java,PizzaOrderSystem.Customer,getOrder/0,false,86,1,6,6,0,1,0,3,1,0,0,0,0,0,0,0,0,0,0,0,0,0,0,0,0,0,3,1,0,false
E:\OOD_Projects\ck-mvn-plugin\Pizza-Ordering-System-master\src\PizzaOrderSystem\Customer.java,PizzaOrderSystem.Customer,"Customer/4[java.lang.String,java.lang.String,java.lang.String,java.lang.String]",true,25,0,1,1,0,1,0,7,0,0,4,0,0,0,0,0,0,0,0,0,4,0,0,0,0,0,7,1,0,false
E:\OOD_Projects\ck-mvn-plugin\Pizza-Ordering-System-master\src\PizzaOrderSystem\Customer.java,PizzaOrderSystem.Customer,getUsername/0,false,83,0,4,4,0,1,0,3,1,0,0,0,0,0,0,0,0,0,0,0,0,0,0,0,0,0,3,1,0,false
E:\OOD_Projects\ck-mvn-plugin\Pizza-Ordering-System-master\src\PizzaOrderSystem\Customer.java,PizzaOrderSystem.Customer,getaccount/0,false,76,1,0,0,0,1,0,3,1,0,0,0,0,0,0,0,0,0,0,0,0,0,0,0,0,0,3,1,0,false
E:\OOD_Projects\ck-mvn-plugin\Pizza-Ordering-System-master\src\PizzaOrderSystem\Customer.java,PizzaOrderSystem.Customer,getname/0,false,80,0,3,3,0,1,0,3,1,0,0,0,0,0,0,0,0,0,0,0,0,0,0,0,0,0,2,1,0,false
E:\OOD_Projects\ck-mvn-plugin\Pizza-Ordering-System-master\src\PizzaOrderSystem\Customer.java,PizzaOrderSystem.Customer,"Customer/3[java.lang.String,java.lang.String,java.lang.String]",true,19,0,3,3,0,1,0,6,0,0,3,0,0,0,0,0,0,0,0,0,3,0,0,0,0,0,6,1,0,false
E:\OOD_Projects\ck-mvn-plugin\Pizza-Ordering-System-master\src\PizzaOrderSystem\Customer.java,PizzaOrderSystem.Customer,setName/1[java.lang.String],false,89,0,1,1,0,1,0,3,0,0,1,0,0,0,0,0,0,0,0,0,1,0,0,0,0,0,4,1,0,false
E:\OOD_Projects\ck-mvn-plugin\Pizza-Ordering-System-master\src\PizzaOrderSystem\Customer.java,PizzaOrderSystem.Customer,AutoPay/0,false,32,2,8,2,6,5,7,11,2,3,0,7,0,0,0,0,0,0,0,0,3,0,2,0,0,0,11,1,0,false
E:\OOD_Projects\ck-mvn-plugin\Pizza-Ordering-System-master\src\PizzaOrderSystem\Customer.java,PizzaOrderSystem.Customer,"paythebill/4[PizzaOrderSystem.Order,java.lang.String,java.lang.String,java.lang.String]",false,45,2,6,2,4,4,4,7,2,0,4,4,0,0,0,0,0,0,0,0,0,0,1,0,0,0,8,1,0,false
E:\OOD_Projects\ck-mvn-plugin\Pizza-Ordering-System-master\src\PizzaOrderSystem\Customer.java,PizzaOrderSystem.Customer,"placeOrder/3[java.util.ArrayList<PizzaOrderSystem.Item>,PizzaOrderSystem.OrderType,java.lang.String]",false,60,3,3,2,1,2,1,8,0,0,3,1,0,0,0,1,0,0,0,1,1,0,1,0,0,0,7,1,0,false
E:\OOD_Projects\ck-mvn-plugin\Pizza-Ordering-System-master\src\PizzaOrderSystem\CashierView.java,PizzaOrderSystem.CashierView$PrintOrderFrame,PrintOrderFrame/0,true,474,1,2,1,1,1,17,24,0,6,0,17,0,0,0,0,0,4,3,6,9,4,0,0,0,0,34,1,0,false
E:\OOD_Projects\ck-mvn-plugin\Pizza-Ordering-System-master\src\PizzaOrderSystem\CashierView.java,PizzaOrderSystem.CashierView$PrintOrderFrame,actionPerformed/1[java.awt.event.ActionEvent],false,502,1,1,0,1,4,4,14,0,0,1,4,0,0,0,3,0,0,1,0,0,0,2,0,0,0,15,1,0,false
E:\OOD_Projects\ck-mvn-plugin\Pizza-Ordering-System-master\src\PizzaOrderSystem\CustomerView.java,PizzaOrderSystem.CustomerView$AutoPay,actionPerformed/1[java.awt.event.ActionEvent],false,740,3,3,0,3,7,9,29,0,0,1,9,0,0,0,3,2,0,4,0,1,0,3,0,0,0,16,1,0,false
E:\OOD_Projects\ck-mvn-plugin\Pizza-Ordering-System-master\src\PizzaOrderSystem\CustomerView.java,PizzaOrderSystem.CustomerView$AutoPay,AutoPay/1[PizzaOrderSystem.Order],true,699,1,3,1,2,1,17,40,0,7,1,17,0,0,0,0,0,4,7,19,23,5,0,0,0,0,53,1,0,false
E:\OOD_Projects\ck-mvn-plugin\Pizza-Ordering-System-master\src\PizzaOrderSystem\Item.java,PizzaOrderSystem.Item,getPrice/0,false,54,0,5,5,0,1,0,3,1,0,0,0,0,0,0,0,0,0,0,0,0,0,0,0,0,0,3,1,0,false
E:\OOD_Projects\ck-mvn-plugin\Pizza-Ordering-System-master\src\PizzaOrderSystem\Item.java,PizzaOrderSystem.Item,toString/0,false,63,0,4,4,0,2,2,6,2,1,0,2,0,0,0,1,0,0,7,1,1,2,1,0,0,0,9,1,0,false
E:\OOD_Projects\ck-mvn-plugin\Pizza-Ordering-System-master\src\PizzaOrderSystem\Item.java,PizzaOrderSystem.Item,setName/1[java.lang.String],false,18,0,1,1,0,1,0,3,0,0,1,0,0,0,0,0,0,0,0,0,1,0,0,0,0,0,3,1,0,false
E:\OOD_Projects\ck-mvn-plugin\Pizza-Ordering-System-master\src\PizzaOrderSystem\Item.java,PizzaOrderSystem.Item,getName/0,false,46,0,3,3,0,1,0,3,1,0,0,0,0,0,0,0,0,0,0,0,0,0,0,0,0,0,3,1,0,false
E:\OOD_Projects\ck-mvn-plugin\Pizza-Ordering-System-master\src\PizzaOrderSystem\Item.java,PizzaOrderSystem.Item,"Item/3[java.lang.String,PizzaOrderSystem.Size,double]",true,10,1,0,0,0,1,0,6,0,0,3,0,0,0,0,0,0,0,0,1,4,0,0,0,0,0,4,1,0,false
E:\OOD_Projects\ck-mvn-plugin\Pizza-Ordering-System-master\src\PizzaOrderSystem\Item.java,PizzaOrderSystem.Item,convertPrice/1[double],false,36,0,0,0,0,2,5,9,1,2,1,5,0,0,0,0,0,0,2,3,4,1,1,0,0,0,5,1,0,false
E:\OOD_Projects\ck-mvn-plugin\Pizza-Ordering-System-master\src\PizzaOrderSystem\Item.java,PizzaOrderSystem.Item,getSize/0,false,50,1,1,1,0,1,0,3,1,0,0,0,0,0,0,0,0,0,0,0,0,0,0,0,0,0,3,1,0,false
E:\OOD_Projects\ck-mvn-plugin\Pizza-Ordering-System-master\src\PizzaOrderSystem\Item.java,PizzaOrderSystem.Item,setSize/1[PizzaOrderSystem.Size],false,22,1,1,1,0,1,0,3,0,0,1,0,0,0,0,0,0,0,0,0,1,0,0,0,0,0,3,1,0,false
E:\OOD_Projects\ck-mvn-plugin\Pizza-Ordering-System-master\src\PizzaOrderSystem\Item.java,PizzaOrderSystem.Item,setSpecial/1[double],false,26,0,3,3,0,1,0,3,0,0,1,0,0,0,0,0,0,0,0,0,1,0,0,0,0,0,3,1,0,false
E:\OOD_Projects\ck-mvn-plugin\Pizza-Ordering-System-master\src\PizzaOrderSystem\Item.java,PizzaOrderSystem.Item,getSpecial/0,false,59,0,5,5,0,1,0,3,1,0,0,0,0,0,0,0,0,0,0,0,0,0,0,0,0,0,3,1,0,false
E:\OOD_Projects\ck-mvn-plugin\Pizza-Ordering-System-master\src\PizzaOrderSystem\Item.java,PizzaOrderSystem.Item,setPrice/1[double],false,31,0,1,1,0,1,0,3,0,0,1,0,0,0,0,0,0,0,0,0,1,0,0,0,0,0,3,1,0,false
E:\OOD_Projects\ck-mvn-plugin\Pizza-Ordering-System-master\src\PizzaOrderSystem\ManagerView.java,PizzaOrderSystem.ManagerView$CreateAccountFrame,CreateAccountFrame/0,true,246,0,1,1,0,1,18,92,0,11,0,18,0,0,0,0,0,4,16,47,52,4,0,0,0,0,54,1,0,false
E:\OOD_Projects\ck-mvn-plugin\Pizza-Ordering-System-master\src\PizzaOrderSystem\ManagerView.java,PizzaOrderSystem.ManagerView$CreateAccountFrame,actionPerformed/1[java.awt.event.ActionEvent],false,353,2,2,0,2,15,10,52,0,3,1,10,0,0,0,9,2,0,11,14,12,0,4,0,0,0,31,1,0,false
E:\OOD_Projects\ck-mvn-plugin\Pizza-Ordering-System-master\src\PizzaOrderSystem\Account.java,PizzaOrderSystem.Account,"createaccount/9[java.lang.String,java.lang.String,java.lang.String,java.lang.String,java.lang.String,PizzaOrderSystem.AccountType,java.lang.String,java.lang.String,java.lang.String]",false,61,1,2,2,0,7,8,31,3,3,9,8,0,0,0,0,1,0,3,3,3,0,2,0,0,0,27,1,0,false
E:\OOD_Projects\ck-mvn-plugin\Pizza-Ordering-System-master\src\PizzaOrderSystem\Account.java,PizzaOrderSystem.Account,"validaccount/2[java.lang.String,java.lang.String]",false,95,0,1,1,0,7,8,26,2,2,2,8,0,0,1,0,2,0,3,0,2,0,3,0,0,0,24,1,0,false
E:\OOD_Projects\ck-mvn-plugin\Pizza-Ordering-System-master\src\PizzaOrderSystem\Account.java,PizzaOrderSystem.Account,getname/1[java.lang.String],false,129,0,4,4,0,2,3,7,2,1,1,3,0,0,0,0,0,0,2,1,1,0,1,0,0,0,3,1,0,false
E:\OOD_Projects\ck-mvn-plugin\Pizza-Ordering-System-master\src\PizzaOrderSystem\Account.java,PizzaOrderSystem.Account,getphone/1[java.lang.String],false,139,0,4,4,0,2,3,7,2,1,1,3,0,0,0,0,0,0,2,1,1,0,1,0,0,0,3,1,0,false
E:\OOD_Projects\ck-mvn-plugin\Pizza-Ordering-System-master\src\PizzaOrderSystem\Account.java,PizzaOrderSystem.Account,Account/0,true,24,0,2,2,0,4,6,26,0,3,0,6,0,0,0,0,2,0,8,0,5,0,3,0,0,0,22,1,0,false
E:\OOD_Projects\ck-mvn-plugin\Pizza-Ordering-System-master\src\PizzaOrderSystem\Account.java,PizzaOrderSystem.Account,getCardNumber/1[java.lang.String],false,168,0,1,1,0,2,3,7,2,1,1,3,0,0,0,0,0,0,2,1,1,0,1,0,0,0,5,1,0,false
E:\OOD_Projects\ck-mvn-plugin\Pizza-Ordering-System-master\src\PizzaOrderSystem\Account.java,PizzaOrderSystem.Account,getNameOnCard/1[java.lang.String],false,186,0,1,1,0,2,3,7,2,1,1,3,0,0,0,0,0,0,2,1,1,0,1,0,0,0,6,1,0,false
E:\OOD_Projects\ck-mvn-plugin\Pizza-Ordering-System-master\src\PizzaOrderSystem\Account.java,PizzaOrderSystem.Account,getExpirationTime/1[java.lang.String],false,177,0,1,1,0,2,3,7,2,1,1,3,0,0,0,0,0,0,2,1,1,0,1,0,0,0,5,1,0,false
E:\OOD_Projects\ck-mvn-plugin\Pizza-Ordering-System-master\src\PizzaOrderSystem\Account.java,PizzaOrderSystem.Account,gettype/1[java.lang.String],false,158,0,4,4,0,2,3,7,2,1,1,3,0,0,0,0,0,0,3,1,1,1,1,0,0,0,3,1,0,false
E:\OOD_Projects\ck-mvn-plugin\Pizza-Ordering-System-master\src\PizzaOrderSystem\Account.java,PizzaOrderSystem.Account,getaddr/1[java.lang.String],false,149,0,4,4,0,2,3,7,2,1,1,3,0,0,0,0,0,0,2,1,1,0,1,0,0,0,3,1,0,false
E:\OOD_Projects\ck-mvn-plugin\Pizza-Ordering-System-master\src\Node\ClientInterface.java,Node.ClientInterface,notifyClient/1[java.lang.String],false,7,0,0,0,0,1,0,1,0,0,1,0,0,0,0,0,0,0,0,0,0,0,0,0,0,0,5,1,0,false
E:\OOD_Projects\ck-mvn-plugin\Pizza-Ordering-System-master\src\PizzaOrderSystem\ChefView.java,PizzaOrderSystem.ChefView,actionPerformed/1[java.awt.event.ActionEvent],false,105,5,11,0,11,12,25,81,0,6,1,25,0,0,0,4,5,0,10,5,7,1,4,0,0,0,47,1,0,false
E:\OOD_Projects\ck-mvn-plugin\Pizza-Ordering-System-master\src\PizzaOrderSystem\ChefView.java,PizzaOrderSystem.ChefView,main/1[java.lang.String[]],false,357,4,5,0,5,1,7,11,0,4,1,7,0,0,0,0,0,0,11,2,4,0,0,0,0,0,15,9,0,false
E:\OOD_Projects\ck-mvn-plugin\Pizza-Ordering-System-master\src\PizzaOrderSystem\ChefView.java,PizzaOrderSystem.ChefView,"ChefView/2[java.lang.String,Node.FacadeInterface]",true,48,1,2,2,0,1,20,49,0,3,2,20,0,0,0,0,0,4,9,41,12,6,0,0,0,0,43,1,0,false
E:\OOD_Projects\ck-mvn-plugin\Pizza-Ordering-System-master\src\PizzaOrderSystem\ManagerView.java,PizzaOrderSystem.ManagerView,actionPerformed/1[java.awt.event.ActionEvent],false,121,8,14,0,14,15,25,97,0,6,1,25,0,0,0,7,4,0,10,5,7,1,5,0,0,0,53,1,0,false
E:\OOD_Projects\ck-mvn-plugin\Pizza-Ordering-System-master\src\PizzaOrderSystem\ManagerView.java,PizzaOrderSystem.ManagerView,"ManagerView/2[java.lang.String,Node.FacadeInterface]",true,49,1,2,2,0,1,20,64,0,3,2,20,0,0,0,0,0,4,12,52,15,6,0,0,0,0,49,1,0,false
E:\OOD_Projects\ck-mvn-plugin\Pizza-Ordering-System-master\src\PizzaOrderSystem\ManagerView.java,PizzaOrderSystem.ManagerView,main/1[java.lang.String[]],false,892,4,4,0,4,1,6,10,0,4,1,6,0,0,0,0,0,0,6,2,4,0,0,0,0,0,14,9,0,false
E:\OOD_Projects\ck-mvn-plugin\Pizza-Ordering-System-master\src\Node\Server.java,Node.Server,main/1[java.lang.String[]],false,21,1,1,0,1,1,1,3,0,0,1,1,0,0,0,0,0,0,0,1,0,0,0,0,0,0,4,9,0,false
E:\OOD_Projects\ck-mvn-plugin\Pizza-Ordering-System-master\src\Node\Server.java,Node.Server,Server/1[int],true,13,2,2,1,1,1,4,7,0,3,1,4,0,0,0,0,0,0,2,1,3,0,0,0,0,0,13,1,0,false
E:\OOD_Projects\ck-mvn-plugin\Pizza-Ordering-System-master\src\Node\FacadeInterface.java,Node.FacadeInterface,getOrders/0,false,27,1,4,4,0,1,0,1,0,0,0,0,0,0,0,0,0,0,0,0,0,0,0,0,0,0,4,1,0,false
E:\OOD_Projects\ck-mvn-plugin\Pizza-Ordering-System-master\src\Node\FacadeInterface.java,Node.FacadeInterface,register/1[PizzaOrderSystem.ChefInterFace],false,34,1,1,1,0,1,0,1,0,0,1,0,0,0,0,0,0,0,0,0,0,0,0,0,0,0,7,1,0,false
E:\OOD_Projects\ck-mvn-plugin\Pizza-Ordering-System-master\src\Node\FacadeInterface.java,Node.FacadeInterface,"createCustomer/3[java.lang.String,java.lang.String,java.lang.String]",false,13,0,1,1,0,1,0,1,0,0,3,0,0,0,0,0,0,0,0,0,0,0,0,0,0,0,5,1,0,false
E:\OOD_Projects\ck-mvn-plugin\Pizza-Ordering-System-master\src\Node\FacadeInterface.java,Node.FacadeInterface,showPizzas/0,false,20,0,2,2,0,1,0,1,0,0,0,0,0,0,0,0,0,0,0,0,0,0,0,0,0,0,4,1,0,false
E:\OOD_Projects\ck-mvn-plugin\Pizza-Ordering-System-master\src\Node\FacadeInterface.java,Node.FacadeInterface,"markOrder/2[PizzaOrderSystem.Order,PizzaOrderSystem.OrderStatus]",false,33,2,1,1,0,1,0,1,0,0,2,0,0,0,0,0,0,0,0,0,0,0,0,0,0,0,5,1,0,false
E:\OOD_Projects\ck-mvn-plugin\Pizza-Ordering-System-master\src\Node\FacadeInterface.java,Node.FacadeInterface,showAppetizers/0,false,19,0,2,2,0,1,0,1,0,0,0,0,0,0,0,0,0,0,0,0,0,0,0,0,0,0,4,1,0,false
E:\OOD_Projects\ck-mvn-plugin\Pizza-Ordering-System-master\src\Node\FacadeInterface.java,Node.FacadeInterface,"paythebill/4[PizzaOrderSystem.Order,java.lang.String,java.lang.String,java.lang.String]",false,12,1,1,1,0,1,0,1,0,0,4,0,0,0,0,0,0,0,0,0,0,0,0,0,0,0,5,1,0,false
E:\OOD_Projects\ck-mvn-plugin\Pizza-Ordering-System-master\src\Node\FacadeInterface.java,Node.FacadeInterface,"defineMenu/4[int,java.lang.String,PizzaOrderSystem.Size,java.lang.String]",false,22,1,1,1,0,1,0,1,0,0,4,0,0,0,0,0,0,0,0,0,0,0,0,0,0,0,5,1,0,false
E:\OOD_Projects\ck-mvn-plugin\Pizza-Ordering-System-master\src\Node\FacadeInterface.java,Node.FacadeInterface,"checkAccount/2[java.lang.String,char[]]",false,30,1,3,3,0,1,0,1,0,0,2,0,0,0,0,0,0,0,0,0,0,0,0,0,0,0,5,1,0,false
E:\OOD_Projects\ck-mvn-plugin\Pizza-Ordering-System-master\src\Node\FacadeInterface.java,Node.FacadeInterface,"createaccount/9[java.lang.String,java.lang.String,java.lang.String,java.lang.String,java.lang.String,PizzaOrderSystem.AccountType,java.lang.String,java.lang.String,java.lang.String]",false,11,1,1,1,0,1,0,1,0,0,9,0,0,0,0,0,0,0,0,0,0,0,0,0,0,0,6,1,0,false
E:\OOD_Projects\ck-mvn-plugin\Pizza-Ordering-System-master\src\Node\FacadeInterface.java,Node.FacadeInterface,defineMenu/1[PizzaOrderSystem.Item],false,23,1,0,0,0,1,0,1,0,0,1,0,0,0,0,0,0,0,0,0,0,0,0,0,0,0,6,1,0,false
E:\OOD_Projects\ck-mvn-plugin\Pizza-Ordering-System-master\src\Node\FacadeInterface.java,Node.FacadeInterface,showDrinks/0,false,18,0,2,2,0,1,0,1,0,0,0,0,0,0,0,0,0,0,0,0,0,0,0,0,0,0,4,1,0,false
E:\OOD_Projects\ck-mvn-plugin\Pizza-Ordering-System-master\src\Node\FacadeInterface.java,Node.FacadeInterface,register/1[PizzaOrderSystem.CustomerInterFace],false,36,1,1,1,0,1,0,1,0,0,1,0,0,0,0,0,0,0,0,0,0,0,0,0,0,0,7,1,0,false
E:\OOD_Projects\ck-mvn-plugin\Pizza-Ordering-System-master\src\Node\FacadeInterface.java,Node.FacadeInterface,showSpecial/0,false,21,0,2,2,0,1,0,1,0,0,0,0,0,0,0,0,0,0,0,0,0,0,0,0,0,0,4,1,0,false
E:\OOD_Projects\ck-mvn-plugin\Pizza-Ordering-System-master\src\Node\FacadeInterface.java,Node.FacadeInterface,setflag/1[boolean],false,14,0,3,3,0,1,0,1,0,0,1,0,0,0,0,0,0,0,0,0,0,0,0,0,0,0,4,1,0,false
E:\OOD_Projects\ck-mvn-plugin\Pizza-Ordering-System-master\src\Node\FacadeInterface.java,Node.FacadeInterface,getaccount/0,false,29,1,3,3,0,1,0,1,0,0,0,0,0,0,0,0,0,0,0,0,0,0,0,0,0,0,4,1,0,false
E:\OOD_Projects\ck-mvn-plugin\Pizza-Ordering-System-master\src\Node\FacadeInterface.java,Node.FacadeInterface,getflag/0,false,17,0,2,2,0,1,0,1,0,0,0,0,0,0,0,0,0,0,0,0,0,0,0,0,0,0,3,1,0,false
E:\OOD_Projects\ck-mvn-plugin\Pizza-Ordering-System-master\src\Node\FacadeInterface.java,Node.FacadeInterface,"createCustomer/4[java.lang.String,java.lang.String,java.lang.String,java.lang.String]",false,15,0,3,3,0,1,0,1,0,0,4,0,0,0,0,0,0,0,0,0,0,0,0,0,0,0,5,1,0,false
E:\OOD_Projects\ck-mvn-plugin\Pizza-Ordering-System-master\src\Node\FacadeInterface.java,Node.FacadeInterface,callback/0,false,37,0,0,0,0,1,0,1,0,0,0,0,0,0,0,0,0,0,0,0,0,0,0,0,0,0,3,1,0,false
E:\OOD_Projects\ck-mvn-plugin\Pizza-Ordering-System-master\src\Node\FacadeInterface.java,Node.FacadeInterface,deleteCustomer/0,false,16,0,5,5,0,1,0,1,0,0,0,0,0,0,0,0,0,0,0,0,0,0,0,0,0,0,4,1,0,false
E:\OOD_Projects\ck-mvn-plugin\Pizza-Ordering-System-master\src\Node\FacadeInterface.java,Node.FacadeInterface,getMenuList/0,false,24,1,3,3,0,1,0,1,0,0,0,0,0,0,0,0,0,0,0,0,0,0,0,0,0,0,5,1,0,false
E:\OOD_Projects\ck-mvn-plugin\Pizza-Ordering-System-master\src\Node\FacadeInterface.java,Node.FacadeInterface,setDailySpecial/1[PizzaOrderSystem.Item],false,26,1,1,1,0,1,0,1,0,0,1,0,0,0,0,0,0,0,0,0,0,0,0,0,0,0,7,1,0,false
E:\OOD_Projects\ck-mvn-plugin\Pizza-Ordering-System-master\src\Node\FacadeInterface.java,Node.FacadeInterface,recordOrder/1[PizzaOrderSystem.Order],false,28,1,1,1,0,1,0,1,0,0,1,0,0,0,0,0,0,0,0,0,0,0,0,0,0,0,5,1,0,false
E:\OOD_Projects\ck-mvn-plugin\Pizza-Ordering-System-master\src\Node\FacadeInterface.java,Node.FacadeInterface,remove/1[PizzaOrderSystem.Item],false,25,1,1,1,0,1,0,1,0,0,1,0,0,0,0,0,0,0,0,0,0,0,0,0,0,0,5,1,0,false
E:\OOD_Projects\ck-mvn-plugin\Pizza-Ordering-System-master\src\Node\FacadeInterface.java,Node.FacadeInterface,getCustomer/0,false,31,1,4,4,0,1,0,1,0,0,0,0,0,0,0,0,0,0,0,0,0,0,0,0,0,0,4,1,0,false
E:\OOD_Projects\ck-mvn-plugin\Pizza-Ordering-System-master\src\Node\FacadeInterface.java,Node.FacadeInterface,register/1[PizzaOrderSystem.ManagerInterface],false,35,1,1,1,0,1,0,1,0,0,1,0,0,0,0,0,0,0,0,0,0,0,0,0,0,0,6,1,0,false
E:\OOD_Projects\ck-mvn-plugin\Pizza-Ordering-System-master\src\Node\FacadeInterface.java,Node.FacadeInterface,getStoreManager/0,false,32,1,1,1,0,1,0,1,0,0,0,0,0,0,0,0,0,0,0,0,0,0,0,0,0,0,5,1,0,false
E:\OOD_Projects\ck-mvn-plugin\Pizza-Ordering-System-master\src\PizzaOrderSystem\Appetizer.java,PizzaOrderSystem.Appetizer,"Appetizer/3[java.lang.String,PizzaOrderSystem.Size,double]",true,5,1,2,2,0,1,0,3,0,0,3,0,0,0,0,0,0,0,0,0,0,0,0,0,0,0,2,1,0,false
E:\OOD_Projects\ck-mvn-plugin\Pizza-Ordering-System-master\src\PizzaOrderSystem\Pay.java,PizzaOrderSystem.Pay,validName/1[java.lang.String],false,29,0,3,3,0,3,2,9,3,0,1,2,0,0,0,0,0,0,1,0,0,0,1,0,0,0,7,1,0,false
E:\OOD_Projects\ck-mvn-plugin\Pizza-Ordering-System-master\src\PizzaOrderSystem\Pay.java,PizzaOrderSystem.Pay,validdate/1[java.lang.String],false,17,0,3,3,0,6,5,11,3,0,1,5,0,0,0,1,0,0,1,5,0,0,2,0,0,0,4,1,0,false
E:\OOD_Projects\ck-mvn-plugin\Pizza-Ordering-System-master\src\PizzaOrderSystem\Pay.java,PizzaOrderSystem.Pay,validcardnum/1[java.lang.String],false,7,0,3,3,0,4,3,9,3,0,1,3,0,0,0,1,0,0,1,1,0,0,1,0,0,0,4,1,0,false
E:\OOD_Projects\ck-mvn-plugin\Pizza-Ordering-System-master\src\PizzaOrderSystem\Pay.java,PizzaOrderSystem.Pay,paytheorder/1[PizzaOrderSystem.Order],false,3,1,2,2,0,1,0,3,0,0,1,0,0,0,0,0,0,0,0,0,1,0,0,0,0,0,3,1,0,false
E:\OOD_Projects\ck-mvn-plugin\Pizza-Ordering-System-master\src\PizzaOrderSystem\ManagerView.java,PizzaOrderSystem.ManagerView$SetDailySpecialFrame,SetDailySpecialFrame/0,true,772,1,2,1,1,2,18,30,0,6,0,18,0,0,0,0,1,4,4,6,9,4,1,0,0,0,41,1,0,false
E:\OOD_Projects\ck-mvn-plugin\Pizza-Ordering-System-master\src\PizzaOrderSystem\ManagerView.java,PizzaOrderSystem.ManagerView$SetDailySpecialFrame,actionPerformed/1[java.awt.event.ActionEvent],false,806,2,4,0,4,5,11,23,0,2,1,11,0,0,0,3,1,0,4,0,2,1,3,0,0,0,29,1,0,false
E:\OOD_Projects\ck-mvn-plugin\Pizza-Ordering-System-master\src\PizzaOrderSystem\Pizza.java,PizzaOrderSystem.Pizza,"Pizza/3[java.lang.String,PizzaOrderSystem.Size,double]",true,5,1,2,2,0,1,0,3,0,0,3,0,0,0,0,0,0,0,0,0,0,0,0,0,0,0,2,1,0,false
E:\OOD_Projects\ck-mvn-plugin\Pizza-Ordering-System-master\src\PizzaOrderSystem\CustomerView.java,PizzaOrderSystem.CustomerView,"CustomerView/2[java.lang.String,Node.FacadeInterface]",true,52,1,2,2,0,2,22,62,0,6,2,22,0,0,0,0,1,4,10,48,16,4,1,0,0,0,64,1,0,false
E:\OOD_Projects\ck-mvn-plugin\Pizza-Ordering-System-master\src\PizzaOrderSystem\CustomerView.java,PizzaOrderSystem.CustomerView,main/1[java.lang.String[]],false,959,4,3,0,3,1,5,9,0,4,1,5,0,0,0,0,0,0,3,2,4,0,0,0,0,0,15,9,0,false
E:\OOD_Projects\ck-mvn-plugin\Pizza-Ordering-System-master\src\PizzaOrderSystem\CustomerView.java,PizzaOrderSystem.CustomerView,actionPerformed/1[java.awt.event.ActionEvent],false,126,6,12,0,12,12,23,76,0,6,1,23,0,0,0,5,4,0,8,5,7,1,5,0,0,0,53,1,0,false
E:\OOD_Projects\ck-mvn-plugin\Pizza-Ordering-System-master\src\PizzaOrderSystem\CashierView.java,PizzaOrderSystem.CashierView$AutoPay,actionPerformed/1[java.awt.event.ActionEvent],false,441,3,3,0,3,5,7,18,0,0,1,7,0,0,0,3,0,0,3,0,1,0,2,0,0,0,12,1,0,false
E:\OOD_Projects\ck-mvn-plugin\Pizza-Ordering-System-master\src\PizzaOrderSystem\CashierView.java,PizzaOrderSystem.CashierView$AutoPay,AutoPay/1[PizzaOrderSystem.Order],true,400,1,3,1,2,1,17,40,0,7,1,17,0,0,0,0,0,4,7,19,23,5,0,0,0,0,53,1,0,false
E:\OOD_Projects\ck-mvn-plugin\Pizza-Ordering-System-master\src\PizzaOrderSystem\CashierView.java,PizzaOrderSystem.CashierView,actionPerformed/1[java.awt.event.ActionEvent],false,103,5,10,0,10,7,23,56,0,6,1,23,0,0,0,4,0,0,10,5,7,1,3,0,0,0,44,1,0,false
E:\OOD_Projects\ck-mvn-plugin\Pizza-Ordering-System-master\src\PizzaOrderSystem\CashierView.java,PizzaOrderSystem.CashierView,"CashierView/2[java.lang.String,PizzaOrderSystem.FacadeModel]",true,46,1,1,1,0,1,20,49,0,3,2,20,0,0,0,0,0,4,9,39,12,4,0,0,0,0,44,1,0,false
