file,class,type,cbo,cboModified,fanin,fanout,wmc,dit,noc,rfc,lcom,lcom*,tcc,lcc,totalMethodsQty,staticMethodsQty,publicMethodsQty,privateMethodsQty,protectedMethodsQty,defaultMethodsQty,visibleMethodsQty,abstractMethodsQty,finalMethodsQty,synchronizedMethodsQty,totalFieldsQty,staticFieldsQty,publicFieldsQty,privateFieldsQty,protectedFieldsQty,defaultFieldsQty,finalFieldsQty,synchronizedFieldsQty,nosi,loc,returnQty,loopQty,comparisonsQty,tryCatchQty,parenthesizedExpsQty,stringLiteralsQty,numbersQty,assignmentsQty,mathOperationsQty,variablesQty,maxNestedBlocksQty,anonymousClassesQty,innerClassesQty,lambdasQty,uniqueWordsQty,modifiers,logStatementsQty
E:\OOD_Projects\ck-mvn-plugin\Stop-Watch-master\Watch\src\watch\stopwatch.java,watch.stopwatch$Anonymous3,anonymous,1,1,0,1,1,1,0,1,0,0.0,NaN,NaN,1,0,1,0,0,0,1,0,0,0,0,0,0,0,0,0,0,0,0,5,0,0,0,0,0,0,0,0,0,0,0,0,0,0,5,-1,0
E:\OOD_Projects\ck-mvn-plugin\Stop-Watch-master\Watch\src\watch\stopwatch.java,watch.stopwatch$Anonymous4,anonymous,1,1,0,1,1,1,0,1,0,0.0,NaN,NaN,1,0,1,0,0,0,1,0,0,0,0,0,0,0,0,0,0,0,0,5,0,0,0,0,0,0,0,0,0,0,0,0,0,0,5,-1,0
E:\OOD_Projects\ck-mvn-plugin\Stop-Watch-master\Watch\src\watch\stopwatch.java,watch.stopwatch$Anonymous5,anonymous,1,1,0,1,1,1,0,1,0,0.0,NaN,NaN,1,0,1,0,0,0,1,0,0,0,0,0,0,0,0,0,0,0,0,5,0,0,0,0,0,0,0,0,0,0,0,0,0,0,7,-1,0
E:\OOD_Projects\ck-mvn-plugin\Stop-Watch-master\Watch\src\watch\stopwatch.java,watch.stopwatch$Anonymous6,anonymous,1,1,0,1,1,1,0,1,0,0.0,NaN,NaN,1,0,1,0,0,0,1,0,0,0,0,0,0,0,0,0,0,0,0,5,0,0,0,0,0,0,0,0,0,0,0,0,0,0,3,-1,0
E:\OOD_Projects\ck-mvn-plugin\Stop-Watch-master\Watch\src\watch\Help.java,watch.Help$Anonymous1,anonymous,1,1,0,1,1,1,0,1,0,0.0,NaN,NaN,1,0,1,0,0,0,1,0,0,0,0,0,0,0,0,0,0,0,0,5,0,0,0,0,0,0,0,0,0,0,0,0,0,0,3,-1,0
E:\OOD_Projects\ck-mvn-plugin\Stop-Watch-master\Watch\src\watch\Help.java,watch.Help,class,1,4,3,1,9,6,0,27,3,0.6666667,0.0,0.0,3,1,2,1,0,0,2,0,0,0,2,0,0,2,0,0,0,0,7,49,0,1,0,1,0,4,9,3,0,3,3,1,0,0,89,1,0
E:\OOD_Projects\ck-mvn-plugin\Stop-Watch-master\Watch\src\watch\stopwatch.java,watch.stopwatch$Anonymous1,anonymous,1,1,0,1,1,1,0,1,0,0.0,NaN,NaN,1,0,1,0,0,0,1,0,0,0,0,0,0,0,0,0,0,0,0,5,0,0,0,0,0,0,0,0,0,0,0,0,0,0,5,-1,0
E:\OOD_Projects\ck-mvn-plugin\Stop-Watch-master\Watch\src\watch\stopwatch.java,watch.stopwatch,class,4,12,8,4,18,6,0,66,22,0.85775864,0.0,0.0,8,1,2,6,0,0,2,0,0,0,18,0,0,16,0,2,0,0,18,247,0,2,0,2,0,51,105,46,3,34,3,6,2,0,120,1,0
E:\OOD_Projects\ck-mvn-plugin\Stop-Watch-master\Watch\src\watch\stopwatch.java,watch.stopwatch$Anonymous2,anonymous,1,1,0,1,1,1,0,1,0,0.0,NaN,NaN,1,0,1,0,0,0,1,0,0,0,0,0,0,0,0,0,0,0,0,5,0,0,0,0,0,0,0,0,0,0,0,0,0,0,5,-1,0
E:\OOD_Projects\ck-mvn-plugin\Stop-Watch-master\Watch\src\watch\Watch.java,watch.Watch,class,1,1,0,1,1,1,0,1,0,0.0,NaN,NaN,1,1,1,0,0,0,1,0,0,0,0,0,0,0,0,0,0,0,0,6,0,0,0,0,0,0,0,1,0,1,0,0,0,0,13,1,0
E:\OOD_Projects\ck-mvn-plugin\Stop-Watch-master\Watch\src\watch\stopwatch.java,watch.stopwatch$update,innerclass,0,0,0,0,5,1,0,1,1,0.0,0.0,0.0,2,0,2,0,0,0,2,0,0,0,0,0,0,0,0,0,0,0,0,26,0,0,3,0,0,7,9,3,10,0,3,0,0,0,11,2,0
E:\OOD_Projects\ck-mvn-plugin\Stop-Watch-master\Watch\src\watch\stopwatch.java,watch.stopwatch$update1,innerclass,0,0,0,0,2,1,0,4,1,0.0,0.0,0.0,2,0,2,0,0,0,2,0,0,0,0,0,0,0,0,0,0,0,1,8,0,0,0,0,0,1,0,1,0,1,0,0,0,0,14,2,0
