file,class,method,variable,usage
E:\OOD_Projects\ck-mvn-plugin\Stop-Watch-master\Watch\src\watch\Help.java,watch.Help,main/1[java.lang.String[]],info,3
E:\OOD_Projects\ck-mvn-plugin\Stop-Watch-master\Watch\src\watch\Help.java,watch.Help,initComponents/0,inititals,5
E:\OOD_Projects\ck-mvn-plugin\Stop-Watch-master\Watch\src\watch\Help.java,watch.Help,initComponents/0,info,5
E:\OOD_Projects\ck-mvn-plugin\Stop-Watch-master\Watch\src\watch\stopwatch.java,watch.stopwatch,saveActionPerformed/1[java.awt.event.ActionEvent],a,2
E:\OOD_Projects\ck-mvn-plugin\Stop-Watch-master\Watch\src\watch\stopwatch.java,watch.stopwatch,saveActionPerformed/1[java.awt.event.ActionEvent],s,5
E:\OOD_Projects\ck-mvn-plugin\Stop-Watch-master\Watch\src\watch\stopwatch.java,watch.stopwatch,saveActionPerformed/1[java.awt.event.ActionEvent],ta,1
E:\OOD_Projects\ck-mvn-plugin\Stop-Watch-master\Watch\src\watch\stopwatch.java,watch.stopwatch,startpauseActionPerformed/1[java.awt.event.ActionEvent],timer,2
E:\OOD_Projects\ck-mvn-plugin\Stop-Watch-master\Watch\src\watch\stopwatch.java,watch.stopwatch,startpauseActionPerformed/1[java.awt.event.ActionEvent],startpause,3
E:\OOD_Projects\ck-mvn-plugin\Stop-Watch-master\Watch\src\watch\stopwatch.java,watch.stopwatch,startpauseActionPerformed/1[java.awt.event.ActionEvent],lap,2
E:\OOD_Projects\ck-mvn-plugin\Stop-Watch-master\Watch\src\watch\stopwatch.java,watch.stopwatch,initComponents/0,date,7
E:\OOD_Projects\ck-mvn-plugin\Stop-Watch-master\Watch\src\watch\stopwatch.java,watch.stopwatch,initComponents/0,hours,8
E:\OOD_Projects\ck-mvn-plugin\Stop-Watch-master\Watch\src\watch\stopwatch.java,watch.stopwatch,initComponents/0,jMenu1,4
E:\OOD_Projects\ck-mvn-plugin\Stop-Watch-master\Watch\src\watch\stopwatch.java,watch.stopwatch,initComponents/0,jMenu2,4
E:\OOD_Projects\ck-mvn-plugin\Stop-Watch-master\Watch\src\watch\stopwatch.java,watch.stopwatch,initComponents/0,save,5
E:\OOD_Projects\ck-mvn-plugin\Stop-Watch-master\Watch\src\watch\stopwatch.java,watch.stopwatch,initComponents/0,jScrollPane1,4
E:\OOD_Projects\ck-mvn-plugin\Stop-Watch-master\Watch\src\watch\stopwatch.java,watch.stopwatch,initComponents/0,jMenuBar1,4
E:\OOD_Projects\ck-mvn-plugin\Stop-Watch-master\Watch\src\watch\stopwatch.java,watch.stopwatch,initComponents/0,ta,5
E:\OOD_Projects\ck-mvn-plugin\Stop-Watch-master\Watch\src\watch\stopwatch.java,watch.stopwatch,initComponents/0,sec,8
E:\OOD_Projects\ck-mvn-plugin\Stop-Watch-master\Watch\src\watch\stopwatch.java,watch.stopwatch,initComponents/0,jMenuItem1,5
E:\OOD_Projects\ck-mvn-plugin\Stop-Watch-master\Watch\src\watch\stopwatch.java,watch.stopwatch,initComponents/0,mins,8
E:\OOD_Projects\ck-mvn-plugin\Stop-Watch-master\Watch\src\watch\stopwatch.java,watch.stopwatch,initComponents/0,jPanel1,5
E:\OOD_Projects\ck-mvn-plugin\Stop-Watch-master\Watch\src\watch\stopwatch.java,watch.stopwatch,initComponents/0,startpause,7
E:\OOD_Projects\ck-mvn-plugin\Stop-Watch-master\Watch\src\watch\stopwatch.java,watch.stopwatch,initComponents/0,msec,8
E:\OOD_Projects\ck-mvn-plugin\Stop-Watch-master\Watch\src\watch\stopwatch.java,watch.stopwatch,initComponents/0,lap,7
E:\OOD_Projects\ck-mvn-plugin\Stop-Watch-master\Watch\src\watch\stopwatch.java,watch.stopwatch,formWindowOpened/1[java.awt.event.WindowEvent],date,1
E:\OOD_Projects\ck-mvn-plugin\Stop-Watch-master\Watch\src\watch\stopwatch.java,watch.stopwatch,formWindowOpened/1[java.awt.event.WindowEvent],dt,1
E:\OOD_Projects\ck-mvn-plugin\Stop-Watch-master\Watch\src\watch\stopwatch.java,watch.stopwatch,formWindowOpened/1[java.awt.event.WindowEvent],timer,1
E:\OOD_Projects\ck-mvn-plugin\Stop-Watch-master\Watch\src\watch\stopwatch.java,watch.stopwatch,formWindowOpened/1[java.awt.event.WindowEvent],i,1
E:\OOD_Projects\ck-mvn-plugin\Stop-Watch-master\Watch\src\watch\stopwatch.java,watch.stopwatch,formWindowOpened/1[java.awt.event.WindowEvent],t2,2
E:\OOD_Projects\ck-mvn-plugin\Stop-Watch-master\Watch\src\watch\stopwatch.java,watch.stopwatch,lapActionPerformed/1[java.awt.event.ActionEvent],hours,3
E:\OOD_Projects\ck-mvn-plugin\Stop-Watch-master\Watch\src\watch\stopwatch.java,watch.stopwatch,lapActionPerformed/1[java.awt.event.ActionEvent],ms,1
E:\OOD_Projects\ck-mvn-plugin\Stop-Watch-master\Watch\src\watch\stopwatch.java,watch.stopwatch,lapActionPerformed/1[java.awt.event.ActionEvent],cnt,3
E:\OOD_Projects\ck-mvn-plugin\Stop-Watch-master\Watch\src\watch\stopwatch.java,watch.stopwatch,lapActionPerformed/1[java.awt.event.ActionEvent],i,1
E:\OOD_Projects\ck-mvn-plugin\Stop-Watch-master\Watch\src\watch\stopwatch.java,watch.stopwatch,lapActionPerformed/1[java.awt.event.ActionEvent],hr,1
E:\OOD_Projects\ck-mvn-plugin\Stop-Watch-master\Watch\src\watch\stopwatch.java,watch.stopwatch,lapActionPerformed/1[java.awt.event.ActionEvent],j,1
E:\OOD_Projects\ck-mvn-plugin\Stop-Watch-master\Watch\src\watch\stopwatch.java,watch.stopwatch,lapActionPerformed/1[java.awt.event.ActionEvent],k,1
E:\OOD_Projects\ck-mvn-plugin\Stop-Watch-master\Watch\src\watch\stopwatch.java,watch.stopwatch,lapActionPerformed/1[java.awt.event.ActionEvent],l,1
E:\OOD_Projects\ck-mvn-plugin\Stop-Watch-master\Watch\src\watch\stopwatch.java,watch.stopwatch,lapActionPerformed/1[java.awt.event.ActionEvent],ta,2
E:\OOD_Projects\ck-mvn-plugin\Stop-Watch-master\Watch\src\watch\stopwatch.java,watch.stopwatch,lapActionPerformed/1[java.awt.event.ActionEvent],sec,3
E:\OOD_Projects\ck-mvn-plugin\Stop-Watch-master\Watch\src\watch\stopwatch.java,watch.stopwatch,lapActionPerformed/1[java.awt.event.ActionEvent],sd,1
E:\OOD_Projects\ck-mvn-plugin\Stop-Watch-master\Watch\src\watch\stopwatch.java,watch.stopwatch,lapActionPerformed/1[java.awt.event.ActionEvent],mins,3
E:\OOD_Projects\ck-mvn-plugin\Stop-Watch-master\Watch\src\watch\stopwatch.java,watch.stopwatch,lapActionPerformed/1[java.awt.event.ActionEvent],min,1
E:\OOD_Projects\ck-mvn-plugin\Stop-Watch-master\Watch\src\watch\stopwatch.java,watch.stopwatch,lapActionPerformed/1[java.awt.event.ActionEvent],startpause,1
E:\OOD_Projects\ck-mvn-plugin\Stop-Watch-master\Watch\src\watch\stopwatch.java,watch.stopwatch,lapActionPerformed/1[java.awt.event.ActionEvent],msec,3
