file,class,method,variable,usage
E:\OOD_Projects\ck-mvn-plugin\Stop-Watch-master\Watch\src\watch\stopwatch.java,watch.stopwatch$Anonymous3,actionPerformed/1[java.awt.event.ActionEvent],evt,1
E:\OOD_Projects\ck-mvn-plugin\Stop-Watch-master\Watch\src\watch\stopwatch.java,watch.stopwatch$Anonymous4,actionPerformed/1[java.awt.event.ActionEvent],evt,1
E:\OOD_Projects\ck-mvn-plugin\Stop-Watch-master\Watch\src\watch\stopwatch.java,watch.stopwatch$Anonymous5,actionPerformed/1[java.awt.event.ActionEvent],evt,1
E:\OOD_Projects\ck-mvn-plugin\Stop-Watch-master\Watch\src\watch\Help.java,watch.Help,main/1[java.lang.String[]],args,0
E:\OOD_Projects\ck-mvn-plugin\Stop-Watch-master\Watch\src\watch\Help.java,watch.Help,main/1[java.lang.String[]],ex,7
E:\OOD_Projects\ck-mvn-plugin\Stop-Watch-master\Watch\src\watch\Help.java,watch.Help,main/1[java.lang.String[]],info,2
E:\OOD_Projects\ck-mvn-plugin\Stop-Watch-master\Watch\src\watch\Help.java,watch.Help,initComponents/0,layout,9
E:\OOD_Projects\ck-mvn-plugin\Stop-Watch-master\Watch\src\watch\stopwatch.java,watch.stopwatch$Anonymous1,windowOpened/1[java.awt.event.WindowEvent],evt,1
E:\OOD_Projects\ck-mvn-plugin\Stop-Watch-master\Watch\src\watch\stopwatch.java,watch.stopwatch,main/1[java.lang.String[]],args,0
E:\OOD_Projects\ck-mvn-plugin\Stop-Watch-master\Watch\src\watch\stopwatch.java,watch.stopwatch,main/1[java.lang.String[]],ex,7
E:\OOD_Projects\ck-mvn-plugin\Stop-Watch-master\Watch\src\watch\stopwatch.java,watch.stopwatch,main/1[java.lang.String[]],info,2
E:\OOD_Projects\ck-mvn-plugin\Stop-Watch-master\Watch\src\watch\stopwatch.java,watch.stopwatch,saveActionPerformed/1[java.awt.event.ActionEvent],ss,2
E:\OOD_Projects\ck-mvn-plugin\Stop-Watch-master\Watch\src\watch\stopwatch.java,watch.stopwatch,saveActionPerformed/1[java.awt.event.ActionEvent],evt,0
E:\OOD_Projects\ck-mvn-plugin\Stop-Watch-master\Watch\src\watch\stopwatch.java,watch.stopwatch,saveActionPerformed/1[java.awt.event.ActionEvent],ex,0
E:\OOD_Projects\ck-mvn-plugin\Stop-Watch-master\Watch\src\watch\stopwatch.java,watch.stopwatch,saveActionPerformed/1[java.awt.event.ActionEvent],pw,2
E:\OOD_Projects\ck-mvn-plugin\Stop-Watch-master\Watch\src\watch\stopwatch.java,watch.stopwatch,startpauseActionPerformed/1[java.awt.event.ActionEvent],evt,0
E:\OOD_Projects\ck-mvn-plugin\Stop-Watch-master\Watch\src\watch\stopwatch.java,watch.stopwatch,initComponents/0,layout,12
E:\OOD_Projects\ck-mvn-plugin\Stop-Watch-master\Watch\src\watch\stopwatch.java,watch.stopwatch,initComponents/0,jPanel1Layout,11
E:\OOD_Projects\ck-mvn-plugin\Stop-Watch-master\Watch\src\watch\stopwatch.java,watch.stopwatch,formWindowOpened/1[java.awt.event.WindowEvent],evt,0
E:\OOD_Projects\ck-mvn-plugin\Stop-Watch-master\Watch\src\watch\stopwatch.java,watch.stopwatch,lapActionPerformed/1[java.awt.event.ActionEvent],evt,0
E:\OOD_Projects\ck-mvn-plugin\Stop-Watch-master\Watch\src\watch\stopwatch.java,watch.stopwatch,jMenuItem1ActionPerformed/1[java.awt.event.ActionEvent],evt,0
E:\OOD_Projects\ck-mvn-plugin\Stop-Watch-master\Watch\src\watch\stopwatch.java,watch.stopwatch,jMenuItem1ActionPerformed/1[java.awt.event.ActionEvent],obj,1
E:\OOD_Projects\ck-mvn-plugin\Stop-Watch-master\Watch\src\watch\stopwatch.java,watch.stopwatch$Anonymous2,actionPerformed/1[java.awt.event.ActionEvent],evt,1
E:\OOD_Projects\ck-mvn-plugin\Stop-Watch-master\Watch\src\watch\Watch.java,watch.Watch,main/1[java.lang.String[]],args,0
E:\OOD_Projects\ck-mvn-plugin\Stop-Watch-master\Watch\src\watch\Watch.java,watch.Watch,main/1[java.lang.String[]],obj,1
E:\OOD_Projects\ck-mvn-plugin\Stop-Watch-master\Watch\src\watch\stopwatch.java,watch.stopwatch$update,update/1[int],i,0
E:\OOD_Projects\ck-mvn-plugin\Stop-Watch-master\Watch\src\watch\stopwatch.java,watch.stopwatch$update,actionPerformed/1[java.awt.event.ActionEvent],e,0
E:\OOD_Projects\ck-mvn-plugin\Stop-Watch-master\Watch\src\watch\stopwatch.java,watch.stopwatch$update1,actionPerformed/1[java.awt.event.ActionEvent],e,0
E:\OOD_Projects\ck-mvn-plugin\Stop-Watch-master\Watch\src\watch\stopwatch.java,watch.stopwatch$update1,actionPerformed/1[java.awt.event.ActionEvent],ts,1
E:\OOD_Projects\ck-mvn-plugin\Stop-Watch-master\Watch\src\watch\stopwatch.java,watch.stopwatch$update1,update1/1[int],i,0
