file,class,type,cbo,cboModified,fanin,fanout,wmc,dit,noc,rfc,lcom,lcom*,tcc,lcc,totalMethodsQty,staticMethodsQty,publicMethodsQty,privateMethodsQty,protectedMethodsQty,defaultMethodsQty,visibleMethodsQty,abstractMethodsQty,finalMethodsQty,synchronizedMethodsQty,totalFieldsQty,staticFieldsQty,publicFieldsQty,privateFieldsQty,protectedFieldsQty,defaultFieldsQty,finalFieldsQty,synchronizedFieldsQty,nosi,loc,returnQty,loopQty,comparisonsQty,tryCatchQty,parenthesizedExpsQty,stringLiteralsQty,numbersQty,assignmentsQty,mathOperationsQty,variablesQty,maxNestedBlocksQty,anonymousClassesQty,innerClassesQty,lambdasQty,uniqueWordsQty,modifiers,logStatementsQty
E:\OOD_Projects\ck-mvn-plugin\ParkingSpaceAllotment-main\src\activity\booking.java,activity.booking,class,3,14,11,3,27,6,0,53,33,0.88235277,0.0,0.0,10,1,2,8,0,0,2,0,0,0,17,0,0,16,0,1,0,0,11,225,0,3,6,4,0,35,125,36,0,32,3,8,0,0,107,1,0
E:\OOD_Projects\ck-mvn-plugin\ParkingSpaceAllotment-main\src\login.java,login,class,2,7,5,2,15,6,0,48,21,0.8571428,0.0,0.0,7,1,2,5,0,0,2,0,0,0,10,0,0,10,0,0,0,0,10,133,0,1,0,1,0,23,64,16,0,16,3,4,0,0,86,1,0
E:\OOD_Projects\ck-mvn-plugin\ParkingSpaceAllotment-main\src\database\process.java,database.process,class,2,6,4,2,29,2,0,19,21,0.0,0.0,0.0,7,1,7,0,0,0,7,0,0,0,0,0,0,0,0,0,0,0,9,130,6,0,1,6,4,78,22,43,25,32,6,0,0,0,83,1,0
E:\OOD_Projects\ck-mvn-plugin\ParkingSpaceAllotment-main\src\login.java,login$Anonymous2,anonymous,1,1,0,1,1,1,0,1,0,0.0,NaN,NaN,1,0,1,0,0,0,1,0,0,0,0,0,0,0,0,0,0,0,0,5,0,0,0,0,0,0,0,0,0,0,0,0,0,0,5,-1,0
E:\OOD_Projects\ck-mvn-plugin\ParkingSpaceAllotment-main\src\login.java,login$Anonymous3,anonymous,1,1,0,1,1,1,0,1,0,0.0,NaN,NaN,1,0,1,0,0,0,1,0,0,0,0,0,0,0,0,0,0,0,0,5,0,0,0,0,0,0,0,0,0,0,0,0,0,0,5,-1,0
E:\OOD_Projects\ck-mvn-plugin\ParkingSpaceAllotment-main\src\login.java,login$Anonymous4,anonymous,1,1,0,1,1,1,0,1,0,0.0,NaN,NaN,1,0,1,0,0,0,1,0,0,0,0,0,0,0,0,0,0,0,0,5,0,0,0,0,0,0,0,0,0,0,0,0,0,0,3,-1,0
E:\OOD_Projects\ck-mvn-plugin\ParkingSpaceAllotment-main\src\activity\history.java,activity.history,class,4,9,5,4,24,6,0,63,4,0.72727275,0.0,0.0,5,1,2,3,0,0,2,0,0,0,11,0,0,8,0,3,0,0,11,196,0,3,2,4,0,51,60,45,1,34,3,4,0,0,100,1,0
E:\OOD_Projects\ck-mvn-plugin\ParkingSpaceAllotment-main\src\activity\MainPage.java,activity.MainPage$Anonymous8,anonymous,1,1,0,1,1,1,0,1,0,0.0,NaN,NaN,1,0,1,0,0,0,1,0,0,0,0,0,0,0,0,0,0,0,0,5,0,0,0,0,0,0,0,0,0,0,0,0,0,0,4,-1,0
E:\OOD_Projects\ck-mvn-plugin\ParkingSpaceAllotment-main\src\activity\MainPage.java,activity.MainPage$Anonymous4,anonymous,1,1,0,1,1,1,0,0,0,0.0,NaN,NaN,1,0,1,0,0,0,1,0,0,0,1,0,0,0,0,1,0,0,0,6,1,0,0,0,0,0,0,1,0,1,0,0,0,0,7,-1,0
E:\OOD_Projects\ck-mvn-plugin\ParkingSpaceAllotment-main\src\activity\MainPage.java,activity.MainPage$Anonymous5,anonymous,1,1,0,1,1,1,0,1,0,0.0,NaN,NaN,1,0,1,0,0,0,1,0,0,0,0,0,0,0,0,0,0,0,0,5,0,0,0,0,0,0,0,0,0,0,0,0,0,0,5,-1,0
E:\OOD_Projects\ck-mvn-plugin\ParkingSpaceAllotment-main\src\activity\login.java,activity.login$Anonymous4,anonymous,1,1,0,1,1,1,0,1,0,0.0,NaN,NaN,1,0,1,0,0,0,1,0,0,0,0,0,0,0,0,0,0,0,0,5,0,0,0,0,0,0,0,0,0,0,0,0,0,0,3,-1,0
E:\OOD_Projects\ck-mvn-plugin\ParkingSpaceAllotment-main\src\activity\MainPage.java,activity.MainPage$Anonymous6,anonymous,1,1,0,1,1,1,0,1,0,0.0,NaN,NaN,1,0,1,0,0,0,1,0,0,0,0,0,0,0,0,0,0,0,0,5,0,0,0,0,0,0,0,0,0,0,0,0,0,0,5,-1,0
E:\OOD_Projects\ck-mvn-plugin\ParkingSpaceAllotment-main\src\activity\login.java,activity.login$Anonymous3,anonymous,1,1,0,1,1,1,0,1,0,0.0,NaN,NaN,1,0,1,0,0,0,1,0,0,0,0,0,0,0,0,0,0,0,0,5,0,0,0,0,0,0,0,0,0,0,0,0,0,0,5,-1,0
E:\OOD_Projects\ck-mvn-plugin\ParkingSpaceAllotment-main\src\activity\MainPage.java,activity.MainPage$Anonymous7,anonymous,1,1,0,1,1,1,0,1,0,0.0,NaN,NaN,1,0,1,0,0,0,1,0,0,0,0,0,0,0,0,0,0,0,0,5,0,0,0,0,0,0,0,0,0,0,0,0,0,0,5,-1,0
E:\OOD_Projects\ck-mvn-plugin\ParkingSpaceAllotment-main\src\activity\MainPage.java,activity.MainPage$Anonymous1,anonymous,1,1,0,1,1,1,0,1,0,0.0,NaN,NaN,1,0,1,0,0,0,1,0,0,0,0,0,0,0,0,0,0,0,0,5,0,0,0,0,0,0,0,0,0,0,0,0,0,0,5,-1,0
E:\OOD_Projects\ck-mvn-plugin\ParkingSpaceAllotment-main\src\activity\MainPage.java,activity.MainPage$Anonymous2,anonymous,1,1,0,1,1,1,0,1,0,0.0,NaN,NaN,1,0,1,0,0,0,1,0,0,0,0,0,0,0,0,0,0,0,0,5,0,0,0,0,0,0,0,0,0,0,0,0,0,0,5,-1,0
E:\OOD_Projects\ck-mvn-plugin\ParkingSpaceAllotment-main\src\activity\MainPage.java,activity.MainPage$Anonymous3,anonymous,1,1,0,1,1,1,0,1,0,0.0,NaN,NaN,1,0,1,0,0,0,1,0,0,0,0,0,0,0,0,0,0,0,0,5,0,0,0,0,0,0,0,0,0,0,0,0,0,0,5,-1,0
E:\OOD_Projects\ck-mvn-plugin\ParkingSpaceAllotment-main\src\activity\booking.java,activity.booking$Anonymous4,anonymous,1,1,0,1,1,1,0,1,0,0.0,NaN,NaN,1,0,1,0,0,0,1,0,0,0,0,0,0,0,0,0,0,0,0,5,0,0,0,0,0,0,0,0,0,0,0,0,0,0,5,-1,0
E:\OOD_Projects\ck-mvn-plugin\ParkingSpaceAllotment-main\src\activity\booking.java,activity.booking$Anonymous3,anonymous,1,1,0,1,1,1,0,1,0,0.0,NaN,NaN,1,0,1,0,0,0,1,0,0,0,0,0,0,0,0,0,0,0,0,5,0,0,0,0,0,0,0,0,0,0,0,0,0,0,5,-1,0
E:\OOD_Projects\ck-mvn-plugin\ParkingSpaceAllotment-main\src\activity\MainPage.java,activity.MainPage,class,6,15,9,6,21,6,0,56,45,0.89999986,0.0,0.0,10,1,2,8,0,0,2,0,0,0,17,0,0,16,0,1,0,0,8,228,0,3,0,3,0,48,88,40,0,35,3,8,0,0,114,1,0
E:\OOD_Projects\ck-mvn-plugin\ParkingSpaceAllotment-main\src\activity\booking.java,activity.booking$Anonymous6,anonymous,1,1,0,1,1,1,0,1,0,0.0,NaN,NaN,1,0,1,0,0,0,1,0,0,0,0,0,0,0,0,0,0,0,0,5,0,0,0,0,0,0,0,0,0,0,0,0,0,0,5,-1,0
E:\OOD_Projects\ck-mvn-plugin\ParkingSpaceAllotment-main\src\activity\checkout.java,activity.checkout$Anonymous6,anonymous,1,1,0,1,1,1,0,1,0,0.0,NaN,NaN,1,0,1,0,0,0,1,0,0,0,0,0,0,0,0,0,0,0,0,5,0,0,0,0,0,0,0,0,0,0,0,0,0,0,3,-1,0
E:\OOD_Projects\ck-mvn-plugin\ParkingSpaceAllotment-main\src\activity\booking.java,activity.booking$Anonymous5,anonymous,1,1,0,1,1,1,0,1,0,0.0,NaN,NaN,1,0,1,0,0,0,1,0,0,0,0,0,0,0,0,0,0,0,0,5,0,0,0,0,0,0,0,0,0,0,0,0,0,0,5,-1,0
E:\OOD_Projects\ck-mvn-plugin\ParkingSpaceAllotment-main\src\activity\booking.java,activity.booking$Anonymous8,anonymous,1,1,0,1,1,1,0,1,0,0.0,NaN,NaN,1,0,1,0,0,0,1,0,0,0,0,0,0,0,0,0,0,0,0,5,0,0,0,0,0,0,0,0,0,0,0,0,0,0,3,-1,0
E:\OOD_Projects\ck-mvn-plugin\ParkingSpaceAllotment-main\src\activity\login.java,activity.login$Anonymous2,anonymous,1,1,0,1,1,1,0,1,0,0.0,NaN,NaN,1,0,1,0,0,0,1,0,0,0,0,0,0,0,0,0,0,0,0,5,0,0,0,0,0,0,0,0,0,0,0,0,0,0,5,-1,0
E:\OOD_Projects\ck-mvn-plugin\ParkingSpaceAllotment-main\src\database\connect.java,database.connect,class,0,5,5,0,2,1,1,3,0,0.0,NaN,NaN,1,1,1,0,0,0,1,0,0,0,0,0,0,0,0,0,0,0,1,14,1,0,0,1,0,2,0,3,0,2,1,0,0,0,13,1,0
E:\OOD_Projects\ck-mvn-plugin\ParkingSpaceAllotment-main\src\activity\booking.java,activity.booking$Anonymous7,anonymous,1,1,0,1,1,1,0,1,0,0.0,NaN,NaN,1,0,1,0,0,0,1,0,0,0,0,0,0,0,0,0,0,0,0,5,0,0,0,0,0,0,0,0,0,0,0,0,0,0,5,-1,0
E:\OOD_Projects\ck-mvn-plugin\ParkingSpaceAllotment-main\src\activity\login.java,activity.login$Anonymous1,anonymous,1,1,0,1,1,1,0,1,0,0.0,NaN,NaN,1,0,1,0,0,0,1,0,0,0,0,0,0,0,0,0,0,0,0,5,0,0,0,0,0,0,0,0,0,0,0,0,0,0,5,-1,0
E:\OOD_Projects\ck-mvn-plugin\ParkingSpaceAllotment-main\src\activity\login.java,activity.login,class,2,8,6,2,15,6,0,47,21,0.8571428,0.0,0.0,7,1,2,5,0,0,2,0,0,0,10,0,0,10,0,0,0,0,10,133,0,1,0,1,0,23,65,16,0,16,3,4,0,0,85,1,0
E:\OOD_Projects\ck-mvn-plugin\ParkingSpaceAllotment-main\src\activity\history.java,activity.history$Anonymous2,anonymous,1,1,0,1,1,1,0,1,0,0.0,NaN,NaN,1,0,1,0,0,0,1,0,0,0,0,0,0,0,0,0,0,0,0,5,0,0,0,0,0,0,0,0,0,0,0,0,0,0,5,-1,0
E:\OOD_Projects\ck-mvn-plugin\ParkingSpaceAllotment-main\src\activity\checkout.java,activity.checkout$Anonymous1,anonymous,1,1,0,1,2,1,0,2,1,0.0,0.0,0.0,2,0,2,0,0,0,2,0,0,0,0,0,0,0,0,0,0,0,0,8,0,0,0,0,0,0,0,0,0,0,0,0,0,0,6,-1,0
E:\OOD_Projects\ck-mvn-plugin\ParkingSpaceAllotment-main\src\activity\history.java,activity.history$Anonymous3,anonymous,1,1,0,1,1,1,0,1,0,0.0,NaN,NaN,1,0,1,0,0,0,1,0,0,0,0,0,0,0,0,0,0,0,0,5,0,0,0,0,0,0,0,0,0,0,0,0,0,0,6,-1,0
E:\OOD_Projects\ck-mvn-plugin\ParkingSpaceAllotment-main\src\activity\history.java,activity.history$Anonymous4,anonymous,1,1,0,1,1,1,0,1,0,0.0,NaN,NaN,1,0,1,0,0,0,1,0,0,0,0,0,0,0,0,0,0,0,0,5,0,0,0,0,0,0,0,0,0,0,0,0,0,0,3,-1,0
E:\OOD_Projects\ck-mvn-plugin\ParkingSpaceAllotment-main\src\activity\checkout.java,activity.checkout$Anonymous4,anonymous,1,1,0,1,1,1,0,1,0,0.0,NaN,NaN,1,0,1,0,0,0,1,0,0,0,0,0,0,0,0,0,0,0,0,5,0,0,0,0,0,0,0,0,0,0,0,0,0,0,5,-1,0
E:\OOD_Projects\ck-mvn-plugin\ParkingSpaceAllotment-main\src\activity\checkout.java,activity.checkout$Anonymous5,anonymous,1,1,0,1,1,1,0,1,0,0.0,NaN,NaN,1,0,1,0,0,0,1,0,0,0,0,0,0,0,0,0,0,0,0,5,0,0,0,0,0,0,0,0,0,0,0,0,0,0,5,-1,0
E:\OOD_Projects\ck-mvn-plugin\ParkingSpaceAllotment-main\src\activity\checkout.java,activity.checkout$Anonymous2,anonymous,1,1,0,1,1,1,0,1,0,0.0,NaN,NaN,1,0,1,0,0,0,1,0,0,0,0,0,0,0,0,0,0,0,0,5,0,0,0,0,0,0,0,0,0,0,0,0,0,0,5,-1,0
E:\OOD_Projects\ck-mvn-plugin\ParkingSpaceAllotment-main\src\activity\checkout.java,activity.checkout,class,4,12,8,4,24,6,0,62,30,0.871795,1.0,1.0,9,1,2,7,0,0,2,0,0,0,13,0,0,12,0,1,0,0,11,192,0,2,1,3,2,48,83,34,5,31,3,6,0,0,117,1,0
E:\OOD_Projects\ck-mvn-plugin\ParkingSpaceAllotment-main\src\activity\checkout.java,activity.checkout$Anonymous3,anonymous,1,1,0,1,1,1,0,1,0,0.0,NaN,NaN,1,0,1,0,0,0,1,0,0,0,0,0,0,0,0,0,0,0,0,5,0,0,0,0,0,0,0,0,0,0,0,0,0,0,5,-1,0
E:\OOD_Projects\ck-mvn-plugin\ParkingSpaceAllotment-main\src\activity\history.java,activity.history$Anonymous1,anonymous,1,1,0,1,1,1,0,0,0,0.0,NaN,NaN,1,0,1,0,0,0,1,0,0,0,1,0,0,0,0,1,0,0,0,6,1,0,0,0,0,0,0,1,0,1,0,0,0,0,7,-1,0
E:\OOD_Projects\ck-mvn-plugin\ParkingSpaceAllotment-main\src\login.java,login$Anonymous1,anonymous,1,1,0,1,1,1,0,1,0,0.0,NaN,NaN,1,0,1,0,0,0,1,0,0,0,0,0,0,0,0,0,0,0,0,5,0,0,0,0,0,0,0,0,0,0,0,0,0,0,5,-1,0
E:\OOD_Projects\ck-mvn-plugin\ParkingSpaceAllotment-main\src\activity\booking.java,activity.booking$Anonymous2,anonymous,1,1,0,1,2,1,0,2,1,0.0,0.0,0.0,2,0,2,0,0,0,2,0,0,0,0,0,0,0,0,0,0,0,0,8,0,0,0,0,0,0,0,0,0,0,0,0,0,0,6,-1,0
E:\OOD_Projects\ck-mvn-plugin\ParkingSpaceAllotment-main\src\activity\booking.java,activity.booking$Anonymous1,anonymous,1,1,0,1,1,1,0,0,0,0.0,NaN,NaN,1,0,1,0,0,0,1,0,0,0,1,0,0,0,0,1,0,0,0,6,1,0,0,0,0,0,0,1,0,1,0,0,0,0,8,-1,0
