file,class,method,variable,usage
E:\OOD_Projects\ck-mvn-plugin\ParkingSpaceAllotment-main\src\activity\booking.java,activity.booking,bookActionPerformed/1[java.awt.event.ActionEvent],con,4
E:\OOD_Projects\ck-mvn-plugin\ParkingSpaceAllotment-main\src\activity\booking.java,activity.booking,bookActionPerformed/1[java.awt.event.ActionEvent],availslot,2
E:\OOD_Projects\ck-mvn-plugin\ParkingSpaceAllotment-main\src\activity\booking.java,activity.booking,bookActionPerformed/1[java.awt.event.ActionEvent],phone,2
E:\OOD_Projects\ck-mvn-plugin\ParkingSpaceAllotment-main\src\activity\booking.java,activity.booking,bookActionPerformed/1[java.awt.event.ActionEvent],name,2
E:\OOD_Projects\ck-mvn-plugin\ParkingSpaceAllotment-main\src\activity\booking.java,activity.booking,bookActionPerformed/1[java.awt.event.ActionEvent],slot,2
E:\OOD_Projects\ck-mvn-plugin\ParkingSpaceAllotment-main\src\activity\booking.java,activity.booking,bookActionPerformed/1[java.awt.event.ActionEvent],type,1
E:\OOD_Projects\ck-mvn-plugin\ParkingSpaceAllotment-main\src\activity\booking.java,activity.booking,bookActionPerformed/1[java.awt.event.ActionEvent],table,1
E:\OOD_Projects\ck-mvn-plugin\ParkingSpaceAllotment-main\src\activity\booking.java,activity.booking,bookActionPerformed/1[java.awt.event.ActionEvent],vehicle,2
E:\OOD_Projects\ck-mvn-plugin\ParkingSpaceAllotment-main\src\activity\booking.java,activity.booking,initComponents/0,jLabel3,5
E:\OOD_Projects\ck-mvn-plugin\ParkingSpaceAllotment-main\src\activity\booking.java,activity.booking,initComponents/0,jLabel2,4
E:\OOD_Projects\ck-mvn-plugin\ParkingSpaceAllotment-main\src\activity\booking.java,activity.booking,initComponents/0,jLabel5,5
E:\OOD_Projects\ck-mvn-plugin\ParkingSpaceAllotment-main\src\activity\booking.java,activity.booking,initComponents/0,jLabel4,5
E:\OOD_Projects\ck-mvn-plugin\ParkingSpaceAllotment-main\src\activity\booking.java,activity.booking,initComponents/0,availslot,6
E:\OOD_Projects\ck-mvn-plugin\ParkingSpaceAllotment-main\src\activity\booking.java,activity.booking,initComponents/0,jLabel6,5
E:\OOD_Projects\ck-mvn-plugin\ParkingSpaceAllotment-main\src\activity\booking.java,activity.booking,initComponents/0,book,6
E:\OOD_Projects\ck-mvn-plugin\ParkingSpaceAllotment-main\src\activity\booking.java,activity.booking,initComponents/0,jScrollPane1,4
E:\OOD_Projects\ck-mvn-plugin\ParkingSpaceAllotment-main\src\activity\booking.java,activity.booking,initComponents/0,slot,4
E:\OOD_Projects\ck-mvn-plugin\ParkingSpaceAllotment-main\src\activity\booking.java,activity.booking,initComponents/0,type,8
E:\OOD_Projects\ck-mvn-plugin\ParkingSpaceAllotment-main\src\activity\booking.java,activity.booking,initComponents/0,jLabel1,5
E:\OOD_Projects\ck-mvn-plugin\ParkingSpaceAllotment-main\src\activity\booking.java,activity.booking,initComponents/0,vehicle,4
E:\OOD_Projects\ck-mvn-plugin\ParkingSpaceAllotment-main\src\activity\booking.java,activity.booking,initComponents/0,phone,4
E:\OOD_Projects\ck-mvn-plugin\ParkingSpaceAllotment-main\src\activity\booking.java,activity.booking,initComponents/0,name,4
E:\OOD_Projects\ck-mvn-plugin\ParkingSpaceAllotment-main\src\activity\booking.java,activity.booking,initComponents/0,close,6
E:\OOD_Projects\ck-mvn-plugin\ParkingSpaceAllotment-main\src\activity\booking.java,activity.booking,initComponents/0,table,4
E:\OOD_Projects\ck-mvn-plugin\ParkingSpaceAllotment-main\src\activity\booking.java,activity.booking,closeActionPerformed/1[java.awt.event.ActionEvent],con,1
E:\OOD_Projects\ck-mvn-plugin\ParkingSpaceAllotment-main\src\activity\booking.java,activity.booking,closeActionPerformed/1[java.awt.event.ActionEvent],close,1
E:\OOD_Projects\ck-mvn-plugin\ParkingSpaceAllotment-main\src\activity\booking.java,activity.booking,booking/0,con,1
E:\OOD_Projects\ck-mvn-plugin\ParkingSpaceAllotment-main\src\activity\booking.java,activity.booking,availslotActionPerformed/1[java.awt.event.ActionEvent],con,2
E:\OOD_Projects\ck-mvn-plugin\ParkingSpaceAllotment-main\src\activity\booking.java,activity.booking,availslotActionPerformed/1[java.awt.event.ActionEvent],availslot,2
E:\OOD_Projects\ck-mvn-plugin\ParkingSpaceAllotment-main\src\activity\booking.java,activity.booking,availslotActionPerformed/1[java.awt.event.ActionEvent],type,1
E:\OOD_Projects\ck-mvn-plugin\ParkingSpaceAllotment-main\src\activity\booking.java,activity.booking,availslotActionPerformed/1[java.awt.event.ActionEvent],table,1
E:\OOD_Projects\ck-mvn-plugin\ParkingSpaceAllotment-main\src\login.java,login,initComponents/0,jLabel3,5
E:\OOD_Projects\ck-mvn-plugin\ParkingSpaceAllotment-main\src\login.java,login,initComponents/0,jLabel2,5
E:\OOD_Projects\ck-mvn-plugin\ParkingSpaceAllotment-main\src\login.java,login,initComponents/0,jLabel4,5
E:\OOD_Projects\ck-mvn-plugin\ParkingSpaceAllotment-main\src\login.java,login,initComponents/0,jPanel1,7
E:\OOD_Projects\ck-mvn-plugin\ParkingSpaceAllotment-main\src\login.java,login,initComponents/0,Text,4
E:\OOD_Projects\ck-mvn-plugin\ParkingSpaceAllotment-main\src\login.java,login,initComponents/0,Reset,7
E:\OOD_Projects\ck-mvn-plugin\ParkingSpaceAllotment-main\src\login.java,login,initComponents/0,jLabel1,5
E:\OOD_Projects\ck-mvn-plugin\ParkingSpaceAllotment-main\src\login.java,login,initComponents/0,Exit,7
E:\OOD_Projects\ck-mvn-plugin\ParkingSpaceAllotment-main\src\login.java,login,initComponents/0,login1,7
E:\OOD_Projects\ck-mvn-plugin\ParkingSpaceAllotment-main\src\login.java,login,initComponents/0,jPassword,4
E:\OOD_Projects\ck-mvn-plugin\ParkingSpaceAllotment-main\src\login.java,login,login1ActionPerformed/1[java.awt.event.ActionEvent],Text,3
E:\OOD_Projects\ck-mvn-plugin\ParkingSpaceAllotment-main\src\login.java,login,login1ActionPerformed/1[java.awt.event.ActionEvent],jPassword,3
E:\OOD_Projects\ck-mvn-plugin\ParkingSpaceAllotment-main\src\login.java,login,ResetActionPerformed/1[java.awt.event.ActionEvent],Text,1
E:\OOD_Projects\ck-mvn-plugin\ParkingSpaceAllotment-main\src\login.java,login,ResetActionPerformed/1[java.awt.event.ActionEvent],jPassword,1
E:\OOD_Projects\ck-mvn-plugin\ParkingSpaceAllotment-main\src\activity\history.java,activity.history,closeActionPerformed/1[java.awt.event.ActionEvent],con,1
E:\OOD_Projects\ck-mvn-plugin\ParkingSpaceAllotment-main\src\activity\history.java,activity.history,closeActionPerformed/1[java.awt.event.ActionEvent],close,1
E:\OOD_Projects\ck-mvn-plugin\ParkingSpaceAllotment-main\src\activity\history.java,activity.history,initComponents/0,filter,5
E:\OOD_Projects\ck-mvn-plugin\ParkingSpaceAllotment-main\src\activity\history.java,activity.history,initComponents/0,jLabel2,5
E:\OOD_Projects\ck-mvn-plugin\ParkingSpaceAllotment-main\src\activity\history.java,activity.history,initComponents/0,hist,12
E:\OOD_Projects\ck-mvn-plugin\ParkingSpaceAllotment-main\src\activity\history.java,activity.history,initComponents/0,jButton1,6
E:\OOD_Projects\ck-mvn-plugin\ParkingSpaceAllotment-main\src\activity\history.java,activity.history,initComponents/0,jScrollPane1,4
E:\OOD_Projects\ck-mvn-plugin\ParkingSpaceAllotment-main\src\activity\history.java,activity.history,initComponents/0,close,5
E:\OOD_Projects\ck-mvn-plugin\ParkingSpaceAllotment-main\src\activity\history.java,activity.history,initComponents/0,value,3
E:\OOD_Projects\ck-mvn-plugin\ParkingSpaceAllotment-main\src\activity\history.java,activity.history,initComponents/0,jLabel1,5
E:\OOD_Projects\ck-mvn-plugin\ParkingSpaceAllotment-main\src\activity\history.java,activity.history,jButton1ActionPerformed/1[java.awt.event.ActionEvent],filter,1
E:\OOD_Projects\ck-mvn-plugin\ParkingSpaceAllotment-main\src\activity\history.java,activity.history,jButton1ActionPerformed/1[java.awt.event.ActionEvent],pr,3
E:\OOD_Projects\ck-mvn-plugin\ParkingSpaceAllotment-main\src\activity\history.java,activity.history,jButton1ActionPerformed/1[java.awt.event.ActionEvent],hist,1
E:\OOD_Projects\ck-mvn-plugin\ParkingSpaceAllotment-main\src\activity\history.java,activity.history,jButton1ActionPerformed/1[java.awt.event.ActionEvent],con,3
E:\OOD_Projects\ck-mvn-plugin\ParkingSpaceAllotment-main\src\activity\history.java,activity.history,jButton1ActionPerformed/1[java.awt.event.ActionEvent],dtm,3
E:\OOD_Projects\ck-mvn-plugin\ParkingSpaceAllotment-main\src\activity\history.java,activity.history,jButton1ActionPerformed/1[java.awt.event.ActionEvent],value,1
E:\OOD_Projects\ck-mvn-plugin\ParkingSpaceAllotment-main\src\activity\history.java,activity.history,history/0,hist,1
E:\OOD_Projects\ck-mvn-plugin\ParkingSpaceAllotment-main\src\activity\history.java,activity.history,history/0,pr,1
E:\OOD_Projects\ck-mvn-plugin\ParkingSpaceAllotment-main\src\activity\history.java,activity.history,history/0,con,1
E:\OOD_Projects\ck-mvn-plugin\ParkingSpaceAllotment-main\src\activity\history.java,activity.history,history/0,dtm,3
E:\OOD_Projects\ck-mvn-plugin\ParkingSpaceAllotment-main\src\activity\MainPage.java,activity.MainPage$Anonymous4,"isCellEditable/2[int,int]",canEdit,1
E:\OOD_Projects\ck-mvn-plugin\ParkingSpaceAllotment-main\src\activity\MainPage.java,activity.MainPage,main/1[java.lang.String[]],info,3
E:\OOD_Projects\ck-mvn-plugin\ParkingSpaceAllotment-main\src\activity\MainPage.java,activity.MainPage,initComponents/0,jLabel3,4
E:\OOD_Projects\ck-mvn-plugin\ParkingSpaceAllotment-main\src\activity\MainPage.java,activity.MainPage,initComponents/0,jLabel2,5
E:\OOD_Projects\ck-mvn-plugin\ParkingSpaceAllotment-main\src\activity\MainPage.java,activity.MainPage,initComponents/0,jLabel5,5
E:\OOD_Projects\ck-mvn-plugin\ParkingSpaceAllotment-main\src\activity\MainPage.java,activity.MainPage,initComponents/0,jLabel4,5
E:\OOD_Projects\ck-mvn-plugin\ParkingSpaceAllotment-main\src\activity\MainPage.java,activity.MainPage,initComponents/0,histo,7
E:\OOD_Projects\ck-mvn-plugin\ParkingSpaceAllotment-main\src\activity\MainPage.java,activity.MainPage,initComponents/0,jLabel9,5
E:\OOD_Projects\ck-mvn-plugin\ParkingSpaceAllotment-main\src\activity\MainPage.java,activity.MainPage,initComponents/0,book,7
E:\OOD_Projects\ck-mvn-plugin\ParkingSpaceAllotment-main\src\activity\MainPage.java,activity.MainPage,initComponents/0,jLabel8,5
E:\OOD_Projects\ck-mvn-plugin\ParkingSpaceAllotment-main\src\activity\MainPage.java,activity.MainPage,initComponents/0,jScrollPane1,4
E:\OOD_Projects\ck-mvn-plugin\ParkingSpaceAllotment-main\src\activity\MainPage.java,activity.MainPage,initComponents/0,Admin,5
E:\OOD_Projects\ck-mvn-plugin\ParkingSpaceAllotment-main\src\activity\MainPage.java,activity.MainPage,initComponents/0,jLabel1,5
E:\OOD_Projects\ck-mvn-plugin\ParkingSpaceAllotment-main\src\activity\MainPage.java,activity.MainPage,initComponents/0,jPanel1,5
E:\OOD_Projects\ck-mvn-plugin\ParkingSpaceAllotment-main\src\activity\MainPage.java,activity.MainPage,initComponents/0,checkout,7
E:\OOD_Projects\ck-mvn-plugin\ParkingSpaceAllotment-main\src\activity\MainPage.java,activity.MainPage,initComponents/0,table,6
E:\OOD_Projects\ck-mvn-plugin\ParkingSpaceAllotment-main\src\activity\MainPage.java,activity.MainPage,initComponents/0,info,7
E:\OOD_Projects\ck-mvn-plugin\ParkingSpaceAllotment-main\src\activity\MainPage.java,activity.MainPage,initComponents/0,Exit,7
E:\OOD_Projects\ck-mvn-plugin\ParkingSpaceAllotment-main\src\activity\MainPage.java,activity.MainPage,infoActionPerformed/1[java.awt.event.ActionEvent],dtm,5
E:\OOD_Projects\ck-mvn-plugin\ParkingSpaceAllotment-main\src\activity\MainPage.java,activity.MainPage,infoActionPerformed/1[java.awt.event.ActionEvent],table,2
E:\OOD_Projects\ck-mvn-plugin\ParkingSpaceAllotment-main\src\activity\MainPage.java,activity.MainPage,checkoutActionPerformed/1[java.awt.event.ActionEvent],checkout,2
E:\OOD_Projects\ck-mvn-plugin\ParkingSpaceAllotment-main\src\activity\login.java,activity.login,initComponents/0,jLabel3,5
E:\OOD_Projects\ck-mvn-plugin\ParkingSpaceAllotment-main\src\activity\login.java,activity.login,initComponents/0,jLabel2,5
E:\OOD_Projects\ck-mvn-plugin\ParkingSpaceAllotment-main\src\activity\login.java,activity.login,initComponents/0,jLabel4,5
E:\OOD_Projects\ck-mvn-plugin\ParkingSpaceAllotment-main\src\activity\login.java,activity.login,initComponents/0,jPanel1,7
E:\OOD_Projects\ck-mvn-plugin\ParkingSpaceAllotment-main\src\activity\login.java,activity.login,initComponents/0,Text,4
E:\OOD_Projects\ck-mvn-plugin\ParkingSpaceAllotment-main\src\activity\login.java,activity.login,initComponents/0,Reset,7
E:\OOD_Projects\ck-mvn-plugin\ParkingSpaceAllotment-main\src\activity\login.java,activity.login,initComponents/0,jLabel1,5
E:\OOD_Projects\ck-mvn-plugin\ParkingSpaceAllotment-main\src\activity\login.java,activity.login,initComponents/0,login1,7
E:\OOD_Projects\ck-mvn-plugin\ParkingSpaceAllotment-main\src\activity\login.java,activity.login,initComponents/0,jPassword,4
E:\OOD_Projects\ck-mvn-plugin\ParkingSpaceAllotment-main\src\activity\login.java,activity.login,initComponents/0,Exit,7
E:\OOD_Projects\ck-mvn-plugin\ParkingSpaceAllotment-main\src\activity\login.java,activity.login,login1ActionPerformed/1[java.awt.event.ActionEvent],Text,3
E:\OOD_Projects\ck-mvn-plugin\ParkingSpaceAllotment-main\src\activity\login.java,activity.login,login1ActionPerformed/1[java.awt.event.ActionEvent],jPassword,3
E:\OOD_Projects\ck-mvn-plugin\ParkingSpaceAllotment-main\src\activity\login.java,activity.login,ResetActionPerformed/1[java.awt.event.ActionEvent],Text,1
E:\OOD_Projects\ck-mvn-plugin\ParkingSpaceAllotment-main\src\activity\login.java,activity.login,ResetActionPerformed/1[java.awt.event.ActionEvent],jPassword,1
E:\OOD_Projects\ck-mvn-plugin\ParkingSpaceAllotment-main\src\activity\checkout.java,activity.checkout,checkout/0,con,1
E:\OOD_Projects\ck-mvn-plugin\ParkingSpaceAllotment-main\src\activity\checkout.java,activity.checkout,checkout/0,checkout,1
E:\OOD_Projects\ck-mvn-plugin\ParkingSpaceAllotment-main\src\activity\checkout.java,activity.checkout,closeActionPerformed/1[java.awt.event.ActionEvent],con,1
E:\OOD_Projects\ck-mvn-plugin\ParkingSpaceAllotment-main\src\activity\checkout.java,activity.checkout,closeActionPerformed/1[java.awt.event.ActionEvent],close,1
E:\OOD_Projects\ck-mvn-plugin\ParkingSpaceAllotment-main\src\activity\checkout.java,activity.checkout,initComponents/0,jLabel3,5
E:\OOD_Projects\ck-mvn-plugin\ParkingSpaceAllotment-main\src\activity\checkout.java,activity.checkout,initComponents/0,jLabel2,4
E:\OOD_Projects\ck-mvn-plugin\ParkingSpaceAllotment-main\src\activity\checkout.java,activity.checkout,initComponents/0,jLabel4,5
E:\OOD_Projects\ck-mvn-plugin\ParkingSpaceAllotment-main\src\activity\checkout.java,activity.checkout,initComponents/0,jLabel6,5
E:\OOD_Projects\ck-mvn-plugin\ParkingSpaceAllotment-main\src\activity\checkout.java,activity.checkout,initComponents/0,veh,4
E:\OOD_Projects\ck-mvn-plugin\ParkingSpaceAllotment-main\src\activity\checkout.java,activity.checkout,initComponents/0,slt,4
E:\OOD_Projects\ck-mvn-plugin\ParkingSpaceAllotment-main\src\activity\checkout.java,activity.checkout,initComponents/0,jScrollPane1,4
E:\OOD_Projects\ck-mvn-plugin\ParkingSpaceAllotment-main\src\activity\checkout.java,activity.checkout,initComponents/0,details,6
E:\OOD_Projects\ck-mvn-plugin\ParkingSpaceAllotment-main\src\activity\checkout.java,activity.checkout,initComponents/0,type,8
E:\OOD_Projects\ck-mvn-plugin\ParkingSpaceAllotment-main\src\activity\checkout.java,activity.checkout,initComponents/0,checkout,6
E:\OOD_Projects\ck-mvn-plugin\ParkingSpaceAllotment-main\src\activity\checkout.java,activity.checkout,initComponents/0,close,6
E:\OOD_Projects\ck-mvn-plugin\ParkingSpaceAllotment-main\src\activity\checkout.java,activity.checkout,initComponents/0,jLabel1,5
E:\OOD_Projects\ck-mvn-plugin\ParkingSpaceAllotment-main\src\activity\checkout.java,activity.checkout,main/1[java.lang.String[]],checkout,4
E:\OOD_Projects\ck-mvn-plugin\ParkingSpaceAllotment-main\src\activity\checkout.java,activity.checkout,checkoutActionPerformed/1[java.awt.event.ActionEvent],con,2
E:\OOD_Projects\ck-mvn-plugin\ParkingSpaceAllotment-main\src\activity\checkout.java,activity.checkout,checkoutActionPerformed/1[java.awt.event.ActionEvent],veh,1
E:\OOD_Projects\ck-mvn-plugin\ParkingSpaceAllotment-main\src\activity\checkout.java,activity.checkout,checkoutActionPerformed/1[java.awt.event.ActionEvent],slt,1
E:\OOD_Projects\ck-mvn-plugin\ParkingSpaceAllotment-main\src\activity\checkout.java,activity.checkout,checkoutActionPerformed/1[java.awt.event.ActionEvent],details,1
E:\OOD_Projects\ck-mvn-plugin\ParkingSpaceAllotment-main\src\activity\checkout.java,activity.checkout,checkoutActionPerformed/1[java.awt.event.ActionEvent],type,1
E:\OOD_Projects\ck-mvn-plugin\ParkingSpaceAllotment-main\src\activity\checkout.java,activity.checkout,checkoutActionPerformed/1[java.awt.event.ActionEvent],checkout,1
E:\OOD_Projects\ck-mvn-plugin\ParkingSpaceAllotment-main\src\activity\history.java,activity.history$Anonymous1,"isCellEditable/2[int,int]",canEdit,1
E:\OOD_Projects\ck-mvn-plugin\ParkingSpaceAllotment-main\src\activity\booking.java,activity.booking$Anonymous1,"isCellEditable/2[int,int]",canEdit,1
