file,class,method,constructor,line,cbo,cboModified,fanin,fanout,wmc,rfc,loc,returnsQty,variablesQty,parametersQty,methodsInvokedQty,methodsInvokedLocalQty,methodsInvokedIndirectLocalQty,loopQty,comparisonsQty,tryCatchQty,parenthesizedExpsQty,stringLiteralsQty,numbersQty,assignmentsQty,mathOperationsQty,maxNestedBlocksQty,anonymousClassesQty,innerClassesQty,lambdasQty,uniqueWordsQty,modifiers,logStatementsQty,hasJavaDoc
E:\OOD_Projects\ck-mvn-plugin\ParkingSpaceAllotment-main\src\activity\booking.java,activity.booking,typeFocusGained/1[java.awt.event.FocusEvent],false,236,0,1,1,0,1,0,2,0,0,1,0,0,0,0,0,0,0,0,0,0,0,0,0,0,0,4,2,0,false
E:\OOD_Projects\ck-mvn-plugin\ParkingSpaceAllotment-main\src\activity\booking.java,activity.booking,main/1[java.lang.String[]],false,333,1,1,0,1,7,9,28,0,0,1,9,0,0,1,0,1,0,1,0,0,0,3,1,0,0,19,9,0,true
E:\OOD_Projects\ck-mvn-plugin\ParkingSpaceAllotment-main\src\activity\booking.java,activity.booking,bookActionPerformed/1[java.awt.event.ActionEvent],false,277,1,4,1,3,7,12,37,0,9,1,12,0,0,1,4,1,0,5,5,11,0,2,0,0,0,24,2,0,false
E:\OOD_Projects\ck-mvn-plugin\ParkingSpaceAllotment-main\src\activity\booking.java,activity.booking,typeMouseClicked/1[java.awt.event.MouseEvent],false,248,0,1,1,0,1,0,2,0,0,1,0,0,0,0,0,0,0,0,0,0,0,0,0,0,0,4,2,0,false
E:\OOD_Projects\ck-mvn-plugin\ParkingSpaceAllotment-main\src\activity\booking.java,activity.booking,initComponents/0,false,36,0,3,1,2,1,28,95,0,1,0,28,0,0,0,0,0,0,26,117,17,0,0,7,0,0,75,2,0,true
E:\OOD_Projects\ck-mvn-plugin\ParkingSpaceAllotment-main\src\activity\booking.java,activity.booking,typeFocusLost/1[java.awt.event.FocusEvent],false,240,0,1,1,0,1,0,2,0,0,1,0,0,0,0,0,0,0,0,0,0,0,0,0,0,0,4,2,0,false
E:\OOD_Projects\ck-mvn-plugin\ParkingSpaceAllotment-main\src\activity\booking.java,activity.booking,typePropertyChange/1[java.beans.PropertyChangeEvent],false,244,0,1,1,0,1,0,2,0,0,1,0,0,0,0,0,0,0,0,0,0,0,0,0,0,0,4,2,0,false
E:\OOD_Projects\ck-mvn-plugin\ParkingSpaceAllotment-main\src\activity\booking.java,activity.booking,closeActionPerformed/1[java.awt.event.ActionEvent],false,317,1,1,1,0,2,5,11,0,0,1,5,0,0,0,0,1,0,0,0,0,0,1,0,0,0,10,2,0,false
E:\OOD_Projects\ck-mvn-plugin\ParkingSpaceAllotment-main\src\activity\booking.java,activity.booking,booking/0,true,24,2,4,2,2,1,2,4,0,0,0,2,1,1,0,0,0,0,0,0,1,0,0,0,0,0,4,1,0,false
E:\OOD_Projects\ck-mvn-plugin\ParkingSpaceAllotment-main\src\activity\booking.java,activity.booking,availslotActionPerformed/1[java.awt.event.ActionEvent],false,252,1,3,1,2,5,7,23,0,5,1,7,0,0,1,2,1,0,3,3,7,0,2,0,0,0,18,2,0,false
E:\OOD_Projects\ck-mvn-plugin\ParkingSpaceAllotment-main\src\login.java,login,initComponents/0,false,30,0,2,1,1,1,29,63,0,2,0,29,0,0,0,0,0,0,18,63,12,0,0,3,0,0,55,2,0,true
E:\OOD_Projects\ck-mvn-plugin\ParkingSpaceAllotment-main\src\login.java,login,SystemExit/0,false,242,0,1,1,0,1,1,4,0,1,0,1,0,0,0,0,0,0,0,0,1,0,0,0,0,0,6,2,0,false
E:\OOD_Projects\ck-mvn-plugin\ParkingSpaceAllotment-main\src\login.java,login,login1ActionPerformed/1[java.awt.event.ActionEvent],false,177,2,3,1,2,3,8,16,0,3,1,8,1,1,0,0,0,0,4,0,3,0,1,0,0,0,14,2,0,false
E:\OOD_Projects\ck-mvn-plugin\ParkingSpaceAllotment-main\src\login.java,login,main/1[java.lang.String[]],false,197,1,1,0,1,7,9,28,0,0,1,9,0,0,1,0,1,0,1,0,0,0,3,1,0,0,19,9,0,true
E:\OOD_Projects\ck-mvn-plugin\ParkingSpaceAllotment-main\src\login.java,login,login/0,true,19,1,2,1,1,1,1,3,0,0,0,1,1,1,0,0,0,0,0,0,0,0,0,0,0,0,5,1,0,true
E:\OOD_Projects\ck-mvn-plugin\ParkingSpaceAllotment-main\src\login.java,login,ResetActionPerformed/1[java.awt.event.ActionEvent],false,172,0,1,1,0,1,2,4,0,0,1,2,0,0,0,0,0,0,0,0,0,0,0,0,0,0,5,2,0,false
E:\OOD_Projects\ck-mvn-plugin\ParkingSpaceAllotment-main\src\login.java,login,ExitActionPerformed/1[java.awt.event.ActionEvent],false,168,0,1,1,0,1,1,3,0,0,1,1,0,0,0,0,0,0,0,1,0,0,0,0,0,0,4,2,0,false
E:\OOD_Projects\ck-mvn-plugin\ParkingSpaceAllotment-main\src\database\process.java,database.process,"calculateCharges/2[double,java.lang.String]",false,153,0,1,1,0,15,1,10,1,1,2,1,0,0,0,0,0,2,6,19,7,6,6,0,0,0,6,9,0,false
E:\OOD_Projects\ck-mvn-plugin\ParkingSpaceAllotment-main\src\database\process.java,database.process,"bookSlot/6[java.sql.Connection,java.lang.String,java.lang.String,java.lang.String,java.lang.Long,int]",false,24,0,1,1,0,3,8,23,0,5,6,8,0,0,0,1,1,1,22,1,5,4,2,0,0,0,39,1,0,false
E:\OOD_Projects\ck-mvn-plugin\ParkingSpaceAllotment-main\src\database\process.java,database.process,"his/2[java.sql.Connection,java.lang.String]",false,124,0,1,1,0,2,4,14,1,2,2,4,0,0,0,0,1,0,3,0,3,1,1,0,0,0,23,1,0,false
E:\OOD_Projects\ck-mvn-plugin\ParkingSpaceAllotment-main\src\database\process.java,database.process,"out/3[java.sql.Connection,java.lang.String,java.lang.String]",false,68,1,2,1,1,3,17,39,1,18,3,17,1,1,0,0,1,1,38,2,19,12,2,0,0,0,51,1,0,false
E:\OOD_Projects\ck-mvn-plugin\ParkingSpaceAllotment-main\src\database\process.java,database.process,"availslot/2[java.sql.Connection,java.lang.String]",false,52,0,2,2,0,2,4,14,1,2,2,4,0,0,0,0,1,0,3,0,3,1,1,0,0,0,19,1,0,false
E:\OOD_Projects\ck-mvn-plugin\ParkingSpaceAllotment-main\src\database\process.java,database.process,"his/3[java.sql.Connection,java.lang.String,java.lang.String]",false,138,0,1,1,0,2,4,14,1,2,3,4,0,0,0,0,1,0,4,0,3,1,1,0,0,0,23,1,0,false
E:\OOD_Projects\ck-mvn-plugin\ParkingSpaceAllotment-main\src\database\process.java,database.process,his/1[java.sql.Connection],false,110,0,2,2,0,2,4,14,1,2,1,4,0,0,0,0,1,0,2,0,3,0,1,0,0,0,18,1,0,false
E:\OOD_Projects\ck-mvn-plugin\ParkingSpaceAllotment-main\src\login.java,login$Anonymous2,actionPerformed/1[java.awt.event.ActionEvent],false,63,1,19,0,19,1,1,3,0,0,1,1,0,0,0,0,0,0,0,0,0,0,0,0,0,0,5,1,0,false
E:\OOD_Projects\ck-mvn-plugin\ParkingSpaceAllotment-main\src\login.java,login$Anonymous3,actionPerformed/1[java.awt.event.ActionEvent],false,72,1,19,0,19,1,1,3,0,0,1,1,0,0,0,0,0,0,0,0,0,0,0,0,0,0,5,1,0,false
E:\OOD_Projects\ck-mvn-plugin\ParkingSpaceAllotment-main\src\login.java,login$Anonymous4,run/0,false,223,1,6,0,6,1,1,3,0,0,0,1,0,0,0,0,0,0,0,0,0,0,0,0,0,0,3,1,0,false
E:\OOD_Projects\ck-mvn-plugin\ParkingSpaceAllotment-main\src\activity\history.java,activity.history,closeActionPerformed/1[java.awt.event.ActionEvent],false,177,1,1,1,0,2,5,11,0,0,1,5,0,0,0,0,1,0,0,0,0,0,1,0,0,0,10,2,0,false
E:\OOD_Projects\ck-mvn-plugin\ParkingSpaceAllotment-main\src\activity\history.java,activity.history,initComponents/0,false,62,0,3,1,2,2,33,55,0,1,0,33,0,0,0,0,0,0,23,53,9,0,1,3,0,0,56,2,0,true
E:\OOD_Projects\ck-mvn-plugin\ParkingSpaceAllotment-main\src\activity\history.java,activity.history,jButton1ActionPerformed/1[java.awt.event.ActionEvent],false,190,1,4,1,3,10,15,61,0,13,1,15,0,0,1,2,1,0,17,6,24,1,2,0,0,0,35,2,0,false
E:\OOD_Projects\ck-mvn-plugin\ParkingSpaceAllotment-main\src\activity\history.java,activity.history,main/1[java.lang.String[]],false,256,1,1,0,1,7,9,28,0,0,1,9,0,0,1,0,1,0,1,0,0,0,3,1,0,0,19,9,0,true
E:\OOD_Projects\ck-mvn-plugin\ParkingSpaceAllotment-main\src\activity\history.java,activity.history,history/0,true,26,2,4,2,2,3,13,28,0,9,0,13,1,1,1,0,1,0,10,1,10,0,2,0,0,0,26,1,0,true
E:\OOD_Projects\ck-mvn-plugin\ParkingSpaceAllotment-main\src\activity\MainPage.java,activity.MainPage$Anonymous8,run/0,false,361,1,6,0,6,1,1,3,0,0,0,1,0,0,0,0,0,0,0,0,0,0,0,0,0,0,4,1,0,false
E:\OOD_Projects\ck-mvn-plugin\ParkingSpaceAllotment-main\src\activity\MainPage.java,activity.MainPage$Anonymous4,"isCellEditable/2[int,int]",false,97,0,0,0,0,1,0,3,1,0,2,0,0,0,0,0,0,0,0,0,0,0,0,0,0,0,5,1,0,false
E:\OOD_Projects\ck-mvn-plugin\ParkingSpaceAllotment-main\src\activity\MainPage.java,activity.MainPage$Anonymous5,actionPerformed/1[java.awt.event.ActionEvent],false,110,1,19,0,19,1,1,3,0,0,1,1,0,0,0,0,0,0,0,0,0,0,0,0,0,0,5,1,0,false
E:\OOD_Projects\ck-mvn-plugin\ParkingSpaceAllotment-main\src\activity\login.java,activity.login$Anonymous4,run/0,false,226,1,6,0,6,1,1,3,0,0,0,1,0,0,0,0,0,0,0,0,0,0,0,0,0,0,3,1,0,false
E:\OOD_Projects\ck-mvn-plugin\ParkingSpaceAllotment-main\src\activity\MainPage.java,activity.MainPage$Anonymous6,actionPerformed/1[java.awt.event.ActionEvent],false,119,1,19,0,19,1,1,3,0,0,1,1,0,0,0,0,0,0,0,0,0,0,0,0,0,0,5,1,0,false
E:\OOD_Projects\ck-mvn-plugin\ParkingSpaceAllotment-main\src\activity\login.java,activity.login$Anonymous3,actionPerformed/1[java.awt.event.ActionEvent],false,87,1,19,0,19,1,1,3,0,0,1,1,0,0,0,0,0,0,0,0,0,0,0,0,0,0,5,1,0,false
E:\OOD_Projects\ck-mvn-plugin\ParkingSpaceAllotment-main\src\activity\MainPage.java,activity.MainPage$Anonymous7,actionPerformed/1[java.awt.event.ActionEvent],false,128,1,19,0,19,1,1,3,0,0,1,1,0,0,0,0,0,0,0,0,0,0,0,0,0,0,5,1,0,false
E:\OOD_Projects\ck-mvn-plugin\ParkingSpaceAllotment-main\src\activity\MainPage.java,activity.MainPage$Anonymous1,actionPerformed/1[java.awt.event.ActionEvent],false,62,1,19,0,19,1,1,3,0,0,1,1,0,0,0,0,0,0,0,0,0,0,0,0,0,0,5,1,0,false
E:\OOD_Projects\ck-mvn-plugin\ParkingSpaceAllotment-main\src\activity\MainPage.java,activity.MainPage$Anonymous2,actionPerformed/1[java.awt.event.ActionEvent],false,71,1,19,0,19,1,1,3,0,0,1,1,0,0,0,0,0,0,0,0,0,0,0,0,0,0,5,1,0,false
E:\OOD_Projects\ck-mvn-plugin\ParkingSpaceAllotment-main\src\activity\MainPage.java,activity.MainPage$Anonymous3,actionPerformed/1[java.awt.event.ActionEvent],false,80,1,19,0,19,1,1,3,0,0,1,1,0,0,0,0,0,0,0,0,0,0,0,0,0,0,5,1,0,false
E:\OOD_Projects\ck-mvn-plugin\ParkingSpaceAllotment-main\src\activity\booking.java,activity.booking$Anonymous4,propertyChange/1[java.beans.PropertyChangeEvent],false,97,1,2,0,2,1,1,3,0,0,1,1,0,0,0,0,0,0,0,0,0,0,0,0,0,0,5,1,0,false
E:\OOD_Projects\ck-mvn-plugin\ParkingSpaceAllotment-main\src\activity\booking.java,activity.booking$Anonymous3,mouseClicked/1[java.awt.event.MouseEvent],false,92,1,2,0,2,1,1,3,0,0,1,1,0,0,0,0,0,0,0,0,0,0,0,0,0,0,5,1,0,false
E:\OOD_Projects\ck-mvn-plugin\ParkingSpaceAllotment-main\src\activity\MainPage.java,activity.MainPage,SystemExit/0,false,387,0,1,1,0,1,1,4,0,1,0,1,0,0,0,0,0,0,0,0,1,0,0,0,0,0,6,2,0,false
E:\OOD_Projects\ck-mvn-plugin\ParkingSpaceAllotment-main\src\activity\MainPage.java,activity.MainPage,main/1[java.lang.String[]],false,334,1,1,0,1,7,9,28,0,0,1,9,0,0,1,0,1,0,1,0,0,0,3,1,0,0,20,9,0,true
E:\OOD_Projects\ck-mvn-plugin\ParkingSpaceAllotment-main\src\activity\MainPage.java,activity.MainPage,MainPage/0,true,25,1,4,3,1,1,1,3,0,0,0,1,1,1,0,0,0,0,0,0,0,0,0,0,0,0,4,1,0,false
E:\OOD_Projects\ck-mvn-plugin\ParkingSpaceAllotment-main\src\activity\MainPage.java,activity.MainPage,AdminActionPerformed/1[java.awt.event.ActionEvent],false,251,1,2,1,1,1,1,3,0,0,1,1,1,1,0,0,0,0,0,0,0,0,0,0,0,0,6,2,0,false
E:\OOD_Projects\ck-mvn-plugin\ParkingSpaceAllotment-main\src\activity\MainPage.java,activity.MainPage,initComponents/0,false,36,0,3,1,2,2,31,105,0,2,0,31,0,0,0,0,0,0,29,87,18,0,1,7,0,0,68,2,0,true
E:\OOD_Projects\ck-mvn-plugin\ParkingSpaceAllotment-main\src\activity\MainPage.java,activity.MainPage,histoActionPerformed/1[java.awt.event.ActionEvent],false,325,1,2,1,1,1,1,4,0,1,1,1,0,0,0,0,0,0,0,0,1,0,0,0,0,0,7,2,0,false
E:\OOD_Projects\ck-mvn-plugin\ParkingSpaceAllotment-main\src\activity\MainPage.java,activity.MainPage,ExitActionPerformed/1[java.awt.event.ActionEvent],false,308,1,2,1,1,1,2,5,0,1,1,2,0,0,0,0,0,0,0,0,1,0,0,0,0,0,8,2,0,false
E:\OOD_Projects\ck-mvn-plugin\ParkingSpaceAllotment-main\src\activity\MainPage.java,activity.MainPage,bookActionPerformed/1[java.awt.event.ActionEvent],false,314,1,2,1,1,1,1,4,0,1,1,1,0,0,0,0,0,0,0,0,1,0,0,0,0,0,7,2,0,false
E:\OOD_Projects\ck-mvn-plugin\ParkingSpaceAllotment-main\src\activity\MainPage.java,activity.MainPage,infoActionPerformed/1[java.awt.event.ActionEvent],false,256,1,2,1,1,5,12,49,0,11,1,12,0,0,2,0,2,0,18,1,17,0,2,0,0,0,28,2,0,false
E:\OOD_Projects\ck-mvn-plugin\ParkingSpaceAllotment-main\src\activity\MainPage.java,activity.MainPage,checkoutActionPerformed/1[java.awt.event.ActionEvent],false,319,1,2,1,1,1,1,4,0,1,1,1,0,0,0,0,0,0,0,0,1,0,0,0,0,0,6,2,0,false
E:\OOD_Projects\ck-mvn-plugin\ParkingSpaceAllotment-main\src\activity\booking.java,activity.booking$Anonymous6,actionPerformed/1[java.awt.event.ActionEvent],false,133,1,19,0,19,1,1,3,0,0,1,1,0,0,0,0,0,0,0,0,0,0,0,0,0,0,5,1,0,false
E:\OOD_Projects\ck-mvn-plugin\ParkingSpaceAllotment-main\src\activity\checkout.java,activity.checkout$Anonymous6,run/0,false,303,1,6,0,6,1,1,3,0,0,0,1,0,0,0,0,0,0,0,0,0,0,0,0,0,0,3,1,0,false
E:\OOD_Projects\ck-mvn-plugin\ParkingSpaceAllotment-main\src\activity\booking.java,activity.booking$Anonymous5,actionPerformed/1[java.awt.event.ActionEvent],false,105,1,19,0,19,1,1,3,0,0,1,1,0,0,0,0,0,0,0,0,0,0,0,0,0,0,5,1,0,false
E:\OOD_Projects\ck-mvn-plugin\ParkingSpaceAllotment-main\src\activity\booking.java,activity.booking$Anonymous8,run/0,false,359,1,6,0,6,1,1,3,0,0,0,1,0,0,0,0,0,0,0,0,0,0,0,0,0,0,3,1,0,false
E:\OOD_Projects\ck-mvn-plugin\ParkingSpaceAllotment-main\src\activity\login.java,activity.login$Anonymous2,actionPerformed/1[java.awt.event.ActionEvent],false,65,1,19,0,19,1,1,3,0,0,1,1,0,0,0,0,0,0,0,0,0,0,0,0,0,0,5,1,0,false
E:\OOD_Projects\ck-mvn-plugin\ParkingSpaceAllotment-main\src\database\connect.java,database.connect,setConnection/0,false,14,0,3,3,0,2,3,12,1,2,0,3,0,0,0,0,1,0,2,0,3,0,1,0,0,0,11,9,0,false
E:\OOD_Projects\ck-mvn-plugin\ParkingSpaceAllotment-main\src\activity\booking.java,activity.booking$Anonymous7,actionPerformed/1[java.awt.event.ActionEvent],false,141,1,19,0,19,1,1,3,0,0,1,1,0,0,0,0,0,0,0,0,0,0,0,0,0,0,5,1,0,false
E:\OOD_Projects\ck-mvn-plugin\ParkingSpaceAllotment-main\src\activity\login.java,activity.login$Anonymous1,actionPerformed/1[java.awt.event.ActionEvent],false,56,1,19,0,19,1,1,3,0,0,1,1,0,0,0,0,0,0,0,0,0,0,0,0,0,0,5,1,0,false
E:\OOD_Projects\ck-mvn-plugin\ParkingSpaceAllotment-main\src\activity\login.java,activity.login,initComponents/0,false,32,0,2,1,1,1,28,63,0,2,0,28,0,0,0,0,0,0,18,64,12,0,0,3,0,0,55,2,0,true
E:\OOD_Projects\ck-mvn-plugin\ParkingSpaceAllotment-main\src\activity\login.java,activity.login,ExitActionPerformed/1[java.awt.event.ActionEvent],false,192,0,1,1,0,1,1,3,0,0,1,1,0,0,0,0,0,0,0,1,0,0,0,0,0,0,4,2,0,false
E:\OOD_Projects\ck-mvn-plugin\ParkingSpaceAllotment-main\src\activity\login.java,activity.login,login1ActionPerformed/1[java.awt.event.ActionEvent],false,175,2,3,1,2,3,8,16,0,3,1,8,1,1,0,0,0,0,4,0,3,0,1,0,0,0,14,2,0,false
E:\OOD_Projects\ck-mvn-plugin\ParkingSpaceAllotment-main\src\activity\login.java,activity.login,ResetActionPerformed/1[java.awt.event.ActionEvent],false,170,0,1,1,0,1,2,4,0,0,1,2,0,0,0,0,0,0,0,0,0,0,0,0,0,0,5,2,0,false
E:\OOD_Projects\ck-mvn-plugin\ParkingSpaceAllotment-main\src\activity\login.java,activity.login,main/1[java.lang.String[]],false,200,1,1,0,1,7,9,28,0,0,1,9,0,0,1,0,1,0,1,0,0,0,3,1,0,0,19,9,0,true
E:\OOD_Projects\ck-mvn-plugin\ParkingSpaceAllotment-main\src\activity\login.java,activity.login,login/0,true,21,1,3,2,1,1,1,3,0,0,0,1,1,1,0,0,0,0,0,0,0,0,0,0,0,0,5,1,0,true
E:\OOD_Projects\ck-mvn-plugin\ParkingSpaceAllotment-main\src\activity\login.java,activity.login,SystemExit/0,false,245,0,1,1,0,1,1,4,0,1,0,1,0,0,0,0,0,0,0,0,1,0,0,0,0,0,6,2,0,false
E:\OOD_Projects\ck-mvn-plugin\ParkingSpaceAllotment-main\src\activity\history.java,activity.history$Anonymous2,actionPerformed/1[java.awt.event.ActionEvent],false,108,1,19,0,19,1,1,3,0,0,1,1,0,0,0,0,0,0,0,0,0,0,0,0,0,0,5,1,0,false
E:\OOD_Projects\ck-mvn-plugin\ParkingSpaceAllotment-main\src\activity\checkout.java,activity.checkout$Anonymous1,focusGained/1[java.awt.event.FocusEvent],false,60,1,2,0,2,1,1,3,0,0,1,1,0,0,0,0,0,0,0,0,0,0,0,0,0,0,5,1,0,false
E:\OOD_Projects\ck-mvn-plugin\ParkingSpaceAllotment-main\src\activity\checkout.java,activity.checkout$Anonymous1,focusLost/1[java.awt.event.FocusEvent],false,63,1,2,0,2,1,1,3,0,0,1,1,0,0,0,0,0,0,0,0,0,0,0,0,0,0,5,1,0,false
E:\OOD_Projects\ck-mvn-plugin\ParkingSpaceAllotment-main\src\activity\history.java,activity.history$Anonymous3,actionPerformed/1[java.awt.event.ActionEvent],false,122,1,19,0,19,1,1,3,0,0,1,1,0,0,0,0,0,0,0,0,0,0,0,0,0,0,6,1,0,false
E:\OOD_Projects\ck-mvn-plugin\ParkingSpaceAllotment-main\src\activity\history.java,activity.history$Anonymous4,run/0,false,282,1,6,0,6,1,1,3,0,0,0,1,0,0,0,0,0,0,0,0,0,0,0,0,0,0,3,1,0,false
E:\OOD_Projects\ck-mvn-plugin\ParkingSpaceAllotment-main\src\activity\checkout.java,activity.checkout$Anonymous4,actionPerformed/1[java.awt.event.ActionEvent],false,93,1,19,0,19,1,1,3,0,0,1,1,0,0,0,0,0,0,0,0,0,0,0,0,0,0,5,1,0,false
E:\OOD_Projects\ck-mvn-plugin\ParkingSpaceAllotment-main\src\activity\checkout.java,activity.checkout$Anonymous5,actionPerformed/1[java.awt.event.ActionEvent],false,107,1,19,0,19,1,1,3,0,0,1,1,0,0,0,0,0,0,0,0,0,0,0,0,0,0,5,1,0,false
E:\OOD_Projects\ck-mvn-plugin\ParkingSpaceAllotment-main\src\activity\checkout.java,activity.checkout$Anonymous2,mouseClicked/1[java.awt.event.MouseEvent],false,68,1,2,0,2,1,1,3,0,0,1,1,0,0,0,0,0,0,0,0,0,0,0,0,0,0,5,1,0,false
E:\OOD_Projects\ck-mvn-plugin\ParkingSpaceAllotment-main\src\activity\checkout.java,activity.checkout,typeMouseClicked/1[java.awt.event.MouseEvent],false,199,0,1,1,0,1,0,2,0,0,1,0,0,0,0,0,0,0,0,0,0,0,0,0,0,0,4,2,0,false
E:\OOD_Projects\ck-mvn-plugin\ParkingSpaceAllotment-main\src\activity\checkout.java,activity.checkout,checkout/0,true,25,2,4,2,2,1,2,4,0,0,0,2,1,1,0,0,0,0,0,0,1,0,0,0,0,0,4,1,0,false
E:\OOD_Projects\ck-mvn-plugin\ParkingSpaceAllotment-main\src\activity\checkout.java,activity.checkout,closeActionPerformed/1[java.awt.event.ActionEvent],false,262,1,1,1,0,2,5,11,0,0,1,5,0,0,0,0,1,0,0,0,0,0,1,0,0,0,10,2,0,false
E:\OOD_Projects\ck-mvn-plugin\ParkingSpaceAllotment-main\src\activity\checkout.java,activity.checkout,initComponents/0,false,37,0,2,1,1,1,34,75,0,1,0,34,0,0,0,0,0,0,20,82,13,0,0,5,0,0,63,2,0,true
E:\OOD_Projects\ck-mvn-plugin\ParkingSpaceAllotment-main\src\activity\checkout.java,activity.checkout,main/1[java.lang.String[]],false,277,1,1,0,1,7,9,28,0,0,1,9,0,0,1,0,1,0,1,0,0,0,3,1,0,0,19,9,0,true
E:\OOD_Projects\ck-mvn-plugin\ParkingSpaceAllotment-main\src\activity\checkout.java,activity.checkout,typeFocusLost/1[java.awt.event.FocusEvent],false,195,0,1,1,0,1,0,2,0,0,1,0,0,0,0,0,0,0,0,0,0,0,0,0,0,0,4,2,0,false
E:\OOD_Projects\ck-mvn-plugin\ParkingSpaceAllotment-main\src\activity\checkout.java,activity.checkout,typeFocusGained/1[java.awt.event.FocusEvent],false,191,0,1,1,0,1,0,2,0,0,1,0,0,0,0,0,0,0,0,0,0,0,0,0,0,0,4,2,0,false
E:\OOD_Projects\ck-mvn-plugin\ParkingSpaceAllotment-main\src\activity\checkout.java,activity.checkout,typePropertyChange/1[java.beans.PropertyChangeEvent],false,203,0,1,1,0,1,0,2,0,0,1,0,0,0,0,0,0,0,0,0,0,0,0,0,0,0,4,2,0,false
E:\OOD_Projects\ck-mvn-plugin\ParkingSpaceAllotment-main\src\activity\checkout.java,activity.checkout,checkoutActionPerformed/1[java.awt.event.ActionEvent],false,207,2,3,1,2,9,17,51,0,17,1,17,0,0,1,1,1,2,27,1,20,5,3,0,0,0,49,2,0,false
E:\OOD_Projects\ck-mvn-plugin\ParkingSpaceAllotment-main\src\activity\checkout.java,activity.checkout$Anonymous3,propertyChange/1[java.beans.PropertyChangeEvent],false,73,1,2,0,2,1,1,3,0,0,1,1,0,0,0,0,0,0,0,0,0,0,0,0,0,0,5,1,0,false
E:\OOD_Projects\ck-mvn-plugin\ParkingSpaceAllotment-main\src\activity\history.java,activity.history$Anonymous1,"isCellEditable/2[int,int]",false,90,0,0,0,0,1,0,3,1,0,2,0,0,0,0,0,0,0,0,0,0,0,0,0,0,0,5,1,0,false
E:\OOD_Projects\ck-mvn-plugin\ParkingSpaceAllotment-main\src\login.java,login$Anonymous1,actionPerformed/1[java.awt.event.ActionEvent],false,54,1,19,0,19,1,1,3,0,0,1,1,0,0,0,0,0,0,0,0,0,0,0,0,0,0,5,1,0,false
E:\OOD_Projects\ck-mvn-plugin\ParkingSpaceAllotment-main\src\activity\booking.java,activity.booking$Anonymous2,focusGained/1[java.awt.event.FocusEvent],false,84,1,2,0,2,1,1,3,0,0,1,1,0,0,0,0,0,0,0,0,0,0,0,0,0,0,5,1,0,false
E:\OOD_Projects\ck-mvn-plugin\ParkingSpaceAllotment-main\src\activity\booking.java,activity.booking$Anonymous2,focusLost/1[java.awt.event.FocusEvent],false,87,1,2,0,2,1,1,3,0,0,1,1,0,0,0,0,0,0,0,0,0,0,0,0,0,0,5,1,0,false
E:\OOD_Projects\ck-mvn-plugin\ParkingSpaceAllotment-main\src\activity\booking.java,activity.booking$Anonymous1,"isCellEditable/2[int,int]",false,73,0,0,0,0,1,0,3,1,0,2,0,0,0,0,0,0,0,0,0,0,0,0,0,0,0,5,1,0,false
