file,class,method,variable,usage
E:\OOD_Projects\ck-mvn-plugin\ParkingSpaceAllotment-main\src\activity\booking.java,activity.booking,typeFocusGained/1[java.awt.event.FocusEvent],evt,0
E:\OOD_Projects\ck-mvn-plugin\ParkingSpaceAllotment-main\src\activity\booking.java,activity.booking,main/1[java.lang.String[]],args,0
E:\OOD_Projects\ck-mvn-plugin\ParkingSpaceAllotment-main\src\activity\booking.java,activity.booking,main/1[java.lang.String[]],ex,7
E:\OOD_Projects\ck-mvn-plugin\ParkingSpaceAllotment-main\src\activity\booking.java,activity.booking,main/1[java.lang.String[]],info,2
E:\OOD_Projects\ck-mvn-plugin\ParkingSpaceAllotment-main\src\activity\booking.java,activity.booking,bookActionPerformed/1[java.awt.event.ActionEvent],rs,4
E:\OOD_Projects\ck-mvn-plugin\ParkingSpaceAllotment-main\src\activity\booking.java,activity.booking,bookActionPerformed/1[java.awt.event.ActionEvent],evt,0
E:\OOD_Projects\ck-mvn-plugin\ParkingSpaceAllotment-main\src\activity\booking.java,activity.booking,bookActionPerformed/1[java.awt.event.ActionEvent],pr,4
E:\OOD_Projects\ck-mvn-plugin\ParkingSpaceAllotment-main\src\activity\booking.java,activity.booking,bookActionPerformed/1[java.awt.event.ActionEvent],na,2
E:\OOD_Projects\ck-mvn-plugin\ParkingSpaceAllotment-main\src\activity\booking.java,activity.booking,bookActionPerformed/1[java.awt.event.ActionEvent],s,2
E:\OOD_Projects\ck-mvn-plugin\ParkingSpaceAllotment-main\src\activity\booking.java,activity.booking,bookActionPerformed/1[java.awt.event.ActionEvent],t,4
E:\OOD_Projects\ck-mvn-plugin\ParkingSpaceAllotment-main\src\activity\booking.java,activity.booking,bookActionPerformed/1[java.awt.event.ActionEvent],vehno,2
E:\OOD_Projects\ck-mvn-plugin\ParkingSpaceAllotment-main\src\activity\booking.java,activity.booking,bookActionPerformed/1[java.awt.event.ActionEvent],e,0
E:\OOD_Projects\ck-mvn-plugin\ParkingSpaceAllotment-main\src\activity\booking.java,activity.booking,bookActionPerformed/1[java.awt.event.ActionEvent],pho,2
E:\OOD_Projects\ck-mvn-plugin\ParkingSpaceAllotment-main\src\activity\booking.java,activity.booking,bookActionPerformed/1[java.awt.event.ActionEvent],slt,2
E:\OOD_Projects\ck-mvn-plugin\ParkingSpaceAllotment-main\src\activity\booking.java,activity.booking,bookActionPerformed/1[java.awt.event.ActionEvent],dtm,3
E:\OOD_Projects\ck-mvn-plugin\ParkingSpaceAllotment-main\src\activity\booking.java,activity.booking,typeMouseClicked/1[java.awt.event.MouseEvent],evt,0
E:\OOD_Projects\ck-mvn-plugin\ParkingSpaceAllotment-main\src\activity\booking.java,activity.booking,initComponents/0,layout,29
E:\OOD_Projects\ck-mvn-plugin\ParkingSpaceAllotment-main\src\activity\booking.java,activity.booking,typeFocusLost/1[java.awt.event.FocusEvent],evt,0
E:\OOD_Projects\ck-mvn-plugin\ParkingSpaceAllotment-main\src\activity\booking.java,activity.booking,typePropertyChange/1[java.beans.PropertyChangeEvent],evt,0
E:\OOD_Projects\ck-mvn-plugin\ParkingSpaceAllotment-main\src\activity\booking.java,activity.booking,closeActionPerformed/1[java.awt.event.ActionEvent],evt,0
E:\OOD_Projects\ck-mvn-plugin\ParkingSpaceAllotment-main\src\activity\booking.java,activity.booking,closeActionPerformed/1[java.awt.event.ActionEvent],ex,1
E:\OOD_Projects\ck-mvn-plugin\ParkingSpaceAllotment-main\src\activity\booking.java,activity.booking,availslotActionPerformed/1[java.awt.event.ActionEvent],rs,4
E:\OOD_Projects\ck-mvn-plugin\ParkingSpaceAllotment-main\src\activity\booking.java,activity.booking,availslotActionPerformed/1[java.awt.event.ActionEvent],evt,0
E:\OOD_Projects\ck-mvn-plugin\ParkingSpaceAllotment-main\src\activity\booking.java,activity.booking,availslotActionPerformed/1[java.awt.event.ActionEvent],pr,2
E:\OOD_Projects\ck-mvn-plugin\ParkingSpaceAllotment-main\src\activity\booking.java,activity.booking,availslotActionPerformed/1[java.awt.event.ActionEvent],t,2
E:\OOD_Projects\ck-mvn-plugin\ParkingSpaceAllotment-main\src\activity\booking.java,activity.booking,availslotActionPerformed/1[java.awt.event.ActionEvent],e,0
E:\OOD_Projects\ck-mvn-plugin\ParkingSpaceAllotment-main\src\activity\booking.java,activity.booking,availslotActionPerformed/1[java.awt.event.ActionEvent],slt,2
E:\OOD_Projects\ck-mvn-plugin\ParkingSpaceAllotment-main\src\activity\booking.java,activity.booking,availslotActionPerformed/1[java.awt.event.ActionEvent],dtm,3
E:\OOD_Projects\ck-mvn-plugin\ParkingSpaceAllotment-main\src\login.java,login,initComponents/0,layout,8
E:\OOD_Projects\ck-mvn-plugin\ParkingSpaceAllotment-main\src\login.java,login,initComponents/0,jPanel1Layout,18
E:\OOD_Projects\ck-mvn-plugin\ParkingSpaceAllotment-main\src\login.java,login,SystemExit/0,winclosing,0
E:\OOD_Projects\ck-mvn-plugin\ParkingSpaceAllotment-main\src\login.java,login,login1ActionPerformed/1[java.awt.event.ActionEvent],evt,0
E:\OOD_Projects\ck-mvn-plugin\ParkingSpaceAllotment-main\src\login.java,login,login1ActionPerformed/1[java.awt.event.ActionEvent],m1,1
E:\OOD_Projects\ck-mvn-plugin\ParkingSpaceAllotment-main\src\login.java,login,login1ActionPerformed/1[java.awt.event.ActionEvent],pass,1
E:\OOD_Projects\ck-mvn-plugin\ParkingSpaceAllotment-main\src\login.java,login,login1ActionPerformed/1[java.awt.event.ActionEvent],name,1
E:\OOD_Projects\ck-mvn-plugin\ParkingSpaceAllotment-main\src\login.java,login,main/1[java.lang.String[]],args,0
E:\OOD_Projects\ck-mvn-plugin\ParkingSpaceAllotment-main\src\login.java,login,main/1[java.lang.String[]],ex,7
E:\OOD_Projects\ck-mvn-plugin\ParkingSpaceAllotment-main\src\login.java,login,main/1[java.lang.String[]],info,2
E:\OOD_Projects\ck-mvn-plugin\ParkingSpaceAllotment-main\src\login.java,login,ResetActionPerformed/1[java.awt.event.ActionEvent],evt,0
E:\OOD_Projects\ck-mvn-plugin\ParkingSpaceAllotment-main\src\login.java,login,ExitActionPerformed/1[java.awt.event.ActionEvent],evt,0
E:\OOD_Projects\ck-mvn-plugin\ParkingSpaceAllotment-main\src\database\process.java,database.process,"calculateCharges/2[double,java.lang.String]",ty,6
E:\OOD_Projects\ck-mvn-plugin\ParkingSpaceAllotment-main\src\database\process.java,database.process,"calculateCharges/2[double,java.lang.String]",numHours,10
E:\OOD_Projects\ck-mvn-plugin\ParkingSpaceAllotment-main\src\database\process.java,database.process,"calculateCharges/2[double,java.lang.String]",prices,7
E:\OOD_Projects\ck-mvn-plugin\ParkingSpaceAllotment-main\src\database\process.java,database.process,"bookSlot/6[java.sql.Connection,java.lang.String,java.lang.String,java.lang.String,java.lang.Long,int]",TimeFormat,1
E:\OOD_Projects\ck-mvn-plugin\ParkingSpaceAllotment-main\src\database\process.java,database.process,"bookSlot/6[java.sql.Connection,java.lang.String,java.lang.String,java.lang.String,java.lang.Long,int]",st,3
E:\OOD_Projects\ck-mvn-plugin\ParkingSpaceAllotment-main\src\database\process.java,database.process,"bookSlot/6[java.sql.Connection,java.lang.String,java.lang.String,java.lang.String,java.lang.Long,int]",rs,1
E:\OOD_Projects\ck-mvn-plugin\ParkingSpaceAllotment-main\src\database\process.java,database.process,"bookSlot/6[java.sql.Connection,java.lang.String,java.lang.String,java.lang.String,java.lang.Long,int]",con,1
E:\OOD_Projects\ck-mvn-plugin\ParkingSpaceAllotment-main\src\database\process.java,database.process,"bookSlot/6[java.sql.Connection,java.lang.String,java.lang.String,java.lang.String,java.lang.Long,int]",e,1
E:\OOD_Projects\ck-mvn-plugin\ParkingSpaceAllotment-main\src\database\process.java,database.process,"bookSlot/6[java.sql.Connection,java.lang.String,java.lang.String,java.lang.String,java.lang.Long,int]",pho,2
E:\OOD_Projects\ck-mvn-plugin\ParkingSpaceAllotment-main\src\database\process.java,database.process,"bookSlot/6[java.sql.Connection,java.lang.String,java.lang.String,java.lang.String,java.lang.Long,int]",veh,2
E:\OOD_Projects\ck-mvn-plugin\ParkingSpaceAllotment-main\src\database\process.java,database.process,"bookSlot/6[java.sql.Connection,java.lang.String,java.lang.String,java.lang.String,java.lang.Long,int]",name,2
E:\OOD_Projects\ck-mvn-plugin\ParkingSpaceAllotment-main\src\database\process.java,database.process,"bookSlot/6[java.sql.Connection,java.lang.String,java.lang.String,java.lang.String,java.lang.Long,int]",slt,4
E:\OOD_Projects\ck-mvn-plugin\ParkingSpaceAllotment-main\src\database\process.java,database.process,"bookSlot/6[java.sql.Connection,java.lang.String,java.lang.String,java.lang.String,java.lang.Long,int]",Time,2
E:\OOD_Projects\ck-mvn-plugin\ParkingSpaceAllotment-main\src\database\process.java,database.process,"bookSlot/6[java.sql.Connection,java.lang.String,java.lang.String,java.lang.String,java.lang.Long,int]",time,1
E:\OOD_Projects\ck-mvn-plugin\ParkingSpaceAllotment-main\src\database\process.java,database.process,"bookSlot/6[java.sql.Connection,java.lang.String,java.lang.String,java.lang.String,java.lang.Long,int]",table,3
E:\OOD_Projects\ck-mvn-plugin\ParkingSpaceAllotment-main\src\database\process.java,database.process,"his/2[java.sql.Connection,java.lang.String]",val,1
E:\OOD_Projects\ck-mvn-plugin\ParkingSpaceAllotment-main\src\database\process.java,database.process,"his/2[java.sql.Connection,java.lang.String]",rs,4
E:\OOD_Projects\ck-mvn-plugin\ParkingSpaceAllotment-main\src\database\process.java,database.process,"his/2[java.sql.Connection,java.lang.String]",st,1
E:\OOD_Projects\ck-mvn-plugin\ParkingSpaceAllotment-main\src\database\process.java,database.process,"his/2[java.sql.Connection,java.lang.String]",con,1
E:\OOD_Projects\ck-mvn-plugin\ParkingSpaceAllotment-main\src\database\process.java,database.process,"his/2[java.sql.Connection,java.lang.String]",e,1
E:\OOD_Projects\ck-mvn-plugin\ParkingSpaceAllotment-main\src\database\process.java,database.process,"out/3[java.sql.Connection,java.lang.String,java.lang.String]",TimeFormat,1
E:\OOD_Projects\ck-mvn-plugin\ParkingSpaceAllotment-main\src\database\process.java,database.process,"out/3[java.sql.Connection,java.lang.String,java.lang.String]",rs,6
E:\OOD_Projects\ck-mvn-plugin\ParkingSpaceAllotment-main\src\database\process.java,database.process,"out/3[java.sql.Connection,java.lang.String,java.lang.String]",st,3
E:\OOD_Projects\ck-mvn-plugin\ParkingSpaceAllotment-main\src\database\process.java,database.process,"out/3[java.sql.Connection,java.lang.String,java.lang.String]",hours,4
E:\OOD_Projects\ck-mvn-plugin\ParkingSpaceAllotment-main\src\database\process.java,database.process,"out/3[java.sql.Connection,java.lang.String,java.lang.String]",con,2
E:\OOD_Projects\ck-mvn-plugin\ParkingSpaceAllotment-main\src\database\process.java,database.process,"out/3[java.sql.Connection,java.lang.String,java.lang.String]",cost,2
E:\OOD_Projects\ck-mvn-plugin\ParkingSpaceAllotment-main\src\database\process.java,database.process,"out/3[java.sql.Connection,java.lang.String,java.lang.String]",e,1
E:\OOD_Projects\ck-mvn-plugin\ParkingSpaceAllotment-main\src\database\process.java,database.process,"out/3[java.sql.Connection,java.lang.String,java.lang.String]",type,2
E:\OOD_Projects\ck-mvn-plugin\ParkingSpaceAllotment-main\src\database\process.java,database.process,"out/3[java.sql.Connection,java.lang.String,java.lang.String]",timeout,5
E:\OOD_Projects\ck-mvn-plugin\ParkingSpaceAllotment-main\src\database\process.java,database.process,"out/3[java.sql.Connection,java.lang.String,java.lang.String]",timeOut,1
E:\OOD_Projects\ck-mvn-plugin\ParkingSpaceAllotment-main\src\database\process.java,database.process,"out/3[java.sql.Connection,java.lang.String,java.lang.String]",st1,1
E:\OOD_Projects\ck-mvn-plugin\ParkingSpaceAllotment-main\src\database\process.java,database.process,"out/3[java.sql.Connection,java.lang.String,java.lang.String]",diffInMinutes,1
E:\OOD_Projects\ck-mvn-plugin\ParkingSpaceAllotment-main\src\database\process.java,database.process,"out/3[java.sql.Connection,java.lang.String,java.lang.String]",formatter2,2
E:\OOD_Projects\ck-mvn-plugin\ParkingSpaceAllotment-main\src\database\process.java,database.process,"out/3[java.sql.Connection,java.lang.String,java.lang.String]",phone,1
E:\OOD_Projects\ck-mvn-plugin\ParkingSpaceAllotment-main\src\database\process.java,database.process,"out/3[java.sql.Connection,java.lang.String,java.lang.String]",ti,2
E:\OOD_Projects\ck-mvn-plugin\ParkingSpaceAllotment-main\src\database\process.java,database.process,"out/3[java.sql.Connection,java.lang.String,java.lang.String]",veh,1
E:\OOD_Projects\ck-mvn-plugin\ParkingSpaceAllotment-main\src\database\process.java,database.process,"out/3[java.sql.Connection,java.lang.String,java.lang.String]",qry,5
E:\OOD_Projects\ck-mvn-plugin\ParkingSpaceAllotment-main\src\database\process.java,database.process,"out/3[java.sql.Connection,java.lang.String,java.lang.String]",sl,2
E:\OOD_Projects\ck-mvn-plugin\ParkingSpaceAllotment-main\src\database\process.java,database.process,"out/3[java.sql.Connection,java.lang.String,java.lang.String]",nam,1
E:\OOD_Projects\ck-mvn-plugin\ParkingSpaceAllotment-main\src\database\process.java,database.process,"out/3[java.sql.Connection,java.lang.String,java.lang.String]",to,2
E:\OOD_Projects\ck-mvn-plugin\ParkingSpaceAllotment-main\src\database\process.java,database.process,"out/3[java.sql.Connection,java.lang.String,java.lang.String]",table,8
E:\OOD_Projects\ck-mvn-plugin\ParkingSpaceAllotment-main\src\database\process.java,database.process,"out/3[java.sql.Connection,java.lang.String,java.lang.String]",timein,3
E:\OOD_Projects\ck-mvn-plugin\ParkingSpaceAllotment-main\src\database\process.java,database.process,"availslot/2[java.sql.Connection,java.lang.String]",rs,3
E:\OOD_Projects\ck-mvn-plugin\ParkingSpaceAllotment-main\src\database\process.java,database.process,"availslot/2[java.sql.Connection,java.lang.String]",st,1
E:\OOD_Projects\ck-mvn-plugin\ParkingSpaceAllotment-main\src\database\process.java,database.process,"availslot/2[java.sql.Connection,java.lang.String]",con,1
E:\OOD_Projects\ck-mvn-plugin\ParkingSpaceAllotment-main\src\database\process.java,database.process,"availslot/2[java.sql.Connection,java.lang.String]",e,1
E:\OOD_Projects\ck-mvn-plugin\ParkingSpaceAllotment-main\src\database\process.java,database.process,"availslot/2[java.sql.Connection,java.lang.String]",table,1
E:\OOD_Projects\ck-mvn-plugin\ParkingSpaceAllotment-main\src\database\process.java,database.process,"his/3[java.sql.Connection,java.lang.String,java.lang.String]",val,1
E:\OOD_Projects\ck-mvn-plugin\ParkingSpaceAllotment-main\src\database\process.java,database.process,"his/3[java.sql.Connection,java.lang.String,java.lang.String]",rs,4
E:\OOD_Projects\ck-mvn-plugin\ParkingSpaceAllotment-main\src\database\process.java,database.process,"his/3[java.sql.Connection,java.lang.String,java.lang.String]",st,1
E:\OOD_Projects\ck-mvn-plugin\ParkingSpaceAllotment-main\src\database\process.java,database.process,"his/3[java.sql.Connection,java.lang.String,java.lang.String]",con,1
E:\OOD_Projects\ck-mvn-plugin\ParkingSpaceAllotment-main\src\database\process.java,database.process,"his/3[java.sql.Connection,java.lang.String,java.lang.String]",e,1
E:\OOD_Projects\ck-mvn-plugin\ParkingSpaceAllotment-main\src\database\process.java,database.process,"his/3[java.sql.Connection,java.lang.String,java.lang.String]",match,1
E:\OOD_Projects\ck-mvn-plugin\ParkingSpaceAllotment-main\src\database\process.java,database.process,his/1[java.sql.Connection],rs,4
E:\OOD_Projects\ck-mvn-plugin\ParkingSpaceAllotment-main\src\database\process.java,database.process,his/1[java.sql.Connection],st,1
E:\OOD_Projects\ck-mvn-plugin\ParkingSpaceAllotment-main\src\database\process.java,database.process,his/1[java.sql.Connection],con,1
E:\OOD_Projects\ck-mvn-plugin\ParkingSpaceAllotment-main\src\database\process.java,database.process,his/1[java.sql.Connection],e,1
E:\OOD_Projects\ck-mvn-plugin\ParkingSpaceAllotment-main\src\login.java,login$Anonymous2,actionPerformed/1[java.awt.event.ActionEvent],evt,1
E:\OOD_Projects\ck-mvn-plugin\ParkingSpaceAllotment-main\src\login.java,login$Anonymous3,actionPerformed/1[java.awt.event.ActionEvent],evt,1
E:\OOD_Projects\ck-mvn-plugin\ParkingSpaceAllotment-main\src\activity\history.java,activity.history,closeActionPerformed/1[java.awt.event.ActionEvent],evt,0
E:\OOD_Projects\ck-mvn-plugin\ParkingSpaceAllotment-main\src\activity\history.java,activity.history,closeActionPerformed/1[java.awt.event.ActionEvent],ex,1
E:\OOD_Projects\ck-mvn-plugin\ParkingSpaceAllotment-main\src\activity\history.java,activity.history,initComponents/0,layout,18
E:\OOD_Projects\ck-mvn-plugin\ParkingSpaceAllotment-main\src\activity\history.java,activity.history,jButton1ActionPerformed/1[java.awt.event.ActionEvent],val,3
E:\OOD_Projects\ck-mvn-plugin\ParkingSpaceAllotment-main\src\activity\history.java,activity.history,jButton1ActionPerformed/1[java.awt.event.ActionEvent],rs,12
E:\OOD_Projects\ck-mvn-plugin\ParkingSpaceAllotment-main\src\activity\history.java,activity.history,jButton1ActionPerformed/1[java.awt.event.ActionEvent],evt,0
E:\OOD_Projects\ck-mvn-plugin\ParkingSpaceAllotment-main\src\activity\history.java,activity.history,jButton1ActionPerformed/1[java.awt.event.ActionEvent],charge,2
E:\OOD_Projects\ck-mvn-plugin\ParkingSpaceAllotment-main\src\activity\history.java,activity.history,jButton1ActionPerformed/1[java.awt.event.ActionEvent],match,9
E:\OOD_Projects\ck-mvn-plugin\ParkingSpaceAllotment-main\src\activity\history.java,activity.history,jButton1ActionPerformed/1[java.awt.event.ActionEvent],fil,5
E:\OOD_Projects\ck-mvn-plugin\ParkingSpaceAllotment-main\src\activity\history.java,activity.history,jButton1ActionPerformed/1[java.awt.event.ActionEvent],type,2
E:\OOD_Projects\ck-mvn-plugin\ParkingSpaceAllotment-main\src\activity\history.java,activity.history,jButton1ActionPerformed/1[java.awt.event.ActionEvent],timeout,2
E:\OOD_Projects\ck-mvn-plugin\ParkingSpaceAllotment-main\src\activity\history.java,activity.history,jButton1ActionPerformed/1[java.awt.event.ActionEvent],ex,0
E:\OOD_Projects\ck-mvn-plugin\ParkingSpaceAllotment-main\src\activity\history.java,activity.history,jButton1ActionPerformed/1[java.awt.event.ActionEvent],t,1
E:\OOD_Projects\ck-mvn-plugin\ParkingSpaceAllotment-main\src\activity\history.java,activity.history,jButton1ActionPerformed/1[java.awt.event.ActionEvent],pho,2
E:\OOD_Projects\ck-mvn-plugin\ParkingSpaceAllotment-main\src\activity\history.java,activity.history,jButton1ActionPerformed/1[java.awt.event.ActionEvent],name,2
E:\OOD_Projects\ck-mvn-plugin\ParkingSpaceAllotment-main\src\activity\history.java,activity.history,jButton1ActionPerformed/1[java.awt.event.ActionEvent],veh,2
E:\OOD_Projects\ck-mvn-plugin\ParkingSpaceAllotment-main\src\activity\history.java,activity.history,jButton1ActionPerformed/1[java.awt.event.ActionEvent],slt,2
E:\OOD_Projects\ck-mvn-plugin\ParkingSpaceAllotment-main\src\activity\history.java,activity.history,jButton1ActionPerformed/1[java.awt.event.ActionEvent],timein,2
E:\OOD_Projects\ck-mvn-plugin\ParkingSpaceAllotment-main\src\activity\history.java,activity.history,main/1[java.lang.String[]],args,0
E:\OOD_Projects\ck-mvn-plugin\ParkingSpaceAllotment-main\src\activity\history.java,activity.history,main/1[java.lang.String[]],ex,7
E:\OOD_Projects\ck-mvn-plugin\ParkingSpaceAllotment-main\src\activity\history.java,activity.history,main/1[java.lang.String[]],info,2
E:\OOD_Projects\ck-mvn-plugin\ParkingSpaceAllotment-main\src\activity\history.java,activity.history,history/0,rs,10
E:\OOD_Projects\ck-mvn-plugin\ParkingSpaceAllotment-main\src\activity\history.java,activity.history,history/0,charge,2
E:\OOD_Projects\ck-mvn-plugin\ParkingSpaceAllotment-main\src\activity\history.java,activity.history,history/0,e,1
E:\OOD_Projects\ck-mvn-plugin\ParkingSpaceAllotment-main\src\activity\history.java,activity.history,history/0,pho,2
E:\OOD_Projects\ck-mvn-plugin\ParkingSpaceAllotment-main\src\activity\history.java,activity.history,history/0,name,2
E:\OOD_Projects\ck-mvn-plugin\ParkingSpaceAllotment-main\src\activity\history.java,activity.history,history/0,veh,2
E:\OOD_Projects\ck-mvn-plugin\ParkingSpaceAllotment-main\src\activity\history.java,activity.history,history/0,slt,2
E:\OOD_Projects\ck-mvn-plugin\ParkingSpaceAllotment-main\src\activity\history.java,activity.history,history/0,type,2
E:\OOD_Projects\ck-mvn-plugin\ParkingSpaceAllotment-main\src\activity\history.java,activity.history,history/0,timein,2
E:\OOD_Projects\ck-mvn-plugin\ParkingSpaceAllotment-main\src\activity\history.java,activity.history,history/0,timeout,2
E:\OOD_Projects\ck-mvn-plugin\ParkingSpaceAllotment-main\src\activity\MainPage.java,activity.MainPage$Anonymous4,"isCellEditable/2[int,int]",rowIndex,0
E:\OOD_Projects\ck-mvn-plugin\ParkingSpaceAllotment-main\src\activity\MainPage.java,activity.MainPage$Anonymous4,"isCellEditable/2[int,int]",columnIndex,1
E:\OOD_Projects\ck-mvn-plugin\ParkingSpaceAllotment-main\src\activity\MainPage.java,activity.MainPage$Anonymous5,actionPerformed/1[java.awt.event.ActionEvent],evt,1
E:\OOD_Projects\ck-mvn-plugin\ParkingSpaceAllotment-main\src\activity\MainPage.java,activity.MainPage$Anonymous6,actionPerformed/1[java.awt.event.ActionEvent],evt,1
E:\OOD_Projects\ck-mvn-plugin\ParkingSpaceAllotment-main\src\activity\login.java,activity.login$Anonymous3,actionPerformed/1[java.awt.event.ActionEvent],evt,1
E:\OOD_Projects\ck-mvn-plugin\ParkingSpaceAllotment-main\src\activity\MainPage.java,activity.MainPage$Anonymous7,actionPerformed/1[java.awt.event.ActionEvent],evt,1
E:\OOD_Projects\ck-mvn-plugin\ParkingSpaceAllotment-main\src\activity\MainPage.java,activity.MainPage$Anonymous1,actionPerformed/1[java.awt.event.ActionEvent],evt,1
E:\OOD_Projects\ck-mvn-plugin\ParkingSpaceAllotment-main\src\activity\MainPage.java,activity.MainPage$Anonymous2,actionPerformed/1[java.awt.event.ActionEvent],evt,1
E:\OOD_Projects\ck-mvn-plugin\ParkingSpaceAllotment-main\src\activity\MainPage.java,activity.MainPage$Anonymous3,actionPerformed/1[java.awt.event.ActionEvent],evt,1
E:\OOD_Projects\ck-mvn-plugin\ParkingSpaceAllotment-main\src\activity\booking.java,activity.booking$Anonymous4,propertyChange/1[java.beans.PropertyChangeEvent],evt,1
E:\OOD_Projects\ck-mvn-plugin\ParkingSpaceAllotment-main\src\activity\booking.java,activity.booking$Anonymous3,mouseClicked/1[java.awt.event.MouseEvent],evt,1
E:\OOD_Projects\ck-mvn-plugin\ParkingSpaceAllotment-main\src\activity\MainPage.java,activity.MainPage,SystemExit/0,winclosing,0
E:\OOD_Projects\ck-mvn-plugin\ParkingSpaceAllotment-main\src\activity\MainPage.java,activity.MainPage,main/1[java.lang.String[]],args,0
E:\OOD_Projects\ck-mvn-plugin\ParkingSpaceAllotment-main\src\activity\MainPage.java,activity.MainPage,main/1[java.lang.String[]],ex,7
E:\OOD_Projects\ck-mvn-plugin\ParkingSpaceAllotment-main\src\activity\MainPage.java,activity.MainPage,main/1[java.lang.String[]],info,2
E:\OOD_Projects\ck-mvn-plugin\ParkingSpaceAllotment-main\src\activity\MainPage.java,activity.MainPage,AdminActionPerformed/1[java.awt.event.ActionEvent],evt,0
E:\OOD_Projects\ck-mvn-plugin\ParkingSpaceAllotment-main\src\activity\MainPage.java,activity.MainPage,initComponents/0,layout,8
E:\OOD_Projects\ck-mvn-plugin\ParkingSpaceAllotment-main\src\activity\MainPage.java,activity.MainPage,initComponents/0,jPanel1Layout,26
E:\OOD_Projects\ck-mvn-plugin\ParkingSpaceAllotment-main\src\activity\MainPage.java,activity.MainPage,histoActionPerformed/1[java.awt.event.ActionEvent],evt,0
E:\OOD_Projects\ck-mvn-plugin\ParkingSpaceAllotment-main\src\activity\MainPage.java,activity.MainPage,histoActionPerformed/1[java.awt.event.ActionEvent],h,1
E:\OOD_Projects\ck-mvn-plugin\ParkingSpaceAllotment-main\src\activity\MainPage.java,activity.MainPage,ExitActionPerformed/1[java.awt.event.ActionEvent],evt,0
E:\OOD_Projects\ck-mvn-plugin\ParkingSpaceAllotment-main\src\activity\MainPage.java,activity.MainPage,ExitActionPerformed/1[java.awt.event.ActionEvent],m1,1
E:\OOD_Projects\ck-mvn-plugin\ParkingSpaceAllotment-main\src\activity\MainPage.java,activity.MainPage,bookActionPerformed/1[java.awt.event.ActionEvent],evt,0
E:\OOD_Projects\ck-mvn-plugin\ParkingSpaceAllotment-main\src\activity\MainPage.java,activity.MainPage,bookActionPerformed/1[java.awt.event.ActionEvent],b1,1
E:\OOD_Projects\ck-mvn-plugin\ParkingSpaceAllotment-main\src\activity\MainPage.java,activity.MainPage,infoActionPerformed/1[java.awt.event.ActionEvent],st,3
E:\OOD_Projects\ck-mvn-plugin\ParkingSpaceAllotment-main\src\activity\MainPage.java,activity.MainPage,infoActionPerformed/1[java.awt.event.ActionEvent],rs,15
E:\OOD_Projects\ck-mvn-plugin\ParkingSpaceAllotment-main\src\activity\MainPage.java,activity.MainPage,infoActionPerformed/1[java.awt.event.ActionEvent],evt,0
E:\OOD_Projects\ck-mvn-plugin\ParkingSpaceAllotment-main\src\activity\MainPage.java,activity.MainPage,infoActionPerformed/1[java.awt.event.ActionEvent],con,2
E:\OOD_Projects\ck-mvn-plugin\ParkingSpaceAllotment-main\src\activity\MainPage.java,activity.MainPage,infoActionPerformed/1[java.awt.event.ActionEvent],e,3
E:\OOD_Projects\ck-mvn-plugin\ParkingSpaceAllotment-main\src\activity\MainPage.java,activity.MainPage,infoActionPerformed/1[java.awt.event.ActionEvent],pho,4
E:\OOD_Projects\ck-mvn-plugin\ParkingSpaceAllotment-main\src\activity\MainPage.java,activity.MainPage,infoActionPerformed/1[java.awt.event.ActionEvent],name,4
E:\OOD_Projects\ck-mvn-plugin\ParkingSpaceAllotment-main\src\activity\MainPage.java,activity.MainPage,infoActionPerformed/1[java.awt.event.ActionEvent],veh,4
E:\OOD_Projects\ck-mvn-plugin\ParkingSpaceAllotment-main\src\activity\MainPage.java,activity.MainPage,infoActionPerformed/1[java.awt.event.ActionEvent],slt,4
E:\OOD_Projects\ck-mvn-plugin\ParkingSpaceAllotment-main\src\activity\MainPage.java,activity.MainPage,infoActionPerformed/1[java.awt.event.ActionEvent],type,3
E:\OOD_Projects\ck-mvn-plugin\ParkingSpaceAllotment-main\src\activity\MainPage.java,activity.MainPage,checkoutActionPerformed/1[java.awt.event.ActionEvent],evt,0
E:\OOD_Projects\ck-mvn-plugin\ParkingSpaceAllotment-main\src\activity\MainPage.java,activity.MainPage,checkoutActionPerformed/1[java.awt.event.ActionEvent],c1,1
E:\OOD_Projects\ck-mvn-plugin\ParkingSpaceAllotment-main\src\activity\booking.java,activity.booking$Anonymous6,actionPerformed/1[java.awt.event.ActionEvent],evt,1
E:\OOD_Projects\ck-mvn-plugin\ParkingSpaceAllotment-main\src\activity\booking.java,activity.booking$Anonymous5,actionPerformed/1[java.awt.event.ActionEvent],evt,1
E:\OOD_Projects\ck-mvn-plugin\ParkingSpaceAllotment-main\src\activity\login.java,activity.login$Anonymous2,actionPerformed/1[java.awt.event.ActionEvent],evt,1
E:\OOD_Projects\ck-mvn-plugin\ParkingSpaceAllotment-main\src\database\connect.java,database.connect,setConnection/0,con,2
E:\OOD_Projects\ck-mvn-plugin\ParkingSpaceAllotment-main\src\database\connect.java,database.connect,setConnection/0,url,1
E:\OOD_Projects\ck-mvn-plugin\ParkingSpaceAllotment-main\src\database\connect.java,database.connect,setConnection/0,sql,1
E:\OOD_Projects\ck-mvn-plugin\ParkingSpaceAllotment-main\src\activity\booking.java,activity.booking$Anonymous7,actionPerformed/1[java.awt.event.ActionEvent],evt,1
E:\OOD_Projects\ck-mvn-plugin\ParkingSpaceAllotment-main\src\activity\login.java,activity.login$Anonymous1,actionPerformed/1[java.awt.event.ActionEvent],evt,1
E:\OOD_Projects\ck-mvn-plugin\ParkingSpaceAllotment-main\src\activity\login.java,activity.login,initComponents/0,layout,8
E:\OOD_Projects\ck-mvn-plugin\ParkingSpaceAllotment-main\src\activity\login.java,activity.login,initComponents/0,jPanel1Layout,18
E:\OOD_Projects\ck-mvn-plugin\ParkingSpaceAllotment-main\src\activity\login.java,activity.login,ExitActionPerformed/1[java.awt.event.ActionEvent],evt,0
E:\OOD_Projects\ck-mvn-plugin\ParkingSpaceAllotment-main\src\activity\login.java,activity.login,login1ActionPerformed/1[java.awt.event.ActionEvent],evt,0
E:\OOD_Projects\ck-mvn-plugin\ParkingSpaceAllotment-main\src\activity\login.java,activity.login,login1ActionPerformed/1[java.awt.event.ActionEvent],m1,1
E:\OOD_Projects\ck-mvn-plugin\ParkingSpaceAllotment-main\src\activity\login.java,activity.login,login1ActionPerformed/1[java.awt.event.ActionEvent],pass,1
E:\OOD_Projects\ck-mvn-plugin\ParkingSpaceAllotment-main\src\activity\login.java,activity.login,login1ActionPerformed/1[java.awt.event.ActionEvent],name,1
E:\OOD_Projects\ck-mvn-plugin\ParkingSpaceAllotment-main\src\activity\login.java,activity.login,ResetActionPerformed/1[java.awt.event.ActionEvent],evt,0
E:\OOD_Projects\ck-mvn-plugin\ParkingSpaceAllotment-main\src\activity\login.java,activity.login,main/1[java.lang.String[]],args,0
E:\OOD_Projects\ck-mvn-plugin\ParkingSpaceAllotment-main\src\activity\login.java,activity.login,main/1[java.lang.String[]],ex,7
E:\OOD_Projects\ck-mvn-plugin\ParkingSpaceAllotment-main\src\activity\login.java,activity.login,main/1[java.lang.String[]],info,2
E:\OOD_Projects\ck-mvn-plugin\ParkingSpaceAllotment-main\src\activity\login.java,activity.login,SystemExit/0,winclosing,0
E:\OOD_Projects\ck-mvn-plugin\ParkingSpaceAllotment-main\src\activity\history.java,activity.history$Anonymous2,actionPerformed/1[java.awt.event.ActionEvent],evt,1
E:\OOD_Projects\ck-mvn-plugin\ParkingSpaceAllotment-main\src\activity\checkout.java,activity.checkout$Anonymous1,focusGained/1[java.awt.event.FocusEvent],evt,1
E:\OOD_Projects\ck-mvn-plugin\ParkingSpaceAllotment-main\src\activity\checkout.java,activity.checkout$Anonymous1,focusLost/1[java.awt.event.FocusEvent],evt,1
E:\OOD_Projects\ck-mvn-plugin\ParkingSpaceAllotment-main\src\activity\history.java,activity.history$Anonymous3,actionPerformed/1[java.awt.event.ActionEvent],evt,1
E:\OOD_Projects\ck-mvn-plugin\ParkingSpaceAllotment-main\src\activity\checkout.java,activity.checkout$Anonymous4,actionPerformed/1[java.awt.event.ActionEvent],evt,1
E:\OOD_Projects\ck-mvn-plugin\ParkingSpaceAllotment-main\src\activity\checkout.java,activity.checkout$Anonymous5,actionPerformed/1[java.awt.event.ActionEvent],evt,1
E:\OOD_Projects\ck-mvn-plugin\ParkingSpaceAllotment-main\src\activity\checkout.java,activity.checkout$Anonymous2,mouseClicked/1[java.awt.event.MouseEvent],evt,1
E:\OOD_Projects\ck-mvn-plugin\ParkingSpaceAllotment-main\src\activity\checkout.java,activity.checkout,typeMouseClicked/1[java.awt.event.MouseEvent],evt,0
E:\OOD_Projects\ck-mvn-plugin\ParkingSpaceAllotment-main\src\activity\checkout.java,activity.checkout,closeActionPerformed/1[java.awt.event.ActionEvent],evt,0
E:\OOD_Projects\ck-mvn-plugin\ParkingSpaceAllotment-main\src\activity\checkout.java,activity.checkout,closeActionPerformed/1[java.awt.event.ActionEvent],ex,1
E:\OOD_Projects\ck-mvn-plugin\ParkingSpaceAllotment-main\src\activity\checkout.java,activity.checkout,initComponents/0,layout,25
E:\OOD_Projects\ck-mvn-plugin\ParkingSpaceAllotment-main\src\activity\checkout.java,activity.checkout,main/1[java.lang.String[]],args,0
E:\OOD_Projects\ck-mvn-plugin\ParkingSpaceAllotment-main\src\activity\checkout.java,activity.checkout,main/1[java.lang.String[]],ex,7
E:\OOD_Projects\ck-mvn-plugin\ParkingSpaceAllotment-main\src\activity\checkout.java,activity.checkout,main/1[java.lang.String[]],info,2
E:\OOD_Projects\ck-mvn-plugin\ParkingSpaceAllotment-main\src\activity\checkout.java,activity.checkout,typeFocusLost/1[java.awt.event.FocusEvent],evt,0
E:\OOD_Projects\ck-mvn-plugin\ParkingSpaceAllotment-main\src\activity\checkout.java,activity.checkout,typeFocusGained/1[java.awt.event.FocusEvent],evt,0
E:\OOD_Projects\ck-mvn-plugin\ParkingSpaceAllotment-main\src\activity\checkout.java,activity.checkout,typePropertyChange/1[java.beans.PropertyChangeEvent],evt,0
E:\OOD_Projects\ck-mvn-plugin\ParkingSpaceAllotment-main\src\activity\checkout.java,activity.checkout,checkoutActionPerformed/1[java.awt.event.ActionEvent],rs,9
E:\OOD_Projects\ck-mvn-plugin\ParkingSpaceAllotment-main\src\activity\checkout.java,activity.checkout,checkoutActionPerformed/1[java.awt.event.ActionEvent],evt,0
E:\OOD_Projects\ck-mvn-plugin\ParkingSpaceAllotment-main\src\activity\checkout.java,activity.checkout,checkoutActionPerformed/1[java.awt.event.ActionEvent],pr,1
E:\OOD_Projects\ck-mvn-plugin\ParkingSpaceAllotment-main\src\activity\checkout.java,activity.checkout,checkoutActionPerformed/1[java.awt.event.ActionEvent],charge,2
E:\OOD_Projects\ck-mvn-plugin\ParkingSpaceAllotment-main\src\activity\checkout.java,activity.checkout,checkoutActionPerformed/1[java.awt.event.ActionEvent],vehi,5
E:\OOD_Projects\ck-mvn-plugin\ParkingSpaceAllotment-main\src\activity\checkout.java,activity.checkout,checkoutActionPerformed/1[java.awt.event.ActionEvent],slot,4
E:\OOD_Projects\ck-mvn-plugin\ParkingSpaceAllotment-main\src\activity\checkout.java,activity.checkout,checkoutActionPerformed/1[java.awt.event.ActionEvent],type,2
E:\OOD_Projects\ck-mvn-plugin\ParkingSpaceAllotment-main\src\activity\checkout.java,activity.checkout,checkoutActionPerformed/1[java.awt.event.ActionEvent],timeout,2
E:\OOD_Projects\ck-mvn-plugin\ParkingSpaceAllotment-main\src\activity\checkout.java,activity.checkout,checkoutActionPerformed/1[java.awt.event.ActionEvent],st3,1
E:\OOD_Projects\ck-mvn-plugin\ParkingSpaceAllotment-main\src\activity\checkout.java,activity.checkout,checkoutActionPerformed/1[java.awt.event.ActionEvent],ex,1
E:\OOD_Projects\ck-mvn-plugin\ParkingSpaceAllotment-main\src\activity\checkout.java,activity.checkout,checkoutActionPerformed/1[java.awt.event.ActionEvent],t,1
E:\OOD_Projects\ck-mvn-plugin\ParkingSpaceAllotment-main\src\activity\checkout.java,activity.checkout,checkoutActionPerformed/1[java.awt.event.ActionEvent],pho,1
E:\OOD_Projects\ck-mvn-plugin\ParkingSpaceAllotment-main\src\activity\checkout.java,activity.checkout,checkoutActionPerformed/1[java.awt.event.ActionEvent],name,2
E:\OOD_Projects\ck-mvn-plugin\ParkingSpaceAllotment-main\src\activity\checkout.java,activity.checkout,checkoutActionPerformed/1[java.awt.event.ActionEvent],veh,2
E:\OOD_Projects\ck-mvn-plugin\ParkingSpaceAllotment-main\src\activity\checkout.java,activity.checkout,checkoutActionPerformed/1[java.awt.event.ActionEvent],qry,4
E:\OOD_Projects\ck-mvn-plugin\ParkingSpaceAllotment-main\src\activity\checkout.java,activity.checkout,checkoutActionPerformed/1[java.awt.event.ActionEvent],slt,2
E:\OOD_Projects\ck-mvn-plugin\ParkingSpaceAllotment-main\src\activity\checkout.java,activity.checkout,checkoutActionPerformed/1[java.awt.event.ActionEvent],table,3
E:\OOD_Projects\ck-mvn-plugin\ParkingSpaceAllotment-main\src\activity\checkout.java,activity.checkout,checkoutActionPerformed/1[java.awt.event.ActionEvent],timein,2
E:\OOD_Projects\ck-mvn-plugin\ParkingSpaceAllotment-main\src\activity\checkout.java,activity.checkout,checkoutActionPerformed/1[java.awt.event.ActionEvent],vt,1
E:\OOD_Projects\ck-mvn-plugin\ParkingSpaceAllotment-main\src\activity\checkout.java,activity.checkout$Anonymous3,propertyChange/1[java.beans.PropertyChangeEvent],evt,1
E:\OOD_Projects\ck-mvn-plugin\ParkingSpaceAllotment-main\src\activity\history.java,activity.history$Anonymous1,"isCellEditable/2[int,int]",rowIndex,0
E:\OOD_Projects\ck-mvn-plugin\ParkingSpaceAllotment-main\src\activity\history.java,activity.history$Anonymous1,"isCellEditable/2[int,int]",columnIndex,1
E:\OOD_Projects\ck-mvn-plugin\ParkingSpaceAllotment-main\src\login.java,login$Anonymous1,actionPerformed/1[java.awt.event.ActionEvent],evt,1
E:\OOD_Projects\ck-mvn-plugin\ParkingSpaceAllotment-main\src\activity\booking.java,activity.booking$Anonymous2,focusGained/1[java.awt.event.FocusEvent],evt,1
E:\OOD_Projects\ck-mvn-plugin\ParkingSpaceAllotment-main\src\activity\booking.java,activity.booking$Anonymous2,focusLost/1[java.awt.event.FocusEvent],evt,1
E:\OOD_Projects\ck-mvn-plugin\ParkingSpaceAllotment-main\src\activity\booking.java,activity.booking$Anonymous1,"isCellEditable/2[int,int]",rowIndex,0
E:\OOD_Projects\ck-mvn-plugin\ParkingSpaceAllotment-main\src\activity\booking.java,activity.booking$Anonymous1,"isCellEditable/2[int,int]",columnIndex,1
