file,class,type,cbo,cboModified,fanin,fanout,wmc,dit,noc,rfc,lcom,lcom*,tcc,lcc,totalMethodsQty,staticMethodsQty,publicMethodsQty,privateMethodsQty,protectedMethodsQty,defaultMethodsQty,visibleMethodsQty,abstractMethodsQty,finalMethodsQty,synchronizedMethodsQty,totalFieldsQty,staticFieldsQty,publicFieldsQty,privateFieldsQty,protectedFieldsQty,defaultFieldsQty,finalFieldsQty,synchronizedFieldsQty,nosi,loc,returnQty,loopQty,comparisonsQty,tryCatchQty,parenthesizedExpsQty,stringLiteralsQty,numbersQty,assignmentsQty,mathOperationsQty,variablesQty,maxNestedBlocksQty,anonymousClassesQty,innerClassesQty,lambdasQty,uniqueWordsQty,modifiers,logStatementsQty
E:\OOD_Projects\ck-mvn-plugin\Java-Checkers-master\src\model\ComputerPlayer.java,model.ComputerPlayer,class,7,9,2,7,46,2,0,30,11,0.79629636,0.0,0.0,6,0,2,4,0,0,2,0,0,0,9,9,0,9,0,0,9,0,17,172,8,9,12,0,9,0,22,60,7,50,3,0,0,0,136,1,0
E:\OOD_Projects\ck-mvn-plugin\Java-Checkers-master\src\model\Board.java,model.Board,class,2,9,7,2,59,1,0,16,153,0.8646617,0.05263158,0.0877193,19,10,19,0,0,0,19,0,0,0,7,6,6,1,0,0,6,0,19,135,27,4,12,0,11,3,98,28,54,21,2,0,0,0,179,1,0
E:\OOD_Projects\ck-mvn-plugin\Java-Checkers-master\src\ui\Main.java,ui.Main,class,1,1,0,1,2,1,0,5,0,0.0,NaN,NaN,1,1,1,0,0,0,1,0,0,0,0,0,0,0,0,0,0,0,2,13,0,0,0,1,0,0,0,1,0,1,1,0,0,0,9,1,0
E:\OOD_Projects\ck-mvn-plugin\Java-Checkers-master\src\model\Move.java,model.Move,class,2,4,2,2,14,1,0,6,41,0.75,0.2747253,0.6043956,14,0,14,0,0,0,14,0,0,0,4,1,1,3,0,0,1,0,6,50,6,0,0,0,0,5,0,5,1,4,0,0,0,0,43,1,0
E:\OOD_Projects\ck-mvn-plugin\Java-Checkers-master\src\ui\NetworkWindow.java,ui.NetworkWindow,class,2,6,4,2,20,6,0,23,83,0.8777778,0.21904762,0.62857145,18,1,15,3,0,0,15,0,0,0,15,6,5,10,0,0,6,0,3,135,7,0,1,1,0,14,12,19,5,16,1,0,1,0,182,1,0
E:\OOD_Projects\ck-mvn-plugin\Java-Checkers-master\src\ui\OptionPanel.java,ui.OptionPanel,class,10,13,3,10,35,5,0,30,2,0.7777778,0.53333336,1.0,8,1,6,2,0,0,6,0,0,0,9,1,0,9,0,0,1,0,1,199,9,0,9,0,2,40,13,35,10,29,3,0,1,0,132,1,0
E:\OOD_Projects\ck-mvn-plugin\Java-Checkers-master\src\network\CheckersConnection.java,network.CheckersConnection,class,0,0,0,0,1,1,0,0,0,0.0,NaN,NaN,1,0,1,0,0,0,1,0,0,0,0,0,0,0,0,0,0,0,0,4,0,0,0,0,0,0,0,0,0,0,0,0,0,0,8,1,0
E:\OOD_Projects\ck-mvn-plugin\Java-Checkers-master\src\network\Session.java,network.Session,class,1,6,5,1,14,1,0,2,6,0.62500006,0.45454547,1.0,12,0,12,0,0,0,12,0,0,0,4,0,0,4,0,0,0,0,0,50,5,0,2,0,1,0,1,12,0,4,1,0,0,0,46,1,0
E:\OOD_Projects\ck-mvn-plugin\Java-Checkers-master\src\model\Game.java,model.Game,class,4,13,9,4,42,1,0,21,0,0.42857146,0.53846157,0.6043956,14,0,14,0,0,0,14,0,0,0,3,0,0,3,0,0,0,0,13,134,14,3,9,2,3,5,13,38,2,19,2,0,0,0,108,1,0
E:\OOD_Projects\ck-mvn-plugin\Java-Checkers-master\src\network\Command.java,network.Command,class,1,5,4,1,14,1,0,11,0,0.7857142,0.52380955,0.71428573,7,0,7,0,0,0,7,0,0,0,6,4,4,2,0,0,4,0,0,60,4,2,3,1,1,7,4,21,3,15,2,0,0,0,114,1,0
E:\OOD_Projects\ck-mvn-plugin\Java-Checkers-master\src\model\HumanPlayer.java,model.HumanPlayer,class,2,4,2,2,2,2,0,0,1,0.0,0.0,0.0,2,0,2,0,0,0,2,0,0,0,0,0,0,0,0,0,0,0,0,7,1,0,0,0,0,0,0,0,0,0,0,0,0,0,29,1,0
E:\OOD_Projects\ck-mvn-plugin\Java-Checkers-master\src\ui\CheckersWindow.java,ui.CheckersWindow,class,8,14,6,8,10,6,0,12,11,0.82500005,0.37777779,0.62222224,10,0,10,0,0,0,10,0,0,0,8,4,3,5,0,0,4,0,0,58,3,0,0,0,0,1,7,11,0,11,0,0,0,0,85,1,0
E:\OOD_Projects\ck-mvn-plugin\Java-Checkers-master\src\network\CheckersNetworkHandler.java,network.CheckersNetworkHandler,class,11,13,2,11,55,1,0,46,3,0.5416666,1.0,1.0,6,2,2,4,0,0,2,0,0,0,8,4,2,6,0,0,4,0,8,177,11,1,14,3,16,33,24,57,16,38,3,0,0,0,189,1,0
E:\OOD_Projects\ck-mvn-plugin\Java-Checkers-master\src\ui\CheckerBoard.java,ui.CheckerBoard$ClickListener,innerclass,1,1,0,1,2,1,0,2,0,0.0,NaN,NaN,1,0,1,0,0,0,1,0,0,0,0,0,0,0,0,0,0,0,0,8,0,0,1,0,0,0,0,1,0,1,1,0,0,0,28,2,0
E:\OOD_Projects\ck-mvn-plugin\Java-Checkers-master\src\logic\MoveGenerator.java,logic.MoveGenerator,class,2,7,5,2,29,1,0,14,15,0.0,0.0,0.0,6,6,6,0,0,0,6,0,0,0,0,0,0,0,0,0,0,0,14,71,12,2,17,0,3,0,4,13,8,13,2,0,0,0,68,1,0
E:\OOD_Projects\ck-mvn-plugin\Java-Checkers-master\src\ui\CheckerBoard.java,ui.CheckerBoard$Anonymous1,anonymous,2,2,0,2,1,1,0,5,0,0.0,NaN,NaN,1,0,1,0,0,0,1,0,0,0,0,0,0,0,0,0,0,0,0,8,0,0,0,0,0,0,0,0,0,0,0,0,0,0,11,-1,0
E:\OOD_Projects\ck-mvn-plugin\Java-Checkers-master\src\model\Player.java,model.Player,class,2,12,10,2,3,1,3,3,3,0.0,0.0,0.0,3,0,3,0,0,0,3,2,0,0,0,0,0,0,0,0,0,0,0,7,1,0,0,0,0,2,0,0,1,0,0,0,0,0,50,1025,0
E:\OOD_Projects\ck-mvn-plugin\Java-Checkers-master\src\ui\CheckerBoard.java,ui.CheckerBoard,class,11,17,6,11,80,6,0,56,73,0.8394649,0.4,1.0,23,0,20,3,0,0,20,0,0,1,13,3,0,13,0,0,3,0,9,293,18,6,21,0,19,4,95,70,104,56,3,1,1,0,205,1,0
E:\OOD_Projects\ck-mvn-plugin\Java-Checkers-master\src\network\ConnectionListener.java,network.ConnectionListener,class,2,8,6,2,36,2,0,17,55,0.67857146,0.1978022,0.1978022,14,2,14,0,0,0,14,0,0,0,2,0,0,2,0,0,0,0,0,138,11,2,6,7,1,3,7,20,2,10,3,0,0,0,118,1,0
E:\OOD_Projects\ck-mvn-plugin\Java-Checkers-master\src\logic\MoveLogic.java,logic.MoveLogic,class,4,7,3,4,53,1,0,18,10,0.0,0.0,0.0,5,5,3,2,0,0,3,0,0,0,0,0,0,0,0,0,0,0,22,109,20,2,29,0,14,0,10,24,8,23,3,0,0,0,94,1,0
E:\OOD_Projects\ck-mvn-plugin\Java-Checkers-master\src\model\NetworkPlayer.java,model.NetworkPlayer,class,2,6,4,2,2,2,0,0,1,0.0,0.0,0.0,2,0,2,0,0,0,2,0,0,0,0,0,0,0,0,0,0,0,0,7,1,0,0,0,0,0,0,0,0,0,0,0,0,0,36,1,0
E:\OOD_Projects\ck-mvn-plugin\Java-Checkers-master\src\network\ConnectionHandler.java,network.ConnectionHandler,class,1,3,2,1,6,2,0,2,0,0.375,0.6666667,1.0,4,0,4,0,0,0,4,0,0,0,2,0,0,2,0,0,0,0,0,23,3,0,2,0,0,1,1,3,0,3,1,0,0,0,68,1,0
E:\OOD_Projects\ck-mvn-plugin\Java-Checkers-master\src\ui\NetworkWindow.java,ui.NetworkWindow$ButtonListener,innerclass,0,0,0,0,3,1,0,2,0,0.0,NaN,NaN,1,0,1,0,0,0,1,0,0,0,0,0,0,0,0,0,0,0,0,15,0,0,2,0,0,0,0,4,0,2,2,0,0,0,20,2,0
E:\OOD_Projects\ck-mvn-plugin\Java-Checkers-master\src\ui\OptionPanel.java,ui.OptionPanel$OptionListener,innerclass,8,8,0,8,15,1,0,21,0,0.0,NaN,NaN,1,0,1,0,0,0,1,0,0,0,0,0,0,0,0,0,0,0,2,51,1,0,10,0,2,0,0,17,0,10,2,0,0,0,49,2,0
