file,class,method,variable,usage
E:\OOD_Projects\ck-mvn-plugin\Java-Checkers-master\src\model\ComputerPlayer.java,model.ComputerPlayer,"getSafetyWeight/2[model.Board,boolean]",KING_FACTOR,1
E:\OOD_Projects\ck-mvn-plugin\Java-Checkers-master\src\model\ComputerPlayer.java,model.ComputerPlayer,"getSafetyWeight/2[model.Board,boolean]",SAFE,1
E:\OOD_Projects\ck-mvn-plugin\Java-Checkers-master\src\model\ComputerPlayer.java,model.ComputerPlayer,"getSafetyWeight/2[model.Board,boolean]",UNSAFE,1
E:\OOD_Projects\ck-mvn-plugin\Java-Checkers-master\src\model\ComputerPlayer.java,model.ComputerPlayer,getMoves/1[model.Game],WEIGHT_SKIP,1
E:\OOD_Projects\ck-mvn-plugin\Java-Checkers-master\src\model\ComputerPlayer.java,model.ComputerPlayer,"getMoveWeight/2[model.Game,model.Move]",SKIP_ON_NEXT,2
E:\OOD_Projects\ck-mvn-plugin\Java-Checkers-master\src\model\ComputerPlayer.java,model.ComputerPlayer,"getMoveWeight/2[model.Game,model.Move]",WEIGHT_SKIP,1
E:\OOD_Projects\ck-mvn-plugin\Java-Checkers-master\src\model\ComputerPlayer.java,model.ComputerPlayer,"getMoveWeight/2[model.Game,model.Move]",KING_FACTOR,1
E:\OOD_Projects\ck-mvn-plugin\Java-Checkers-master\src\model\ComputerPlayer.java,model.ComputerPlayer,"getMoveWeight/2[model.Game,model.Move]",UNSAFE_SAFE,1
E:\OOD_Projects\ck-mvn-plugin\Java-Checkers-master\src\model\ComputerPlayer.java,model.ComputerPlayer,"getMoveWeight/2[model.Game,model.Move]",SAFE_UNSAFE,1
E:\OOD_Projects\ck-mvn-plugin\Java-Checkers-master\src\model\ComputerPlayer.java,model.ComputerPlayer,"getMoveWeight/2[model.Game,model.Move]",UNSAFE_UNSAFE,1
E:\OOD_Projects\ck-mvn-plugin\Java-Checkers-master\src\model\ComputerPlayer.java,model.ComputerPlayer,"getMoveWeight/2[model.Game,model.Move]",SAFE_SAFE,1
E:\OOD_Projects\ck-mvn-plugin\Java-Checkers-master\src\model\Board.java,model.Board,"set/2[int,int]",BLACK_CHECKER,1
E:\OOD_Projects\ck-mvn-plugin\Java-Checkers-master\src\model\Board.java,model.Board,"set/2[int,int]",BLACK_KING,1
E:\OOD_Projects\ck-mvn-plugin\Java-Checkers-master\src\model\Board.java,model.Board,"set/2[int,int]",WHITE_CHECKER,1
E:\OOD_Projects\ck-mvn-plugin\Java-Checkers-master\src\model\Board.java,model.Board,"set/2[int,int]",state,2
E:\OOD_Projects\ck-mvn-plugin\Java-Checkers-master\src\model\Board.java,model.Board,"set/2[int,int]",EMPTY,3
E:\OOD_Projects\ck-mvn-plugin\Java-Checkers-master\src\model\Board.java,model.Board,"set/2[int,int]",WHITE_KING,1
E:\OOD_Projects\ck-mvn-plugin\Java-Checkers-master\src\model\Board.java,model.Board,copy/0,state,1
E:\OOD_Projects\ck-mvn-plugin\Java-Checkers-master\src\model\Board.java,model.Board,get/1[int],state,3
E:\OOD_Projects\ck-mvn-plugin\Java-Checkers-master\src\model\Board.java,model.Board,get/1[int],INVALID,2
E:\OOD_Projects\ck-mvn-plugin\Java-Checkers-master\src\model\Board.java,model.Board,"set/3[int,int,int]",BLACK_CHECKER,1
E:\OOD_Projects\ck-mvn-plugin\Java-Checkers-master\src\model\Board.java,model.Board,"set/3[int,int,int]",BLACK_KING,1
E:\OOD_Projects\ck-mvn-plugin\Java-Checkers-master\src\model\Board.java,model.Board,"set/3[int,int,int]",WHITE_CHECKER,1
E:\OOD_Projects\ck-mvn-plugin\Java-Checkers-master\src\model\Board.java,model.Board,"set/3[int,int,int]",EMPTY,2
E:\OOD_Projects\ck-mvn-plugin\Java-Checkers-master\src\model\Board.java,model.Board,"set/3[int,int,int]",WHITE_KING,1
E:\OOD_Projects\ck-mvn-plugin\Java-Checkers-master\src\model\Board.java,model.Board,"get/2[int,int]",INVALID,1
E:\OOD_Projects\ck-mvn-plugin\Java-Checkers-master\src\model\Board.java,model.Board,reset/0,BLACK_CHECKER,1
E:\OOD_Projects\ck-mvn-plugin\Java-Checkers-master\src\model\Board.java,model.Board,reset/0,WHITE_CHECKER,1
E:\OOD_Projects\ck-mvn-plugin\Java-Checkers-master\src\model\Board.java,model.Board,reset/0,state,1
E:\OOD_Projects\ck-mvn-plugin\Java-Checkers-master\src\model\Move.java,model.Move,"Move/2[int,int]",startIndex,2
E:\OOD_Projects\ck-mvn-plugin\Java-Checkers-master\src\model\Move.java,model.Move,"Move/2[int,int]",endIndex,2
E:\OOD_Projects\ck-mvn-plugin\Java-Checkers-master\src\model\Move.java,model.Move,toString/0,startIndex,1
E:\OOD_Projects\ck-mvn-plugin\Java-Checkers-master\src\model\Move.java,model.Move,toString/0,endIndex,1
E:\OOD_Projects\ck-mvn-plugin\Java-Checkers-master\src\model\Move.java,model.Move,toString/0,weight,1
E:\OOD_Projects\ck-mvn-plugin\Java-Checkers-master\src\model\Move.java,model.Move,getStartIndex/0,startIndex,1
E:\OOD_Projects\ck-mvn-plugin\Java-Checkers-master\src\model\Move.java,model.Move,getEndIndex/0,endIndex,1
E:\OOD_Projects\ck-mvn-plugin\Java-Checkers-master\src\model\Move.java,model.Move,changeWeight/1[double],weight,1
E:\OOD_Projects\ck-mvn-plugin\Java-Checkers-master\src\model\Move.java,model.Move,setEndIndex/1[int],endIndex,3
E:\OOD_Projects\ck-mvn-plugin\Java-Checkers-master\src\model\Move.java,model.Move,getWeight/0,weight,1
E:\OOD_Projects\ck-mvn-plugin\Java-Checkers-master\src\model\Move.java,model.Move,setStartIndex/1[int],startIndex,3
E:\OOD_Projects\ck-mvn-plugin\Java-Checkers-master\src\model\Move.java,model.Move,getEnd/0,endIndex,1
E:\OOD_Projects\ck-mvn-plugin\Java-Checkers-master\src\model\Move.java,model.Move,setWeight/1[double],weight,3
E:\OOD_Projects\ck-mvn-plugin\Java-Checkers-master\src\model\Move.java,model.Move,getStart/0,startIndex,1
E:\OOD_Projects\ck-mvn-plugin\Java-Checkers-master\src\ui\NetworkWindow.java,ui.NetworkWindow,getDestinationPort/0,destPort,1
E:\OOD_Projects\ck-mvn-plugin\Java-Checkers-master\src\ui\NetworkWindow.java,ui.NetworkWindow,getActionListener/0,actionListener,1
E:\OOD_Projects\ck-mvn-plugin\Java-Checkers-master\src\ui\NetworkWindow.java,ui.NetworkWindow,NetworkWindow/1[java.awt.event.ActionListener],actionListener,4
E:\OOD_Projects\ck-mvn-plugin\Java-Checkers-master\src\ui\NetworkWindow.java,ui.NetworkWindow,setDestinationHost/1[java.lang.String],destHost,1
E:\OOD_Projects\ck-mvn-plugin\Java-Checkers-master\src\ui\NetworkWindow.java,ui.NetworkWindow,"NetworkWindow/4[java.awt.event.ActionListener,int,java.lang.String,int]",actionListener,4
E:\OOD_Projects\ck-mvn-plugin\Java-Checkers-master\src\ui\NetworkWindow.java,ui.NetworkWindow,"NetworkWindow/4[java.awt.event.ActionListener,int,java.lang.String,int]",destPort,3
E:\OOD_Projects\ck-mvn-plugin\Java-Checkers-master\src\ui\NetworkWindow.java,ui.NetworkWindow,"NetworkWindow/4[java.awt.event.ActionListener,int,java.lang.String,int]",destHost,3
E:\OOD_Projects\ck-mvn-plugin\Java-Checkers-master\src\ui\NetworkWindow.java,ui.NetworkWindow,"NetworkWindow/4[java.awt.event.ActionListener,int,java.lang.String,int]",srcPort,3
E:\OOD_Projects\ck-mvn-plugin\Java-Checkers-master\src\ui\NetworkWindow.java,ui.NetworkWindow,setSourcePort/1[int],srcPort,1
E:\OOD_Projects\ck-mvn-plugin\Java-Checkers-master\src\ui\NetworkWindow.java,ui.NetworkWindow,getDestinationHost/0,destHost,1
E:\OOD_Projects\ck-mvn-plugin\Java-Checkers-master\src\ui\NetworkWindow.java,ui.NetworkWindow,setCanUpdateListen/1[boolean],srcPort,1
E:\OOD_Projects\ck-mvn-plugin\Java-Checkers-master\src\ui\NetworkWindow.java,ui.NetworkWindow,setCanUpdateListen/1[boolean],listen,1
E:\OOD_Projects\ck-mvn-plugin\Java-Checkers-master\src\ui\NetworkWindow.java,ui.NetworkWindow,setActionListener/1[java.awt.event.ActionListener],actionListener,4
E:\OOD_Projects\ck-mvn-plugin\Java-Checkers-master\src\ui\NetworkWindow.java,ui.NetworkWindow,init/0,msg,1
E:\OOD_Projects\ck-mvn-plugin\Java-Checkers-master\src\ui\NetworkWindow.java,ui.NetworkWindow,init/0,destPort,3
E:\OOD_Projects\ck-mvn-plugin\Java-Checkers-master\src\ui\NetworkWindow.java,ui.NetworkWindow,init/0,src,4
E:\OOD_Projects\ck-mvn-plugin\Java-Checkers-master\src\ui\NetworkWindow.java,ui.NetworkWindow,init/0,destHost,4
E:\OOD_Projects\ck-mvn-plugin\Java-Checkers-master\src\ui\NetworkWindow.java,ui.NetworkWindow,init/0,srcPort,3
E:\OOD_Projects\ck-mvn-plugin\Java-Checkers-master\src\ui\NetworkWindow.java,ui.NetworkWindow,init/0,dest,5
E:\OOD_Projects\ck-mvn-plugin\Java-Checkers-master\src\ui\NetworkWindow.java,ui.NetworkWindow,init/0,listen,3
E:\OOD_Projects\ck-mvn-plugin\Java-Checkers-master\src\ui\NetworkWindow.java,ui.NetworkWindow,init/0,connect,3
E:\OOD_Projects\ck-mvn-plugin\Java-Checkers-master\src\ui\NetworkWindow.java,ui.NetworkWindow,setCanUpdateConnect/1[boolean],destPort,1
E:\OOD_Projects\ck-mvn-plugin\Java-Checkers-master\src\ui\NetworkWindow.java,ui.NetworkWindow,setCanUpdateConnect/1[boolean],destHost,1
E:\OOD_Projects\ck-mvn-plugin\Java-Checkers-master\src\ui\NetworkWindow.java,ui.NetworkWindow,setCanUpdateConnect/1[boolean],connect,1
E:\OOD_Projects\ck-mvn-plugin\Java-Checkers-master\src\ui\NetworkWindow.java,ui.NetworkWindow,setDestinationPort/1[int],destPort,1
E:\OOD_Projects\ck-mvn-plugin\Java-Checkers-master\src\ui\NetworkWindow.java,ui.NetworkWindow,createLayout/1[java.lang.String],msg,7
E:\OOD_Projects\ck-mvn-plugin\Java-Checkers-master\src\ui\NetworkWindow.java,ui.NetworkWindow,createLayout/1[java.lang.String],src,1
E:\OOD_Projects\ck-mvn-plugin\Java-Checkers-master\src\ui\NetworkWindow.java,ui.NetworkWindow,createLayout/1[java.lang.String],dest,1
E:\OOD_Projects\ck-mvn-plugin\Java-Checkers-master\src\ui\NetworkWindow.java,ui.NetworkWindow,getMessage/0,msg,1
E:\OOD_Projects\ck-mvn-plugin\Java-Checkers-master\src\ui\NetworkWindow.java,ui.NetworkWindow,NetworkWindow/0,DEFAULT_TITLE,1
E:\OOD_Projects\ck-mvn-plugin\Java-Checkers-master\src\ui\NetworkWindow.java,ui.NetworkWindow,NetworkWindow/0,DEFAULT_HEIGHT,1
E:\OOD_Projects\ck-mvn-plugin\Java-Checkers-master\src\ui\NetworkWindow.java,ui.NetworkWindow,NetworkWindow/0,DEFAULT_WIDTH,1
E:\OOD_Projects\ck-mvn-plugin\Java-Checkers-master\src\ui\NetworkWindow.java,ui.NetworkWindow,getSourcePort/0,srcPort,1
E:\OOD_Projects\ck-mvn-plugin\Java-Checkers-master\src\ui\OptionPanel.java,ui.OptionPanel,setWindow/1[ui.CheckersWindow],window,3
E:\OOD_Projects\ck-mvn-plugin\Java-Checkers-master\src\ui\OptionPanel.java,ui.OptionPanel,"handleNetworkUpdate/2[ui.NetworkWindow,java.awt.event.ActionEvent]",player1Net,1
E:\OOD_Projects\ck-mvn-plugin\Java-Checkers-master\src\ui\OptionPanel.java,ui.OptionPanel,"handleNetworkUpdate/2[ui.NetworkWindow,java.awt.event.ActionEvent]",window,4
E:\OOD_Projects\ck-mvn-plugin\Java-Checkers-master\src\ui\OptionPanel.java,ui.OptionPanel,getWindow/0,window,1
E:\OOD_Projects\ck-mvn-plugin\Java-Checkers-master\src\ui\OptionPanel.java,ui.OptionPanel,OptionPanel/1[ui.CheckersWindow],player2Net,2
E:\OOD_Projects\ck-mvn-plugin\Java-Checkers-master\src\ui\OptionPanel.java,ui.OptionPanel,OptionPanel/1[ui.CheckersWindow],player1Net,2
E:\OOD_Projects\ck-mvn-plugin\Java-Checkers-master\src\ui\OptionPanel.java,ui.OptionPanel,OptionPanel/1[ui.CheckersWindow],player1Btn,4
E:\OOD_Projects\ck-mvn-plugin\Java-Checkers-master\src\ui\OptionPanel.java,ui.OptionPanel,OptionPanel/1[ui.CheckersWindow],player2Btn,4
E:\OOD_Projects\ck-mvn-plugin\Java-Checkers-master\src\ui\OptionPanel.java,ui.OptionPanel,OptionPanel/1[ui.CheckersWindow],window,4
E:\OOD_Projects\ck-mvn-plugin\Java-Checkers-master\src\ui\OptionPanel.java,ui.OptionPanel,OptionPanel/1[ui.CheckersWindow],player2Opts,3
E:\OOD_Projects\ck-mvn-plugin\Java-Checkers-master\src\ui\OptionPanel.java,ui.OptionPanel,OptionPanel/1[ui.CheckersWindow],player1Opts,3
E:\OOD_Projects\ck-mvn-plugin\Java-Checkers-master\src\ui\OptionPanel.java,ui.OptionPanel,OptionPanel/1[ui.CheckersWindow],restartBtn,3
E:\OOD_Projects\ck-mvn-plugin\Java-Checkers-master\src\ui\OptionPanel.java,ui.OptionPanel,getNetworkWindow1/0,player1Net,1
E:\OOD_Projects\ck-mvn-plugin\Java-Checkers-master\src\ui\OptionPanel.java,ui.OptionPanel,"setNetworkWindowMessage/2[boolean,java.lang.String]",player2Net,1
E:\OOD_Projects\ck-mvn-plugin\Java-Checkers-master\src\ui\OptionPanel.java,ui.OptionPanel,"setNetworkWindowMessage/2[boolean,java.lang.String]",player1Net,1
E:\OOD_Projects\ck-mvn-plugin\Java-Checkers-master\src\ui\OptionPanel.java,ui.OptionPanel,getNetworkWindow2/0,player2Net,1
E:\OOD_Projects\ck-mvn-plugin\Java-Checkers-master\src\network\Session.java,network.Session,getDestinationPort/0,destinationPort,1
E:\OOD_Projects\ck-mvn-plugin\Java-Checkers-master\src\network\Session.java,network.Session,getSid/0,sid,1
E:\OOD_Projects\ck-mvn-plugin\Java-Checkers-master\src\network\Session.java,network.Session,"Session/4[java.lang.String,int,java.lang.String,int]",destinationPort,3
E:\OOD_Projects\ck-mvn-plugin\Java-Checkers-master\src\network\Session.java,network.Session,"Session/4[java.lang.String,int,java.lang.String,int]",listener,1
E:\OOD_Projects\ck-mvn-plugin\Java-Checkers-master\src\network\Session.java,network.Session,"Session/4[java.lang.String,int,java.lang.String,int]",destinationHost,3
E:\OOD_Projects\ck-mvn-plugin\Java-Checkers-master\src\network\Session.java,network.Session,"Session/4[java.lang.String,int,java.lang.String,int]",sid,3
E:\OOD_Projects\ck-mvn-plugin\Java-Checkers-master\src\network\Session.java,network.Session,getListener/0,listener,1
E:\OOD_Projects\ck-mvn-plugin\Java-Checkers-master\src\network\Session.java,network.Session,setDestinationHost/1[java.lang.String],destinationHost,3
E:\OOD_Projects\ck-mvn-plugin\Java-Checkers-master\src\network\Session.java,network.Session,setDestinationPort/1[int],destinationPort,3
E:\OOD_Projects\ck-mvn-plugin\Java-Checkers-master\src\network\Session.java,network.Session,setSid/1[java.lang.String],sid,3
E:\OOD_Projects\ck-mvn-plugin\Java-Checkers-master\src\network\Session.java,network.Session,setSourcePort/1[int],listener,2
E:\OOD_Projects\ck-mvn-plugin\Java-Checkers-master\src\network\Session.java,network.Session,getSourcePort/0,listener,2
E:\OOD_Projects\ck-mvn-plugin\Java-Checkers-master\src\network\Session.java,network.Session,"Session/4[network.ConnectionListener,java.lang.String,java.lang.String,int]",destinationPort,3
E:\OOD_Projects\ck-mvn-plugin\Java-Checkers-master\src\network\Session.java,network.Session,"Session/4[network.ConnectionListener,java.lang.String,java.lang.String,int]",listener,3
E:\OOD_Projects\ck-mvn-plugin\Java-Checkers-master\src\network\Session.java,network.Session,"Session/4[network.ConnectionListener,java.lang.String,java.lang.String,int]",destinationHost,3
E:\OOD_Projects\ck-mvn-plugin\Java-Checkers-master\src\network\Session.java,network.Session,"Session/4[network.ConnectionListener,java.lang.String,java.lang.String,int]",sid,3
E:\OOD_Projects\ck-mvn-plugin\Java-Checkers-master\src\network\Session.java,network.Session,getDestinationHost/0,destinationHost,1
E:\OOD_Projects\ck-mvn-plugin\Java-Checkers-master\src\network\Session.java,network.Session,setListener/1[network.ConnectionListener],listener,3
E:\OOD_Projects\ck-mvn-plugin\Java-Checkers-master\src\model\Game.java,model.Game,getBoard/0,board,1
E:\OOD_Projects\ck-mvn-plugin\Java-Checkers-master\src\model\Game.java,model.Game,setP1Turn/1[boolean],isP1Turn,3
E:\OOD_Projects\ck-mvn-plugin\Java-Checkers-master\src\model\Game.java,model.Game,copy/0,skipIndex,1
E:\OOD_Projects\ck-mvn-plugin\Java-Checkers-master\src\model\Game.java,model.Game,copy/0,board,1
E:\OOD_Projects\ck-mvn-plugin\Java-Checkers-master\src\model\Game.java,model.Game,copy/0,isP1Turn,1
E:\OOD_Projects\ck-mvn-plugin\Java-Checkers-master\src\model\Game.java,model.Game,"move/2[int,int]",skipIndex,2
E:\OOD_Projects\ck-mvn-plugin\Java-Checkers-master\src\model\Game.java,model.Game,"move/2[int,int]",board,8
E:\OOD_Projects\ck-mvn-plugin\Java-Checkers-master\src\model\Game.java,model.Game,"move/2[int,int]",isP1Turn,2
E:\OOD_Projects\ck-mvn-plugin\Java-Checkers-master\src\model\Game.java,model.Game,getSkipIndex/0,skipIndex,1
E:\OOD_Projects\ck-mvn-plugin\Java-Checkers-master\src\model\Game.java,model.Game,isGameOver/0,board,6
E:\OOD_Projects\ck-mvn-plugin\Java-Checkers-master\src\model\Game.java,model.Game,isGameOver/0,isP1Turn,1
E:\OOD_Projects\ck-mvn-plugin\Java-Checkers-master\src\model\Game.java,model.Game,setGameState/1[java.lang.String],skipIndex,2
E:\OOD_Projects\ck-mvn-plugin\Java-Checkers-master\src\model\Game.java,model.Game,setGameState/1[java.lang.String],board,1
E:\OOD_Projects\ck-mvn-plugin\Java-Checkers-master\src\model\Game.java,model.Game,setGameState/1[java.lang.String],isP1Turn,1
E:\OOD_Projects\ck-mvn-plugin\Java-Checkers-master\src\model\Game.java,model.Game,"Game/3[model.Board,boolean,int]",skipIndex,3
E:\OOD_Projects\ck-mvn-plugin\Java-Checkers-master\src\model\Game.java,model.Game,"Game/3[model.Board,boolean,int]",board,4
E:\OOD_Projects\ck-mvn-plugin\Java-Checkers-master\src\model\Game.java,model.Game,"Game/3[model.Board,boolean,int]",isP1Turn,3
E:\OOD_Projects\ck-mvn-plugin\Java-Checkers-master\src\model\Game.java,model.Game,isP1Turn/0,isP1Turn,2
E:\OOD_Projects\ck-mvn-plugin\Java-Checkers-master\src\model\Game.java,model.Game,restart/0,skipIndex,1
E:\OOD_Projects\ck-mvn-plugin\Java-Checkers-master\src\model\Game.java,model.Game,restart/0,board,1
E:\OOD_Projects\ck-mvn-plugin\Java-Checkers-master\src\model\Game.java,model.Game,restart/0,isP1Turn,1
E:\OOD_Projects\ck-mvn-plugin\Java-Checkers-master\src\model\Game.java,model.Game,getGameState/0,skipIndex,1
E:\OOD_Projects\ck-mvn-plugin\Java-Checkers-master\src\model\Game.java,model.Game,getGameState/0,board,1
E:\OOD_Projects\ck-mvn-plugin\Java-Checkers-master\src\model\Game.java,model.Game,getGameState/0,isP1Turn,1
E:\OOD_Projects\ck-mvn-plugin\Java-Checkers-master\src\network\Command.java,network.Command,getData/0,data,1
E:\OOD_Projects\ck-mvn-plugin\Java-Checkers-master\src\network\Command.java,network.Command,"Command/2[java.lang.String,java.lang.String[]]",data,4
E:\OOD_Projects\ck-mvn-plugin\Java-Checkers-master\src\network\Command.java,network.Command,"Command/2[java.lang.String,java.lang.String[]]",command,4
E:\OOD_Projects\ck-mvn-plugin\Java-Checkers-master\src\network\Command.java,network.Command,setData/1[java.lang.String[]],data,3
E:\OOD_Projects\ck-mvn-plugin\Java-Checkers-master\src\network\Command.java,network.Command,getCommand/0,command,1
E:\OOD_Projects\ck-mvn-plugin\Java-Checkers-master\src\network\Command.java,network.Command,getOutput/0,data,3
E:\OOD_Projects\ck-mvn-plugin\Java-Checkers-master\src\network\Command.java,network.Command,getOutput/0,command,1
E:\OOD_Projects\ck-mvn-plugin\Java-Checkers-master\src\network\Command.java,network.Command,setCommand/1[java.lang.String],command,3
E:\OOD_Projects\ck-mvn-plugin\Java-Checkers-master\src\ui\CheckersWindow.java,ui.CheckersWindow,setPlayer1/1[model.Player],board,2
E:\OOD_Projects\ck-mvn-plugin\Java-Checkers-master\src\ui\CheckersWindow.java,ui.CheckersWindow,setPlayer2/1[model.Player],board,2
E:\OOD_Projects\ck-mvn-plugin\Java-Checkers-master\src\ui\CheckersWindow.java,ui.CheckersWindow,getSession2/0,session2,1
E:\OOD_Projects\ck-mvn-plugin\Java-Checkers-master\src\ui\CheckersWindow.java,ui.CheckersWindow,"CheckersWindow/3[int,int,java.lang.String]",session2,1
E:\OOD_Projects\ck-mvn-plugin\Java-Checkers-master\src\ui\CheckersWindow.java,ui.CheckersWindow,"CheckersWindow/3[int,int,java.lang.String]",opts,4
E:\OOD_Projects\ck-mvn-plugin\Java-Checkers-master\src\ui\CheckersWindow.java,ui.CheckersWindow,"CheckersWindow/3[int,int,java.lang.String]",session1,1
E:\OOD_Projects\ck-mvn-plugin\Java-Checkers-master\src\ui\CheckersWindow.java,ui.CheckersWindow,"CheckersWindow/3[int,int,java.lang.String]",board,4
E:\OOD_Projects\ck-mvn-plugin\Java-Checkers-master\src\ui\CheckersWindow.java,ui.CheckersWindow,getBoard/0,board,1
E:\OOD_Projects\ck-mvn-plugin\Java-Checkers-master\src\ui\CheckersWindow.java,ui.CheckersWindow,getSession1/0,session1,1
E:\OOD_Projects\ck-mvn-plugin\Java-Checkers-master\src\ui\CheckersWindow.java,ui.CheckersWindow,restart/0,board,2
E:\OOD_Projects\ck-mvn-plugin\Java-Checkers-master\src\ui\CheckersWindow.java,ui.CheckersWindow,CheckersWindow/0,DEFAULT_TITLE,1
E:\OOD_Projects\ck-mvn-plugin\Java-Checkers-master\src\ui\CheckersWindow.java,ui.CheckersWindow,CheckersWindow/0,DEFAULT_HEIGHT,1
E:\OOD_Projects\ck-mvn-plugin\Java-Checkers-master\src\ui\CheckersWindow.java,ui.CheckersWindow,CheckersWindow/0,DEFAULT_WIDTH,1
E:\OOD_Projects\ck-mvn-plugin\Java-Checkers-master\src\ui\CheckersWindow.java,ui.CheckersWindow,setGameState/1[java.lang.String],board,1
E:\OOD_Projects\ck-mvn-plugin\Java-Checkers-master\src\network\CheckersNetworkHandler.java,network.CheckersNetworkHandler,handleUpdate/1[java.lang.String],isPlayer1,2
E:\OOD_Projects\ck-mvn-plugin\Java-Checkers-master\src\network\CheckersNetworkHandler.java,network.CheckersNetworkHandler,handleUpdate/1[java.lang.String],RESPONSE_ACCEPTED,1
E:\OOD_Projects\ck-mvn-plugin\Java-Checkers-master\src\network\CheckersNetworkHandler.java,network.CheckersNetworkHandler,handleUpdate/1[java.lang.String],RESPONSE_DENIED,1
E:\OOD_Projects\ck-mvn-plugin\Java-Checkers-master\src\network\CheckersNetworkHandler.java,network.CheckersNetworkHandler,handleUpdate/1[java.lang.String],window,2
E:\OOD_Projects\ck-mvn-plugin\Java-Checkers-master\src\network\CheckersNetworkHandler.java,network.CheckersNetworkHandler,handleUpdate/1[java.lang.String],board,7
E:\OOD_Projects\ck-mvn-plugin\Java-Checkers-master\src\network\CheckersNetworkHandler.java,network.CheckersNetworkHandler,"CheckersNetworkHandler/4[boolean,ui.CheckersWindow,ui.CheckerBoard,ui.OptionPanel]",isPlayer1,3
E:\OOD_Projects\ck-mvn-plugin\Java-Checkers-master\src\network\CheckersNetworkHandler.java,network.CheckersNetworkHandler,"CheckersNetworkHandler/4[boolean,ui.CheckersWindow,ui.CheckerBoard,ui.OptionPanel]",opts,3
E:\OOD_Projects\ck-mvn-plugin\Java-Checkers-master\src\network\CheckersNetworkHandler.java,network.CheckersNetworkHandler,"CheckersNetworkHandler/4[boolean,ui.CheckersWindow,ui.CheckerBoard,ui.OptionPanel]",window,3
E:\OOD_Projects\ck-mvn-plugin\Java-Checkers-master\src\network\CheckersNetworkHandler.java,network.CheckersNetworkHandler,"CheckersNetworkHandler/4[boolean,ui.CheckersWindow,ui.CheckerBoard,ui.OptionPanel]",board,3
E:\OOD_Projects\ck-mvn-plugin\Java-Checkers-master\src\network\CheckersNetworkHandler.java,network.CheckersNetworkHandler,"handleConnect/3[java.net.Socket,int,boolean]",isPlayer1,7
E:\OOD_Projects\ck-mvn-plugin\Java-Checkers-master\src\network\CheckersNetworkHandler.java,network.CheckersNetworkHandler,"handleConnect/3[java.net.Socket,int,boolean]",RESPONSE_ACCEPTED,1
E:\OOD_Projects\ck-mvn-plugin\Java-Checkers-master\src\network\CheckersNetworkHandler.java,network.CheckersNetworkHandler,"handleConnect/3[java.net.Socket,int,boolean]",RESPONSE_DENIED,3
E:\OOD_Projects\ck-mvn-plugin\Java-Checkers-master\src\network\CheckersNetworkHandler.java,network.CheckersNetworkHandler,"handleConnect/3[java.net.Socket,int,boolean]",opts,2
E:\OOD_Projects\ck-mvn-plugin\Java-Checkers-master\src\network\CheckersNetworkHandler.java,network.CheckersNetworkHandler,"handleConnect/3[java.net.Socket,int,boolean]",window,2
E:\OOD_Projects\ck-mvn-plugin\Java-Checkers-master\src\network\CheckersNetworkHandler.java,network.CheckersNetworkHandler,generateSessionID/0,MIN_SID_LENGTH,3
E:\OOD_Projects\ck-mvn-plugin\Java-Checkers-master\src\network\CheckersNetworkHandler.java,network.CheckersNetworkHandler,generateSessionID/0,MAX_SID_LENGTH,2
E:\OOD_Projects\ck-mvn-plugin\Java-Checkers-master\src\network\CheckersNetworkHandler.java,network.CheckersNetworkHandler,actionPerformed/1[java.awt.event.ActionEvent],isPlayer1,2
E:\OOD_Projects\ck-mvn-plugin\Java-Checkers-master\src\network\CheckersNetworkHandler.java,network.CheckersNetworkHandler,actionPerformed/1[java.awt.event.ActionEvent],RESPONSE_ACCEPTED,2
E:\OOD_Projects\ck-mvn-plugin\Java-Checkers-master\src\network\CheckersNetworkHandler.java,network.CheckersNetworkHandler,actionPerformed/1[java.awt.event.ActionEvent],opts,3
E:\OOD_Projects\ck-mvn-plugin\Java-Checkers-master\src\network\CheckersNetworkHandler.java,network.CheckersNetworkHandler,actionPerformed/1[java.awt.event.ActionEvent],RESPONSE_DENIED,3
E:\OOD_Projects\ck-mvn-plugin\Java-Checkers-master\src\network\CheckersNetworkHandler.java,network.CheckersNetworkHandler,actionPerformed/1[java.awt.event.ActionEvent],window,3
E:\OOD_Projects\ck-mvn-plugin\Java-Checkers-master\src\network\CheckersNetworkHandler.java,network.CheckersNetworkHandler,actionPerformed/1[java.awt.event.ActionEvent],board,2
E:\OOD_Projects\ck-mvn-plugin\Java-Checkers-master\src\ui\CheckerBoard.java,ui.CheckerBoard,"CheckerBoard/4[ui.CheckersWindow,model.Game,model.Player,model.Player]",game,4
E:\OOD_Projects\ck-mvn-plugin\Java-Checkers-master\src\ui\CheckerBoard.java,ui.CheckerBoard,"CheckerBoard/4[ui.CheckersWindow,model.Game,model.Player,model.Player]",darkTile,1
E:\OOD_Projects\ck-mvn-plugin\Java-Checkers-master\src\ui\CheckerBoard.java,ui.CheckerBoard,"CheckerBoard/4[ui.CheckersWindow,model.Game,model.Player,model.Player]",player1,2
E:\OOD_Projects\ck-mvn-plugin\Java-Checkers-master\src\ui\CheckerBoard.java,ui.CheckerBoard,"CheckerBoard/4[ui.CheckersWindow,model.Game,model.Player,model.Player]",player2,2
E:\OOD_Projects\ck-mvn-plugin\Java-Checkers-master\src\ui\CheckerBoard.java,ui.CheckerBoard,"CheckerBoard/4[ui.CheckersWindow,model.Game,model.Player,model.Player]",lightTile,1
E:\OOD_Projects\ck-mvn-plugin\Java-Checkers-master\src\ui\CheckerBoard.java,ui.CheckerBoard,"CheckerBoard/4[ui.CheckersWindow,model.Game,model.Player,model.Player]",window,3
E:\OOD_Projects\ck-mvn-plugin\Java-Checkers-master\src\ui\CheckerBoard.java,ui.CheckerBoard,sendGameState/1[network.Session],game,1
E:\OOD_Projects\ck-mvn-plugin\Java-Checkers-master\src\ui\CheckerBoard.java,ui.CheckerBoard,setPlayer1/1[model.Player],game,1
E:\OOD_Projects\ck-mvn-plugin\Java-Checkers-master\src\ui\CheckerBoard.java,ui.CheckerBoard,setPlayer1/1[model.Player],player1,5
E:\OOD_Projects\ck-mvn-plugin\Java-Checkers-master\src\ui\CheckerBoard.java,ui.CheckerBoard,setPlayer1/1[model.Player],selected,1
E:\OOD_Projects\ck-mvn-plugin\Java-Checkers-master\src\ui\CheckerBoard.java,ui.CheckerBoard,setDarkTile/1[java.awt.Color],darkTile,4
E:\OOD_Projects\ck-mvn-plugin\Java-Checkers-master\src\ui\CheckerBoard.java,ui.CheckerBoard,runPlayer/0,timer,2
E:\OOD_Projects\ck-mvn-plugin\Java-Checkers-master\src\ui\CheckerBoard.java,ui.CheckerBoard,runPlayer/0,TIMER_DELAY,1
E:\OOD_Projects\ck-mvn-plugin\Java-Checkers-master\src\ui\CheckerBoard.java,ui.CheckerBoard,paint/1[java.awt.Graphics],game,1
E:\OOD_Projects\ck-mvn-plugin\Java-Checkers-master\src\ui\CheckerBoard.java,ui.CheckerBoard,paint/1[java.awt.Graphics],darkTile,1
E:\OOD_Projects\ck-mvn-plugin\Java-Checkers-master\src\ui\CheckerBoard.java,ui.CheckerBoard,paint/1[java.awt.Graphics],isGameOver,1
E:\OOD_Projects\ck-mvn-plugin\Java-Checkers-master\src\ui\CheckerBoard.java,ui.CheckerBoard,paint/1[java.awt.Graphics],selectionValid,1
E:\OOD_Projects\ck-mvn-plugin\Java-Checkers-master\src\ui\CheckerBoard.java,ui.CheckerBoard,paint/1[java.awt.Graphics],PADDING,1
E:\OOD_Projects\ck-mvn-plugin\Java-Checkers-master\src\ui\CheckerBoard.java,ui.CheckerBoard,paint/1[java.awt.Graphics],lightTile,1
E:\OOD_Projects\ck-mvn-plugin\Java-Checkers-master\src\ui\CheckerBoard.java,ui.CheckerBoard,paint/1[java.awt.Graphics],selected,1
E:\OOD_Projects\ck-mvn-plugin\Java-Checkers-master\src\ui\CheckerBoard.java,ui.CheckerBoard,getPlayer1/0,player1,1
E:\OOD_Projects\ck-mvn-plugin\Java-Checkers-master\src\ui\CheckerBoard.java,ui.CheckerBoard,"isValidSelection/3[model.Board,boolean,java.awt.Point]",selected,3
E:\OOD_Projects\ck-mvn-plugin\Java-Checkers-master\src\ui\CheckerBoard.java,ui.CheckerBoard,getCurrentPlayer/0,game,1
E:\OOD_Projects\ck-mvn-plugin\Java-Checkers-master\src\ui\CheckerBoard.java,ui.CheckerBoard,getCurrentPlayer/0,player1,1
E:\OOD_Projects\ck-mvn-plugin\Java-Checkers-master\src\ui\CheckerBoard.java,ui.CheckerBoard,getCurrentPlayer/0,player2,1
E:\OOD_Projects\ck-mvn-plugin\Java-Checkers-master\src\ui\CheckerBoard.java,ui.CheckerBoard,setGame/1[model.Game],game,4
E:\OOD_Projects\ck-mvn-plugin\Java-Checkers-master\src\ui\CheckerBoard.java,ui.CheckerBoard,getLightTile/0,lightTile,1
E:\OOD_Projects\ck-mvn-plugin\Java-Checkers-master\src\ui\CheckerBoard.java,ui.CheckerBoard,getDarkTile/0,darkTile,1
E:\OOD_Projects\ck-mvn-plugin\Java-Checkers-master\src\ui\CheckerBoard.java,ui.CheckerBoard,setLightTile/1[java.awt.Color],lightTile,4
E:\OOD_Projects\ck-mvn-plugin\Java-Checkers-master\src\ui\CheckerBoard.java,ui.CheckerBoard,setWindow/1[ui.CheckersWindow],window,3
E:\OOD_Projects\ck-mvn-plugin\Java-Checkers-master\src\ui\CheckerBoard.java,ui.CheckerBoard,"setGameState/3[boolean,java.lang.String,java.lang.String]",game,2
E:\OOD_Projects\ck-mvn-plugin\Java-Checkers-master\src\ui\CheckerBoard.java,ui.CheckerBoard,update/0,isGameOver,2
E:\OOD_Projects\ck-mvn-plugin\Java-Checkers-master\src\ui\CheckerBoard.java,ui.CheckerBoard,update/0,game,1
E:\OOD_Projects\ck-mvn-plugin\Java-Checkers-master\src\ui\CheckerBoard.java,ui.CheckerBoard,getWindow/0,window,1
E:\OOD_Projects\ck-mvn-plugin\Java-Checkers-master\src\ui\CheckerBoard.java,ui.CheckerBoard,"handleClick/2[int,int]",isGameOver,1
E:\OOD_Projects\ck-mvn-plugin\Java-Checkers-master\src\ui\CheckerBoard.java,ui.CheckerBoard,"handleClick/2[int,int]",game,1
E:\OOD_Projects\ck-mvn-plugin\Java-Checkers-master\src\ui\CheckerBoard.java,ui.CheckerBoard,"handleClick/2[int,int]",selectionValid,1
E:\OOD_Projects\ck-mvn-plugin\Java-Checkers-master\src\ui\CheckerBoard.java,ui.CheckerBoard,"handleClick/2[int,int]",PADDING,1
E:\OOD_Projects\ck-mvn-plugin\Java-Checkers-master\src\ui\CheckerBoard.java,ui.CheckerBoard,"handleClick/2[int,int]",selected,5
E:\OOD_Projects\ck-mvn-plugin\Java-Checkers-master\src\ui\CheckerBoard.java,ui.CheckerBoard,setPlayer2/1[model.Player],game,1
E:\OOD_Projects\ck-mvn-plugin\Java-Checkers-master\src\ui\CheckerBoard.java,ui.CheckerBoard,setPlayer2/1[model.Player],player2,5
E:\OOD_Projects\ck-mvn-plugin\Java-Checkers-master\src\ui\CheckerBoard.java,ui.CheckerBoard,setPlayer2/1[model.Player],selected,1
E:\OOD_Projects\ck-mvn-plugin\Java-Checkers-master\src\ui\CheckerBoard.java,ui.CheckerBoard,getPlayer2/0,player2,1
E:\OOD_Projects\ck-mvn-plugin\Java-Checkers-master\src\ui\CheckerBoard.java,ui.CheckerBoard,updateNetwork/0,player1,1
E:\OOD_Projects\ck-mvn-plugin\Java-Checkers-master\src\ui\CheckerBoard.java,ui.CheckerBoard,updateNetwork/0,player2,1
E:\OOD_Projects\ck-mvn-plugin\Java-Checkers-master\src\ui\CheckerBoard.java,ui.CheckerBoard,updateNetwork/0,window,2
E:\OOD_Projects\ck-mvn-plugin\Java-Checkers-master\src\ui\CheckerBoard.java,ui.CheckerBoard,getGame/0,game,1
E:\OOD_Projects\ck-mvn-plugin\Java-Checkers-master\src\ui\CheckerBoard.java,ui.CheckerBoard,CheckerBoard/1[ui.CheckersWindow],window,2
E:\OOD_Projects\ck-mvn-plugin\Java-Checkers-master\src\network\ConnectionListener.java,network.ConnectionListener,run/0,serverSocket,6
E:\OOD_Projects\ck-mvn-plugin\Java-Checkers-master\src\network\ConnectionListener.java,network.ConnectionListener,setServerSocket/1[java.net.ServerSocket],serverSocket,3
E:\OOD_Projects\ck-mvn-plugin\Java-Checkers-master\src\network\ConnectionListener.java,network.ConnectionListener,setConnectionHandler/1[java.awt.event.ActionListener],connectionHandler,3
E:\OOD_Projects\ck-mvn-plugin\Java-Checkers-master\src\network\ConnectionListener.java,network.ConnectionListener,"ConnectionListener/2[int,java.awt.event.ActionListener]",connectionHandler,4
E:\OOD_Projects\ck-mvn-plugin\Java-Checkers-master\src\network\ConnectionListener.java,network.ConnectionListener,getServerSocket/0,serverSocket,1
E:\OOD_Projects\ck-mvn-plugin\Java-Checkers-master\src\network\ConnectionListener.java,network.ConnectionListener,getConnectionHandler/0,connectionHandler,1
E:\OOD_Projects\ck-mvn-plugin\Java-Checkers-master\src\network\ConnectionListener.java,network.ConnectionListener,stopListening/0,serverSocket,3
E:\OOD_Projects\ck-mvn-plugin\Java-Checkers-master\src\network\ConnectionListener.java,network.ConnectionListener,getPort/0,serverSocket,1
E:\OOD_Projects\ck-mvn-plugin\Java-Checkers-master\src\network\ConnectionListener.java,network.ConnectionListener,setPort/1[int],serverSocket,2
E:\OOD_Projects\ck-mvn-plugin\Java-Checkers-master\src\network\ConnectionHandler.java,network.ConnectionHandler,getListener/0,listener,1
E:\OOD_Projects\ck-mvn-plugin\Java-Checkers-master\src\network\ConnectionHandler.java,network.ConnectionHandler,getSocket/0,socket,1
E:\OOD_Projects\ck-mvn-plugin\Java-Checkers-master\src\network\ConnectionHandler.java,network.ConnectionHandler,"ConnectionHandler/2[network.ConnectionListener,java.net.Socket]",listener,4
E:\OOD_Projects\ck-mvn-plugin\Java-Checkers-master\src\network\ConnectionHandler.java,network.ConnectionHandler,"ConnectionHandler/2[network.ConnectionListener,java.net.Socket]",socket,4
E:\OOD_Projects\ck-mvn-plugin\Java-Checkers-master\src\network\ConnectionHandler.java,network.ConnectionHandler,run/0,listener,3
