file,class,method,variable,usage
E:\OOD_Projects\ck-mvn-plugin\Java-Checkers-master\src\model\ComputerPlayer.java,model.ComputerPlayer,"getSafetyWeight/2[model.Board,boolean]",b,6
E:\OOD_Projects\ck-mvn-plugin\Java-Checkers-master\src\model\ComputerPlayer.java,model.ComputerPlayer,"getSafetyWeight/2[model.Board,boolean]",isKing,1
E:\OOD_Projects\ck-mvn-plugin\Java-Checkers-master\src\model\ComputerPlayer.java,model.ComputerPlayer,"getSafetyWeight/2[model.Board,boolean]",isBlack,1
E:\OOD_Projects\ck-mvn-plugin\Java-Checkers-master\src\model\ComputerPlayer.java,model.ComputerPlayer,"getSafetyWeight/2[model.Board,boolean]",checkers,5
E:\OOD_Projects\ck-mvn-plugin\Java-Checkers-master\src\model\ComputerPlayer.java,model.ComputerPlayer,"getSafetyWeight/2[model.Board,boolean]",weight,3
E:\OOD_Projects\ck-mvn-plugin\Java-Checkers-master\src\model\ComputerPlayer.java,model.ComputerPlayer,"getSafetyWeight/2[model.Board,boolean]",index,1
E:\OOD_Projects\ck-mvn-plugin\Java-Checkers-master\src\model\ComputerPlayer.java,model.ComputerPlayer,"getSafetyWeight/2[model.Board,boolean]",checker,2
E:\OOD_Projects\ck-mvn-plugin\Java-Checkers-master\src\model\ComputerPlayer.java,model.ComputerPlayer,"getSafetyWeight/2[model.Board,boolean]",id,2
E:\OOD_Projects\ck-mvn-plugin\Java-Checkers-master\src\model\ComputerPlayer.java,model.ComputerPlayer,getMoves/1[model.Game],game,6
E:\OOD_Projects\ck-mvn-plugin\Java-Checkers-master\src\model\ComputerPlayer.java,model.ComputerPlayer,getMoves/1[model.Game],skips,3
E:\OOD_Projects\ck-mvn-plugin\Java-Checkers-master\src\model\ComputerPlayer.java,model.ComputerPlayer,getMoves/1[model.Game],b,6
E:\OOD_Projects\ck-mvn-plugin\Java-Checkers-master\src\model\ComputerPlayer.java,model.ComputerPlayer,getMoves/1[model.Game],checkers,6
E:\OOD_Projects\ck-mvn-plugin\Java-Checkers-master\src\model\ComputerPlayer.java,model.ComputerPlayer,getMoves/1[model.Game],moves,7
E:\OOD_Projects\ck-mvn-plugin\Java-Checkers-master\src\model\ComputerPlayer.java,model.ComputerPlayer,getMoves/1[model.Game],index,5
E:\OOD_Projects\ck-mvn-plugin\Java-Checkers-master\src\model\ComputerPlayer.java,model.ComputerPlayer,getMoves/1[model.Game],end,5
E:\OOD_Projects\ck-mvn-plugin\Java-Checkers-master\src\model\ComputerPlayer.java,model.ComputerPlayer,getMoves/1[model.Game],checker,3
E:\OOD_Projects\ck-mvn-plugin\Java-Checkers-master\src\model\ComputerPlayer.java,model.ComputerPlayer,getMoves/1[model.Game],m,2
E:\OOD_Projects\ck-mvn-plugin\Java-Checkers-master\src\model\ComputerPlayer.java,model.ComputerPlayer,getMoves/1[model.Game],movesEnds,1
E:\OOD_Projects\ck-mvn-plugin\Java-Checkers-master\src\model\ComputerPlayer.java,model.ComputerPlayer,updateGame/1[model.Game],bestWeight,4
E:\OOD_Projects\ck-mvn-plugin\Java-Checkers-master\src\model\ComputerPlayer.java,model.ComputerPlayer,updateGame/1[model.Game],game,4
E:\OOD_Projects\ck-mvn-plugin\Java-Checkers-master\src\model\ComputerPlayer.java,model.ComputerPlayer,updateGame/1[model.Game],move,3
E:\OOD_Projects\ck-mvn-plugin\Java-Checkers-master\src\model\ComputerPlayer.java,model.ComputerPlayer,updateGame/1[model.Game],moves,3
E:\OOD_Projects\ck-mvn-plugin\Java-Checkers-master\src\model\ComputerPlayer.java,model.ComputerPlayer,updateGame/1[model.Game],count,4
E:\OOD_Projects\ck-mvn-plugin\Java-Checkers-master\src\model\ComputerPlayer.java,model.ComputerPlayer,updateGame/1[model.Game],i,7
E:\OOD_Projects\ck-mvn-plugin\Java-Checkers-master\src\model\ComputerPlayer.java,model.ComputerPlayer,updateGame/1[model.Game],copy,4
E:\OOD_Projects\ck-mvn-plugin\Java-Checkers-master\src\model\ComputerPlayer.java,model.ComputerPlayer,updateGame/1[model.Game],m,8
E:\OOD_Projects\ck-mvn-plugin\Java-Checkers-master\src\model\ComputerPlayer.java,model.ComputerPlayer,updateGame/1[model.Game],n,2
E:\OOD_Projects\ck-mvn-plugin\Java-Checkers-master\src\model\ComputerPlayer.java,model.ComputerPlayer,"getSkipDepth/3[model.Game,int,boolean]",game,4
E:\OOD_Projects\ck-mvn-plugin\Java-Checkers-master\src\model\ComputerPlayer.java,model.ComputerPlayer,"getSkipDepth/3[model.Game,int,boolean]",startIndex,2
E:\OOD_Projects\ck-mvn-plugin\Java-Checkers-master\src\model\ComputerPlayer.java,model.ComputerPlayer,"getSkipDepth/3[model.Game,int,boolean]",skips,2
E:\OOD_Projects\ck-mvn-plugin\Java-Checkers-master\src\model\ComputerPlayer.java,model.ComputerPlayer,"getSkipDepth/3[model.Game,int,boolean]",depth,3
E:\OOD_Projects\ck-mvn-plugin\Java-Checkers-master\src\model\ComputerPlayer.java,model.ComputerPlayer,"getSkipDepth/3[model.Game,int,boolean]",testDepth,2
E:\OOD_Projects\ck-mvn-plugin\Java-Checkers-master\src\model\ComputerPlayer.java,model.ComputerPlayer,"getSkipDepth/3[model.Game,int,boolean]",endIndex,2
E:\OOD_Projects\ck-mvn-plugin\Java-Checkers-master\src\model\ComputerPlayer.java,model.ComputerPlayer,"getSkipDepth/3[model.Game,int,boolean]",end,1
E:\OOD_Projects\ck-mvn-plugin\Java-Checkers-master\src\model\ComputerPlayer.java,model.ComputerPlayer,"getSkipDepth/3[model.Game,int,boolean]",isP1Turn,3
E:\OOD_Projects\ck-mvn-plugin\Java-Checkers-master\src\model\ComputerPlayer.java,model.ComputerPlayer,"getMoveWeight/2[model.Game,model.Move]",game,12
E:\OOD_Projects\ck-mvn-plugin\Java-Checkers-master\src\model\ComputerPlayer.java,model.ComputerPlayer,"getMoveWeight/2[model.Game,model.Move]",b,7
E:\OOD_Projects\ck-mvn-plugin\Java-Checkers-master\src\model\ComputerPlayer.java,model.ComputerPlayer,"getMoveWeight/2[model.Game,model.Move]",isKing,2
E:\OOD_Projects\ck-mvn-plugin\Java-Checkers-master\src\model\ComputerPlayer.java,model.ComputerPlayer,"getMoveWeight/2[model.Game,model.Move]",safeAfter,5
E:\OOD_Projects\ck-mvn-plugin\Java-Checkers-master\src\model\ComputerPlayer.java,model.ComputerPlayer,"getMoveWeight/2[model.Game,model.Move]",start,2
E:\OOD_Projects\ck-mvn-plugin\Java-Checkers-master\src\model\ComputerPlayer.java,model.ComputerPlayer,"getMoveWeight/2[model.Game,model.Move]",m,14
E:\OOD_Projects\ck-mvn-plugin\Java-Checkers-master\src\model\ComputerPlayer.java,model.ComputerPlayer,"getMoveWeight/2[model.Game,model.Move]",startIndex,2
E:\OOD_Projects\ck-mvn-plugin\Java-Checkers-master\src\model\ComputerPlayer.java,model.ComputerPlayer,"getMoveWeight/2[model.Game,model.Move]",depth,5
E:\OOD_Projects\ck-mvn-plugin\Java-Checkers-master\src\model\ComputerPlayer.java,model.ComputerPlayer,"getMoveWeight/2[model.Game,model.Move]",safeBefore,3
E:\OOD_Projects\ck-mvn-plugin\Java-Checkers-master\src\model\ComputerPlayer.java,model.ComputerPlayer,"getMoveWeight/2[model.Game,model.Move]",endIndex,2
E:\OOD_Projects\ck-mvn-plugin\Java-Checkers-master\src\model\ComputerPlayer.java,model.ComputerPlayer,"getMoveWeight/2[model.Game,model.Move]",end,2
E:\OOD_Projects\ck-mvn-plugin\Java-Checkers-master\src\model\ComputerPlayer.java,model.ComputerPlayer,"getMoveWeight/2[model.Game,model.Move]",id,5
E:\OOD_Projects\ck-mvn-plugin\Java-Checkers-master\src\model\ComputerPlayer.java,model.ComputerPlayer,"getMoveWeight/2[model.Game,model.Move]",changed,4
E:\OOD_Projects\ck-mvn-plugin\Java-Checkers-master\src\model\Board.java,model.Board,"set/2[int,int]",set,1
E:\OOD_Projects\ck-mvn-plugin\Java-Checkers-master\src\model\Board.java,model.Board,"set/2[int,int]",index,2
E:\OOD_Projects\ck-mvn-plugin\Java-Checkers-master\src\model\Board.java,model.Board,"set/2[int,int]",i,5
E:\OOD_Projects\ck-mvn-plugin\Java-Checkers-master\src\model\Board.java,model.Board,"set/2[int,int]",id,3
E:\OOD_Projects\ck-mvn-plugin\Java-Checkers-master\src\model\Board.java,model.Board,copy/0,copy,2
E:\OOD_Projects\ck-mvn-plugin\Java-Checkers-master\src\model\Board.java,model.Board,"toIndex/2[int,int]",x,2
E:\OOD_Projects\ck-mvn-plugin\Java-Checkers-master\src\model\Board.java,model.Board,"toIndex/2[int,int]",y,2
E:\OOD_Projects\ck-mvn-plugin\Java-Checkers-master\src\model\Board.java,model.Board,toIndex/1[java.awt.Point],p,3
E:\OOD_Projects\ck-mvn-plugin\Java-Checkers-master\src\model\Board.java,model.Board,toPoint/1[int],x,1
E:\OOD_Projects\ck-mvn-plugin\Java-Checkers-master\src\model\Board.java,model.Board,toPoint/1[int],index,3
E:\OOD_Projects\ck-mvn-plugin\Java-Checkers-master\src\model\Board.java,model.Board,toPoint/1[int],y,2
E:\OOD_Projects\ck-mvn-plugin\Java-Checkers-master\src\model\Board.java,model.Board,isValidPoint/1[java.awt.Point],x,4
E:\OOD_Projects\ck-mvn-plugin\Java-Checkers-master\src\model\Board.java,model.Board,isValidPoint/1[java.awt.Point],y,4
E:\OOD_Projects\ck-mvn-plugin\Java-Checkers-master\src\model\Board.java,model.Board,isValidPoint/1[java.awt.Point],testPoint,3
E:\OOD_Projects\ck-mvn-plugin\Java-Checkers-master\src\model\Board.java,model.Board,get/1[int],index,4
E:\OOD_Projects\ck-mvn-plugin\Java-Checkers-master\src\model\Board.java,model.Board,isValidIndex/1[int],testIndex,2
E:\OOD_Projects\ck-mvn-plugin\Java-Checkers-master\src\model\Board.java,model.Board,"set/3[int,int,int]",x,1
E:\OOD_Projects\ck-mvn-plugin\Java-Checkers-master\src\model\Board.java,model.Board,"set/3[int,int,int]",y,1
E:\OOD_Projects\ck-mvn-plugin\Java-Checkers-master\src\model\Board.java,model.Board,"set/3[int,int,int]",id,1
E:\OOD_Projects\ck-mvn-plugin\Java-Checkers-master\src\model\Board.java,model.Board,toString/0,obj,3
E:\OOD_Projects\ck-mvn-plugin\Java-Checkers-master\src\model\Board.java,model.Board,toString/0,i,3
E:\OOD_Projects\ck-mvn-plugin\Java-Checkers-master\src\model\Board.java,model.Board,"middle/4[int,int,int,int]",dx,3
E:\OOD_Projects\ck-mvn-plugin\Java-Checkers-master\src\model\Board.java,model.Board,"middle/4[int,int,int,int]",dy,2
E:\OOD_Projects\ck-mvn-plugin\Java-Checkers-master\src\model\Board.java,model.Board,"middle/4[int,int,int,int]",y1,5
E:\OOD_Projects\ck-mvn-plugin\Java-Checkers-master\src\model\Board.java,model.Board,"middle/4[int,int,int,int]",x1,5
E:\OOD_Projects\ck-mvn-plugin\Java-Checkers-master\src\model\Board.java,model.Board,"middle/4[int,int,int,int]",y2,4
E:\OOD_Projects\ck-mvn-plugin\Java-Checkers-master\src\model\Board.java,model.Board,"middle/4[int,int,int,int]",x2,4
E:\OOD_Projects\ck-mvn-plugin\Java-Checkers-master\src\model\Board.java,model.Board,"getBit/2[int,int]",bit,3
E:\OOD_Projects\ck-mvn-plugin\Java-Checkers-master\src\model\Board.java,model.Board,"getBit/2[int,int]",target,1
E:\OOD_Projects\ck-mvn-plugin\Java-Checkers-master\src\model\Board.java,model.Board,"get/2[int,int]",x,1
E:\OOD_Projects\ck-mvn-plugin\Java-Checkers-master\src\model\Board.java,model.Board,"get/2[int,int]",y,1
E:\OOD_Projects\ck-mvn-plugin\Java-Checkers-master\src\model\Board.java,model.Board,find/1[int],i,4
E:\OOD_Projects\ck-mvn-plugin\Java-Checkers-master\src\model\Board.java,model.Board,find/1[int],id,1
E:\OOD_Projects\ck-mvn-plugin\Java-Checkers-master\src\model\Board.java,model.Board,find/1[int],points,2
E:\OOD_Projects\ck-mvn-plugin\Java-Checkers-master\src\model\Board.java,model.Board,"setBit/3[int,int,boolean]",set,1
E:\OOD_Projects\ck-mvn-plugin\Java-Checkers-master\src\model\Board.java,model.Board,"setBit/3[int,int,boolean]",bit,4
E:\OOD_Projects\ck-mvn-plugin\Java-Checkers-master\src\model\Board.java,model.Board,"setBit/3[int,int,boolean]",target,4
E:\OOD_Projects\ck-mvn-plugin\Java-Checkers-master\src\model\Board.java,model.Board,"middle/2[java.awt.Point,java.awt.Point]",p1,3
E:\OOD_Projects\ck-mvn-plugin\Java-Checkers-master\src\model\Board.java,model.Board,"middle/2[java.awt.Point,java.awt.Point]",p2,3
E:\OOD_Projects\ck-mvn-plugin\Java-Checkers-master\src\model\Board.java,model.Board,reset/0,i,4
E:\OOD_Projects\ck-mvn-plugin\Java-Checkers-master\src\model\Board.java,model.Board,"middle/2[int,int]",index1,1
E:\OOD_Projects\ck-mvn-plugin\Java-Checkers-master\src\model\Board.java,model.Board,"middle/2[int,int]",index2,1
E:\OOD_Projects\ck-mvn-plugin\Java-Checkers-master\src\ui\Main.java,ui.Main,main/1[java.lang.String[]],args,0
E:\OOD_Projects\ck-mvn-plugin\Java-Checkers-master\src\ui\Main.java,ui.Main,main/1[java.lang.String[]],e,1
E:\OOD_Projects\ck-mvn-plugin\Java-Checkers-master\src\ui\Main.java,ui.Main,main/1[java.lang.String[]],window,2
E:\OOD_Projects\ck-mvn-plugin\Java-Checkers-master\src\model\Move.java,model.Move,setStart/1[java.awt.Point],start,1
E:\OOD_Projects\ck-mvn-plugin\Java-Checkers-master\src\model\Move.java,model.Move,"Move/2[int,int]",startIndex,1
E:\OOD_Projects\ck-mvn-plugin\Java-Checkers-master\src\model\Move.java,model.Move,"Move/2[int,int]",endIndex,1
E:\OOD_Projects\ck-mvn-plugin\Java-Checkers-master\src\model\Move.java,model.Move,changeWeight/1[double],delta,1
E:\OOD_Projects\ck-mvn-plugin\Java-Checkers-master\src\model\Move.java,model.Move,setEndIndex/1[int],endIndex,2
E:\OOD_Projects\ck-mvn-plugin\Java-Checkers-master\src\model\Move.java,model.Move,"Move/2[java.awt.Point,java.awt.Point]",start,1
E:\OOD_Projects\ck-mvn-plugin\Java-Checkers-master\src\model\Move.java,model.Move,"Move/2[java.awt.Point,java.awt.Point]",end,1
E:\OOD_Projects\ck-mvn-plugin\Java-Checkers-master\src\model\Move.java,model.Move,setStartIndex/1[int],startIndex,2
E:\OOD_Projects\ck-mvn-plugin\Java-Checkers-master\src\model\Move.java,model.Move,setEnd/1[java.awt.Point],end,1
E:\OOD_Projects\ck-mvn-plugin\Java-Checkers-master\src\model\Move.java,model.Move,setWeight/1[double],weight,2
E:\OOD_Projects\ck-mvn-plugin\Java-Checkers-master\src\ui\NetworkWindow.java,ui.NetworkWindow,NetworkWindow/1[java.awt.event.ActionListener],actionListener,2
E:\OOD_Projects\ck-mvn-plugin\Java-Checkers-master\src\ui\NetworkWindow.java,ui.NetworkWindow,setDestinationHost/1[java.lang.String],host,1
E:\OOD_Projects\ck-mvn-plugin\Java-Checkers-master\src\ui\NetworkWindow.java,ui.NetworkWindow,"NetworkWindow/4[java.awt.event.ActionListener,int,java.lang.String,int]",actionListener,2
E:\OOD_Projects\ck-mvn-plugin\Java-Checkers-master\src\ui\NetworkWindow.java,ui.NetworkWindow,"NetworkWindow/4[java.awt.event.ActionListener,int,java.lang.String,int]",destPort,1
E:\OOD_Projects\ck-mvn-plugin\Java-Checkers-master\src\ui\NetworkWindow.java,ui.NetworkWindow,"NetworkWindow/4[java.awt.event.ActionListener,int,java.lang.String,int]",destHost,1
E:\OOD_Projects\ck-mvn-plugin\Java-Checkers-master\src\ui\NetworkWindow.java,ui.NetworkWindow,"NetworkWindow/4[java.awt.event.ActionListener,int,java.lang.String,int]",srcPort,1
E:\OOD_Projects\ck-mvn-plugin\Java-Checkers-master\src\ui\NetworkWindow.java,ui.NetworkWindow,setSourcePort/1[int],port,1
E:\OOD_Projects\ck-mvn-plugin\Java-Checkers-master\src\ui\NetworkWindow.java,ui.NetworkWindow,setCanUpdateListen/1[boolean],canUpdate,2
E:\OOD_Projects\ck-mvn-plugin\Java-Checkers-master\src\ui\NetworkWindow.java,ui.NetworkWindow,setActionListener/1[java.awt.event.ActionListener],actionListener,2
E:\OOD_Projects\ck-mvn-plugin\Java-Checkers-master\src\ui\NetworkWindow.java,ui.NetworkWindow,setCanUpdateConnect/1[boolean],canUpdate,3
E:\OOD_Projects\ck-mvn-plugin\Java-Checkers-master\src\ui\NetworkWindow.java,ui.NetworkWindow,setMessage/1[java.lang.String],message,1
E:\OOD_Projects\ck-mvn-plugin\Java-Checkers-master\src\ui\NetworkWindow.java,ui.NetworkWindow,setDestinationPort/1[int],port,1
E:\OOD_Projects\ck-mvn-plugin\Java-Checkers-master\src\ui\NetworkWindow.java,ui.NetworkWindow,createLayout/1[java.lang.String],msg,5
E:\OOD_Projects\ck-mvn-plugin\Java-Checkers-master\src\ui\NetworkWindow.java,ui.NetworkWindow,parseField/1[javax.swing.JTextField],val,2
E:\OOD_Projects\ck-mvn-plugin\Java-Checkers-master\src\ui\NetworkWindow.java,ui.NetworkWindow,parseField/1[javax.swing.JTextField],tf,2
E:\OOD_Projects\ck-mvn-plugin\Java-Checkers-master\src\ui\NetworkWindow.java,ui.NetworkWindow,parseField/1[javax.swing.JTextField],e,0
E:\OOD_Projects\ck-mvn-plugin\Java-Checkers-master\src\ui\OptionPanel.java,ui.OptionPanel,setWindow/1[ui.CheckersWindow],window,2
E:\OOD_Projects\ck-mvn-plugin\Java-Checkers-master\src\ui\OptionPanel.java,ui.OptionPanel,"handleNetworkUpdate/2[ui.NetworkWindow,java.awt.event.ActionEvent]",isPlayer1,2
E:\OOD_Projects\ck-mvn-plugin\Java-Checkers-master\src\ui\OptionPanel.java,ui.OptionPanel,"handleNetworkUpdate/2[ui.NetworkWindow,java.awt.event.ActionEvent]",e,3
E:\OOD_Projects\ck-mvn-plugin\Java-Checkers-master\src\ui\OptionPanel.java,ui.OptionPanel,"handleNetworkUpdate/2[ui.NetworkWindow,java.awt.event.ActionEvent]",destHost,8
E:\OOD_Projects\ck-mvn-plugin\Java-Checkers-master\src\ui\OptionPanel.java,ui.OptionPanel,"handleNetworkUpdate/2[ui.NetworkWindow,java.awt.event.ActionEvent]",errMsg,2
E:\OOD_Projects\ck-mvn-plugin\Java-Checkers-master\src\ui\OptionPanel.java,ui.OptionPanel,"handleNetworkUpdate/2[ui.NetworkWindow,java.awt.event.ActionEvent]",srcPort,7
E:\OOD_Projects\ck-mvn-plugin\Java-Checkers-master\src\ui\OptionPanel.java,ui.OptionPanel,"handleNetworkUpdate/2[ui.NetworkWindow,java.awt.event.ActionEvent]",sid,2
E:\OOD_Projects\ck-mvn-plugin\Java-Checkers-master\src\ui\OptionPanel.java,ui.OptionPanel,"handleNetworkUpdate/2[ui.NetworkWindow,java.awt.event.ActionEvent]",destPort,7
E:\OOD_Projects\ck-mvn-plugin\Java-Checkers-master\src\ui\OptionPanel.java,ui.OptionPanel,"handleNetworkUpdate/2[ui.NetworkWindow,java.awt.event.ActionEvent]",s,7
E:\OOD_Projects\ck-mvn-plugin\Java-Checkers-master\src\ui\OptionPanel.java,ui.OptionPanel,"handleNetworkUpdate/2[ui.NetworkWindow,java.awt.event.ActionEvent]",response,7
E:\OOD_Projects\ck-mvn-plugin\Java-Checkers-master\src\ui\OptionPanel.java,ui.OptionPanel,"handleNetworkUpdate/2[ui.NetworkWindow,java.awt.event.ActionEvent]",get,1
E:\OOD_Projects\ck-mvn-plugin\Java-Checkers-master\src\ui\OptionPanel.java,ui.OptionPanel,"handleNetworkUpdate/2[ui.NetworkWindow,java.awt.event.ActionEvent]",state,1
E:\OOD_Projects\ck-mvn-plugin\Java-Checkers-master\src\ui\OptionPanel.java,ui.OptionPanel,"handleNetworkUpdate/2[ui.NetworkWindow,java.awt.event.ActionEvent]",lines,8
E:\OOD_Projects\ck-mvn-plugin\Java-Checkers-master\src\ui\OptionPanel.java,ui.OptionPanel,"handleNetworkUpdate/2[ui.NetworkWindow,java.awt.event.ActionEvent]",win,18
E:\OOD_Projects\ck-mvn-plugin\Java-Checkers-master\src\ui\OptionPanel.java,ui.OptionPanel,"handleNetworkUpdate/2[ui.NetworkWindow,java.awt.event.ActionEvent]",connect,1
E:\OOD_Projects\ck-mvn-plugin\Java-Checkers-master\src\ui\OptionPanel.java,ui.OptionPanel,OptionPanel/1[ui.CheckersWindow],middle,4
E:\OOD_Projects\ck-mvn-plugin\Java-Checkers-master\src\ui\OptionPanel.java,ui.OptionPanel,OptionPanel/1[ui.CheckersWindow],top,2
E:\OOD_Projects\ck-mvn-plugin\Java-Checkers-master\src\ui\OptionPanel.java,ui.OptionPanel,OptionPanel/1[ui.CheckersWindow],bottom,4
E:\OOD_Projects\ck-mvn-plugin\Java-Checkers-master\src\ui\OptionPanel.java,ui.OptionPanel,OptionPanel/1[ui.CheckersWindow],playerTypeOpts,2
E:\OOD_Projects\ck-mvn-plugin\Java-Checkers-master\src\ui\OptionPanel.java,ui.OptionPanel,OptionPanel/1[ui.CheckersWindow],window,2
E:\OOD_Projects\ck-mvn-plugin\Java-Checkers-master\src\ui\OptionPanel.java,ui.OptionPanel,OptionPanel/1[ui.CheckersWindow],ol,7
E:\OOD_Projects\ck-mvn-plugin\Java-Checkers-master\src\ui\OptionPanel.java,ui.OptionPanel,"setNetworkWindowMessage/2[boolean,java.lang.String]",msg,2
E:\OOD_Projects\ck-mvn-plugin\Java-Checkers-master\src\ui\OptionPanel.java,ui.OptionPanel,"setNetworkWindowMessage/2[boolean,java.lang.String]",forPlayer1,1
E:\OOD_Projects\ck-mvn-plugin\Java-Checkers-master\src\ui\OptionPanel.java,ui.OptionPanel,getPlayer/1[javax.swing.JComboBox<java.lang.String>],playerOpts,2
E:\OOD_Projects\ck-mvn-plugin\Java-Checkers-master\src\ui\OptionPanel.java,ui.OptionPanel,getPlayer/1[javax.swing.JComboBox<java.lang.String>],type,2
E:\OOD_Projects\ck-mvn-plugin\Java-Checkers-master\src\ui\OptionPanel.java,ui.OptionPanel,getPlayer/1[javax.swing.JComboBox<java.lang.String>],player,4
E:\OOD_Projects\ck-mvn-plugin\Java-Checkers-master\src\network\CheckersConnection.java,network.CheckersConnection,actionPerformed/1[java.awt.event.ActionEvent],e,0
E:\OOD_Projects\ck-mvn-plugin\Java-Checkers-master\src\network\Session.java,network.Session,"Session/4[java.lang.String,int,java.lang.String,int]",destinationPort,2
E:\OOD_Projects\ck-mvn-plugin\Java-Checkers-master\src\network\Session.java,network.Session,"Session/4[java.lang.String,int,java.lang.String,int]",sourcePort,1
E:\OOD_Projects\ck-mvn-plugin\Java-Checkers-master\src\network\Session.java,network.Session,"Session/4[java.lang.String,int,java.lang.String,int]",destinationHost,2
E:\OOD_Projects\ck-mvn-plugin\Java-Checkers-master\src\network\Session.java,network.Session,"Session/4[java.lang.String,int,java.lang.String,int]",sid,2
E:\OOD_Projects\ck-mvn-plugin\Java-Checkers-master\src\network\Session.java,network.Session,setDestinationHost/1[java.lang.String],destinationHost,2
E:\OOD_Projects\ck-mvn-plugin\Java-Checkers-master\src\network\Session.java,network.Session,setDestinationPort/1[int],destinationPort,2
E:\OOD_Projects\ck-mvn-plugin\Java-Checkers-master\src\network\Session.java,network.Session,setSid/1[java.lang.String],sid,2
E:\OOD_Projects\ck-mvn-plugin\Java-Checkers-master\src\network\Session.java,network.Session,setSourcePort/1[int],sourcePort,1
E:\OOD_Projects\ck-mvn-plugin\Java-Checkers-master\src\network\Session.java,network.Session,"Session/4[network.ConnectionListener,java.lang.String,java.lang.String,int]",destinationPort,2
E:\OOD_Projects\ck-mvn-plugin\Java-Checkers-master\src\network\Session.java,network.Session,"Session/4[network.ConnectionListener,java.lang.String,java.lang.String,int]",listener,2
E:\OOD_Projects\ck-mvn-plugin\Java-Checkers-master\src\network\Session.java,network.Session,"Session/4[network.ConnectionListener,java.lang.String,java.lang.String,int]",destinationHost,2
E:\OOD_Projects\ck-mvn-plugin\Java-Checkers-master\src\network\Session.java,network.Session,"Session/4[network.ConnectionListener,java.lang.String,java.lang.String,int]",sid,2
E:\OOD_Projects\ck-mvn-plugin\Java-Checkers-master\src\network\Session.java,network.Session,setListener/1[network.ConnectionListener],listener,2
E:\OOD_Projects\ck-mvn-plugin\Java-Checkers-master\src\model\Game.java,model.Game,setP1Turn/1[boolean],isP1Turn,2
E:\OOD_Projects\ck-mvn-plugin\Java-Checkers-master\src\model\Game.java,model.Game,copy/0,g,4
E:\OOD_Projects\ck-mvn-plugin\Java-Checkers-master\src\model\Game.java,model.Game,"move/2[int,int]",midIndex,2
E:\OOD_Projects\ck-mvn-plugin\Java-Checkers-master\src\model\Game.java,model.Game,"move/2[int,int]",startIndex,4
E:\OOD_Projects\ck-mvn-plugin\Java-Checkers-master\src\model\Game.java,model.Game,"move/2[int,int]",middle,2
E:\OOD_Projects\ck-mvn-plugin\Java-Checkers-master\src\model\Game.java,model.Game,"move/2[int,int]",endIndex,9
E:\OOD_Projects\ck-mvn-plugin\Java-Checkers-master\src\model\Game.java,model.Game,"move/2[int,int]",midValid,2
E:\OOD_Projects\ck-mvn-plugin\Java-Checkers-master\src\model\Game.java,model.Game,"move/2[int,int]",end,2
E:\OOD_Projects\ck-mvn-plugin\Java-Checkers-master\src\model\Game.java,model.Game,"move/2[int,int]",id,2
E:\OOD_Projects\ck-mvn-plugin\Java-Checkers-master\src\model\Game.java,model.Game,"move/2[int,int]",switchTurn,4
E:\OOD_Projects\ck-mvn-plugin\Java-Checkers-master\src\model\Game.java,model.Game,"move/2[java.awt.Point,java.awt.Point]",start,2
E:\OOD_Projects\ck-mvn-plugin\Java-Checkers-master\src\model\Game.java,model.Game,"move/2[java.awt.Point,java.awt.Point]",end,2
E:\OOD_Projects\ck-mvn-plugin\Java-Checkers-master\src\model\Game.java,model.Game,Game/1[java.lang.String],state,1
E:\OOD_Projects\ck-mvn-plugin\Java-Checkers-master\src\model\Game.java,model.Game,isGameOver/0,p,1
E:\OOD_Projects\ck-mvn-plugin\Java-Checkers-master\src\model\Game.java,model.Game,isGameOver/0,white,3
E:\OOD_Projects\ck-mvn-plugin\Java-Checkers-master\src\model\Game.java,model.Game,isGameOver/0,test,1
E:\OOD_Projects\ck-mvn-plugin\Java-Checkers-master\src\model\Game.java,model.Game,isGameOver/0,black,3
E:\OOD_Projects\ck-mvn-plugin\Java-Checkers-master\src\model\Game.java,model.Game,isGameOver/0,i,2
E:\OOD_Projects\ck-mvn-plugin\Java-Checkers-master\src\model\Game.java,model.Game,setGameState/1[java.lang.String],e,1
E:\OOD_Projects\ck-mvn-plugin\Java-Checkers-master\src\model\Game.java,model.Game,setGameState/1[java.lang.String],i,5
E:\OOD_Projects\ck-mvn-plugin\Java-Checkers-master\src\model\Game.java,model.Game,setGameState/1[java.lang.String],state,6
E:\OOD_Projects\ck-mvn-plugin\Java-Checkers-master\src\model\Game.java,model.Game,setGameState/1[java.lang.String],id,1
E:\OOD_Projects\ck-mvn-plugin\Java-Checkers-master\src\model\Game.java,model.Game,setGameState/1[java.lang.String],n,3
E:\OOD_Projects\ck-mvn-plugin\Java-Checkers-master\src\model\Game.java,model.Game,"Game/3[model.Board,boolean,int]",skipIndex,2
E:\OOD_Projects\ck-mvn-plugin\Java-Checkers-master\src\model\Game.java,model.Game,"Game/3[model.Board,boolean,int]",board,3
E:\OOD_Projects\ck-mvn-plugin\Java-Checkers-master\src\model\Game.java,model.Game,"Game/3[model.Board,boolean,int]",isP1Turn,2
E:\OOD_Projects\ck-mvn-plugin\Java-Checkers-master\src\model\Game.java,model.Game,getGameState/0,i,3
E:\OOD_Projects\ck-mvn-plugin\Java-Checkers-master\src\model\Game.java,model.Game,getGameState/0,state,4
E:\OOD_Projects\ck-mvn-plugin\Java-Checkers-master\src\network\Command.java,network.Command,"Command/2[java.lang.String,java.lang.String[]]",data,2
E:\OOD_Projects\ck-mvn-plugin\Java-Checkers-master\src\network\Command.java,network.Command,"Command/2[java.lang.String,java.lang.String[]]",command,2
E:\OOD_Projects\ck-mvn-plugin\Java-Checkers-master\src\network\Command.java,network.Command,"send/2[java.lang.String,int]",br,1
E:\OOD_Projects\ck-mvn-plugin\Java-Checkers-master\src\network\Command.java,network.Command,"send/2[java.lang.String,int]",s,3
E:\OOD_Projects\ck-mvn-plugin\Java-Checkers-master\src\network\Command.java,network.Command,"send/2[java.lang.String,int]",data,1
E:\OOD_Projects\ck-mvn-plugin\Java-Checkers-master\src\network\Command.java,network.Command,"send/2[java.lang.String,int]",port,1
E:\OOD_Projects\ck-mvn-plugin\Java-Checkers-master\src\network\Command.java,network.Command,"send/2[java.lang.String,int]",e,3
E:\OOD_Projects\ck-mvn-plugin\Java-Checkers-master\src\network\Command.java,network.Command,"send/2[java.lang.String,int]",response,6
E:\OOD_Projects\ck-mvn-plugin\Java-Checkers-master\src\network\Command.java,network.Command,"send/2[java.lang.String,int]",line,2
E:\OOD_Projects\ck-mvn-plugin\Java-Checkers-master\src\network\Command.java,network.Command,"send/2[java.lang.String,int]",host,1
E:\OOD_Projects\ck-mvn-plugin\Java-Checkers-master\src\network\Command.java,network.Command,"send/2[java.lang.String,int]",writer,2
E:\OOD_Projects\ck-mvn-plugin\Java-Checkers-master\src\network\Command.java,network.Command,setData/1[java.lang.String[]],data,2
E:\OOD_Projects\ck-mvn-plugin\Java-Checkers-master\src\network\Command.java,network.Command,getOutput/0,i,4
E:\OOD_Projects\ck-mvn-plugin\Java-Checkers-master\src\network\Command.java,network.Command,getOutput/0,n,1
E:\OOD_Projects\ck-mvn-plugin\Java-Checkers-master\src\network\Command.java,network.Command,getOutput/0,out,2
E:\OOD_Projects\ck-mvn-plugin\Java-Checkers-master\src\network\Command.java,network.Command,setCommand/1[java.lang.String],command,2
E:\OOD_Projects\ck-mvn-plugin\Java-Checkers-master\src\model\HumanPlayer.java,model.HumanPlayer,updateGame/1[model.Game],game,0
E:\OOD_Projects\ck-mvn-plugin\Java-Checkers-master\src\ui\CheckersWindow.java,ui.CheckersWindow,"CheckersWindow/2[model.Player,model.Player]",player1,1
E:\OOD_Projects\ck-mvn-plugin\Java-Checkers-master\src\ui\CheckersWindow.java,ui.CheckersWindow,"CheckersWindow/2[model.Player,model.Player]",player2,1
E:\OOD_Projects\ck-mvn-plugin\Java-Checkers-master\src\ui\CheckersWindow.java,ui.CheckersWindow,setPlayer1/1[model.Player],player1,1
E:\OOD_Projects\ck-mvn-plugin\Java-Checkers-master\src\ui\CheckersWindow.java,ui.CheckersWindow,setPlayer2/1[model.Player],player2,1
E:\OOD_Projects\ck-mvn-plugin\Java-Checkers-master\src\ui\CheckersWindow.java,ui.CheckersWindow,"CheckersWindow/3[int,int,java.lang.String]",layout,3
E:\OOD_Projects\ck-mvn-plugin\Java-Checkers-master\src\ui\CheckersWindow.java,ui.CheckersWindow,"CheckersWindow/3[int,int,java.lang.String]",width,1
E:\OOD_Projects\ck-mvn-plugin\Java-Checkers-master\src\ui\CheckersWindow.java,ui.CheckersWindow,"CheckersWindow/3[int,int,java.lang.String]",session2Handler,2
E:\OOD_Projects\ck-mvn-plugin\Java-Checkers-master\src\ui\CheckersWindow.java,ui.CheckersWindow,"CheckersWindow/3[int,int,java.lang.String]",session1Handler,2
E:\OOD_Projects\ck-mvn-plugin\Java-Checkers-master\src\ui\CheckersWindow.java,ui.CheckersWindow,"CheckersWindow/3[int,int,java.lang.String]",title,1
E:\OOD_Projects\ck-mvn-plugin\Java-Checkers-master\src\ui\CheckersWindow.java,ui.CheckersWindow,"CheckersWindow/3[int,int,java.lang.String]",height,1
E:\OOD_Projects\ck-mvn-plugin\Java-Checkers-master\src\ui\CheckersWindow.java,ui.CheckersWindow,setGameState/1[java.lang.String],state,1
E:\OOD_Projects\ck-mvn-plugin\Java-Checkers-master\src\network\CheckersNetworkHandler.java,network.CheckersNetworkHandler,handleUpdate/1[java.lang.String],newState,2
E:\OOD_Projects\ck-mvn-plugin\Java-Checkers-master\src\network\CheckersNetworkHandler.java,network.CheckersNetworkHandler,"CheckersNetworkHandler/4[boolean,ui.CheckersWindow,ui.CheckerBoard,ui.OptionPanel]",isPlayer1,2
E:\OOD_Projects\ck-mvn-plugin\Java-Checkers-master\src\network\CheckersNetworkHandler.java,network.CheckersNetworkHandler,"CheckersNetworkHandler/4[boolean,ui.CheckersWindow,ui.CheckerBoard,ui.OptionPanel]",opts,2
E:\OOD_Projects\ck-mvn-plugin\Java-Checkers-master\src\network\CheckersNetworkHandler.java,network.CheckersNetworkHandler,"CheckersNetworkHandler/4[boolean,ui.CheckersWindow,ui.CheckerBoard,ui.OptionPanel]",window,2
E:\OOD_Projects\ck-mvn-plugin\Java-Checkers-master\src\network\CheckersNetworkHandler.java,network.CheckersNetworkHandler,"CheckersNetworkHandler/4[boolean,ui.CheckersWindow,ui.CheckerBoard,ui.OptionPanel]",board,2
E:\OOD_Projects\ck-mvn-plugin\Java-Checkers-master\src\network\CheckersNetworkHandler.java,network.CheckersNetworkHandler,"handleConnect/3[java.net.Socket,int,boolean]",sid2,2
E:\OOD_Projects\ck-mvn-plugin\Java-Checkers-master\src\network\CheckersNetworkHandler.java,network.CheckersNetworkHandler,"handleConnect/3[java.net.Socket,int,boolean]",s,1
E:\OOD_Projects\ck-mvn-plugin\Java-Checkers-master\src\network\CheckersNetworkHandler.java,network.CheckersNetworkHandler,"handleConnect/3[java.net.Socket,int,boolean]",port,5
E:\OOD_Projects\ck-mvn-plugin\Java-Checkers-master\src\network\CheckersNetworkHandler.java,network.CheckersNetworkHandler,"handleConnect/3[java.net.Socket,int,boolean]",sid1,2
E:\OOD_Projects\ck-mvn-plugin\Java-Checkers-master\src\network\CheckersNetworkHandler.java,network.CheckersNetworkHandler,"handleConnect/3[java.net.Socket,int,boolean]",session,3
E:\OOD_Projects\ck-mvn-plugin\Java-Checkers-master\src\network\CheckersNetworkHandler.java,network.CheckersNetworkHandler,"handleConnect/3[java.net.Socket,int,boolean]",remotePlayer1,2
E:\OOD_Projects\ck-mvn-plugin\Java-Checkers-master\src\network\CheckersNetworkHandler.java,network.CheckersNetworkHandler,"handleConnect/3[java.net.Socket,int,boolean]",host,4
E:\OOD_Projects\ck-mvn-plugin\Java-Checkers-master\src\network\CheckersNetworkHandler.java,network.CheckersNetworkHandler,"handleConnect/3[java.net.Socket,int,boolean]",win,4
E:\OOD_Projects\ck-mvn-plugin\Java-Checkers-master\src\network\CheckersNetworkHandler.java,network.CheckersNetworkHandler,"handleConnect/3[java.net.Socket,int,boolean]",s1,3
E:\OOD_Projects\ck-mvn-plugin\Java-Checkers-master\src\network\CheckersNetworkHandler.java,network.CheckersNetworkHandler,"handleConnect/3[java.net.Socket,int,boolean]",s2,3
E:\OOD_Projects\ck-mvn-plugin\Java-Checkers-master\src\network\CheckersNetworkHandler.java,network.CheckersNetworkHandler,"handleConnect/3[java.net.Socket,int,boolean]",sid,2
E:\OOD_Projects\ck-mvn-plugin\Java-Checkers-master\src\network\CheckersNetworkHandler.java,network.CheckersNetworkHandler,generateSessionID/0,min,5
E:\OOD_Projects\ck-mvn-plugin\Java-Checkers-master\src\network\CheckersNetworkHandler.java,network.CheckersNetworkHandler,generateSessionID/0,randChar,1
E:\OOD_Projects\ck-mvn-plugin\Java-Checkers-master\src\network\CheckersNetworkHandler.java,network.CheckersNetworkHandler,generateSessionID/0,t,3
E:\OOD_Projects\ck-mvn-plugin\Java-Checkers-master\src\network\CheckersNetworkHandler.java,network.CheckersNetworkHandler,generateSessionID/0,max,4
E:\OOD_Projects\ck-mvn-plugin\Java-Checkers-master\src\network\CheckersNetworkHandler.java,network.CheckersNetworkHandler,generateSessionID/0,i,2
E:\OOD_Projects\ck-mvn-plugin\Java-Checkers-master\src\network\CheckersNetworkHandler.java,network.CheckersNetworkHandler,generateSessionID/0,chars,1
E:\OOD_Projects\ck-mvn-plugin\Java-Checkers-master\src\network\CheckersNetworkHandler.java,network.CheckersNetworkHandler,generateSessionID/0,sid,2
E:\OOD_Projects\ck-mvn-plugin\Java-Checkers-master\src\network\CheckersNetworkHandler.java,network.CheckersNetworkHandler,actionPerformed/1[java.awt.event.ActionEvent],handler,4
E:\OOD_Projects\ck-mvn-plugin\Java-Checkers-master\src\network\CheckersNetworkHandler.java,network.CheckersNetworkHandler,actionPerformed/1[java.awt.event.ActionEvent],data,3
E:\OOD_Projects\ck-mvn-plugin\Java-Checkers-master\src\network\CheckersNetworkHandler.java,network.CheckersNetworkHandler,actionPerformed/1[java.awt.event.ActionEvent],err,0
E:\OOD_Projects\ck-mvn-plugin\Java-Checkers-master\src\network\CheckersNetworkHandler.java,network.CheckersNetworkHandler,actionPerformed/1[java.awt.event.ActionEvent],e,3
E:\OOD_Projects\ck-mvn-plugin\Java-Checkers-master\src\network\CheckersNetworkHandler.java,network.CheckersNetworkHandler,actionPerformed/1[java.awt.event.ActionEvent],remotePlayer1,1
E:\OOD_Projects\ck-mvn-plugin\Java-Checkers-master\src\network\CheckersNetworkHandler.java,network.CheckersNetworkHandler,actionPerformed/1[java.awt.event.ActionEvent],match,5
E:\OOD_Projects\ck-mvn-plugin\Java-Checkers-master\src\network\CheckersNetworkHandler.java,network.CheckersNetworkHandler,actionPerformed/1[java.awt.event.ActionEvent],sid,3
E:\OOD_Projects\ck-mvn-plugin\Java-Checkers-master\src\network\CheckersNetworkHandler.java,network.CheckersNetworkHandler,actionPerformed/1[java.awt.event.ActionEvent],port,2
E:\OOD_Projects\ck-mvn-plugin\Java-Checkers-master\src\network\CheckersNetworkHandler.java,network.CheckersNetworkHandler,actionPerformed/1[java.awt.event.ActionEvent],response,8
E:\OOD_Projects\ck-mvn-plugin\Java-Checkers-master\src\network\CheckersNetworkHandler.java,network.CheckersNetworkHandler,actionPerformed/1[java.awt.event.ActionEvent],isP1,1
E:\OOD_Projects\ck-mvn-plugin\Java-Checkers-master\src\network\CheckersNetworkHandler.java,network.CheckersNetworkHandler,actionPerformed/1[java.awt.event.ActionEvent],cmd,5
E:\OOD_Projects\ck-mvn-plugin\Java-Checkers-master\src\network\CheckersNetworkHandler.java,network.CheckersNetworkHandler,actionPerformed/1[java.awt.event.ActionEvent],lines,7
E:\OOD_Projects\ck-mvn-plugin\Java-Checkers-master\src\network\CheckersNetworkHandler.java,network.CheckersNetworkHandler,actionPerformed/1[java.awt.event.ActionEvent],s1,2
E:\OOD_Projects\ck-mvn-plugin\Java-Checkers-master\src\network\CheckersNetworkHandler.java,network.CheckersNetworkHandler,actionPerformed/1[java.awt.event.ActionEvent],newState,1
E:\OOD_Projects\ck-mvn-plugin\Java-Checkers-master\src\network\CheckersNetworkHandler.java,network.CheckersNetworkHandler,actionPerformed/1[java.awt.event.ActionEvent],s2,2
E:\OOD_Projects\ck-mvn-plugin\Java-Checkers-master\src\network\CheckersNetworkHandler.java,network.CheckersNetworkHandler,"sendResponse/2[network.ConnectionHandler,java.lang.String]",handler,2
E:\OOD_Projects\ck-mvn-plugin\Java-Checkers-master\src\network\CheckersNetworkHandler.java,network.CheckersNetworkHandler,"sendResponse/2[network.ConnectionHandler,java.lang.String]",s,4
E:\OOD_Projects\ck-mvn-plugin\Java-Checkers-master\src\network\CheckersNetworkHandler.java,network.CheckersNetworkHandler,"sendResponse/2[network.ConnectionHandler,java.lang.String]",os,2
E:\OOD_Projects\ck-mvn-plugin\Java-Checkers-master\src\network\CheckersNetworkHandler.java,network.CheckersNetworkHandler,"sendResponse/2[network.ConnectionHandler,java.lang.String]",e,3
E:\OOD_Projects\ck-mvn-plugin\Java-Checkers-master\src\network\CheckersNetworkHandler.java,network.CheckersNetworkHandler,"sendResponse/2[network.ConnectionHandler,java.lang.String]",response,3
E:\OOD_Projects\ck-mvn-plugin\Java-Checkers-master\src\ui\CheckerBoard.java,ui.CheckerBoard$ClickListener,actionPerformed/1[java.awt.event.ActionEvent],e,0
E:\OOD_Projects\ck-mvn-plugin\Java-Checkers-master\src\ui\CheckerBoard.java,ui.CheckerBoard$ClickListener,actionPerformed/1[java.awt.event.ActionEvent],m,3
E:\OOD_Projects\ck-mvn-plugin\Java-Checkers-master\src\logic\MoveGenerator.java,logic.MoveGenerator,"addPoints/4[java.util.List<java.awt.Point>,java.awt.Point,int,int]",p,8
E:\OOD_Projects\ck-mvn-plugin\Java-Checkers-master\src\logic\MoveGenerator.java,logic.MoveGenerator,"addPoints/4[java.util.List<java.awt.Point>,java.awt.Point,int,int]",isKing,2
E:\OOD_Projects\ck-mvn-plugin\Java-Checkers-master\src\logic\MoveGenerator.java,logic.MoveGenerator,"addPoints/4[java.util.List<java.awt.Point>,java.awt.Point,int,int]",delta,8
E:\OOD_Projects\ck-mvn-plugin\Java-Checkers-master\src\logic\MoveGenerator.java,logic.MoveGenerator,"addPoints/4[java.util.List<java.awt.Point>,java.awt.Point,int,int]",id,4
E:\OOD_Projects\ck-mvn-plugin\Java-Checkers-master\src\logic\MoveGenerator.java,logic.MoveGenerator,"addPoints/4[java.util.List<java.awt.Point>,java.awt.Point,int,int]",points,4
E:\OOD_Projects\ck-mvn-plugin\Java-Checkers-master\src\logic\MoveGenerator.java,logic.MoveGenerator,"getSkips/2[model.Board,java.awt.Point]",start,1
E:\OOD_Projects\ck-mvn-plugin\Java-Checkers-master\src\logic\MoveGenerator.java,logic.MoveGenerator,"getSkips/2[model.Board,java.awt.Point]",board,1
E:\OOD_Projects\ck-mvn-plugin\Java-Checkers-master\src\logic\MoveGenerator.java,logic.MoveGenerator,"getSkips/2[model.Board,int]",p,1
E:\OOD_Projects\ck-mvn-plugin\Java-Checkers-master\src\logic\MoveGenerator.java,logic.MoveGenerator,"getSkips/2[model.Board,int]",startIndex,4
E:\OOD_Projects\ck-mvn-plugin\Java-Checkers-master\src\logic\MoveGenerator.java,logic.MoveGenerator,"getSkips/2[model.Board,int]",i,4
E:\OOD_Projects\ck-mvn-plugin\Java-Checkers-master\src\logic\MoveGenerator.java,logic.MoveGenerator,"getSkips/2[model.Board,int]",end,1
E:\OOD_Projects\ck-mvn-plugin\Java-Checkers-master\src\logic\MoveGenerator.java,logic.MoveGenerator,"getSkips/2[model.Board,int]",id,1
E:\OOD_Projects\ck-mvn-plugin\Java-Checkers-master\src\logic\MoveGenerator.java,logic.MoveGenerator,"getSkips/2[model.Board,int]",board,3
E:\OOD_Projects\ck-mvn-plugin\Java-Checkers-master\src\logic\MoveGenerator.java,logic.MoveGenerator,"getSkips/2[model.Board,int]",endPoints,6
E:\OOD_Projects\ck-mvn-plugin\Java-Checkers-master\src\logic\MoveGenerator.java,logic.MoveGenerator,"getMoves/2[model.Board,java.awt.Point]",start,1
E:\OOD_Projects\ck-mvn-plugin\Java-Checkers-master\src\logic\MoveGenerator.java,logic.MoveGenerator,"getMoves/2[model.Board,java.awt.Point]",board,1
E:\OOD_Projects\ck-mvn-plugin\Java-Checkers-master\src\logic\MoveGenerator.java,logic.MoveGenerator,"getMoves/2[model.Board,int]",p,1
E:\OOD_Projects\ck-mvn-plugin\Java-Checkers-master\src\logic\MoveGenerator.java,logic.MoveGenerator,"getMoves/2[model.Board,int]",startIndex,3
E:\OOD_Projects\ck-mvn-plugin\Java-Checkers-master\src\logic\MoveGenerator.java,logic.MoveGenerator,"getMoves/2[model.Board,int]",i,4
E:\OOD_Projects\ck-mvn-plugin\Java-Checkers-master\src\logic\MoveGenerator.java,logic.MoveGenerator,"getMoves/2[model.Board,int]",end,2
E:\OOD_Projects\ck-mvn-plugin\Java-Checkers-master\src\logic\MoveGenerator.java,logic.MoveGenerator,"getMoves/2[model.Board,int]",id,1
E:\OOD_Projects\ck-mvn-plugin\Java-Checkers-master\src\logic\MoveGenerator.java,logic.MoveGenerator,"getMoves/2[model.Board,int]",board,3
E:\OOD_Projects\ck-mvn-plugin\Java-Checkers-master\src\logic\MoveGenerator.java,logic.MoveGenerator,"getMoves/2[model.Board,int]",endPoints,6
E:\OOD_Projects\ck-mvn-plugin\Java-Checkers-master\src\logic\MoveGenerator.java,logic.MoveGenerator,"isValidSkip/3[model.Board,int,int]",startIndex,2
E:\OOD_Projects\ck-mvn-plugin\Java-Checkers-master\src\logic\MoveGenerator.java,logic.MoveGenerator,"isValidSkip/3[model.Board,int,int]",midID,4
E:\OOD_Projects\ck-mvn-plugin\Java-Checkers-master\src\logic\MoveGenerator.java,logic.MoveGenerator,"isValidSkip/3[model.Board,int,int]",endIndex,2
E:\OOD_Projects\ck-mvn-plugin\Java-Checkers-master\src\logic\MoveGenerator.java,logic.MoveGenerator,"isValidSkip/3[model.Board,int,int]",id,4
E:\OOD_Projects\ck-mvn-plugin\Java-Checkers-master\src\logic\MoveGenerator.java,logic.MoveGenerator,"isValidSkip/3[model.Board,int,int]",board,4
E:\OOD_Projects\ck-mvn-plugin\Java-Checkers-master\src\ui\CheckerBoard.java,ui.CheckerBoard$Anonymous1,actionPerformed/1[java.awt.event.ActionEvent],e,0
E:\OOD_Projects\ck-mvn-plugin\Java-Checkers-master\src\model\Player.java,model.Player,updateGame/1[model.Game],game,0
E:\OOD_Projects\ck-mvn-plugin\Java-Checkers-master\src\ui\CheckerBoard.java,ui.CheckerBoard,"CheckerBoard/4[ui.CheckersWindow,model.Game,model.Player,model.Player]",game,3
E:\OOD_Projects\ck-mvn-plugin\Java-Checkers-master\src\ui\CheckerBoard.java,ui.CheckerBoard,"CheckerBoard/4[ui.CheckersWindow,model.Game,model.Player,model.Player]",player1,1
E:\OOD_Projects\ck-mvn-plugin\Java-Checkers-master\src\ui\CheckerBoard.java,ui.CheckerBoard,"CheckerBoard/4[ui.CheckersWindow,model.Game,model.Player,model.Player]",player2,1
E:\OOD_Projects\ck-mvn-plugin\Java-Checkers-master\src\ui\CheckerBoard.java,ui.CheckerBoard,"CheckerBoard/4[ui.CheckersWindow,model.Game,model.Player,model.Player]",window,2
E:\OOD_Projects\ck-mvn-plugin\Java-Checkers-master\src\ui\CheckerBoard.java,ui.CheckerBoard,sendGameState/1[network.Session],s,4
E:\OOD_Projects\ck-mvn-plugin\Java-Checkers-master\src\ui\CheckerBoard.java,ui.CheckerBoard,sendGameState/1[network.Session],port,1
E:\OOD_Projects\ck-mvn-plugin\Java-Checkers-master\src\ui\CheckerBoard.java,ui.CheckerBoard,sendGameState/1[network.Session],host,1
E:\OOD_Projects\ck-mvn-plugin\Java-Checkers-master\src\ui\CheckerBoard.java,ui.CheckerBoard,sendGameState/1[network.Session],update,1
E:\OOD_Projects\ck-mvn-plugin\Java-Checkers-master\src\ui\CheckerBoard.java,ui.CheckerBoard,setPlayer1/1[model.Player],player1,4
E:\OOD_Projects\ck-mvn-plugin\Java-Checkers-master\src\ui\CheckerBoard.java,ui.CheckerBoard,setDarkTile/1[java.awt.Color],darkTile,3
E:\OOD_Projects\ck-mvn-plugin\Java-Checkers-master\src\ui\CheckerBoard.java,ui.CheckerBoard,runPlayer/0,player,3
E:\OOD_Projects\ck-mvn-plugin\Java-Checkers-master\src\ui\CheckerBoard.java,ui.CheckerBoard,paint/1[java.awt.Graphics],msg,5
E:\OOD_Projects\ck-mvn-plugin\Java-Checkers-master\src\ui\CheckerBoard.java,ui.CheckerBoard,paint/1[java.awt.Graphics],game,5
E:\OOD_Projects\ck-mvn-plugin\Java-Checkers-master\src\ui\CheckerBoard.java,ui.CheckerBoard,paint/1[java.awt.Graphics],b,1
E:\OOD_Projects\ck-mvn-plugin\Java-Checkers-master\src\ui\CheckerBoard.java,ui.CheckerBoard,paint/1[java.awt.Graphics],g,60
E:\OOD_Projects\ck-mvn-plugin\Java-Checkers-master\src\ui\CheckerBoard.java,ui.CheckerBoard,paint/1[java.awt.Graphics],H,3
E:\OOD_Projects\ck-mvn-plugin\Java-Checkers-master\src\ui\CheckerBoard.java,ui.CheckerBoard,paint/1[java.awt.Graphics],DIM,1
E:\OOD_Projects\ck-mvn-plugin\Java-Checkers-master\src\ui\CheckerBoard.java,ui.CheckerBoard,paint/1[java.awt.Graphics],back,1
E:\OOD_Projects\ck-mvn-plugin\Java-Checkers-master\src\ui\CheckerBoard.java,ui.CheckerBoard,paint/1[java.awt.Graphics],BOX_PADDING,3
E:\OOD_Projects\ck-mvn-plugin\Java-Checkers-master\src\ui\CheckerBoard.java,ui.CheckerBoard,paint/1[java.awt.Graphics],BOX_SIZE,21
E:\OOD_Projects\ck-mvn-plugin\Java-Checkers-master\src\ui\CheckerBoard.java,ui.CheckerBoard,paint/1[java.awt.Graphics],CHECKER_SIZE,40
E:\OOD_Projects\ck-mvn-plugin\Java-Checkers-master\src\ui\CheckerBoard.java,ui.CheckerBoard,paint/1[java.awt.Graphics],cx,20
E:\OOD_Projects\ck-mvn-plugin\Java-Checkers-master\src\ui\CheckerBoard.java,ui.CheckerBoard,paint/1[java.awt.Graphics],cy,20
E:\OOD_Projects\ck-mvn-plugin\Java-Checkers-master\src\ui\CheckerBoard.java,ui.CheckerBoard,paint/1[java.awt.Graphics],W,7
E:\OOD_Projects\ck-mvn-plugin\Java-Checkers-master\src\ui\CheckerBoard.java,ui.CheckerBoard,paint/1[java.awt.Graphics],g2d,1
E:\OOD_Projects\ck-mvn-plugin\Java-Checkers-master\src\ui\CheckerBoard.java,ui.CheckerBoard,paint/1[java.awt.Graphics],x,9
E:\OOD_Projects\ck-mvn-plugin\Java-Checkers-master\src\ui\CheckerBoard.java,ui.CheckerBoard,paint/1[java.awt.Graphics],width,7
E:\OOD_Projects\ck-mvn-plugin\Java-Checkers-master\src\ui\CheckerBoard.java,ui.CheckerBoard,paint/1[java.awt.Graphics],y,11
E:\OOD_Projects\ck-mvn-plugin\Java-Checkers-master\src\ui\CheckerBoard.java,ui.CheckerBoard,paint/1[java.awt.Graphics],OFFSET_X,5
E:\OOD_Projects\ck-mvn-plugin\Java-Checkers-master\src\ui\CheckerBoard.java,ui.CheckerBoard,paint/1[java.awt.Graphics],OFFSET_Y,9
E:\OOD_Projects\ck-mvn-plugin\Java-Checkers-master\src\ui\CheckerBoard.java,ui.CheckerBoard,paint/1[java.awt.Graphics],id,7
E:\OOD_Projects\ck-mvn-plugin\Java-Checkers-master\src\ui\CheckerBoard.java,ui.CheckerBoard,paint/1[java.awt.Graphics],front,1
E:\OOD_Projects\ck-mvn-plugin\Java-Checkers-master\src\ui\CheckerBoard.java,ui.CheckerBoard,"isValidSelection/3[model.Board,boolean,java.awt.Point]",p,1
E:\OOD_Projects\ck-mvn-plugin\Java-Checkers-master\src\ui\CheckerBoard.java,ui.CheckerBoard,"isValidSelection/3[model.Board,boolean,java.awt.Point]",b,6
E:\OOD_Projects\ck-mvn-plugin\Java-Checkers-master\src\ui\CheckerBoard.java,ui.CheckerBoard,"isValidSelection/3[model.Board,boolean,java.awt.Point]",i,4
E:\OOD_Projects\ck-mvn-plugin\Java-Checkers-master\src\ui\CheckerBoard.java,ui.CheckerBoard,"isValidSelection/3[model.Board,boolean,java.awt.Point]",id,4
E:\OOD_Projects\ck-mvn-plugin\Java-Checkers-master\src\ui\CheckerBoard.java,ui.CheckerBoard,"isValidSelection/3[model.Board,boolean,java.awt.Point]",checker,2
E:\OOD_Projects\ck-mvn-plugin\Java-Checkers-master\src\ui\CheckerBoard.java,ui.CheckerBoard,"isValidSelection/3[model.Board,boolean,java.awt.Point]",isP1Turn,3
E:\OOD_Projects\ck-mvn-plugin\Java-Checkers-master\src\ui\CheckerBoard.java,ui.CheckerBoard,"isValidSelection/3[model.Board,boolean,java.awt.Point]",selected,1
E:\OOD_Projects\ck-mvn-plugin\Java-Checkers-master\src\ui\CheckerBoard.java,ui.CheckerBoard,"isValidSelection/3[model.Board,boolean,java.awt.Point]",points,2
E:\OOD_Projects\ck-mvn-plugin\Java-Checkers-master\src\ui\CheckerBoard.java,ui.CheckerBoard,setGame/1[model.Game],game,3
E:\OOD_Projects\ck-mvn-plugin\Java-Checkers-master\src\ui\CheckerBoard.java,ui.CheckerBoard,setLightTile/1[java.awt.Color],lightTile,3
E:\OOD_Projects\ck-mvn-plugin\Java-Checkers-master\src\ui\CheckerBoard.java,ui.CheckerBoard,setWindow/1[ui.CheckersWindow],window,2
E:\OOD_Projects\ck-mvn-plugin\Java-Checkers-master\src\ui\CheckerBoard.java,ui.CheckerBoard,"setGameState/3[boolean,java.lang.String,java.lang.String]",expected,1
E:\OOD_Projects\ck-mvn-plugin\Java-Checkers-master\src\ui\CheckerBoard.java,ui.CheckerBoard,"setGameState/3[boolean,java.lang.String,java.lang.String]",testValue,1
E:\OOD_Projects\ck-mvn-plugin\Java-Checkers-master\src\ui\CheckerBoard.java,ui.CheckerBoard,"setGameState/3[boolean,java.lang.String,java.lang.String]",newState,1
E:\OOD_Projects\ck-mvn-plugin\Java-Checkers-master\src\ui\CheckerBoard.java,ui.CheckerBoard,"handleClick/2[int,int]",move,2
E:\OOD_Projects\ck-mvn-plugin\Java-Checkers-master\src\ui\CheckerBoard.java,ui.CheckerBoard,"handleClick/2[int,int]",change,3
E:\OOD_Projects\ck-mvn-plugin\Java-Checkers-master\src\ui\CheckerBoard.java,ui.CheckerBoard,"handleClick/2[int,int]",expected,1
E:\OOD_Projects\ck-mvn-plugin\Java-Checkers-master\src\ui\CheckerBoard.java,ui.CheckerBoard,"handleClick/2[int,int]",H,3
E:\OOD_Projects\ck-mvn-plugin\Java-Checkers-master\src\ui\CheckerBoard.java,ui.CheckerBoard,"handleClick/2[int,int]",DIM,1
E:\OOD_Projects\ck-mvn-plugin\Java-Checkers-master\src\ui\CheckerBoard.java,ui.CheckerBoard,"handleClick/2[int,int]",BOX_SIZE,4
E:\OOD_Projects\ck-mvn-plugin\Java-Checkers-master\src\ui\CheckerBoard.java,ui.CheckerBoard,"handleClick/2[int,int]",W,3
E:\OOD_Projects\ck-mvn-plugin\Java-Checkers-master\src\ui\CheckerBoard.java,ui.CheckerBoard,"handleClick/2[int,int]",x,3
E:\OOD_Projects\ck-mvn-plugin\Java-Checkers-master\src\ui\CheckerBoard.java,ui.CheckerBoard,"handleClick/2[int,int]",y,3
E:\OOD_Projects\ck-mvn-plugin\Java-Checkers-master\src\ui\CheckerBoard.java,ui.CheckerBoard,"handleClick/2[int,int]",OFFSET_X,1
E:\OOD_Projects\ck-mvn-plugin\Java-Checkers-master\src\ui\CheckerBoard.java,ui.CheckerBoard,"handleClick/2[int,int]",copy,8
E:\OOD_Projects\ck-mvn-plugin\Java-Checkers-master\src\ui\CheckerBoard.java,ui.CheckerBoard,"handleClick/2[int,int]",OFFSET_Y,1
E:\OOD_Projects\ck-mvn-plugin\Java-Checkers-master\src\ui\CheckerBoard.java,ui.CheckerBoard,"handleClick/2[int,int]",sel,4
E:\OOD_Projects\ck-mvn-plugin\Java-Checkers-master\src\ui\CheckerBoard.java,ui.CheckerBoard,"handleClick/2[int,int]",updated,1
E:\OOD_Projects\ck-mvn-plugin\Java-Checkers-master\src\ui\CheckerBoard.java,ui.CheckerBoard,setPlayer2/1[model.Player],player2,4
E:\OOD_Projects\ck-mvn-plugin\Java-Checkers-master\src\ui\CheckerBoard.java,ui.CheckerBoard,updateNetwork/0,sessions,3
E:\OOD_Projects\ck-mvn-plugin\Java-Checkers-master\src\ui\CheckerBoard.java,ui.CheckerBoard,updateNetwork/0,s,1
E:\OOD_Projects\ck-mvn-plugin\Java-Checkers-master\src\ui\CheckerBoard.java,ui.CheckerBoard,CheckerBoard/1[ui.CheckersWindow],window,1
E:\OOD_Projects\ck-mvn-plugin\Java-Checkers-master\src\network\ConnectionListener.java,network.ConnectionListener,run/0,conn,1
E:\OOD_Projects\ck-mvn-plugin\Java-Checkers-master\src\network\ConnectionListener.java,network.ConnectionListener,run/0,e,5
E:\OOD_Projects\ck-mvn-plugin\Java-Checkers-master\src\network\ConnectionListener.java,network.ConnectionListener,setServerSocket/1[java.net.ServerSocket],serverSocket,2
E:\OOD_Projects\ck-mvn-plugin\Java-Checkers-master\src\network\ConnectionListener.java,network.ConnectionListener,setConnectionHandler/1[java.awt.event.ActionListener],connectionHandler,2
E:\OOD_Projects\ck-mvn-plugin\Java-Checkers-master\src\network\ConnectionListener.java,network.ConnectionListener,ConnectionListener/1[int],port,1
E:\OOD_Projects\ck-mvn-plugin\Java-Checkers-master\src\network\ConnectionListener.java,network.ConnectionListener,"ConnectionListener/2[int,java.awt.event.ActionListener]",port,1
E:\OOD_Projects\ck-mvn-plugin\Java-Checkers-master\src\network\ConnectionListener.java,network.ConnectionListener,"ConnectionListener/2[int,java.awt.event.ActionListener]",connectionHandler,2
E:\OOD_Projects\ck-mvn-plugin\Java-Checkers-master\src\network\ConnectionListener.java,network.ConnectionListener,stopListening/0,err,2
E:\OOD_Projects\ck-mvn-plugin\Java-Checkers-master\src\network\ConnectionListener.java,network.ConnectionListener,stopListening/0,e,1
E:\OOD_Projects\ck-mvn-plugin\Java-Checkers-master\src\network\ConnectionListener.java,network.ConnectionListener,available/1[int],ss,4
E:\OOD_Projects\ck-mvn-plugin\Java-Checkers-master\src\network\ConnectionListener.java,network.ConnectionListener,available/1[int],port,4
E:\OOD_Projects\ck-mvn-plugin\Java-Checkers-master\src\network\ConnectionListener.java,network.ConnectionListener,available/1[int],e,1
E:\OOD_Projects\ck-mvn-plugin\Java-Checkers-master\src\network\ConnectionListener.java,network.ConnectionListener,available/1[int],ds,4
E:\OOD_Projects\ck-mvn-plugin\Java-Checkers-master\src\network\ConnectionListener.java,network.ConnectionListener,setPort/1[int],port,2
E:\OOD_Projects\ck-mvn-plugin\Java-Checkers-master\src\network\ConnectionListener.java,network.ConnectionListener,setPort/1[int],e,1
E:\OOD_Projects\ck-mvn-plugin\Java-Checkers-master\src\network\ConnectionListener.java,network.ConnectionListener,read/1[java.net.Socket],br,2
E:\OOD_Projects\ck-mvn-plugin\Java-Checkers-master\src\network\ConnectionListener.java,network.ConnectionListener,read/1[java.net.Socket],data,6
E:\OOD_Projects\ck-mvn-plugin\Java-Checkers-master\src\network\ConnectionListener.java,network.ConnectionListener,read/1[java.net.Socket],in,1
E:\OOD_Projects\ck-mvn-plugin\Java-Checkers-master\src\network\ConnectionListener.java,network.ConnectionListener,read/1[java.net.Socket],e,1
E:\OOD_Projects\ck-mvn-plugin\Java-Checkers-master\src\network\ConnectionListener.java,network.ConnectionListener,read/1[java.net.Socket],line,2
E:\OOD_Projects\ck-mvn-plugin\Java-Checkers-master\src\network\ConnectionListener.java,network.ConnectionListener,read/1[java.net.Socket],socket,2
E:\OOD_Projects\ck-mvn-plugin\Java-Checkers-master\src\logic\MoveLogic.java,logic.MoveLogic,"isValidMove/3[model.Game,int,int]",game,4
E:\OOD_Projects\ck-mvn-plugin\Java-Checkers-master\src\logic\MoveLogic.java,logic.MoveLogic,"isValidMove/3[model.Game,int,int]",startIndex,1
E:\OOD_Projects\ck-mvn-plugin\Java-Checkers-master\src\logic\MoveLogic.java,logic.MoveLogic,"isValidMove/3[model.Game,int,int]",endIndex,1
E:\OOD_Projects\ck-mvn-plugin\Java-Checkers-master\src\logic\MoveLogic.java,logic.MoveLogic,"isValidMove/5[model.Board,boolean,int,int,int]",startIndex,5
E:\OOD_Projects\ck-mvn-plugin\Java-Checkers-master\src\logic\MoveLogic.java,logic.MoveLogic,"isValidMove/5[model.Board,boolean,int,int,int]",skipIndex,2
E:\OOD_Projects\ck-mvn-plugin\Java-Checkers-master\src\logic\MoveLogic.java,logic.MoveLogic,"isValidMove/5[model.Board,boolean,int,int,int]",endIndex,4
E:\OOD_Projects\ck-mvn-plugin\Java-Checkers-master\src\logic\MoveLogic.java,logic.MoveLogic,"isValidMove/5[model.Board,boolean,int,int,int]",board,3
E:\OOD_Projects\ck-mvn-plugin\Java-Checkers-master\src\logic\MoveLogic.java,logic.MoveLogic,"isValidMove/5[model.Board,boolean,int,int,int]",isP1Turn,2
E:\OOD_Projects\ck-mvn-plugin\Java-Checkers-master\src\logic\MoveLogic.java,logic.MoveLogic,"validateDistance/4[model.Board,boolean,int,int]",middle,2
E:\OOD_Projects\ck-mvn-plugin\Java-Checkers-master\src\logic\MoveLogic.java,logic.MoveLogic,"validateDistance/4[model.Board,boolean,int,int]",checkers,5
E:\OOD_Projects\ck-mvn-plugin\Java-Checkers-master\src\logic\MoveLogic.java,logic.MoveLogic,"validateDistance/4[model.Board,boolean,int,int]",start,2
E:\OOD_Projects\ck-mvn-plugin\Java-Checkers-master\src\logic\MoveLogic.java,logic.MoveLogic,"validateDistance/4[model.Board,boolean,int,int]",index,1
E:\OOD_Projects\ck-mvn-plugin\Java-Checkers-master\src\logic\MoveLogic.java,logic.MoveLogic,"validateDistance/4[model.Board,boolean,int,int]",isP1Turn,1
E:\OOD_Projects\ck-mvn-plugin\Java-Checkers-master\src\logic\MoveLogic.java,logic.MoveLogic,"validateDistance/4[model.Board,boolean,int,int]",p,1
E:\OOD_Projects\ck-mvn-plugin\Java-Checkers-master\src\logic\MoveLogic.java,logic.MoveLogic,"validateDistance/4[model.Board,boolean,int,int]",startIndex,3
E:\OOD_Projects\ck-mvn-plugin\Java-Checkers-master\src\logic\MoveLogic.java,logic.MoveLogic,"validateDistance/4[model.Board,boolean,int,int]",midID,1
E:\OOD_Projects\ck-mvn-plugin\Java-Checkers-master\src\logic\MoveLogic.java,logic.MoveLogic,"validateDistance/4[model.Board,boolean,int,int]",dx,3
E:\OOD_Projects\ck-mvn-plugin\Java-Checkers-master\src\logic\MoveLogic.java,logic.MoveLogic,"validateDistance/4[model.Board,boolean,int,int]",dy,3
E:\OOD_Projects\ck-mvn-plugin\Java-Checkers-master\src\logic\MoveLogic.java,logic.MoveLogic,"validateDistance/4[model.Board,boolean,int,int]",endIndex,2
E:\OOD_Projects\ck-mvn-plugin\Java-Checkers-master\src\logic\MoveLogic.java,logic.MoveLogic,"validateDistance/4[model.Board,boolean,int,int]",end,2
E:\OOD_Projects\ck-mvn-plugin\Java-Checkers-master\src\logic\MoveLogic.java,logic.MoveLogic,"validateDistance/4[model.Board,boolean,int,int]",id,2
E:\OOD_Projects\ck-mvn-plugin\Java-Checkers-master\src\logic\MoveLogic.java,logic.MoveLogic,"validateDistance/4[model.Board,boolean,int,int]",board,7
E:\OOD_Projects\ck-mvn-plugin\Java-Checkers-master\src\logic\MoveLogic.java,logic.MoveLogic,"validateIDs/4[model.Board,boolean,int,int]",startIndex,2
E:\OOD_Projects\ck-mvn-plugin\Java-Checkers-master\src\logic\MoveLogic.java,logic.MoveLogic,"validateIDs/4[model.Board,boolean,int,int]",midID,5
E:\OOD_Projects\ck-mvn-plugin\Java-Checkers-master\src\logic\MoveLogic.java,logic.MoveLogic,"validateIDs/4[model.Board,boolean,int,int]",middle,2
E:\OOD_Projects\ck-mvn-plugin\Java-Checkers-master\src\logic\MoveLogic.java,logic.MoveLogic,"validateIDs/4[model.Board,boolean,int,int]",endIndex,2
E:\OOD_Projects\ck-mvn-plugin\Java-Checkers-master\src\logic\MoveLogic.java,logic.MoveLogic,"validateIDs/4[model.Board,boolean,int,int]",id,4
E:\OOD_Projects\ck-mvn-plugin\Java-Checkers-master\src\logic\MoveLogic.java,logic.MoveLogic,"validateIDs/4[model.Board,boolean,int,int]",board,3
E:\OOD_Projects\ck-mvn-plugin\Java-Checkers-master\src\logic\MoveLogic.java,logic.MoveLogic,"validateIDs/4[model.Board,boolean,int,int]",isP1Turn,4
E:\OOD_Projects\ck-mvn-plugin\Java-Checkers-master\src\logic\MoveLogic.java,logic.MoveLogic,"isSafe/2[model.Board,java.awt.Point]",isKing,1
E:\OOD_Projects\ck-mvn-plugin\Java-Checkers-master\src\logic\MoveLogic.java,logic.MoveLogic,"isSafe/2[model.Board,java.awt.Point]",start,2
E:\OOD_Projects\ck-mvn-plugin\Java-Checkers-master\src\logic\MoveLogic.java,logic.MoveLogic,"isSafe/2[model.Board,java.awt.Point]",index,2
E:\OOD_Projects\ck-mvn-plugin\Java-Checkers-master\src\logic\MoveLogic.java,logic.MoveLogic,"isSafe/2[model.Board,java.awt.Point]",checker,5
E:\OOD_Projects\ck-mvn-plugin\Java-Checkers-master\src\logic\MoveLogic.java,logic.MoveLogic,"isSafe/2[model.Board,java.awt.Point]",check,2
E:\OOD_Projects\ck-mvn-plugin\Java-Checkers-master\src\logic\MoveLogic.java,logic.MoveLogic,"isSafe/2[model.Board,java.awt.Point]",tid,6
E:\OOD_Projects\ck-mvn-plugin\Java-Checkers-master\src\logic\MoveLogic.java,logic.MoveLogic,"isSafe/2[model.Board,java.awt.Point]",p,5
E:\OOD_Projects\ck-mvn-plugin\Java-Checkers-master\src\logic\MoveLogic.java,logic.MoveLogic,"isSafe/2[model.Board,java.awt.Point]",dx,1
E:\OOD_Projects\ck-mvn-plugin\Java-Checkers-master\src\logic\MoveLogic.java,logic.MoveLogic,"isSafe/2[model.Board,java.awt.Point]",isBlack,1
E:\OOD_Projects\ck-mvn-plugin\Java-Checkers-master\src\logic\MoveLogic.java,logic.MoveLogic,"isSafe/2[model.Board,java.awt.Point]",dy,2
E:\OOD_Projects\ck-mvn-plugin\Java-Checkers-master\src\logic\MoveLogic.java,logic.MoveLogic,"isSafe/2[model.Board,java.awt.Point]",endIndex,1
E:\OOD_Projects\ck-mvn-plugin\Java-Checkers-master\src\logic\MoveLogic.java,logic.MoveLogic,"isSafe/2[model.Board,java.awt.Point]",isWhite,2
E:\OOD_Projects\ck-mvn-plugin\Java-Checkers-master\src\logic\MoveLogic.java,logic.MoveLogic,"isSafe/2[model.Board,java.awt.Point]",id,3
E:\OOD_Projects\ck-mvn-plugin\Java-Checkers-master\src\logic\MoveLogic.java,logic.MoveLogic,"isSafe/2[model.Board,java.awt.Point]",board,4
E:\OOD_Projects\ck-mvn-plugin\Java-Checkers-master\src\model\NetworkPlayer.java,model.NetworkPlayer,updateGame/1[model.Game],game,0
E:\OOD_Projects\ck-mvn-plugin\Java-Checkers-master\src\network\ConnectionHandler.java,network.ConnectionHandler,"ConnectionHandler/2[network.ConnectionListener,java.net.Socket]",listener,2
E:\OOD_Projects\ck-mvn-plugin\Java-Checkers-master\src\network\ConnectionHandler.java,network.ConnectionHandler,"ConnectionHandler/2[network.ConnectionListener,java.net.Socket]",socket,2
E:\OOD_Projects\ck-mvn-plugin\Java-Checkers-master\src\network\ConnectionHandler.java,network.ConnectionHandler,run/0,e,1
E:\OOD_Projects\ck-mvn-plugin\Java-Checkers-master\src\ui\NetworkWindow.java,ui.NetworkWindow$ButtonListener,actionPerformed/1[java.awt.event.ActionEvent],e,1
E:\OOD_Projects\ck-mvn-plugin\Java-Checkers-master\src\ui\NetworkWindow.java,ui.NetworkWindow$ButtonListener,actionPerformed/1[java.awt.event.ActionEvent],src,1
E:\OOD_Projects\ck-mvn-plugin\Java-Checkers-master\src\ui\NetworkWindow.java,ui.NetworkWindow$ButtonListener,actionPerformed/1[java.awt.event.ActionEvent],event,3
E:\OOD_Projects\ck-mvn-plugin\Java-Checkers-master\src\ui\OptionPanel.java,ui.OptionPanel$OptionListener,actionPerformed/1[java.awt.event.ActionEvent],disconnect,1
E:\OOD_Projects\ck-mvn-plugin\Java-Checkers-master\src\ui\OptionPanel.java,ui.OptionPanel$OptionListener,actionPerformed/1[java.awt.event.ActionEvent],s,6
E:\OOD_Projects\ck-mvn-plugin\Java-Checkers-master\src\ui\OptionPanel.java,ui.OptionPanel$OptionListener,actionPerformed/1[java.awt.event.ActionEvent],e,2
E:\OOD_Projects\ck-mvn-plugin\Java-Checkers-master\src\ui\OptionPanel.java,ui.OptionPanel$OptionListener,actionPerformed/1[java.awt.event.ActionEvent],src,8
E:\OOD_Projects\ck-mvn-plugin\Java-Checkers-master\src\ui\OptionPanel.java,ui.OptionPanel$OptionListener,actionPerformed/1[java.awt.event.ActionEvent],isNetwork,4
E:\OOD_Projects\ck-mvn-plugin\Java-Checkers-master\src\ui\OptionPanel.java,ui.OptionPanel$OptionListener,actionPerformed/1[java.awt.event.ActionEvent],isP1,2
E:\OOD_Projects\ck-mvn-plugin\Java-Checkers-master\src\ui\OptionPanel.java,ui.OptionPanel$OptionListener,actionPerformed/1[java.awt.event.ActionEvent],btn,6
E:\OOD_Projects\ck-mvn-plugin\Java-Checkers-master\src\ui\OptionPanel.java,ui.OptionPanel$OptionListener,actionPerformed/1[java.awt.event.ActionEvent],win,1
E:\OOD_Projects\ck-mvn-plugin\Java-Checkers-master\src\ui\OptionPanel.java,ui.OptionPanel$OptionListener,actionPerformed/1[java.awt.event.ActionEvent],player,5
E:\OOD_Projects\ck-mvn-plugin\Java-Checkers-master\src\ui\OptionPanel.java,ui.OptionPanel$OptionListener,actionPerformed/1[java.awt.event.ActionEvent],sid,3
