file,class,type,cbo,cboModified,fanin,fanout,wmc,dit,noc,rfc,lcom,lcom*,tcc,lcc,totalMethodsQty,staticMethodsQty,publicMethodsQty,privateMethodsQty,protectedMethodsQty,defaultMethodsQty,visibleMethodsQty,abstractMethodsQty,finalMethodsQty,synchronizedMethodsQty,totalFieldsQty,staticFieldsQty,publicFieldsQty,privateFieldsQty,protectedFieldsQty,defaultFieldsQty,finalFieldsQty,synchronizedFieldsQty,nosi,loc,returnQty,loopQty,comparisonsQty,tryCatchQty,parenthesizedExpsQty,stringLiteralsQty,numbersQty,assignmentsQty,mathOperationsQty,variablesQty,maxNestedBlocksQty,anonymousClassesQty,innerClassesQty,lambdasQty,uniqueWordsQty,modifiers,logStatementsQty
E:\OOD_Projects\ck-mvn-plugin\EvoteJava-main\src\layouts\adminPanel.java,layouts.adminPanel$Anonymous3,anonymous,0,0,0,0,1,1,0,0,0,0.0,NaN,NaN,1,0,1,0,0,0,1,0,0,0,0,0,0,0,0,0,0,0,0,5,1,0,0,0,0,0,0,0,0,0,0,0,0,0,5,-1,0
E:\OOD_Projects\ck-mvn-plugin\EvoteJava-main\src\layouts\panitiaPanel.java,layouts.panitiaPanel$Anonymous3,anonymous,0,0,0,0,3,1,0,0,1,0.0,0.0,0.0,2,0,2,0,0,0,2,0,0,0,0,0,0,0,0,0,0,0,0,13,3,0,0,0,0,0,1,0,0,0,1,0,0,0,8,-1,0
E:\OOD_Projects\ck-mvn-plugin\EvoteJava-main\src\layouts\panitiaPanel.java,layouts.panitiaPanel$Anonymous2,anonymous,0,0,0,0,2,1,0,0,0,0.0,NaN,NaN,1,0,1,0,0,0,1,0,0,0,0,0,0,0,0,0,0,0,0,5,1,0,1,0,0,0,1,0,0,0,0,0,0,0,4,-1,0
E:\OOD_Projects\ck-mvn-plugin\EvoteJava-main\src\tools\Mail.java,tools.Mail$Anonymous1,anonymous,1,1,0,1,1,1,0,0,0,0.0,NaN,NaN,1,0,0,0,1,0,1,0,0,0,0,0,0,0,0,0,0,0,0,5,1,0,0,0,0,0,0,0,0,0,0,0,0,0,3,-1,0
E:\OOD_Projects\ck-mvn-plugin\EvoteJava-main\src\layouts\panitiaPanel.java,layouts.panitiaPanel$Anonymous4,anonymous,0,0,0,0,2,1,0,0,0,0.0,NaN,NaN,1,0,1,0,0,0,1,0,0,0,0,0,0,0,0,0,0,0,0,5,1,0,1,0,0,0,1,0,0,0,0,0,0,0,4,-1,0
E:\OOD_Projects\ck-mvn-plugin\EvoteJava-main\src\layouts\panitiaPanel.java,layouts.panitiaPanel,class,11,14,3,11,49,1,0,100,25,0.8648645,1.0,1.0,11,0,3,8,0,0,3,0,0,0,37,1,1,36,0,0,0,0,44,445,4,4,14,3,2,74,32,36,6,80,6,4,0,13,130,1,0
E:\OOD_Projects\ck-mvn-plugin\EvoteJava-main\src\tools\Database.java,tools.Database,class,2,9,7,2,29,1,0,45,0,0.5208333,0.75,0.75,8,8,8,0,0,0,8,0,0,0,12,12,0,0,0,12,7,0,19,200,13,8,1,11,0,14,18,59,6,39,3,0,0,0,119,17,0
E:\OOD_Projects\ck-mvn-plugin\EvoteJava-main\src\layouts\configPanel.java,layouts.configPanel,class,4,11,7,4,15,1,0,39,0,0.31730768,1.0,1.0,4,0,2,2,0,0,2,0,0,0,26,1,0,26,0,0,0,0,22,167,0,0,0,0,1,39,1,10,0,38,3,1,0,5,77,1,0
E:\OOD_Projects\ck-mvn-plugin\EvoteJava-main\src\layouts\hasilPanel.java,layouts.hasilPanel,class,4,6,2,4,5,1,0,20,3,0.6666667,0.0,0.0,3,0,3,0,0,0,3,0,0,0,5,1,0,5,0,0,0,0,0,89,0,1,1,0,0,2,2,4,0,7,2,1,1,0,27,1,0
E:\OOD_Projects\ck-mvn-plugin\EvoteJava-main\src\codes\Panitia.java,codes.Panitia,class,4,9,5,4,26,1,0,27,118,0.8235294,0.066176474,0.15441176,17,0,17,0,0,0,17,0,0,0,3,0,0,3,0,0,0,0,33,117,21,0,0,0,0,15,2,27,2,24,2,0,0,0,93,1,0
E:\OOD_Projects\ck-mvn-plugin\EvoteJava-main\src\codes\Pemilihan.java,codes.Pemilihan,class,1,10,9,1,5,1,0,0,0,0.59999996,0.6,1.0,5,0,5,0,0,0,5,0,0,0,3,0,1,2,0,0,0,0,0,21,2,0,0,0,0,0,0,5,0,3,0,0,0,0,16,1,0
E:\OOD_Projects\ck-mvn-plugin\EvoteJava-main\src\layouts\adminPanel.java,layouts.adminPanel$Anonymous1,anonymous,0,0,0,0,3,1,0,0,1,0.0,0.0,0.0,2,0,2,0,0,0,2,0,0,0,0,0,0,0,0,0,0,0,0,13,3,0,0,0,0,0,1,0,0,0,1,0,0,0,8,-1,0
E:\OOD_Projects\ck-mvn-plugin\EvoteJava-main\src\layouts\adminPanel.java,layouts.adminPanel$Anonymous2,anonymous,0,0,0,0,1,1,0,0,0,0.0,NaN,NaN,1,0,1,0,0,0,1,0,0,0,0,0,0,0,0,0,0,0,0,5,1,0,0,0,0,0,0,0,0,0,0,0,0,0,5,-1,0
E:\OOD_Projects\ck-mvn-plugin\EvoteJava-main\src\layouts\loginForm.java,layouts.loginForm$Anonymous1,anonymous,1,1,0,1,1,1,0,2,0,0.0,NaN,NaN,1,0,1,0,0,0,1,0,0,0,0,0,0,0,0,0,0,0,0,7,0,0,0,0,0,0,0,1,0,1,0,0,0,0,8,-1,0
E:\OOD_Projects\ck-mvn-plugin\EvoteJava-main\src\tools\Config.java,tools.Config,class,13,16,3,13,24,1,0,36,11,0.9009012,0.0,0.0,6,6,5,1,0,0,5,0,0,0,37,37,36,0,0,1,19,0,28,170,10,1,1,6,0,70,4,51,1,47,3,1,0,0,139,17,0
E:\OOD_Projects\ck-mvn-plugin\EvoteJava-main\src\tools\Config.java,tools.Config$Anonymous1,anonymous,1,1,0,1,1,1,0,0,0,0.0,NaN,NaN,1,0,0,0,1,0,1,0,0,0,0,0,0,0,0,0,0,0,0,5,1,0,0,0,0,0,0,0,0,0,0,0,0,0,3,-1,0
E:\OOD_Projects\ck-mvn-plugin\EvoteJava-main\src\layouts\userPanel.java,layouts.userPanel,class,9,14,5,9,25,1,0,63,3,0.7647058,1.0,1.0,7,0,3,4,0,0,3,0,0,0,17,1,0,17,0,0,0,0,13,253,2,3,7,0,0,18,27,18,1,31,5,2,1,5,94,1,0
E:\OOD_Projects\ck-mvn-plugin\EvoteJava-main\src\tools\Mail.java,tools.Mail,class,5,6,1,5,2,1,0,12,0,0.33333334,NaN,NaN,1,1,1,0,0,0,1,0,0,0,6,6,0,5,0,1,5,0,1,34,2,0,0,1,0,10,0,9,0,9,1,1,0,0,42,17,0
E:\OOD_Projects\ck-mvn-plugin\EvoteJava-main\src\codes\Evote.java,codes.Evote,class,9,14,5,9,18,1,0,31,21,0.85714287,0.0,0.0,7,7,3,4,0,0,3,0,0,0,2,2,2,0,0,0,0,0,25,121,4,6,0,2,0,34,3,54,2,45,2,0,0,0,103,17,0
E:\OOD_Projects\ck-mvn-plugin\EvoteJava-main\src\codes\Admin.java,codes.Admin,class,7,8,1,7,24,1,0,31,43,0.6363636,0.10909091,0.10909091,11,0,11,0,0,0,11,0,0,0,1,0,0,0,0,1,0,0,36,118,21,0,0,0,0,25,2,38,3,32,2,0,0,0,89,1,0
E:\OOD_Projects\ck-mvn-plugin\EvoteJava-main\src\layouts\configPanel.java,layouts.configPanel$Anonymous1,anonymous,1,1,0,1,1,1,0,2,0,0.0,NaN,NaN,1,0,1,0,0,0,1,0,0,0,0,0,0,0,0,0,0,0,0,7,0,0,0,0,0,0,0,1,0,1,0,0,0,0,8,-1,0
E:\OOD_Projects\ck-mvn-plugin\EvoteJava-main\src\tools\Util.java,tools.Util,class,1,9,8,1,13,1,0,25,6,0.75,0.0,0.0,4,4,4,0,0,0,4,0,0,0,1,1,1,0,0,0,1,0,3,60,4,0,0,3,2,12,1,17,6,10,2,0,0,0,78,17,0
E:\OOD_Projects\ck-mvn-plugin\EvoteJava-main\src\codes\Paslon.java,codes.Paslon,class,2,11,9,2,13,1,0,3,34,0.7472528,0.2820513,0.84615386,13,0,13,0,0,0,13,0,0,0,6,0,0,6,0,0,0,0,3,59,7,0,0,0,0,1,2,18,0,9,0,0,0,0,41,1,0
E:\OOD_Projects\ck-mvn-plugin\EvoteJava-main\src\layouts\hasilPanel.java,layouts.hasilPanel$Anonymous1,anonymous,1,1,0,1,2,1,0,0,1,0.0,0.0,0.0,2,0,2,0,0,0,2,0,0,0,0,0,0,0,0,0,0,0,0,8,2,0,0,0,0,0,0,0,0,0,0,0,0,0,9,-1,0
E:\OOD_Projects\ck-mvn-plugin\EvoteJava-main\src\layouts\userPanel.java,layouts.userPanel$Anonymous1,anonymous,0,0,0,0,3,1,0,0,1,0.0,0.0,0.0,2,0,2,0,0,0,2,0,0,0,0,0,0,0,0,0,0,0,0,13,3,0,0,0,0,0,1,0,0,0,1,0,0,0,8,-1,0
E:\OOD_Projects\ck-mvn-plugin\EvoteJava-main\src\layouts\loginForm.java,layouts.loginForm,class,6,13,7,6,5,1,0,27,0,0.33333334,1.0,1.0,2,0,2,0,0,0,2,0,0,0,6,1,0,6,0,0,0,0,8,61,0,0,1,0,0,8,0,8,0,13,3,1,0,1,42,1,0
E:\OOD_Projects\ck-mvn-plugin\EvoteJava-main\src\layouts\userPanel.java,layouts.userPanel$Anonymous2,anonymous,3,3,0,3,7,1,0,9,1,0.0,0.0,0.0,2,0,2,0,0,0,2,0,0,0,0,0,0,0,0,0,0,0,0,22,4,1,3,1,1,0,3,3,2,3,2,0,0,0,23,-1,0
E:\OOD_Projects\ck-mvn-plugin\EvoteJava-main\src\codes\Event.java,codes.Event,class,3,9,6,3,10,1,0,0,17,0.81249994,0.31111112,0.64444447,10,0,10,0,0,0,10,0,0,0,8,0,3,5,0,0,0,0,0,45,5,0,0,0,0,0,0,13,0,8,0,0,0,0,27,1,0
E:\OOD_Projects\ck-mvn-plugin\EvoteJava-main\src\codes\User.java,codes.User,class,4,18,14,4,21,1,0,16,0,0.5384615,0.53846157,0.84615386,13,0,13,0,0,0,13,0,0,0,3,0,0,3,0,0,0,0,11,88,9,1,1,2,0,12,4,27,0,18,3,0,0,0,90,1,0
E:\OOD_Projects\ck-mvn-plugin\EvoteJava-main\src\layouts\hasilPanel.java,layouts.hasilPanel$hasilCellRenderer,innerclass,4,4,0,4,3,1,0,19,0,0.0,NaN,NaN,1,0,1,0,0,0,1,0,0,0,0,0,0,0,0,0,0,0,3,45,1,1,0,1,0,5,12,14,3,13,2,0,0,0,40,1,0
E:\OOD_Projects\ck-mvn-plugin\EvoteJava-main\src\layouts\userPanel.java,layouts.userPanel$PaslonCellRenderer,innerclass,3,3,0,3,4,1,0,16,0,0.0,NaN,NaN,1,0,1,0,0,0,1,0,0,0,0,0,0,0,0,0,0,0,2,38,1,0,2,0,0,5,6,8,4,8,2,0,0,0,27,1,0
E:\OOD_Projects\ck-mvn-plugin\EvoteJava-main\src\layouts\panitiaPanel.java,layouts.panitiaPanel$Anonymous1,anonymous,0,0,0,0,3,1,0,0,1,0.0,0.0,0.0,2,0,2,0,0,0,2,0,0,0,0,0,0,0,0,0,0,0,0,13,3,0,0,0,0,0,1,0,0,0,1,0,0,0,8,-1,0
E:\OOD_Projects\ck-mvn-plugin\EvoteJava-main\src\layouts\adminPanel.java,layouts.adminPanel,class,10,12,2,10,37,1,0,95,16,0.89473706,0.33333334,0.33333334,9,0,3,6,0,0,3,0,0,0,57,1,6,51,0,0,0,0,41,414,3,3,6,0,0,71,17,28,3,96,4,3,0,15,140,1,0
