file,class,method,variable,usage
E:\OOD_Projects\ck-mvn-plugin\EvoteJava-main\src\layouts\panitiaPanel.java,layouts.panitiaPanel,showForm/1[codes.User],panitiaFrame,7
E:\OOD_Projects\ck-mvn-plugin\EvoteJava-main\src\layouts\panitiaPanel.java,layouts.panitiaPanel,showForm/1[codes.User],panitiaPanel,2
E:\OOD_Projects\ck-mvn-plugin\EvoteJava-main\src\layouts\panitiaPanel.java,layouts.panitiaPanel,loadEventTable/0,eventModel,3
E:\OOD_Projects\ck-mvn-plugin\EvoteJava-main\src\layouts\panitiaPanel.java,layouts.panitiaPanel,loadEventTable/0,eventTable,2
E:\OOD_Projects\ck-mvn-plugin\EvoteJava-main\src\layouts\panitiaPanel.java,layouts.panitiaPanel,getSelectedIdPemilihan/0,pemilihanModel,1
E:\OOD_Projects\ck-mvn-plugin\EvoteJava-main\src\layouts\panitiaPanel.java,layouts.panitiaPanel,getSelectedIdPemilihan/0,pemilihanTable,1
E:\OOD_Projects\ck-mvn-plugin\EvoteJava-main\src\layouts\panitiaPanel.java,layouts.panitiaPanel,loadDaftarPemilihTable/1[int],daftarPemilihModel,4
E:\OOD_Projects\ck-mvn-plugin\EvoteJava-main\src\layouts\panitiaPanel.java,layouts.panitiaPanel,loadDaftarPemilihTable/1[int],daftarPemilihTable,1
E:\OOD_Projects\ck-mvn-plugin\EvoteJava-main\src\layouts\panitiaPanel.java,layouts.panitiaPanel,"loadPaslonTable/2[int,int]",paslonTable,2
E:\OOD_Projects\ck-mvn-plugin\EvoteJava-main\src\layouts\panitiaPanel.java,layouts.panitiaPanel,"loadPaslonTable/2[int,int]",paslonModel,4
E:\OOD_Projects\ck-mvn-plugin\EvoteJava-main\src\layouts\panitiaPanel.java,layouts.panitiaPanel,getSelectedIdPaslon/0,paslonTable,1
E:\OOD_Projects\ck-mvn-plugin\EvoteJava-main\src\layouts\panitiaPanel.java,layouts.panitiaPanel,getSelectedIdPaslon/0,paslonModel,1
E:\OOD_Projects\ck-mvn-plugin\EvoteJava-main\src\layouts\panitiaPanel.java,layouts.panitiaPanel,panitiaPanel/1[codes.User],eventModel,4
E:\OOD_Projects\ck-mvn-plugin\EvoteJava-main\src\layouts\panitiaPanel.java,layouts.panitiaPanel,panitiaPanel/1[codes.User],hapusDPT,2
E:\OOD_Projects\ck-mvn-plugin\EvoteJava-main\src\layouts\panitiaPanel.java,layouts.panitiaPanel,panitiaPanel/1[codes.User],idPemilihanTextField,4
E:\OOD_Projects\ck-mvn-plugin\EvoteJava-main\src\layouts\panitiaPanel.java,layouts.panitiaPanel,panitiaPanel/1[codes.User],logoutButton,2
E:\OOD_Projects\ck-mvn-plugin\EvoteJava-main\src\layouts\panitiaPanel.java,layouts.panitiaPanel,panitiaPanel/1[codes.User],hapusPaslonButton,2
E:\OOD_Projects\ck-mvn-plugin\EvoteJava-main\src\layouts\panitiaPanel.java,layouts.panitiaPanel,panitiaPanel/1[codes.User],pilihFotoButton,2
E:\OOD_Projects\ck-mvn-plugin\EvoteJava-main\src\layouts\panitiaPanel.java,layouts.panitiaPanel,panitiaPanel/1[codes.User],namaLabel,1
E:\OOD_Projects\ck-mvn-plugin\EvoteJava-main\src\layouts\panitiaPanel.java,layouts.panitiaPanel,panitiaPanel/1[codes.User],editPemilihanButton,2
E:\OOD_Projects\ck-mvn-plugin\EvoteJava-main\src\layouts\panitiaPanel.java,layouts.panitiaPanel,panitiaPanel/1[codes.User],paslonTable,4
E:\OOD_Projects\ck-mvn-plugin\EvoteJava-main\src\layouts\panitiaPanel.java,layouts.panitiaPanel,panitiaPanel/1[codes.User],editPaslonButton,2
E:\OOD_Projects\ck-mvn-plugin\EvoteJava-main\src\layouts\panitiaPanel.java,layouts.panitiaPanel,panitiaPanel/1[codes.User],hapusPemilihanButton,2
E:\OOD_Projects\ck-mvn-plugin\EvoteJava-main\src\layouts\panitiaPanel.java,layouts.panitiaPanel,panitiaPanel/1[codes.User],panitiaPanel,30
E:\OOD_Projects\ck-mvn-plugin\EvoteJava-main\src\layouts\panitiaPanel.java,layouts.panitiaPanel,panitiaPanel/1[codes.User],paslonModel,6
E:\OOD_Projects\ck-mvn-plugin\EvoteJava-main\src\layouts\panitiaPanel.java,layouts.panitiaPanel,panitiaPanel/1[codes.User],paslonFotoLabel,5
E:\OOD_Projects\ck-mvn-plugin\EvoteJava-main\src\layouts\panitiaPanel.java,layouts.panitiaPanel,panitiaPanel/1[codes.User],eventTable,6
E:\OOD_Projects\ck-mvn-plugin\EvoteJava-main\src\layouts\panitiaPanel.java,layouts.panitiaPanel,panitiaPanel/1[codes.User],npmLabel,1
E:\OOD_Projects\ck-mvn-plugin\EvoteJava-main\src\layouts\panitiaPanel.java,layouts.panitiaPanel,panitiaPanel/1[codes.User],addPaslonLabel,2
E:\OOD_Projects\ck-mvn-plugin\EvoteJava-main\src\layouts\panitiaPanel.java,layouts.panitiaPanel,panitiaPanel/1[codes.User],panitiaFrame,2
E:\OOD_Projects\ck-mvn-plugin\EvoteJava-main\src\layouts\panitiaPanel.java,layouts.panitiaPanel,panitiaPanel/1[codes.User],namaPemilihan,4
E:\OOD_Projects\ck-mvn-plugin\EvoteJava-main\src\layouts\panitiaPanel.java,layouts.panitiaPanel,panitiaPanel/1[codes.User],tambahDPT,2
E:\OOD_Projects\ck-mvn-plugin\EvoteJava-main\src\layouts\panitiaPanel.java,layouts.panitiaPanel,panitiaPanel/1[codes.User],userPanelButton,2
E:\OOD_Projects\ck-mvn-plugin\EvoteJava-main\src\layouts\panitiaPanel.java,layouts.panitiaPanel,panitiaPanel/1[codes.User],lihatHasilPemilihanButton,2
E:\OOD_Projects\ck-mvn-plugin\EvoteJava-main\src\layouts\panitiaPanel.java,layouts.panitiaPanel,panitiaPanel/1[codes.User],npmWakil,7
E:\OOD_Projects\ck-mvn-plugin\EvoteJava-main\src\layouts\panitiaPanel.java,layouts.panitiaPanel,panitiaPanel/1[codes.User],npmDPT,3
E:\OOD_Projects\ck-mvn-plugin\EvoteJava-main\src\layouts\panitiaPanel.java,layouts.panitiaPanel,panitiaPanel/1[codes.User],misiCalon,4
E:\OOD_Projects\ck-mvn-plugin\EvoteJava-main\src\layouts\panitiaPanel.java,layouts.panitiaPanel,panitiaPanel/1[codes.User],tambahPaslonButton,6
E:\OOD_Projects\ck-mvn-plugin\EvoteJava-main\src\layouts\panitiaPanel.java,layouts.panitiaPanel,panitiaPanel/1[codes.User],npmKetua,5
E:\OOD_Projects\ck-mvn-plugin\EvoteJava-main\src\layouts\panitiaPanel.java,layouts.panitiaPanel,panitiaPanel/1[codes.User],idPaslonTextField,3
E:\OOD_Projects\ck-mvn-plugin\EvoteJava-main\src\layouts\panitiaPanel.java,layouts.panitiaPanel,panitiaPanel/1[codes.User],tabbedPane1,7
E:\OOD_Projects\ck-mvn-plugin\EvoteJava-main\src\layouts\panitiaPanel.java,layouts.panitiaPanel,panitiaPanel/1[codes.User],pemilihanModel,2
E:\OOD_Projects\ck-mvn-plugin\EvoteJava-main\src\layouts\panitiaPanel.java,layouts.panitiaPanel,panitiaPanel/1[codes.User],pemilihanTable,4
E:\OOD_Projects\ck-mvn-plugin\EvoteJava-main\src\layouts\panitiaPanel.java,layouts.panitiaPanel,panitiaPanel/1[codes.User],visiCalon,4
E:\OOD_Projects\ck-mvn-plugin\EvoteJava-main\src\layouts\panitiaPanel.java,layouts.panitiaPanel,panitiaPanel/1[codes.User],daftarPemilihModel,3
E:\OOD_Projects\ck-mvn-plugin\EvoteJava-main\src\layouts\panitiaPanel.java,layouts.panitiaPanel,panitiaPanel/1[codes.User],addPemilihanLabel,2
E:\OOD_Projects\ck-mvn-plugin\EvoteJava-main\src\layouts\panitiaPanel.java,layouts.panitiaPanel,panitiaPanel/1[codes.User],tambahPemilihanButton,6
E:\OOD_Projects\ck-mvn-plugin\EvoteJava-main\src\layouts\panitiaPanel.java,layouts.panitiaPanel,panitiaPanel/1[codes.User],daftarPemilihTable,2
E:\OOD_Projects\ck-mvn-plugin\EvoteJava-main\src\layouts\panitiaPanel.java,layouts.panitiaPanel,getSelectedIdEvent/0,eventModel,1
E:\OOD_Projects\ck-mvn-plugin\EvoteJava-main\src\layouts\panitiaPanel.java,layouts.panitiaPanel,getSelectedIdEvent/0,eventTable,1
E:\OOD_Projects\ck-mvn-plugin\EvoteJava-main\src\layouts\panitiaPanel.java,layouts.panitiaPanel,getSelectedIdPemilih/0,daftarPemilihModel,1
E:\OOD_Projects\ck-mvn-plugin\EvoteJava-main\src\layouts\panitiaPanel.java,layouts.panitiaPanel,getSelectedIdPemilih/0,daftarPemilihTable,1
E:\OOD_Projects\ck-mvn-plugin\EvoteJava-main\src\layouts\panitiaPanel.java,layouts.panitiaPanel,loadPemilihanTable/1[int],pemilihanModel,3
E:\OOD_Projects\ck-mvn-plugin\EvoteJava-main\src\layouts\panitiaPanel.java,layouts.panitiaPanel,loadPemilihanTable/1[int],pemilihanTable,1
E:\OOD_Projects\ck-mvn-plugin\EvoteJava-main\src\layouts\panitiaPanel.java,layouts.panitiaPanel,panitiaPanel/0,panitiaPanel,1
E:\OOD_Projects\ck-mvn-plugin\EvoteJava-main\src\tools\Database.java,tools.Database,executeQuery/1[java.lang.String],rs,4
E:\OOD_Projects\ck-mvn-plugin\EvoteJava-main\src\tools\Database.java,tools.Database,executeQuery/1[java.lang.String],conn,3
E:\OOD_Projects\ck-mvn-plugin\EvoteJava-main\src\tools\Database.java,tools.Database,executeQuery/1[java.lang.String],PASS,1
E:\OOD_Projects\ck-mvn-plugin\EvoteJava-main\src\tools\Database.java,tools.Database,executeQuery/1[java.lang.String],DB_URL,1
E:\OOD_Projects\ck-mvn-plugin\EvoteJava-main\src\tools\Database.java,tools.Database,executeQuery/1[java.lang.String],JDBC_DRIVER,1
E:\OOD_Projects\ck-mvn-plugin\EvoteJava-main\src\tools\Database.java,tools.Database,executeQuery/1[java.lang.String],USER,1
E:\OOD_Projects\ck-mvn-plugin\EvoteJava-main\src\tools\Database.java,tools.Database,executeQuery/1[java.lang.String],stmt,3
E:\OOD_Projects\ck-mvn-plugin\EvoteJava-main\src\tools\Database.java,tools.Database,"executeQuery/2[java.lang.String,java.util.ArrayList<java.lang.String>]",rs,4
E:\OOD_Projects\ck-mvn-plugin\EvoteJava-main\src\tools\Database.java,tools.Database,"executeQuery/2[java.lang.String,java.util.ArrayList<java.lang.String>]",conn,3
E:\OOD_Projects\ck-mvn-plugin\EvoteJava-main\src\tools\Database.java,tools.Database,"executeQuery/2[java.lang.String,java.util.ArrayList<java.lang.String>]",ps,4
E:\OOD_Projects\ck-mvn-plugin\EvoteJava-main\src\tools\Database.java,tools.Database,"executeQuery/2[java.lang.String,java.util.ArrayList<java.lang.String>]",PASS,1
E:\OOD_Projects\ck-mvn-plugin\EvoteJava-main\src\tools\Database.java,tools.Database,"executeQuery/2[java.lang.String,java.util.ArrayList<java.lang.String>]",DB_URL,1
E:\OOD_Projects\ck-mvn-plugin\EvoteJava-main\src\tools\Database.java,tools.Database,"executeQuery/2[java.lang.String,java.util.ArrayList<java.lang.String>]",JDBC_DRIVER,1
E:\OOD_Projects\ck-mvn-plugin\EvoteJava-main\src\tools\Database.java,tools.Database,"executeQuery/2[java.lang.String,java.util.ArrayList<java.lang.String>]",USER,1
E:\OOD_Projects\ck-mvn-plugin\EvoteJava-main\src\tools\Database.java,tools.Database,"updateImage/2[java.lang.String,javax.swing.ImageIcon]",conn,3
E:\OOD_Projects\ck-mvn-plugin\EvoteJava-main\src\tools\Database.java,tools.Database,"updateImage/2[java.lang.String,javax.swing.ImageIcon]",ps,4
E:\OOD_Projects\ck-mvn-plugin\EvoteJava-main\src\tools\Database.java,tools.Database,"updateImage/2[java.lang.String,javax.swing.ImageIcon]",PASS,1
E:\OOD_Projects\ck-mvn-plugin\EvoteJava-main\src\tools\Database.java,tools.Database,"updateImage/2[java.lang.String,javax.swing.ImageIcon]",DB_URL,1
E:\OOD_Projects\ck-mvn-plugin\EvoteJava-main\src\tools\Database.java,tools.Database,"updateImage/2[java.lang.String,javax.swing.ImageIcon]",JDBC_DRIVER,1
E:\OOD_Projects\ck-mvn-plugin\EvoteJava-main\src\tools\Database.java,tools.Database,"updateImage/2[java.lang.String,javax.swing.ImageIcon]",USER,1
E:\OOD_Projects\ck-mvn-plugin\EvoteJava-main\src\tools\Database.java,tools.Database,"executeCountQuery/2[java.lang.String,java.util.ArrayList<java.lang.String>]",rs,4
E:\OOD_Projects\ck-mvn-plugin\EvoteJava-main\src\tools\Database.java,tools.Database,"executeCountQuery/2[java.lang.String,java.util.ArrayList<java.lang.String>]",conn,3
E:\OOD_Projects\ck-mvn-plugin\EvoteJava-main\src\tools\Database.java,tools.Database,"executeCountQuery/2[java.lang.String,java.util.ArrayList<java.lang.String>]",ps,4
E:\OOD_Projects\ck-mvn-plugin\EvoteJava-main\src\tools\Database.java,tools.Database,"executeCountQuery/2[java.lang.String,java.util.ArrayList<java.lang.String>]",PASS,1
E:\OOD_Projects\ck-mvn-plugin\EvoteJava-main\src\tools\Database.java,tools.Database,"executeCountQuery/2[java.lang.String,java.util.ArrayList<java.lang.String>]",DB_URL,1
E:\OOD_Projects\ck-mvn-plugin\EvoteJava-main\src\tools\Database.java,tools.Database,"executeCountQuery/2[java.lang.String,java.util.ArrayList<java.lang.String>]",JDBC_DRIVER,1
E:\OOD_Projects\ck-mvn-plugin\EvoteJava-main\src\tools\Database.java,tools.Database,"executeCountQuery/2[java.lang.String,java.util.ArrayList<java.lang.String>]",USER,1
E:\OOD_Projects\ck-mvn-plugin\EvoteJava-main\src\tools\Database.java,tools.Database,"executeUpdate/2[java.lang.String,java.util.ArrayList<java.lang.String>]",conn,3
E:\OOD_Projects\ck-mvn-plugin\EvoteJava-main\src\tools\Database.java,tools.Database,"executeUpdate/2[java.lang.String,java.util.ArrayList<java.lang.String>]",ps,4
E:\OOD_Projects\ck-mvn-plugin\EvoteJava-main\src\tools\Database.java,tools.Database,"executeUpdate/2[java.lang.String,java.util.ArrayList<java.lang.String>]",PASS,1
E:\OOD_Projects\ck-mvn-plugin\EvoteJava-main\src\tools\Database.java,tools.Database,"executeUpdate/2[java.lang.String,java.util.ArrayList<java.lang.String>]",DB_URL,1
E:\OOD_Projects\ck-mvn-plugin\EvoteJava-main\src\tools\Database.java,tools.Database,"executeUpdate/2[java.lang.String,java.util.ArrayList<java.lang.String>]",JDBC_DRIVER,1
E:\OOD_Projects\ck-mvn-plugin\EvoteJava-main\src\tools\Database.java,tools.Database,"executeUpdate/2[java.lang.String,java.util.ArrayList<java.lang.String>]",USER,1
E:\OOD_Projects\ck-mvn-plugin\EvoteJava-main\src\tools\Database.java,tools.Database,getImage/1[java.lang.String],rs,3
E:\OOD_Projects\ck-mvn-plugin\EvoteJava-main\src\tools\Database.java,tools.Database,getImage/1[java.lang.String],conn,3
E:\OOD_Projects\ck-mvn-plugin\EvoteJava-main\src\tools\Database.java,tools.Database,getImage/1[java.lang.String],PASS,1
E:\OOD_Projects\ck-mvn-plugin\EvoteJava-main\src\tools\Database.java,tools.Database,getImage/1[java.lang.String],DB_URL,1
E:\OOD_Projects\ck-mvn-plugin\EvoteJava-main\src\tools\Database.java,tools.Database,getImage/1[java.lang.String],JDBC_DRIVER,1
E:\OOD_Projects\ck-mvn-plugin\EvoteJava-main\src\tools\Database.java,tools.Database,getImage/1[java.lang.String],USER,1
E:\OOD_Projects\ck-mvn-plugin\EvoteJava-main\src\tools\Database.java,tools.Database,getImage/1[java.lang.String],stmt,3
E:\OOD_Projects\ck-mvn-plugin\EvoteJava-main\src\tools\Database.java,tools.Database,"execute/2[java.lang.String,java.util.ArrayList<java.lang.String>]",conn,3
E:\OOD_Projects\ck-mvn-plugin\EvoteJava-main\src\tools\Database.java,tools.Database,"execute/2[java.lang.String,java.util.ArrayList<java.lang.String>]",ps,4
E:\OOD_Projects\ck-mvn-plugin\EvoteJava-main\src\tools\Database.java,tools.Database,"execute/2[java.lang.String,java.util.ArrayList<java.lang.String>]",PASS,1
E:\OOD_Projects\ck-mvn-plugin\EvoteJava-main\src\tools\Database.java,tools.Database,"execute/2[java.lang.String,java.util.ArrayList<java.lang.String>]",DB_URL,1
E:\OOD_Projects\ck-mvn-plugin\EvoteJava-main\src\tools\Database.java,tools.Database,"execute/2[java.lang.String,java.util.ArrayList<java.lang.String>]",JDBC_DRIVER,1
E:\OOD_Projects\ck-mvn-plugin\EvoteJava-main\src\tools\Database.java,tools.Database,"execute/2[java.lang.String,java.util.ArrayList<java.lang.String>]",USER,1
E:\OOD_Projects\ck-mvn-plugin\EvoteJava-main\src\layouts\configPanel.java,layouts.configPanel,configPanel/0,formatSMTP,1
E:\OOD_Projects\ck-mvn-plugin\EvoteJava-main\src\layouts\configPanel.java,layouts.configPanel,configPanel/0,namaAdmin,2
E:\OOD_Projects\ck-mvn-plugin\EvoteJava-main\src\layouts\configPanel.java,layouts.configPanel,configPanel/0,portDatabase,2
E:\OOD_Projects\ck-mvn-plugin\EvoteJava-main\src\layouts\configPanel.java,layouts.configPanel,configPanel/0,passwordAdmin,4
E:\OOD_Projects\ck-mvn-plugin\EvoteJava-main\src\layouts\configPanel.java,layouts.configPanel,configPanel/0,subjectSMTP,1
E:\OOD_Projects\ck-mvn-plugin\EvoteJava-main\src\layouts\configPanel.java,layouts.configPanel,configPanel/0,lnfComboBox,2
E:\OOD_Projects\ck-mvn-plugin\EvoteJava-main\src\layouts\configPanel.java,layouts.configPanel,configPanel/0,configPanel,10
E:\OOD_Projects\ck-mvn-plugin\EvoteJava-main\src\layouts\configPanel.java,layouts.configPanel,configPanel/0,statusDatabase,4
E:\OOD_Projects\ck-mvn-plugin\EvoteJava-main\src\layouts\configPanel.java,layouts.configPanel,configPanel/0,testKoneksiKeDatabaseButton,1
E:\OOD_Projects\ck-mvn-plugin\EvoteJava-main\src\layouts\configPanel.java,layouts.configPanel,configPanel/0,statusSMTP,3
E:\OOD_Projects\ck-mvn-plugin\EvoteJava-main\src\layouts\configPanel.java,layouts.configPanel,configPanel/0,enableSSL,1
E:\OOD_Projects\ck-mvn-plugin\EvoteJava-main\src\layouts\configPanel.java,layouts.configPanel,configPanel/0,namaDatabase,2
E:\OOD_Projects\ck-mvn-plugin\EvoteJava-main\src\layouts\configPanel.java,layouts.configPanel,configPanel/0,testKirimEmailKeButton,1
E:\OOD_Projects\ck-mvn-plugin\EvoteJava-main\src\layouts\configPanel.java,layouts.configPanel,configPanel/0,passwordDatabase,2
E:\OOD_Projects\ck-mvn-plugin\EvoteJava-main\src\layouts\configPanel.java,layouts.configPanel,configPanel/0,npmAdmin,2
E:\OOD_Projects\ck-mvn-plugin\EvoteJava-main\src\layouts\configPanel.java,layouts.configPanel,configPanel/0,hostDatabase,2
E:\OOD_Projects\ck-mvn-plugin\EvoteJava-main\src\layouts\configPanel.java,layouts.configPanel,configPanel/0,configFrame,2
E:\OOD_Projects\ck-mvn-plugin\EvoteJava-main\src\layouts\configPanel.java,layouts.configPanel,configPanel/0,usernameDatabase,2
E:\OOD_Projects\ck-mvn-plugin\EvoteJava-main\src\layouts\configPanel.java,layouts.configPanel,configPanel/0,hostSMTP,1
E:\OOD_Projects\ck-mvn-plugin\EvoteJava-main\src\layouts\configPanel.java,layouts.configPanel,configPanel/0,ulangPasswordAdmin,1
E:\OOD_Projects\ck-mvn-plugin\EvoteJava-main\src\layouts\configPanel.java,layouts.configPanel,configPanel/0,simpanButton,1
E:\OOD_Projects\ck-mvn-plugin\EvoteJava-main\src\layouts\configPanel.java,layouts.configPanel,configPanel/0,emailAdmin,2
E:\OOD_Projects\ck-mvn-plugin\EvoteJava-main\src\layouts\configPanel.java,layouts.configPanel,configPanel/0,usernameSMTP,1
E:\OOD_Projects\ck-mvn-plugin\EvoteJava-main\src\layouts\configPanel.java,layouts.configPanel,configPanel/0,passwordSMTP,1
E:\OOD_Projects\ck-mvn-plugin\EvoteJava-main\src\layouts\configPanel.java,layouts.configPanel,configPanel/0,simpanAdminKeDatabaseButton,1
E:\OOD_Projects\ck-mvn-plugin\EvoteJava-main\src\layouts\configPanel.java,layouts.configPanel,configPanel/0,portSMTP,1
E:\OOD_Projects\ck-mvn-plugin\EvoteJava-main\src\layouts\configPanel.java,layouts.configPanel,saveConfig/0,formatSMTP,1
E:\OOD_Projects\ck-mvn-plugin\EvoteJava-main\src\layouts\configPanel.java,layouts.configPanel,saveConfig/0,namaAdmin,1
E:\OOD_Projects\ck-mvn-plugin\EvoteJava-main\src\layouts\configPanel.java,layouts.configPanel,saveConfig/0,portDatabase,1
E:\OOD_Projects\ck-mvn-plugin\EvoteJava-main\src\layouts\configPanel.java,layouts.configPanel,saveConfig/0,lnfComboBox,1
E:\OOD_Projects\ck-mvn-plugin\EvoteJava-main\src\layouts\configPanel.java,layouts.configPanel,saveConfig/0,usernameDatabase,1
E:\OOD_Projects\ck-mvn-plugin\EvoteJava-main\src\layouts\configPanel.java,layouts.configPanel,saveConfig/0,passwordAdmin,1
E:\OOD_Projects\ck-mvn-plugin\EvoteJava-main\src\layouts\configPanel.java,layouts.configPanel,saveConfig/0,subjectSMTP,1
E:\OOD_Projects\ck-mvn-plugin\EvoteJava-main\src\layouts\configPanel.java,layouts.configPanel,saveConfig/0,hostSMTP,1
E:\OOD_Projects\ck-mvn-plugin\EvoteJava-main\src\layouts\configPanel.java,layouts.configPanel,saveConfig/0,statusDatabase,1
E:\OOD_Projects\ck-mvn-plugin\EvoteJava-main\src\layouts\configPanel.java,layouts.configPanel,saveConfig/0,statusSMTP,1
E:\OOD_Projects\ck-mvn-plugin\EvoteJava-main\src\layouts\configPanel.java,layouts.configPanel,saveConfig/0,enableSSL,1
E:\OOD_Projects\ck-mvn-plugin\EvoteJava-main\src\layouts\configPanel.java,layouts.configPanel,saveConfig/0,namaDatabase,1
E:\OOD_Projects\ck-mvn-plugin\EvoteJava-main\src\layouts\configPanel.java,layouts.configPanel,saveConfig/0,passwordDatabase,1
E:\OOD_Projects\ck-mvn-plugin\EvoteJava-main\src\layouts\configPanel.java,layouts.configPanel,saveConfig/0,emailAdmin,1
E:\OOD_Projects\ck-mvn-plugin\EvoteJava-main\src\layouts\configPanel.java,layouts.configPanel,saveConfig/0,usernameSMTP,1
E:\OOD_Projects\ck-mvn-plugin\EvoteJava-main\src\layouts\configPanel.java,layouts.configPanel,saveConfig/0,npmAdmin,1
E:\OOD_Projects\ck-mvn-plugin\EvoteJava-main\src\layouts\configPanel.java,layouts.configPanel,saveConfig/0,passwordSMTP,1
E:\OOD_Projects\ck-mvn-plugin\EvoteJava-main\src\layouts\configPanel.java,layouts.configPanel,saveConfig/0,hostDatabase,1
E:\OOD_Projects\ck-mvn-plugin\EvoteJava-main\src\layouts\configPanel.java,layouts.configPanel,saveConfig/0,portSMTP,1
E:\OOD_Projects\ck-mvn-plugin\EvoteJava-main\src\layouts\configPanel.java,layouts.configPanel,loadConfig/0,formatSMTP,1
E:\OOD_Projects\ck-mvn-plugin\EvoteJava-main\src\layouts\configPanel.java,layouts.configPanel,loadConfig/0,namaAdmin,1
E:\OOD_Projects\ck-mvn-plugin\EvoteJava-main\src\layouts\configPanel.java,layouts.configPanel,loadConfig/0,portDatabase,1
E:\OOD_Projects\ck-mvn-plugin\EvoteJava-main\src\layouts\configPanel.java,layouts.configPanel,loadConfig/0,lnfComboBox,1
E:\OOD_Projects\ck-mvn-plugin\EvoteJava-main\src\layouts\configPanel.java,layouts.configPanel,loadConfig/0,usernameDatabase,1
E:\OOD_Projects\ck-mvn-plugin\EvoteJava-main\src\layouts\configPanel.java,layouts.configPanel,loadConfig/0,passwordAdmin,1
E:\OOD_Projects\ck-mvn-plugin\EvoteJava-main\src\layouts\configPanel.java,layouts.configPanel,loadConfig/0,subjectSMTP,1
E:\OOD_Projects\ck-mvn-plugin\EvoteJava-main\src\layouts\configPanel.java,layouts.configPanel,loadConfig/0,hostSMTP,1
E:\OOD_Projects\ck-mvn-plugin\EvoteJava-main\src\layouts\configPanel.java,layouts.configPanel,loadConfig/0,ulangPasswordAdmin,1
E:\OOD_Projects\ck-mvn-plugin\EvoteJava-main\src\layouts\configPanel.java,layouts.configPanel,loadConfig/0,simpanButton,1
E:\OOD_Projects\ck-mvn-plugin\EvoteJava-main\src\layouts\configPanel.java,layouts.configPanel,loadConfig/0,statusDatabase,1
E:\OOD_Projects\ck-mvn-plugin\EvoteJava-main\src\layouts\configPanel.java,layouts.configPanel,loadConfig/0,testKoneksiKeDatabaseButton,1
E:\OOD_Projects\ck-mvn-plugin\EvoteJava-main\src\layouts\configPanel.java,layouts.configPanel,loadConfig/0,statusSMTP,1
E:\OOD_Projects\ck-mvn-plugin\EvoteJava-main\src\layouts\configPanel.java,layouts.configPanel,loadConfig/0,enableSSL,1
E:\OOD_Projects\ck-mvn-plugin\EvoteJava-main\src\layouts\configPanel.java,layouts.configPanel,loadConfig/0,testKirimEmailKeButton,1
E:\OOD_Projects\ck-mvn-plugin\EvoteJava-main\src\layouts\configPanel.java,layouts.configPanel,loadConfig/0,namaDatabase,1
E:\OOD_Projects\ck-mvn-plugin\EvoteJava-main\src\layouts\configPanel.java,layouts.configPanel,loadConfig/0,passwordDatabase,1
E:\OOD_Projects\ck-mvn-plugin\EvoteJava-main\src\layouts\configPanel.java,layouts.configPanel,loadConfig/0,emailAdmin,1
E:\OOD_Projects\ck-mvn-plugin\EvoteJava-main\src\layouts\configPanel.java,layouts.configPanel,loadConfig/0,usernameSMTP,1
E:\OOD_Projects\ck-mvn-plugin\EvoteJava-main\src\layouts\configPanel.java,layouts.configPanel,loadConfig/0,npmAdmin,1
E:\OOD_Projects\ck-mvn-plugin\EvoteJava-main\src\layouts\configPanel.java,layouts.configPanel,loadConfig/0,passwordSMTP,1
E:\OOD_Projects\ck-mvn-plugin\EvoteJava-main\src\layouts\configPanel.java,layouts.configPanel,loadConfig/0,hostDatabase,1
E:\OOD_Projects\ck-mvn-plugin\EvoteJava-main\src\layouts\configPanel.java,layouts.configPanel,loadConfig/0,simpanAdminKeDatabaseButton,1
E:\OOD_Projects\ck-mvn-plugin\EvoteJava-main\src\layouts\configPanel.java,layouts.configPanel,loadConfig/0,portSMTP,1
E:\OOD_Projects\ck-mvn-plugin\EvoteJava-main\src\layouts\configPanel.java,layouts.configPanel,showForm/0,configFrame,8
E:\OOD_Projects\ck-mvn-plugin\EvoteJava-main\src\layouts\configPanel.java,layouts.configPanel,showForm/0,configPanel,2
E:\OOD_Projects\ck-mvn-plugin\EvoteJava-main\src\layouts\hasilPanel.java,layouts.hasilPanel,hasilPanel/1[codes.Event],hasilTable,7
E:\OOD_Projects\ck-mvn-plugin\EvoteJava-main\src\layouts\hasilPanel.java,layouts.hasilPanel,hasilPanel/1[codes.Event],hasilModel,3
E:\OOD_Projects\ck-mvn-plugin\EvoteJava-main\src\layouts\hasilPanel.java,layouts.hasilPanel,hasilPanel/1[codes.Event],eventLabel,1
E:\OOD_Projects\ck-mvn-plugin\EvoteJava-main\src\layouts\hasilPanel.java,layouts.hasilPanel,showForm/1[codes.Event],hasilFrame,7
E:\OOD_Projects\ck-mvn-plugin\EvoteJava-main\src\layouts\hasilPanel.java,layouts.hasilPanel,showForm/1[codes.Event],panel1,1
E:\OOD_Projects\ck-mvn-plugin\EvoteJava-main\src\codes\Panitia.java,codes.Panitia,Panitia/1[codes.User],user,1
E:\OOD_Projects\ck-mvn-plugin\EvoteJava-main\src\codes\Panitia.java,codes.Panitia,getId/0,id,1
E:\OOD_Projects\ck-mvn-plugin\EvoteJava-main\src\codes\Panitia.java,codes.Panitia,"Panitia/3[int,codes.User,java.lang.String]",jabatan,3
E:\OOD_Projects\ck-mvn-plugin\EvoteJava-main\src\codes\Panitia.java,codes.Panitia,"Panitia/3[int,codes.User,java.lang.String]",id,3
E:\OOD_Projects\ck-mvn-plugin\EvoteJava-main\src\codes\Panitia.java,codes.Panitia,"Panitia/3[int,codes.User,java.lang.String]",user,3
E:\OOD_Projects\ck-mvn-plugin\EvoteJava-main\src\codes\Panitia.java,codes.Panitia,getUser/0,user,1
E:\OOD_Projects\ck-mvn-plugin\EvoteJava-main\src\codes\Panitia.java,codes.Panitia,getJabatan/0,jabatan,1
E:\OOD_Projects\ck-mvn-plugin\EvoteJava-main\src\codes\Panitia.java,codes.Panitia,setId/1[int],id,3
E:\OOD_Projects\ck-mvn-plugin\EvoteJava-main\src\codes\Panitia.java,codes.Panitia,setJabatan/1[java.lang.String],jabatan,3
E:\OOD_Projects\ck-mvn-plugin\EvoteJava-main\src\codes\Pemilihan.java,codes.Pemilihan,getNama/0,nama,1
E:\OOD_Projects\ck-mvn-plugin\EvoteJava-main\src\codes\Pemilihan.java,codes.Pemilihan,setId/1[int],id,3
E:\OOD_Projects\ck-mvn-plugin\EvoteJava-main\src\codes\Pemilihan.java,codes.Pemilihan,"Pemilihan/2[int,java.lang.String]",nama,3
E:\OOD_Projects\ck-mvn-plugin\EvoteJava-main\src\codes\Pemilihan.java,codes.Pemilihan,"Pemilihan/2[int,java.lang.String]",id,3
E:\OOD_Projects\ck-mvn-plugin\EvoteJava-main\src\codes\Pemilihan.java,codes.Pemilihan,getId/0,id,1
E:\OOD_Projects\ck-mvn-plugin\EvoteJava-main\src\codes\Pemilihan.java,codes.Pemilihan,Pemilihan/1[java.lang.String],nama,3
E:\OOD_Projects\ck-mvn-plugin\EvoteJava-main\src\tools\Config.java,tools.Config,"testKoneksiDatabase/5[java.lang.String,java.lang.String,java.lang.String,java.lang.String,java.lang.String]",conn,1
E:\OOD_Projects\ck-mvn-plugin\EvoteJava-main\src\tools\Config.java,tools.Config,loadIcon/0,CONTROL_PANEL_32,1
E:\OOD_Projects\ck-mvn-plugin\EvoteJava-main\src\tools\Config.java,tools.Config,loadIcon/0,LOGIN_32,1
E:\OOD_Projects\ck-mvn-plugin\EvoteJava-main\src\tools\Config.java,tools.Config,loadIcon/0,CHECKMARK_32,1
E:\OOD_Projects\ck-mvn-plugin\EvoteJava-main\src\tools\Config.java,tools.Config,loadIcon/0,TRASH_32,1
E:\OOD_Projects\ck-mvn-plugin\EvoteJava-main\src\tools\Config.java,tools.Config,loadIcon/0,RESET_32,1
E:\OOD_Projects\ck-mvn-plugin\EvoteJava-main\src\tools\Config.java,tools.Config,loadIcon/0,SAVE_64,1
E:\OOD_Projects\ck-mvn-plugin\EvoteJava-main\src\tools\Config.java,tools.Config,loadIcon/0,LEFT_32,1
E:\OOD_Projects\ck-mvn-plugin\EvoteJava-main\src\tools\Config.java,tools.Config,loadIcon/0,SAVE_32,1
E:\OOD_Projects\ck-mvn-plugin\EvoteJava-main\src\tools\Config.java,tools.Config,loadIcon/0,CAMERA_32,1
E:\OOD_Projects\ck-mvn-plugin\EvoteJava-main\src\tools\Config.java,tools.Config,loadIcon/0,RIGHT_32,1
E:\OOD_Projects\ck-mvn-plugin\EvoteJava-main\src\tools\Config.java,tools.Config,loadIcon/0,SELECTED,2
E:\OOD_Projects\ck-mvn-plugin\EvoteJava-main\src\tools\Config.java,tools.Config,loadIcon/0,PLUS_32,1
E:\OOD_Projects\ck-mvn-plugin\EvoteJava-main\src\tools\Config.java,tools.Config,loadIcon/0,CONNECTED_32,1
E:\OOD_Projects\ck-mvn-plugin\EvoteJava-main\src\tools\Config.java,tools.Config,loadIcon/0,EDIT_32,1
E:\OOD_Projects\ck-mvn-plugin\EvoteJava-main\src\tools\Config.java,tools.Config,loadIcon/0,LOGOUT_32,1
E:\OOD_Projects\ck-mvn-plugin\EvoteJava-main\src\tools\Config.java,tools.Config,loadIcon/0,SEND_32,1
E:\OOD_Projects\ck-mvn-plugin\EvoteJava-main\src\tools\Config.java,tools.Config,createMysqlTable/0,conn,1
E:\OOD_Projects\ck-mvn-plugin\EvoteJava-main\src\layouts\userPanel.java,layouts.userPanel,getSelectedPaslon/0,paslonTable,2
E:\OOD_Projects\ck-mvn-plugin\EvoteJava-main\src\layouts\userPanel.java,layouts.userPanel,getSelectedPaslon/0,paslonModel,1
E:\OOD_Projects\ck-mvn-plugin\EvoteJava-main\src\layouts\userPanel.java,layouts.userPanel,showForm/1[codes.User],userFrame,7
E:\OOD_Projects\ck-mvn-plugin\EvoteJava-main\src\layouts\userPanel.java,layouts.userPanel,showForm/1[codes.User],userPanel,2
E:\OOD_Projects\ck-mvn-plugin\EvoteJava-main\src\layouts\userPanel.java,layouts.userPanel,getSelectedIdEvent/0,eventModel,1
E:\OOD_Projects\ck-mvn-plugin\EvoteJava-main\src\layouts\userPanel.java,layouts.userPanel,getSelectedIdEvent/0,eventTable,1
E:\OOD_Projects\ck-mvn-plugin\EvoteJava-main\src\layouts\userPanel.java,layouts.userPanel,userPanel/1[codes.User],selectionUser,5
E:\OOD_Projects\ck-mvn-plugin\EvoteJava-main\src\layouts\userPanel.java,layouts.userPanel,userPanel/1[codes.User],eventModel,5
E:\OOD_Projects\ck-mvn-plugin\EvoteJava-main\src\layouts\userPanel.java,layouts.userPanel,userPanel/1[codes.User],simpanButton,2
E:\OOD_Projects\ck-mvn-plugin\EvoteJava-main\src\layouts\userPanel.java,layouts.userPanel,userPanel/1[codes.User],namaLabel,1
E:\OOD_Projects\ck-mvn-plugin\EvoteJava-main\src\layouts\userPanel.java,layouts.userPanel,userPanel/1[codes.User],nextButton,2
E:\OOD_Projects\ck-mvn-plugin\EvoteJava-main\src\layouts\userPanel.java,layouts.userPanel,userPanel/1[codes.User],currentPemilihanIndex,10
E:\OOD_Projects\ck-mvn-plugin\EvoteJava-main\src\layouts\userPanel.java,layouts.userPanel,userPanel/1[codes.User],paslonTable,8
E:\OOD_Projects\ck-mvn-plugin\EvoteJava-main\src\layouts\userPanel.java,layouts.userPanel,userPanel/1[codes.User],tabbedPane1,4
E:\OOD_Projects\ck-mvn-plugin\EvoteJava-main\src\layouts\userPanel.java,layouts.userPanel,userPanel/1[codes.User],indexPemilihan,10
E:\OOD_Projects\ck-mvn-plugin\EvoteJava-main\src\layouts\userPanel.java,layouts.userPanel,userPanel/1[codes.User],logOutButton,2
E:\OOD_Projects\ck-mvn-plugin\EvoteJava-main\src\layouts\userPanel.java,layouts.userPanel,userPanel/1[codes.User],paslonModel,6
E:\OOD_Projects\ck-mvn-plugin\EvoteJava-main\src\layouts\userPanel.java,layouts.userPanel,userPanel/1[codes.User],userPanel,10
E:\OOD_Projects\ck-mvn-plugin\EvoteJava-main\src\layouts\userPanel.java,layouts.userPanel,userPanel/1[codes.User],userFrame,1
E:\OOD_Projects\ck-mvn-plugin\EvoteJava-main\src\layouts\userPanel.java,layouts.userPanel,userPanel/1[codes.User],beforeButton,2
E:\OOD_Projects\ck-mvn-plugin\EvoteJava-main\src\layouts\userPanel.java,layouts.userPanel,userPanel/1[codes.User],eventTable,4
E:\OOD_Projects\ck-mvn-plugin\EvoteJava-main\src\layouts\userPanel.java,layouts.userPanel,userPanel/1[codes.User],npmLabel,1
E:\OOD_Projects\ck-mvn-plugin\EvoteJava-main\src\layouts\userPanel.java,layouts.userPanel,"loadPaslonTable/2[int,int]",paslonTable,1
E:\OOD_Projects\ck-mvn-plugin\EvoteJava-main\src\layouts\userPanel.java,layouts.userPanel,"loadPaslonTable/2[int,int]",paslonModel,4
E:\OOD_Projects\ck-mvn-plugin\EvoteJava-main\src\layouts\userPanel.java,layouts.userPanel,"loadPaslonTable/2[int,int]",pemilihanLabel,1
E:\OOD_Projects\ck-mvn-plugin\EvoteJava-main\src\layouts\userPanel.java,layouts.userPanel,userPanel/0,userPanel,1
E:\OOD_Projects\ck-mvn-plugin\EvoteJava-main\src\layouts\userPanel.java,layouts.userPanel,loadEventTable/0,eventModel,3
E:\OOD_Projects\ck-mvn-plugin\EvoteJava-main\src\layouts\userPanel.java,layouts.userPanel,loadEventTable/0,eventTable,1
E:\OOD_Projects\ck-mvn-plugin\EvoteJava-main\src\tools\Mail.java,tools.Mail,"sendMail/3[java.lang.String,java.lang.String,java.lang.String]",iSSL,1
E:\OOD_Projects\ck-mvn-plugin\EvoteJava-main\src\tools\Mail.java,tools.Mail,"sendMail/3[java.lang.String,java.lang.String,java.lang.String]",PORT,1
E:\OOD_Projects\ck-mvn-plugin\EvoteJava-main\src\tools\Mail.java,tools.Mail,"sendMail/3[java.lang.String,java.lang.String,java.lang.String]",HOST,1
E:\OOD_Projects\ck-mvn-plugin\EvoteJava-main\src\tools\Mail.java,tools.Mail,"sendMail/3[java.lang.String,java.lang.String,java.lang.String]",username,1
E:\OOD_Projects\ck-mvn-plugin\EvoteJava-main\src\codes\Evote.java,codes.Evote,"loadEventData/2[codes.User,int]",eventList,2
E:\OOD_Projects\ck-mvn-plugin\EvoteJava-main\src\codes\Evote.java,codes.Evote,loadUserData/0,userList,2
E:\OOD_Projects\ck-mvn-plugin\EvoteJava-main\src\codes\Admin.java,codes.Admin,setUser/1[codes.User],user,4
E:\OOD_Projects\ck-mvn-plugin\EvoteJava-main\src\codes\Admin.java,codes.Admin,resendEmail/1[codes.User],user,6
E:\OOD_Projects\ck-mvn-plugin\EvoteJava-main\src\codes\Admin.java,codes.Admin,editUser/1[codes.User],user,7
E:\OOD_Projects\ck-mvn-plugin\EvoteJava-main\src\codes\Admin.java,codes.Admin,tambahUser/1[codes.User],user,10
E:\OOD_Projects\ck-mvn-plugin\EvoteJava-main\src\tools\Util.java,tools.Util,initLogger/0,logger,2
E:\OOD_Projects\ck-mvn-plugin\EvoteJava-main\src\codes\Paslon.java,codes.Paslon,"Paslon/5[codes.User,codes.User,javax.swing.ImageIcon,java.lang.String,java.lang.String]",misi,3
E:\OOD_Projects\ck-mvn-plugin\EvoteJava-main\src\codes\Paslon.java,codes.Paslon,"Paslon/5[codes.User,codes.User,javax.swing.ImageIcon,java.lang.String,java.lang.String]",foto,3
E:\OOD_Projects\ck-mvn-plugin\EvoteJava-main\src\codes\Paslon.java,codes.Paslon,"Paslon/5[codes.User,codes.User,javax.swing.ImageIcon,java.lang.String,java.lang.String]",ketua,3
E:\OOD_Projects\ck-mvn-plugin\EvoteJava-main\src\codes\Paslon.java,codes.Paslon,"Paslon/5[codes.User,codes.User,javax.swing.ImageIcon,java.lang.String,java.lang.String]",wakil,3
E:\OOD_Projects\ck-mvn-plugin\EvoteJava-main\src\codes\Paslon.java,codes.Paslon,"Paslon/5[codes.User,codes.User,javax.swing.ImageIcon,java.lang.String,java.lang.String]",visi,3
E:\OOD_Projects\ck-mvn-plugin\EvoteJava-main\src\codes\Paslon.java,codes.Paslon,setFoto/1[javax.swing.ImageIcon],foto,3
E:\OOD_Projects\ck-mvn-plugin\EvoteJava-main\src\codes\Paslon.java,codes.Paslon,getWakil/0,wakil,1
E:\OOD_Projects\ck-mvn-plugin\EvoteJava-main\src\codes\Paslon.java,codes.Paslon,getSuara/0,suara,1
E:\OOD_Projects\ck-mvn-plugin\EvoteJava-main\src\codes\Paslon.java,codes.Paslon,getMisi/0,misi,1
E:\OOD_Projects\ck-mvn-plugin\EvoteJava-main\src\codes\Paslon.java,codes.Paslon,getKetua/0,ketua,1
E:\OOD_Projects\ck-mvn-plugin\EvoteJava-main\src\codes\Paslon.java,codes.Paslon,getVisi/0,visi,1
E:\OOD_Projects\ck-mvn-plugin\EvoteJava-main\src\codes\Paslon.java,codes.Paslon,"Paslon/7[int,codes.User,codes.User,javax.swing.ImageIcon,java.lang.String,java.lang.String,int]",misi,3
E:\OOD_Projects\ck-mvn-plugin\EvoteJava-main\src\codes\Paslon.java,codes.Paslon,"Paslon/7[int,codes.User,codes.User,javax.swing.ImageIcon,java.lang.String,java.lang.String,int]",foto,3
E:\OOD_Projects\ck-mvn-plugin\EvoteJava-main\src\codes\Paslon.java,codes.Paslon,"Paslon/7[int,codes.User,codes.User,javax.swing.ImageIcon,java.lang.String,java.lang.String,int]",ketua,3
E:\OOD_Projects\ck-mvn-plugin\EvoteJava-main\src\codes\Paslon.java,codes.Paslon,"Paslon/7[int,codes.User,codes.User,javax.swing.ImageIcon,java.lang.String,java.lang.String,int]",suara,3
E:\OOD_Projects\ck-mvn-plugin\EvoteJava-main\src\codes\Paslon.java,codes.Paslon,"Paslon/7[int,codes.User,codes.User,javax.swing.ImageIcon,java.lang.String,java.lang.String,int]",id,3
E:\OOD_Projects\ck-mvn-plugin\EvoteJava-main\src\codes\Paslon.java,codes.Paslon,"Paslon/7[int,codes.User,codes.User,javax.swing.ImageIcon,java.lang.String,java.lang.String,int]",wakil,3
E:\OOD_Projects\ck-mvn-plugin\EvoteJava-main\src\codes\Paslon.java,codes.Paslon,"Paslon/7[int,codes.User,codes.User,javax.swing.ImageIcon,java.lang.String,java.lang.String,int]",visi,3
E:\OOD_Projects\ck-mvn-plugin\EvoteJava-main\src\codes\Paslon.java,codes.Paslon,terpilih/0,suara,1
E:\OOD_Projects\ck-mvn-plugin\EvoteJava-main\src\codes\Paslon.java,codes.Paslon,terpilih/0,id,1
E:\OOD_Projects\ck-mvn-plugin\EvoteJava-main\src\codes\Paslon.java,codes.Paslon,getFoto/0,foto,1
E:\OOD_Projects\ck-mvn-plugin\EvoteJava-main\src\codes\Paslon.java,codes.Paslon,getId/0,id,1
E:\OOD_Projects\ck-mvn-plugin\EvoteJava-main\src\codes\Paslon.java,codes.Paslon,setId/1[int],id,3
E:\OOD_Projects\ck-mvn-plugin\EvoteJava-main\src\layouts\loginForm.java,layouts.loginForm,loginForm/0,loginFrame,3
E:\OOD_Projects\ck-mvn-plugin\EvoteJava-main\src\layouts\loginForm.java,layouts.loginForm,loginForm/0,loginForm,7
E:\OOD_Projects\ck-mvn-plugin\EvoteJava-main\src\layouts\loginForm.java,layouts.loginForm,loginForm/0,password,1
E:\OOD_Projects\ck-mvn-plugin\EvoteJava-main\src\layouts\loginForm.java,layouts.loginForm,loginForm/0,loginbtn,2
E:\OOD_Projects\ck-mvn-plugin\EvoteJava-main\src\layouts\loginForm.java,layouts.loginForm,loginForm/0,user,7
E:\OOD_Projects\ck-mvn-plugin\EvoteJava-main\src\layouts\loginForm.java,layouts.loginForm,loginForm/0,username,1
E:\OOD_Projects\ck-mvn-plugin\EvoteJava-main\src\layouts\loginForm.java,layouts.loginForm,showForm/0,loginFrame,7
E:\OOD_Projects\ck-mvn-plugin\EvoteJava-main\src\layouts\loginForm.java,layouts.loginForm,showForm/0,loginForm,2
E:\OOD_Projects\ck-mvn-plugin\EvoteJava-main\src\codes\Event.java,codes.Event,setId/1[int],id,3
E:\OOD_Projects\ck-mvn-plugin\EvoteJava-main\src\codes\Event.java,codes.Event,getDeskripsi/0,deskripsi,1
E:\OOD_Projects\ck-mvn-plugin\EvoteJava-main\src\codes\Event.java,codes.Event,isEnable/0,enable,1
E:\OOD_Projects\ck-mvn-plugin\EvoteJava-main\src\codes\Event.java,codes.Event,"Event/3[java.lang.String,javax.swing.ImageIcon,java.lang.String]",nama,4
E:\OOD_Projects\ck-mvn-plugin\EvoteJava-main\src\codes\Event.java,codes.Event,"Event/3[java.lang.String,javax.swing.ImageIcon,java.lang.String]",foto,4
E:\OOD_Projects\ck-mvn-plugin\EvoteJava-main\src\codes\Event.java,codes.Event,"Event/3[java.lang.String,javax.swing.ImageIcon,java.lang.String]",deskripsi,4
E:\OOD_Projects\ck-mvn-plugin\EvoteJava-main\src\codes\Event.java,codes.Event,getId/0,id,1
E:\OOD_Projects\ck-mvn-plugin\EvoteJava-main\src\codes\Event.java,codes.Event,setFoto/1[javax.swing.ImageIcon],foto,3
E:\OOD_Projects\ck-mvn-plugin\EvoteJava-main\src\codes\Event.java,codes.Event,setEnable/1[boolean],enable,3
E:\OOD_Projects\ck-mvn-plugin\EvoteJava-main\src\codes\Event.java,codes.Event,getNama/0,nama,1
E:\OOD_Projects\ck-mvn-plugin\EvoteJava-main\src\codes\Event.java,codes.Event,"Event/4[int,java.lang.String,javax.swing.ImageIcon,java.lang.String]",nama,4
E:\OOD_Projects\ck-mvn-plugin\EvoteJava-main\src\codes\Event.java,codes.Event,"Event/4[int,java.lang.String,javax.swing.ImageIcon,java.lang.String]",foto,4
E:\OOD_Projects\ck-mvn-plugin\EvoteJava-main\src\codes\Event.java,codes.Event,"Event/4[int,java.lang.String,javax.swing.ImageIcon,java.lang.String]",id,4
E:\OOD_Projects\ck-mvn-plugin\EvoteJava-main\src\codes\Event.java,codes.Event,"Event/4[int,java.lang.String,javax.swing.ImageIcon,java.lang.String]",deskripsi,4
E:\OOD_Projects\ck-mvn-plugin\EvoteJava-main\src\codes\Event.java,codes.Event,getFoto/0,foto,1
E:\OOD_Projects\ck-mvn-plugin\EvoteJava-main\src\codes\User.java,codes.User,"User/3[java.lang.String,java.lang.String,java.lang.String]",nama,3
E:\OOD_Projects\ck-mvn-plugin\EvoteJava-main\src\codes\User.java,codes.User,"User/3[java.lang.String,java.lang.String,java.lang.String]",npm,3
E:\OOD_Projects\ck-mvn-plugin\EvoteJava-main\src\codes\User.java,codes.User,"User/3[java.lang.String,java.lang.String,java.lang.String]",email,3
E:\OOD_Projects\ck-mvn-plugin\EvoteJava-main\src\codes\User.java,codes.User,getNpm/0,npm,1
E:\OOD_Projects\ck-mvn-plugin\EvoteJava-main\src\codes\User.java,codes.User,getNama/0,nama,1
E:\OOD_Projects\ck-mvn-plugin\EvoteJava-main\src\codes\User.java,codes.User,"login/2[java.lang.String,java.lang.String]",nama,1
E:\OOD_Projects\ck-mvn-plugin\EvoteJava-main\src\codes\User.java,codes.User,"login/2[java.lang.String,java.lang.String]",npm,4
E:\OOD_Projects\ck-mvn-plugin\EvoteJava-main\src\codes\User.java,codes.User,"login/2[java.lang.String,java.lang.String]",email,1
E:\OOD_Projects\ck-mvn-plugin\EvoteJava-main\src\codes\User.java,codes.User,"simpanPilihan/1[java.util.HashMap<java.lang.Integer,codes.Paslon>]",npm,1
E:\OOD_Projects\ck-mvn-plugin\EvoteJava-main\src\codes\User.java,codes.User,User/1[java.lang.String],nama,1
E:\OOD_Projects\ck-mvn-plugin\EvoteJava-main\src\codes\User.java,codes.User,User/1[java.lang.String],npm,3
E:\OOD_Projects\ck-mvn-plugin\EvoteJava-main\src\codes\User.java,codes.User,User/1[java.lang.String],email,1
E:\OOD_Projects\ck-mvn-plugin\EvoteJava-main\src\codes\User.java,codes.User,setNama/1[java.lang.String],nama,3
E:\OOD_Projects\ck-mvn-plugin\EvoteJava-main\src\codes\User.java,codes.User,isPanitia/0,npm,1
E:\OOD_Projects\ck-mvn-plugin\EvoteJava-main\src\codes\User.java,codes.User,getEmail/0,email,1
E:\OOD_Projects\ck-mvn-plugin\EvoteJava-main\src\codes\User.java,codes.User,isAdmin/0,npm,1
E:\OOD_Projects\ck-mvn-plugin\EvoteJava-main\src\codes\User.java,codes.User,setEmail/1[java.lang.String],email,3
E:\OOD_Projects\ck-mvn-plugin\EvoteJava-main\src\codes\User.java,codes.User,setNpm/1[java.lang.String],npm,3
E:\OOD_Projects\ck-mvn-plugin\EvoteJava-main\src\layouts\adminPanel.java,layouts.adminPanel,showForm/1[codes.User],mainPanel,1
E:\OOD_Projects\ck-mvn-plugin\EvoteJava-main\src\layouts\adminPanel.java,layouts.adminPanel,showForm/1[codes.User],adminFrame,7
E:\OOD_Projects\ck-mvn-plugin\EvoteJava-main\src\layouts\adminPanel.java,layouts.adminPanel,loadPanitiaTabel/1[int],panitiaModel,3
E:\OOD_Projects\ck-mvn-plugin\EvoteJava-main\src\layouts\adminPanel.java,layouts.adminPanel,loadPanitiaTabel/1[int],panitiaTable,1
E:\OOD_Projects\ck-mvn-plugin\EvoteJava-main\src\layouts\adminPanel.java,layouts.adminPanel,loadEventTabel/0,eventModel,3
E:\OOD_Projects\ck-mvn-plugin\EvoteJava-main\src\layouts\adminPanel.java,layouts.adminPanel,loadEventTabel/0,eventTable,2
E:\OOD_Projects\ck-mvn-plugin\EvoteJava-main\src\layouts\adminPanel.java,layouts.adminPanel,adminPanel/1[codes.User],idPanitiaTextField,4
E:\OOD_Projects\ck-mvn-plugin\EvoteJava-main\src\layouts\adminPanel.java,layouts.adminPanel,adminPanel/1[codes.User],hapusEventButton,2
E:\OOD_Projects\ck-mvn-plugin\EvoteJava-main\src\layouts\adminPanel.java,layouts.adminPanel,adminPanel/1[codes.User],hapusUserButton,2
E:\OOD_Projects\ck-mvn-plugin\EvoteJava-main\src\layouts\adminPanel.java,layouts.adminPanel,adminPanel/1[codes.User],idEventTextField,4
E:\OOD_Projects\ck-mvn-plugin\EvoteJava-main\src\layouts\adminPanel.java,layouts.adminPanel,adminPanel/1[codes.User],eventModel,4
E:\OOD_Projects\ck-mvn-plugin\EvoteJava-main\src\layouts\adminPanel.java,layouts.adminPanel,adminPanel/1[codes.User],panitiaTable,3
E:\OOD_Projects\ck-mvn-plugin\EvoteJava-main\src\layouts\adminPanel.java,layouts.adminPanel,adminPanel/1[codes.User],panitiaModel,4
E:\OOD_Projects\ck-mvn-plugin\EvoteJava-main\src\layouts\adminPanel.java,layouts.adminPanel,adminPanel/1[codes.User],logoutButton,2
E:\OOD_Projects\ck-mvn-plugin\EvoteJava-main\src\layouts\adminPanel.java,layouts.adminPanel,adminPanel/1[codes.User],editEventButton,2
E:\OOD_Projects\ck-mvn-plugin\EvoteJava-main\src\layouts\adminPanel.java,layouts.adminPanel,adminPanel/1[codes.User],panitiaPanelButton,2
E:\OOD_Projects\ck-mvn-plugin\EvoteJava-main\src\layouts\adminPanel.java,layouts.adminPanel,adminPanel/1[codes.User],editPanitiaButton,2
E:\OOD_Projects\ck-mvn-plugin\EvoteJava-main\src\layouts\adminPanel.java,layouts.adminPanel,adminPanel/1[codes.User],fileSelectedLabel,4
E:\OOD_Projects\ck-mvn-plugin\EvoteJava-main\src\layouts\adminPanel.java,layouts.adminPanel,adminPanel/1[codes.User],namaLabel,1
E:\OOD_Projects\ck-mvn-plugin\EvoteJava-main\src\layouts\adminPanel.java,layouts.adminPanel,adminPanel/1[codes.User],namaUser,3
E:\OOD_Projects\ck-mvn-plugin\EvoteJava-main\src\layouts\adminPanel.java,layouts.adminPanel,adminPanel/1[codes.User],panitiaPanel,2
E:\OOD_Projects\ck-mvn-plugin\EvoteJava-main\src\layouts\adminPanel.java,layouts.adminPanel,adminPanel/1[codes.User],userPanel,1
E:\OOD_Projects\ck-mvn-plugin\EvoteJava-main\src\layouts\adminPanel.java,layouts.adminPanel,adminPanel/1[codes.User],namaEvent,3
E:\OOD_Projects\ck-mvn-plugin\EvoteJava-main\src\layouts\adminPanel.java,layouts.adminPanel,adminPanel/1[codes.User],userTable,5
E:\OOD_Projects\ck-mvn-plugin\EvoteJava-main\src\layouts\adminPanel.java,layouts.adminPanel,adminPanel/1[codes.User],deskripsiEvent,3
E:\OOD_Projects\ck-mvn-plugin\EvoteJava-main\src\layouts\adminPanel.java,layouts.adminPanel,adminPanel/1[codes.User],eventTable,5
E:\OOD_Projects\ck-mvn-plugin\EvoteJava-main\src\layouts\adminPanel.java,layouts.adminPanel,adminPanel/1[codes.User],npmLabel,1
E:\OOD_Projects\ck-mvn-plugin\EvoteJava-main\src\layouts\adminPanel.java,layouts.adminPanel,adminPanel/1[codes.User],hapusPanitiaButton,2
E:\OOD_Projects\ck-mvn-plugin\EvoteJava-main\src\layouts\adminPanel.java,layouts.adminPanel,adminPanel/1[codes.User],tambahPanitiaButton,6
E:\OOD_Projects\ck-mvn-plugin\EvoteJava-main\src\layouts\adminPanel.java,layouts.adminPanel,adminPanel/1[codes.User],userModel,3
E:\OOD_Projects\ck-mvn-plugin\EvoteJava-main\src\layouts\adminPanel.java,layouts.adminPanel,adminPanel/1[codes.User],npmPanitia,5
E:\OOD_Projects\ck-mvn-plugin\EvoteJava-main\src\layouts\adminPanel.java,layouts.adminPanel,adminPanel/1[codes.User],npmUser,7
E:\OOD_Projects\ck-mvn-plugin\EvoteJava-main\src\layouts\adminPanel.java,layouts.adminPanel,adminPanel/1[codes.User],userPanelButton,2
E:\OOD_Projects\ck-mvn-plugin\EvoteJava-main\src\layouts\adminPanel.java,layouts.adminPanel,adminPanel/1[codes.User],emailUser,3
E:\OOD_Projects\ck-mvn-plugin\EvoteJava-main\src\layouts\adminPanel.java,layouts.adminPanel,adminPanel/1[codes.User],mainPanel,30
E:\OOD_Projects\ck-mvn-plugin\EvoteJava-main\src\layouts\adminPanel.java,layouts.adminPanel,adminPanel/1[codes.User],jabatanPanitia,4
E:\OOD_Projects\ck-mvn-plugin\EvoteJava-main\src\layouts\adminPanel.java,layouts.adminPanel,adminPanel/1[codes.User],pilihFileEventButton,2
E:\OOD_Projects\ck-mvn-plugin\EvoteJava-main\src\layouts\adminPanel.java,layouts.adminPanel,adminPanel/1[codes.User],addPanitiaLabel,2
E:\OOD_Projects\ck-mvn-plugin\EvoteJava-main\src\layouts\adminPanel.java,layouts.adminPanel,adminPanel/1[codes.User],addEventLabel,2
E:\OOD_Projects\ck-mvn-plugin\EvoteJava-main\src\layouts\adminPanel.java,layouts.adminPanel,adminPanel/1[codes.User],tabbedPane1,3
E:\OOD_Projects\ck-mvn-plugin\EvoteJava-main\src\layouts\adminPanel.java,layouts.adminPanel,adminPanel/1[codes.User],tambahUserButton,7
E:\OOD_Projects\ck-mvn-plugin\EvoteJava-main\src\layouts\adminPanel.java,layouts.adminPanel,adminPanel/1[codes.User],editUserButton,2
E:\OOD_Projects\ck-mvn-plugin\EvoteJava-main\src\layouts\adminPanel.java,layouts.adminPanel,adminPanel/1[codes.User],tambahEventButton,6
E:\OOD_Projects\ck-mvn-plugin\EvoteJava-main\src\layouts\adminPanel.java,layouts.adminPanel,adminPanel/1[codes.User],addUserLabel,2
E:\OOD_Projects\ck-mvn-plugin\EvoteJava-main\src\layouts\adminPanel.java,layouts.adminPanel,adminPanel/1[codes.User],adminFrame,3
E:\OOD_Projects\ck-mvn-plugin\EvoteJava-main\src\layouts\adminPanel.java,layouts.adminPanel,adminPanel/1[codes.User],kirimPasswordButton,2
E:\OOD_Projects\ck-mvn-plugin\EvoteJava-main\src\layouts\adminPanel.java,layouts.adminPanel,getSelectedNpmUser/0,userModel,1
E:\OOD_Projects\ck-mvn-plugin\EvoteJava-main\src\layouts\adminPanel.java,layouts.adminPanel,getSelectedNpmUser/0,userTable,1
E:\OOD_Projects\ck-mvn-plugin\EvoteJava-main\src\layouts\adminPanel.java,layouts.adminPanel,getSelectedIdEvent/0,eventModel,1
E:\OOD_Projects\ck-mvn-plugin\EvoteJava-main\src\layouts\adminPanel.java,layouts.adminPanel,getSelectedIdEvent/0,eventTable,1
E:\OOD_Projects\ck-mvn-plugin\EvoteJava-main\src\layouts\adminPanel.java,layouts.adminPanel,getSelectedIdPanitia/0,panitiaModel,1
E:\OOD_Projects\ck-mvn-plugin\EvoteJava-main\src\layouts\adminPanel.java,layouts.adminPanel,getSelectedIdPanitia/0,panitiaTable,1
E:\OOD_Projects\ck-mvn-plugin\EvoteJava-main\src\layouts\adminPanel.java,layouts.adminPanel,loadUserTable/0,userModel,3
E:\OOD_Projects\ck-mvn-plugin\EvoteJava-main\src\layouts\adminPanel.java,layouts.adminPanel,loadUserTable/0,userTable,1
