file,class,method,constructor,line,cbo,cboModified,fanin,fanout,wmc,rfc,loc,returnsQty,variablesQty,parametersQty,methodsInvokedQty,methodsInvokedLocalQty,methodsInvokedIndirectLocalQty,loopQty,comparisonsQty,tryCatchQty,parenthesizedExpsQty,stringLiteralsQty,numbersQty,assignmentsQty,mathOperationsQty,maxNestedBlocksQty,anonymousClassesQty,innerClassesQty,lambdasQty,uniqueWordsQty,modifiers,logStatementsQty,hasJavaDoc
E:\OOD_Projects\ck-mvn-plugin\EvoteJava-main\src\layouts\adminPanel.java,layouts.adminPanel$Anonymous3,"isCellEditable/2[int,int]",false,91,0,0,0,0,1,0,3,1,0,2,0,0,0,0,0,0,0,0,0,0,0,0,0,0,0,5,1,0,false
E:\OOD_Projects\ck-mvn-plugin\EvoteJava-main\src\layouts\panitiaPanel.java,layouts.panitiaPanel$Anonymous3,"isCellEditable/2[int,int]",false,71,0,0,0,0,1,0,3,1,0,2,0,0,0,0,0,0,0,0,0,0,0,0,0,0,0,5,1,0,false
E:\OOD_Projects\ck-mvn-plugin\EvoteJava-main\src\layouts\panitiaPanel.java,layouts.panitiaPanel$Anonymous3,getColumnClass/1[int],false,75,0,0,0,0,2,0,8,2,0,1,0,0,0,0,0,0,0,0,1,0,0,1,0,0,0,4,1,0,false
E:\OOD_Projects\ck-mvn-plugin\EvoteJava-main\src\layouts\panitiaPanel.java,layouts.panitiaPanel$Anonymous2,"isCellEditable/2[int,int]",false,65,0,0,0,0,2,0,3,1,0,2,0,0,0,0,1,0,0,0,1,0,0,0,0,0,0,4,1,0,false
E:\OOD_Projects\ck-mvn-plugin\EvoteJava-main\src\tools\Mail.java,tools.Mail$Anonymous1,getPasswordAuthentication/0,false,37,1,0,0,0,1,0,3,1,0,0,0,0,0,0,0,0,0,0,0,0,0,0,0,0,0,3,4,0,false
E:\OOD_Projects\ck-mvn-plugin\EvoteJava-main\src\layouts\panitiaPanel.java,layouts.panitiaPanel$Anonymous4,"isCellEditable/2[int,int]",false,84,0,0,0,0,2,0,3,1,0,2,0,0,0,0,1,0,0,0,1,0,0,0,0,0,0,4,1,0,false
E:\OOD_Projects\ck-mvn-plugin\EvoteJava-main\src\layouts\panitiaPanel.java,layouts.panitiaPanel,showForm/1[codes.User],false,465,2,3,2,1,1,6,9,0,0,1,6,0,0,0,0,0,0,1,0,1,0,0,0,0,0,10,1,0,false
E:\OOD_Projects\ck-mvn-plugin\EvoteJava-main\src\layouts\panitiaPanel.java,layouts.panitiaPanel,loadEventTable/0,false,93,2,6,1,5,2,13,10,0,2,0,13,0,0,1,0,0,0,0,5,2,0,1,0,0,0,8,2,0,false
E:\OOD_Projects\ck-mvn-plugin\EvoteJava-main\src\layouts\panitiaPanel.java,layouts.panitiaPanel,getSelectedIdPemilihan/0,false,150,0,1,1,0,1,4,3,1,0,0,4,0,0,0,0,0,0,0,1,0,0,0,0,0,0,4,2,0,false
E:\OOD_Projects\ck-mvn-plugin\EvoteJava-main\src\layouts\panitiaPanel.java,layouts.panitiaPanel,loadDaftarPemilihTable/1[int],false,104,1,3,1,2,3,9,15,0,3,1,9,0,0,1,0,1,0,1,1,3,0,2,0,0,0,14,2,0,false
E:\OOD_Projects\ck-mvn-plugin\EvoteJava-main\src\layouts\panitiaPanel.java,layouts.panitiaPanel,"loadPaslonTable/2[int,int]",false,129,3,9,1,8,3,18,16,0,3,2,18,0,0,1,0,1,0,1,5,3,0,2,0,0,0,15,2,0,false
E:\OOD_Projects\ck-mvn-plugin\EvoteJava-main\src\layouts\panitiaPanel.java,layouts.panitiaPanel,getSelectedIdPaslon/0,false,154,0,1,1,0,1,4,3,1,0,0,4,0,0,0,0,0,0,0,1,0,0,0,0,0,0,4,2,0,false
E:\OOD_Projects\ck-mvn-plugin\EvoteJava-main\src\layouts\panitiaPanel.java,layouts.panitiaPanel,panitiaPanel/1[codes.User],true,169,10,42,1,41,33,70,297,0,33,1,70,8,1,0,14,1,2,71,16,21,6,6,0,0,13,92,1,0,false
E:\OOD_Projects\ck-mvn-plugin\EvoteJava-main\src\layouts\panitiaPanel.java,layouts.panitiaPanel,getSelectedIdEvent/0,false,146,0,1,1,0,1,4,3,1,0,0,4,0,0,0,0,0,0,0,1,0,0,0,0,0,0,4,2,0,false
E:\OOD_Projects\ck-mvn-plugin\EvoteJava-main\src\layouts\panitiaPanel.java,layouts.panitiaPanel,getSelectedIdPemilih/0,false,158,0,1,1,0,1,4,3,1,0,0,4,0,0,0,0,0,0,0,1,0,0,0,0,0,0,4,2,0,false
E:\OOD_Projects\ck-mvn-plugin\EvoteJava-main\src\layouts\panitiaPanel.java,layouts.panitiaPanel,loadPemilihanTable/1[int],false,119,1,3,1,2,2,8,9,0,2,1,8,0,0,1,0,0,0,0,1,2,0,1,0,0,0,10,2,0,false
E:\OOD_Projects\ck-mvn-plugin\EvoteJava-main\src\layouts\panitiaPanel.java,layouts.panitiaPanel,panitiaPanel/0,true,163,0,2,2,0,1,0,2,0,0,0,0,0,0,0,0,0,0,0,0,0,0,0,0,0,0,2,1,0,false
E:\OOD_Projects\ck-mvn-plugin\EvoteJava-main\src\tools\Database.java,tools.Database,executeQuery/1[java.lang.String],false,170,0,3,3,0,4,15,24,1,5,1,15,0,0,2,0,1,0,0,1,8,0,3,0,0,0,38,9,0,true
E:\OOD_Projects\ck-mvn-plugin\EvoteJava-main\src\tools\Database.java,tools.Database,"executeQuery/2[java.lang.String,java.util.ArrayList<java.lang.String>]",false,202,0,7,7,0,5,18,27,1,6,2,18,0,0,3,0,1,0,0,3,9,1,3,0,0,0,40,9,0,true
E:\OOD_Projects\ck-mvn-plugin\EvoteJava-main\src\tools\Database.java,tools.Database,"updateImage/2[java.lang.String,javax.swing.ImageIcon]",false,72,0,4,4,0,3,16,29,3,4,2,16,0,0,0,0,2,0,1,3,6,0,2,0,0,0,42,9,0,true
E:\OOD_Projects\ck-mvn-plugin\EvoteJava-main\src\tools\Database.java,tools.Database,"executeCountQuery/2[java.lang.String,java.util.ArrayList<java.lang.String>]",false,238,0,3,3,0,3,14,21,1,2,2,14,0,0,1,0,1,0,0,3,6,1,2,0,0,0,30,9,0,true
E:\OOD_Projects\ck-mvn-plugin\EvoteJava-main\src\tools\Database.java,tools.Database,"executeUpdate/2[java.lang.String,java.util.ArrayList<java.lang.String>]",false,146,0,2,2,0,3,11,18,1,2,2,11,0,0,1,0,1,0,0,3,5,1,2,0,0,0,30,9,0,true
E:\OOD_Projects\ck-mvn-plugin\EvoteJava-main\src\tools\Database.java,tools.Database,getImage/1[java.lang.String],false,106,0,3,3,0,5,12,34,1,4,1,12,0,0,0,0,3,0,1,0,11,0,2,0,0,0,39,9,0,true
E:\OOD_Projects\ck-mvn-plugin\EvoteJava-main\src\tools\Database.java,tools.Database,"execute/2[java.lang.String,java.util.ArrayList<java.lang.String>]",false,41,0,21,21,0,4,11,24,3,1,2,11,0,0,1,0,2,0,0,2,3,1,2,0,0,0,31,9,0,true
E:\OOD_Projects\ck-mvn-plugin\EvoteJava-main\src\tools\Database.java,tools.Database,getLastID/1[java.lang.String],false,265,1,6,5,1,2,6,9,2,3,1,6,1,1,0,1,0,0,3,3,3,1,1,0,0,0,35,9,0,true
E:\OOD_Projects\ck-mvn-plugin\EvoteJava-main\src\layouts\configPanel.java,layouts.configPanel,configPanel/0,true,114,4,17,3,14,11,26,73,0,11,0,26,3,1,0,0,0,0,15,1,8,0,3,0,0,5,34,1,0,false
E:\OOD_Projects\ck-mvn-plugin\EvoteJava-main\src\layouts\configPanel.java,layouts.configPanel,saveConfig/0,false,43,1,2,1,1,2,8,23,0,1,0,8,0,0,0,0,0,1,2,0,1,0,0,0,0,0,9,2,0,true
E:\OOD_Projects\ck-mvn-plugin\EvoteJava-main\src\layouts\configPanel.java,layouts.configPanel,loadConfig/0,false,79,0,1,1,0,1,7,26,0,0,0,7,0,0,0,0,0,0,21,0,0,0,0,0,0,0,5,2,0,true
E:\OOD_Projects\ck-mvn-plugin\EvoteJava-main\src\layouts\configPanel.java,layouts.configPanel,showForm/0,false,187,1,4,2,2,1,7,17,0,0,0,7,0,0,0,0,0,0,1,0,1,0,0,1,0,0,21,1,0,true
E:\OOD_Projects\ck-mvn-plugin\EvoteJava-main\src\layouts\hasilPanel.java,layouts.hasilPanel,hasilPanel/1[codes.Event],true,33,3,3,1,2,3,14,18,0,2,1,14,0,0,1,1,0,0,1,2,2,0,2,0,0,0,14,1,0,false
E:\OOD_Projects\ck-mvn-plugin\EvoteJava-main\src\layouts\hasilPanel.java,layouts.hasilPanel,hasilPanel/0,true,31,0,1,1,0,1,0,2,0,0,0,0,0,0,0,0,0,0,0,0,0,0,0,0,0,0,2,1,0,false
E:\OOD_Projects\ck-mvn-plugin\EvoteJava-main\src\layouts\hasilPanel.java,layouts.hasilPanel,showForm/1[codes.Event],false,57,2,2,1,1,1,6,9,0,0,1,6,0,0,0,0,0,0,1,0,1,0,0,0,0,0,15,1,0,true
E:\OOD_Projects\ck-mvn-plugin\EvoteJava-main\src\codes\Panitia.java,codes.Panitia,Panitia/1[codes.User],true,27,1,2,2,0,1,0,3,0,0,1,0,0,0,0,0,0,0,0,0,1,0,0,0,0,0,9,1,0,true
E:\OOD_Projects\ck-mvn-plugin\EvoteJava-main\src\codes\Panitia.java,codes.Panitia,"hapusPemilihan/2[int,int]",false,200,1,2,1,1,2,5,10,2,2,2,5,0,0,0,0,0,0,1,1,2,0,1,0,0,0,21,1,0,true
E:\OOD_Projects\ck-mvn-plugin\EvoteJava-main\src\codes\Panitia.java,codes.Panitia,getId/0,false,39,0,4,4,0,1,0,3,1,0,0,0,0,0,0,0,0,0,0,0,0,0,0,0,0,0,3,1,0,false
E:\OOD_Projects\ck-mvn-plugin\EvoteJava-main\src\codes\Panitia.java,codes.Panitia,"hapusPaslon/3[int,int,int]",false,145,1,2,1,1,2,6,10,2,2,3,6,0,0,0,0,0,0,1,1,2,0,1,0,0,0,35,1,0,true
E:\OOD_Projects\ck-mvn-plugin\EvoteJava-main\src\codes\Panitia.java,codes.Panitia,"tambahPaslon/3[codes.Paslon,int,int]",false,99,3,12,1,11,2,16,11,2,2,3,16,0,0,0,0,0,0,3,0,2,1,1,0,0,0,40,1,0,true
E:\OOD_Projects\ck-mvn-plugin\EvoteJava-main\src\codes\Panitia.java,codes.Panitia,cekDaftarPemilih/1[int],false,217,1,2,1,1,1,3,5,1,2,1,3,0,0,0,0,0,0,1,0,2,0,0,0,0,0,33,1,0,true
E:\OOD_Projects\ck-mvn-plugin\EvoteJava-main\src\codes\Panitia.java,codes.Panitia,"hapusPemilih/2[int,int]",false,79,1,2,1,1,2,5,9,2,2,2,5,0,0,0,0,0,0,1,0,2,0,1,0,0,0,29,1,0,true
E:\OOD_Projects\ck-mvn-plugin\EvoteJava-main\src\codes\Panitia.java,codes.Panitia,selesaikanEvent/1[int],false,230,1,2,1,1,1,3,5,1,2,1,3,0,0,0,0,0,0,1,0,2,0,0,0,0,0,28,1,0,true
E:\OOD_Projects\ck-mvn-plugin\EvoteJava-main\src\codes\Panitia.java,codes.Panitia,"Panitia/3[int,codes.User,java.lang.String]",true,16,1,1,1,0,1,0,5,0,0,3,0,0,0,0,0,0,0,0,0,3,0,0,0,0,0,10,1,0,true
E:\OOD_Projects\ck-mvn-plugin\EvoteJava-main\src\codes\Panitia.java,codes.Panitia,getUser/0,false,43,1,4,4,0,1,0,3,1,0,0,0,0,0,0,0,0,0,0,0,0,0,0,0,0,0,3,1,0,false
E:\OOD_Projects\ck-mvn-plugin\EvoteJava-main\src\codes\Panitia.java,codes.Panitia,"tambahPemilih/2[int,codes.User]",false,60,2,4,1,3,2,7,10,2,3,2,7,0,0,0,0,0,0,2,0,3,0,1,0,0,0,35,1,0,true
E:\OOD_Projects\ck-mvn-plugin\EvoteJava-main\src\codes\Panitia.java,codes.Panitia,"editPemilihan/2[int,codes.Pemilihan]",false,183,2,4,1,3,2,7,9,2,2,2,7,0,0,0,0,0,0,1,0,2,0,1,0,0,0,30,1,0,true
E:\OOD_Projects\ck-mvn-plugin\EvoteJava-main\src\codes\Panitia.java,codes.Panitia,getJabatan/0,false,47,0,4,4,0,1,0,3,1,0,0,0,0,0,0,0,0,0,0,0,0,0,0,0,0,0,3,1,0,false
E:\OOD_Projects\ck-mvn-plugin\EvoteJava-main\src\codes\Panitia.java,codes.Panitia,setId/1[int],false,31,0,2,2,0,1,0,3,0,0,1,0,0,0,0,0,0,0,0,0,1,0,0,0,0,0,3,1,0,false
E:\OOD_Projects\ck-mvn-plugin\EvoteJava-main\src\codes\Panitia.java,codes.Panitia,setJabatan/1[java.lang.String],false,35,0,1,1,0,1,0,3,0,0,1,0,0,0,0,0,0,0,0,0,1,0,0,0,0,0,3,1,0,false
E:\OOD_Projects\ck-mvn-plugin\EvoteJava-main\src\codes\Panitia.java,codes.Panitia,"tambahPemilihan/2[int,codes.Pemilihan]",false,164,2,6,1,5,2,9,10,2,2,2,9,0,0,0,0,0,0,2,0,2,0,1,0,0,0,32,1,0,true
E:\OOD_Projects\ck-mvn-plugin\EvoteJava-main\src\codes\Panitia.java,codes.Panitia,"editPaslon/4[codes.Paslon,int,int,boolean]",false,123,3,10,1,9,3,14,10,2,2,4,14,0,0,0,0,0,0,2,0,2,1,2,0,0,0,46,1,0,true
E:\OOD_Projects\ck-mvn-plugin\EvoteJava-main\src\codes\Pemilihan.java,codes.Pemilihan,getNama/0,false,18,0,6,6,0,1,0,3,1,0,0,0,0,0,0,0,0,0,0,0,0,0,0,0,0,0,3,1,0,false
E:\OOD_Projects\ck-mvn-plugin\EvoteJava-main\src\codes\Pemilihan.java,codes.Pemilihan,setId/1[int],false,14,0,2,2,0,1,0,3,0,0,1,0,0,0,0,0,0,0,0,0,1,0,0,0,0,0,3,1,0,false
E:\OOD_Projects\ck-mvn-plugin\EvoteJava-main\src\codes\Pemilihan.java,codes.Pemilihan,"Pemilihan/2[int,java.lang.String]",true,25,0,1,1,0,1,0,4,0,0,2,0,0,0,0,0,0,0,0,0,2,0,0,0,0,0,9,1,0,true
E:\OOD_Projects\ck-mvn-plugin\EvoteJava-main\src\codes\Pemilihan.java,codes.Pemilihan,getId/0,false,10,0,7,7,0,1,0,3,1,0,0,0,0,0,0,0,0,0,0,0,0,0,0,0,0,0,3,1,0,false
E:\OOD_Projects\ck-mvn-plugin\EvoteJava-main\src\codes\Pemilihan.java,codes.Pemilihan,Pemilihan/1[java.lang.String],true,33,0,1,1,0,1,0,3,0,0,1,0,0,0,0,0,0,0,0,0,1,0,0,0,0,0,6,1,0,true
E:\OOD_Projects\ck-mvn-plugin\EvoteJava-main\src\layouts\adminPanel.java,layouts.adminPanel$Anonymous1,"isCellEditable/2[int,int]",false,72,0,0,0,0,1,0,3,1,0,2,0,0,0,0,0,0,0,0,0,0,0,0,0,0,0,5,1,0,false
E:\OOD_Projects\ck-mvn-plugin\EvoteJava-main\src\layouts\adminPanel.java,layouts.adminPanel$Anonymous1,getColumnClass/1[int],false,76,0,0,0,0,2,0,8,2,0,1,0,0,0,0,0,0,0,0,1,0,0,1,0,0,0,4,1,0,false
E:\OOD_Projects\ck-mvn-plugin\EvoteJava-main\src\layouts\adminPanel.java,layouts.adminPanel$Anonymous2,"isCellEditable/2[int,int]",false,85,0,0,0,0,1,0,3,1,0,2,0,0,0,0,0,0,0,0,0,0,0,0,0,0,0,5,1,0,false
E:\OOD_Projects\ck-mvn-plugin\EvoteJava-main\src\layouts\loginForm.java,layouts.loginForm$Anonymous1,actionPerformed/1[java.awt.event.ActionEvent],false,50,1,2,0,2,1,2,5,0,1,1,2,0,0,0,0,0,0,0,0,1,0,0,0,0,0,8,1,0,false
E:\OOD_Projects\ck-mvn-plugin\EvoteJava-main\src\tools\Config.java,tools.Config,loadLnF/0,false,116,5,3,2,1,6,7,24,0,0,0,7,1,1,0,0,1,0,7,1,0,0,2,0,0,0,18,9,0,true
E:\OOD_Projects\ck-mvn-plugin\EvoteJava-main\src\tools\Config.java,tools.Config,"testKoneksiDatabase/5[java.lang.String,java.lang.String,java.lang.String,java.lang.String,java.lang.String]",false,157,1,2,1,1,2,5,12,2,1,5,5,1,1,0,0,1,0,4,0,2,1,1,0,0,0,32,9,0,true
E:\OOD_Projects\ck-mvn-plugin\EvoteJava-main\src\tools\Config.java,tools.Config,loadIcon/0,false,78,1,3,2,1,6,6,34,0,0,0,6,0,0,0,0,1,0,22,1,17,0,2,0,0,0,34,9,0,true
E:\OOD_Projects\ck-mvn-plugin\EvoteJava-main\src\tools\Config.java,tools.Config,createMysqlTable/0,false,174,1,1,1,0,4,10,15,2,3,0,10,0,0,1,0,1,0,3,0,3,0,3,0,0,0,21,10,0,true
E:\OOD_Projects\ck-mvn-plugin\EvoteJava-main\src\tools\Config.java,tools.Config,"testSendEmail/9[codes.User,java.lang.String,java.lang.String,java.lang.String,java.lang.String,java.lang.String,java.lang.String,java.lang.String,java.lang.String]",false,235,5,4,1,3,3,16,34,3,4,9,16,0,0,0,1,1,0,12,2,7,0,1,1,0,0,54,9,0,true
E:\OOD_Projects\ck-mvn-plugin\EvoteJava-main\src\tools\Config.java,tools.Config,"saveAdminToDatabase/2[codes.User,java.lang.String]",false,199,2,5,1,4,3,7,12,3,2,2,7,0,0,0,0,1,0,3,0,2,0,2,0,0,0,46,9,0,true
E:\OOD_Projects\ck-mvn-plugin\EvoteJava-main\src\tools\Config.java,tools.Config$Anonymous1,getPasswordAuthentication/0,false,250,1,0,0,0,1,0,3,1,0,0,0,0,0,0,0,0,0,0,0,0,0,0,0,0,0,3,4,0,false
E:\OOD_Projects\ck-mvn-plugin\EvoteJava-main\src\layouts\userPanel.java,layouts.userPanel,getSelectedPaslon/0,false,108,1,1,1,0,1,3,3,1,0,0,3,0,0,0,0,0,0,0,0,0,0,0,0,0,0,3,2,0,false
E:\OOD_Projects\ck-mvn-plugin\EvoteJava-main\src\layouts\userPanel.java,layouts.userPanel,showForm/1[codes.User],false,226,2,4,3,1,1,6,9,0,0,1,6,0,0,0,0,0,0,1,0,1,0,0,0,0,0,9,1,0,false
E:\OOD_Projects\ck-mvn-plugin\EvoteJava-main\src\layouts\userPanel.java,layouts.userPanel,getSelectedIdEvent/0,false,104,0,2,2,0,1,4,3,1,0,0,4,0,0,0,0,0,0,0,1,0,0,0,0,0,0,4,2,0,false
E:\OOD_Projects\ck-mvn-plugin\EvoteJava-main\src\layouts\userPanel.java,layouts.userPanel,userPanel/1[codes.User],true,115,7,13,1,12,12,39,112,0,8,1,39,4,1,1,5,0,0,17,14,4,1,5,0,0,5,49,1,0,false
E:\OOD_Projects\ck-mvn-plugin\EvoteJava-main\src\layouts\userPanel.java,layouts.userPanel,"loadPaslonTable/2[int,int]",false,80,2,2,1,1,6,9,23,0,4,2,9,0,0,1,2,0,0,0,9,7,0,2,0,0,0,14,2,0,false
E:\OOD_Projects\ck-mvn-plugin\EvoteJava-main\src\layouts\userPanel.java,layouts.userPanel,userPanel/0,true,112,0,3,3,0,1,0,2,0,0,0,0,0,0,0,0,0,0,0,0,0,0,0,0,0,0,2,1,0,false
E:\OOD_Projects\ck-mvn-plugin\EvoteJava-main\src\layouts\userPanel.java,layouts.userPanel,loadEventTable/0,false,70,2,7,1,6,3,11,9,0,2,0,11,0,0,1,0,0,0,0,3,2,0,2,0,0,0,8,2,0,false
E:\OOD_Projects\ck-mvn-plugin\EvoteJava-main\src\tools\Mail.java,tools.Mail,"sendMail/3[java.lang.String,java.lang.String,java.lang.String]",false,27,4,2,2,0,2,10,26,2,3,3,10,0,0,0,0,1,0,5,0,3,0,1,1,0,0,34,9,0,true
E:\OOD_Projects\ck-mvn-plugin\EvoteJava-main\src\codes\Evote.java,codes.Evote,"loadEventData/2[codes.User,int]",false,37,4,13,3,10,5,17,33,0,10,2,17,3,2,1,0,0,0,9,3,16,1,1,0,0,0,61,9,0,true
E:\OOD_Projects\ck-mvn-plugin\EvoteJava-main\src\codes\Evote.java,codes.Evote,loadPemilihanData/1[java.lang.String],false,104,3,5,1,4,2,8,14,1,6,1,8,1,1,1,0,0,0,4,0,7,0,1,0,0,0,30,10,0,true
E:\OOD_Projects\ck-mvn-plugin\EvoteJava-main\src\codes\Evote.java,codes.Evote,loadPaslonData/1[java.lang.String],false,125,3,6,1,5,3,8,22,1,9,1,8,0,0,1,0,1,0,9,0,10,1,2,0,0,0,51,10,0,true
E:\OOD_Projects\ck-mvn-plugin\EvoteJava-main\src\codes\Evote.java,codes.Evote,loadPanitiaData/1[java.lang.String],false,153,3,5,1,4,2,7,13,1,7,1,7,0,0,1,0,0,0,4,0,7,0,1,0,0,0,31,10,0,true
E:\OOD_Projects\ck-mvn-plugin\EvoteJava-main\src\codes\Evote.java,codes.Evote,loadUserData/0,false,170,2,4,1,3,2,6,10,0,4,0,6,0,0,1,0,0,0,4,0,4,0,1,0,0,0,24,9,0,true
E:\OOD_Projects\ck-mvn-plugin\EvoteJava-main\src\codes\Evote.java,codes.Evote,main/1[java.lang.String[]],false,24,2,3,0,3,1,2,5,0,1,1,2,0,0,0,0,0,0,0,0,1,0,0,0,0,0,7,9,0,true
E:\OOD_Projects\ck-mvn-plugin\EvoteJava-main\src\codes\Evote.java,codes.Evote,loadDaftarPemilihData/1[java.lang.String],false,78,2,5,1,4,3,7,20,1,6,1,7,0,0,1,0,1,0,4,0,7,0,2,0,0,0,45,10,0,true
E:\OOD_Projects\ck-mvn-plugin\EvoteJava-main\src\codes\Admin.java,codes.Admin,setUser/1[codes.User],false,19,1,0,0,0,1,0,3,0,0,1,0,0,0,0,0,0,0,0,0,1,0,0,0,0,0,6,1,0,true
E:\OOD_Projects\ck-mvn-plugin\EvoteJava-main\src\codes\Admin.java,codes.Admin,"editEvent/2[codes.Event,boolean]",false,50,2,9,1,8,3,11,12,2,3,2,11,0,0,0,0,0,0,3,0,3,2,2,0,0,0,42,1,0,true
E:\OOD_Projects\ck-mvn-plugin\EvoteJava-main\src\codes\Admin.java,codes.Admin,resendEmail/1[codes.User],false,186,5,7,1,6,3,10,15,2,6,1,10,0,0,0,0,0,0,6,1,9,0,2,0,0,0,42,1,0,true
E:\OOD_Projects\ck-mvn-plugin\EvoteJava-main\src\codes\Admin.java,codes.Admin,editUser/1[codes.User],false,169,2,5,1,4,2,6,9,2,2,1,6,0,0,0,0,0,0,1,0,2,0,1,0,0,0,30,1,0,true
E:\OOD_Projects\ck-mvn-plugin\EvoteJava-main\src\codes\Admin.java,codes.Admin,hapusEvent/1[int],false,70,1,2,1,1,2,4,9,2,2,1,4,0,0,0,0,0,0,1,0,2,0,1,0,0,0,25,1,0,true
E:\OOD_Projects\ck-mvn-plugin\EvoteJava-main\src\codes\Admin.java,codes.Admin,hapusUser/1[java.lang.String],false,209,1,2,1,1,2,3,9,2,2,1,3,0,0,0,0,0,0,1,0,2,0,1,0,0,0,27,1,0,true
E:\OOD_Projects\ck-mvn-plugin\EvoteJava-main\src\codes\Admin.java,codes.Admin,tambahEvent/1[codes.Event],false,29,2,9,1,8,2,10,12,2,3,1,10,0,0,0,0,0,0,3,0,3,1,1,0,0,0,34,1,0,true
E:\OOD_Projects\ck-mvn-plugin\EvoteJava-main\src\codes\Admin.java,codes.Admin,"hapusPanitia/2[int,int]",false,126,1,2,1,1,2,5,9,2,2,2,5,0,0,0,0,0,0,1,0,2,0,1,0,0,0,29,1,0,true
E:\OOD_Projects\ck-mvn-plugin\EvoteJava-main\src\codes\Admin.java,codes.Admin,"editPanitia/2[int,codes.Panitia]",false,108,3,6,1,5,2,9,9,2,2,2,9,0,0,0,0,0,0,1,0,2,0,1,0,0,0,34,1,0,true
E:\OOD_Projects\ck-mvn-plugin\EvoteJava-main\src\codes\Admin.java,codes.Admin,"tambahPanitia/2[int,codes.Panitia]",false,88,3,7,1,6,2,10,11,2,3,2,10,0,0,0,0,0,0,2,0,3,0,1,0,0,0,32,1,0,true
E:\OOD_Projects\ck-mvn-plugin\EvoteJava-main\src\codes\Admin.java,codes.Admin,tambahUser/1[codes.User],false,142,5,7,1,6,3,11,17,3,6,1,11,0,0,0,0,0,0,6,1,9,0,1,0,0,0,38,1,0,true
E:\OOD_Projects\ck-mvn-plugin\EvoteJava-main\src\layouts\configPanel.java,layouts.configPanel$Anonymous1,windowClosing/1[java.awt.event.WindowEvent],false,193,1,2,0,2,1,2,5,0,1,1,2,0,0,0,0,0,0,0,0,1,0,0,0,0,0,8,1,0,false
E:\OOD_Projects\ck-mvn-plugin\EvoteJava-main\src\tools\Util.java,tools.Util,getIcon/1[java.lang.String],false,78,1,1,1,0,6,3,19,2,1,1,3,0,0,0,0,1,0,9,0,3,1,2,0,0,0,29,9,0,true
E:\OOD_Projects\ck-mvn-plugin\EvoteJava-main\src\tools\Util.java,tools.Util,initLogger/0,false,22,1,1,1,0,3,11,21,0,5,0,11,0,0,0,0,2,0,1,0,6,1,2,0,0,0,26,9,0,true
E:\OOD_Projects\ck-mvn-plugin\EvoteJava-main\src\tools\Util.java,tools.Util,createRandomPassword/1[int],false,105,0,2,2,0,1,6,4,1,1,1,6,0,0,0,0,0,0,1,1,1,0,0,0,0,0,12,9,0,true
E:\OOD_Projects\ck-mvn-plugin\EvoteJava-main\src\tools\Util.java,tools.Util,"scaleImage/3[javax.swing.ImageIcon,int,int]",false,55,0,6,6,0,3,4,13,1,2,3,4,0,0,0,0,0,2,0,0,6,4,1,0,0,0,22,9,0,true
E:\OOD_Projects\ck-mvn-plugin\EvoteJava-main\src\codes\Paslon.java,codes.Paslon,"Paslon/5[codes.User,codes.User,javax.swing.ImageIcon,java.lang.String,java.lang.String]",true,24,1,1,1,0,1,0,7,0,0,5,0,0,0,0,0,0,0,0,0,5,0,0,0,0,0,11,1,0,true
E:\OOD_Projects\ck-mvn-plugin\EvoteJava-main\src\codes\Paslon.java,codes.Paslon,setFoto/1[javax.swing.ImageIcon],false,54,0,0,0,0,1,0,3,0,0,1,0,0,0,0,0,0,0,0,0,1,0,0,0,0,0,5,1,0,false
E:\OOD_Projects\ck-mvn-plugin\EvoteJava-main\src\codes\Paslon.java,codes.Paslon,getWakil/0,false,71,1,6,6,0,1,0,3,1,0,0,0,0,0,0,0,0,0,0,0,0,0,0,0,0,0,4,1,0,false
E:\OOD_Projects\ck-mvn-plugin\EvoteJava-main\src\codes\Paslon.java,codes.Paslon,getSuara/0,false,87,0,1,1,0,1,0,3,1,0,0,0,0,0,0,0,0,0,0,0,0,0,0,0,0,0,3,1,0,false
E:\OOD_Projects\ck-mvn-plugin\EvoteJava-main\src\codes\Paslon.java,codes.Paslon,getMisi/0,false,83,0,5,5,0,1,0,3,1,0,0,0,0,0,0,0,0,0,0,0,0,0,0,0,0,0,3,1,0,false
E:\OOD_Projects\ck-mvn-plugin\EvoteJava-main\src\codes\Paslon.java,codes.Paslon,getKetua/0,false,67,1,6,6,0,1,0,3,1,0,0,0,0,0,0,0,0,0,0,0,0,0,0,0,0,0,4,1,0,false
E:\OOD_Projects\ck-mvn-plugin\EvoteJava-main\src\codes\Paslon.java,codes.Paslon,getVisi/0,false,79,0,5,5,0,1,0,3,1,0,0,0,0,0,0,0,0,0,0,0,0,0,0,0,0,0,3,1,0,false
E:\OOD_Projects\ck-mvn-plugin\EvoteJava-main\src\codes\Paslon.java,codes.Paslon,Paslon/0,true,17,0,0,0,0,1,0,2,0,0,0,0,0,0,0,0,0,0,0,0,0,0,0,0,0,0,1,1,0,false
E:\OOD_Projects\ck-mvn-plugin\EvoteJava-main\src\codes\Paslon.java,codes.Paslon,"Paslon/7[int,codes.User,codes.User,javax.swing.ImageIcon,java.lang.String,java.lang.String,int]",true,35,1,1,1,0,1,0,9,0,0,7,0,0,0,0,0,0,0,0,0,7,0,0,0,0,0,14,1,0,true
E:\OOD_Projects\ck-mvn-plugin\EvoteJava-main\src\codes\Paslon.java,codes.Paslon,terpilih/0,false,47,1,2,1,1,1,3,6,0,2,0,3,0,0,0,0,0,0,1,1,3,0,0,0,0,0,17,1,0,true
E:\OOD_Projects\ck-mvn-plugin\EvoteJava-main\src\codes\Paslon.java,codes.Paslon,getFoto/0,false,75,0,5,5,0,1,0,3,1,0,0,0,0,0,0,0,0,0,0,0,0,0,0,0,0,0,5,1,0,false
E:\OOD_Projects\ck-mvn-plugin\EvoteJava-main\src\codes\Paslon.java,codes.Paslon,getId/0,false,63,0,5,5,0,1,0,3,1,0,0,0,0,0,0,0,0,0,0,0,0,0,0,0,0,0,3,1,0,false
E:\OOD_Projects\ck-mvn-plugin\EvoteJava-main\src\codes\Paslon.java,codes.Paslon,setId/1[int],false,59,0,2,2,0,1,0,3,0,0,1,0,0,0,0,0,0,0,0,0,1,0,0,0,0,0,3,1,0,false
E:\OOD_Projects\ck-mvn-plugin\EvoteJava-main\src\layouts\hasilPanel.java,layouts.hasilPanel$Anonymous1,getColumnClass/1[int],false,20,1,0,0,0,1,0,3,1,0,1,0,0,0,0,0,0,0,0,0,0,0,0,0,0,0,5,1,0,false
E:\OOD_Projects\ck-mvn-plugin\EvoteJava-main\src\layouts\hasilPanel.java,layouts.hasilPanel$Anonymous1,"isCellEditable/2[int,int]",false,25,0,0,0,0,1,0,3,1,0,2,0,0,0,0,0,0,0,0,0,0,0,0,0,0,0,5,1,0,false
E:\OOD_Projects\ck-mvn-plugin\EvoteJava-main\src\layouts\userPanel.java,layouts.userPanel$Anonymous1,"isCellEditable/2[int,int]",false,30,0,0,0,0,1,0,3,1,0,2,0,0,0,0,0,0,0,0,0,0,0,0,0,0,0,5,1,0,false
E:\OOD_Projects\ck-mvn-plugin\EvoteJava-main\src\layouts\userPanel.java,layouts.userPanel$Anonymous1,getColumnClass/1[int],false,34,0,0,0,0,2,0,8,2,0,1,0,0,0,0,0,0,0,0,1,0,0,1,0,0,0,4,1,0,false
E:\OOD_Projects\ck-mvn-plugin\EvoteJava-main\src\layouts\loginForm.java,layouts.loginForm,loginForm/0,true,19,4,18,7,11,4,19,42,0,7,0,19,0,0,0,1,0,0,7,0,6,0,3,1,0,1,32,1,0,false
E:\OOD_Projects\ck-mvn-plugin\EvoteJava-main\src\layouts\loginForm.java,layouts.loginForm,showForm/0,false,64,2,8,6,2,1,8,11,0,0,0,8,0,0,0,0,0,0,1,0,1,0,0,0,0,0,10,1,0,true
E:\OOD_Projects\ck-mvn-plugin\EvoteJava-main\src\layouts\userPanel.java,layouts.userPanel$Anonymous2,"getValueAt/2[int,int]",false,48,3,2,0,2,6,9,17,3,3,2,9,0,0,1,3,1,1,0,3,3,2,2,0,0,0,21,1,0,false
E:\OOD_Projects\ck-mvn-plugin\EvoteJava-main\src\layouts\userPanel.java,layouts.userPanel$Anonymous2,getColumnClass/1[int],false,43,1,0,0,0,1,0,3,1,0,1,0,0,0,0,0,0,0,0,0,0,0,0,0,0,0,4,1,0,false
E:\OOD_Projects\ck-mvn-plugin\EvoteJava-main\src\codes\Event.java,codes.Event,setId/1[int],false,53,0,2,2,0,1,0,3,0,0,1,0,0,0,0,0,0,0,0,0,1,0,0,0,0,0,3,1,0,false
E:\OOD_Projects\ck-mvn-plugin\EvoteJava-main\src\codes\Event.java,codes.Event,getDeskripsi/0,false,69,0,6,6,0,1,0,3,1,0,0,0,0,0,0,0,0,0,0,0,0,0,0,0,0,0,3,1,0,false
E:\OOD_Projects\ck-mvn-plugin\EvoteJava-main\src\codes\Event.java,codes.Event,isEnable/0,false,73,0,2,2,0,1,0,3,1,0,0,0,0,0,0,0,0,0,0,0,0,0,0,0,0,0,3,1,0,false
E:\OOD_Projects\ck-mvn-plugin\EvoteJava-main\src\codes\Event.java,codes.Event,"Event/3[java.lang.String,javax.swing.ImageIcon,java.lang.String]",true,43,0,1,1,0,1,0,5,0,0,3,0,0,0,0,0,0,0,0,0,3,0,0,0,0,0,7,1,0,true
E:\OOD_Projects\ck-mvn-plugin\EvoteJava-main\src\codes\Event.java,codes.Event,getId/0,false,57,0,7,7,0,1,0,3,1,0,0,0,0,0,0,0,0,0,0,0,0,0,0,0,0,0,3,1,0,false
E:\OOD_Projects\ck-mvn-plugin\EvoteJava-main\src\codes\Event.java,codes.Event,setFoto/1[javax.swing.ImageIcon],false,49,0,1,1,0,1,0,3,0,0,1,0,0,0,0,0,0,0,0,0,1,0,0,0,0,0,5,1,0,false
E:\OOD_Projects\ck-mvn-plugin\EvoteJava-main\src\codes\Event.java,codes.Event,setEnable/1[boolean],false,77,0,1,1,0,1,0,3,0,0,1,0,0,0,0,0,0,0,0,0,1,0,0,0,0,0,3,1,0,false
E:\OOD_Projects\ck-mvn-plugin\EvoteJava-main\src\codes\Event.java,codes.Event,getNama/0,false,61,0,7,7,0,1,0,3,1,0,0,0,0,0,0,0,0,0,0,0,0,0,0,0,0,0,3,1,0,false
E:\OOD_Projects\ck-mvn-plugin\EvoteJava-main\src\codes\Event.java,codes.Event,"Event/4[int,java.lang.String,javax.swing.ImageIcon,java.lang.String]",true,27,0,1,1,0,1,0,6,0,0,4,0,0,0,0,0,0,0,0,0,4,0,0,0,0,0,11,1,0,true
E:\OOD_Projects\ck-mvn-plugin\EvoteJava-main\src\codes\Event.java,codes.Event,getFoto/0,false,65,0,5,5,0,1,0,3,1,0,0,0,0,0,0,0,0,0,0,0,0,0,0,0,0,0,5,1,0,false
E:\OOD_Projects\ck-mvn-plugin\EvoteJava-main\src\codes\User.java,codes.User,"User/3[java.lang.String,java.lang.String,java.lang.String]",true,42,0,2,2,0,1,0,5,0,0,3,0,0,0,0,0,0,0,0,0,3,0,0,0,0,0,13,1,0,true
E:\OOD_Projects\ck-mvn-plugin\EvoteJava-main\src\codes\User.java,codes.User,getNpm/0,false,129,0,19,19,0,1,0,3,1,0,0,0,0,0,0,0,0,0,0,0,0,0,0,0,0,0,3,1,0,false
E:\OOD_Projects\ck-mvn-plugin\EvoteJava-main\src\codes\User.java,codes.User,getNama/0,false,133,0,14,14,0,1,0,3,1,0,0,0,0,0,0,0,0,0,0,0,0,0,0,0,0,0,3,1,0,false
E:\OOD_Projects\ck-mvn-plugin\EvoteJava-main\src\codes\User.java,codes.User,"login/2[java.lang.String,java.lang.String]",false,56,2,3,1,2,3,7,18,2,4,2,7,0,0,0,0,1,0,4,2,7,0,2,0,0,0,32,1,0,true
E:\OOD_Projects\ck-mvn-plugin\EvoteJava-main\src\codes\User.java,codes.User,"simpanPilihan/1[java.util.HashMap<java.lang.Integer,codes.Paslon>]",false,101,2,3,1,2,4,5,15,2,4,1,5,0,0,1,1,0,0,1,0,4,0,3,0,0,0,36,1,0,true
E:\OOD_Projects\ck-mvn-plugin\EvoteJava-main\src\codes\User.java,codes.User,User/1[java.lang.String],true,23,1,7,5,2,3,7,16,0,4,1,7,0,0,0,0,1,0,5,1,7,0,2,0,0,0,28,1,0,true
E:\OOD_Projects\ck-mvn-plugin\EvoteJava-main\src\codes\User.java,codes.User,setNama/1[java.lang.String],false,121,0,1,1,0,1,0,3,0,0,1,0,0,0,0,0,0,0,0,0,1,0,0,0,0,0,3,1,0,false
E:\OOD_Projects\ck-mvn-plugin\EvoteJava-main\src\codes\User.java,codes.User,isPanitia/0,false,89,1,3,2,1,2,2,5,1,2,0,2,0,0,0,0,0,0,1,1,2,0,0,0,0,0,25,1,0,true
E:\OOD_Projects\ck-mvn-plugin\EvoteJava-main\src\codes\User.java,codes.User,getEmail/0,false,137,0,7,7,0,1,0,3,1,0,0,0,0,0,0,0,0,0,0,0,0,0,0,0,0,0,3,1,0,false
E:\OOD_Projects\ck-mvn-plugin\EvoteJava-main\src\codes\User.java,codes.User,User/0,true,18,0,2,2,0,1,0,2,0,0,0,0,0,0,0,0,0,0,0,0,0,0,0,0,0,0,4,1,0,true
E:\OOD_Projects\ck-mvn-plugin\EvoteJava-main\src\codes\User.java,codes.User,isAdmin/0,false,79,1,1,1,0,1,3,4,1,1,0,3,0,0,0,0,0,0,1,0,1,0,0,0,0,0,18,1,0,true
E:\OOD_Projects\ck-mvn-plugin\EvoteJava-main\src\codes\User.java,codes.User,setEmail/1[java.lang.String],false,125,0,1,1,0,1,0,3,0,0,1,0,0,0,0,0,0,0,0,0,1,0,0,0,0,0,3,1,0,false
E:\OOD_Projects\ck-mvn-plugin\EvoteJava-main\src\codes\User.java,codes.User,setNpm/1[java.lang.String],false,117,0,2,2,0,1,0,3,0,0,1,0,0,0,0,0,0,0,0,0,1,0,0,0,0,0,3,1,0,false
E:\OOD_Projects\ck-mvn-plugin\EvoteJava-main\src\layouts\hasilPanel.java,layouts.hasilPanel$hasilCellRenderer,"getTableCellRendererComponent/6[javax.swing.JTable,java.lang.Object,boolean,boolean,int,int]",false,73,4,7,0,7,3,19,43,1,13,6,19,0,0,1,0,1,0,5,12,14,3,2,0,0,0,35,1,0,false
E:\OOD_Projects\ck-mvn-plugin\EvoteJava-main\src\layouts\userPanel.java,layouts.userPanel$PaslonCellRenderer,"getTableCellRendererComponent/6[javax.swing.JTable,java.lang.Object,boolean,boolean,int,int]",false,238,3,7,0,7,4,16,36,1,8,6,16,0,0,0,2,0,0,5,6,8,4,2,0,0,0,26,1,0,false
E:\OOD_Projects\ck-mvn-plugin\EvoteJava-main\src\layouts\panitiaPanel.java,layouts.panitiaPanel$Anonymous1,getColumnClass/1[int],false,56,0,0,0,0,2,0,8,2,0,1,0,0,0,0,0,0,0,0,1,0,0,1,0,0,0,4,1,0,false
E:\OOD_Projects\ck-mvn-plugin\EvoteJava-main\src\layouts\panitiaPanel.java,layouts.panitiaPanel$Anonymous1,"isCellEditable/2[int,int]",false,52,0,0,0,0,1,0,3,1,0,2,0,0,0,0,0,0,0,0,0,0,0,0,0,0,0,5,1,0,false
E:\OOD_Projects\ck-mvn-plugin\EvoteJava-main\src\layouts\adminPanel.java,layouts.adminPanel,showForm/1[codes.User],false,452,2,2,1,1,1,6,9,0,0,1,6,0,0,0,0,0,0,1,0,1,0,0,0,0,0,18,1,0,true
E:\OOD_Projects\ck-mvn-plugin\EvoteJava-main\src\layouts\adminPanel.java,layouts.adminPanel,loadPanitiaTabel/1[int],false,117,2,6,1,5,2,11,9,0,2,1,11,0,0,1,0,0,0,0,1,2,0,1,0,0,0,15,2,0,true
E:\OOD_Projects\ck-mvn-plugin\EvoteJava-main\src\layouts\adminPanel.java,layouts.adminPanel,loadEventTabel/0,false,100,2,6,1,5,2,13,11,0,3,0,13,0,0,1,0,0,0,0,5,3,0,1,0,0,0,16,2,0,true
E:\OOD_Projects\ck-mvn-plugin\EvoteJava-main\src\layouts\adminPanel.java,layouts.adminPanel,adminPanel/1[codes.User],true,167,9,43,1,42,26,72,283,0,32,1,72,6,1,0,6,0,0,70,7,17,3,4,0,0,15,80,1,0,false
E:\OOD_Projects\ck-mvn-plugin\EvoteJava-main\src\layouts\adminPanel.java,layouts.adminPanel,getSelectedNpmUser/0,false,152,0,1,1,0,1,3,3,1,0,0,3,0,0,0,0,0,0,0,1,0,0,0,0,0,0,13,2,0,true
E:\OOD_Projects\ck-mvn-plugin\EvoteJava-main\src\layouts\adminPanel.java,layouts.adminPanel,getSelectedIdEvent/0,false,144,0,1,1,0,1,4,3,1,0,0,4,0,0,0,0,0,0,0,1,0,0,0,0,0,0,13,2,0,true
E:\OOD_Projects\ck-mvn-plugin\EvoteJava-main\src\layouts\adminPanel.java,layouts.adminPanel,getSelectedIdPanitia/0,false,160,0,1,1,0,1,4,3,1,0,0,4,0,0,0,0,0,0,0,1,0,0,0,0,0,0,13,2,0,true
E:\OOD_Projects\ck-mvn-plugin\EvoteJava-main\src\layouts\adminPanel.java,layouts.adminPanel,adminPanel/0,true,164,0,1,1,0,1,0,2,0,0,0,0,0,0,0,0,0,0,0,0,0,0,0,0,0,0,2,1,0,false
E:\OOD_Projects\ck-mvn-plugin\EvoteJava-main\src\layouts\adminPanel.java,layouts.adminPanel,loadUserTable/0,false,130,1,4,1,3,2,8,9,0,2,0,8,0,0,1,0,0,0,0,1,2,0,1,0,0,0,10,2,0,true
