file,class,type,cbo,cboModified,fanin,fanout,wmc,dit,noc,rfc,lcom,lcom*,tcc,lcc,totalMethodsQty,staticMethodsQty,publicMethodsQty,privateMethodsQty,protectedMethodsQty,defaultMethodsQty,visibleMethodsQty,abstractMethodsQty,finalMethodsQty,synchronizedMethodsQty,totalFieldsQty,staticFieldsQty,publicFieldsQty,privateFieldsQty,protectedFieldsQty,defaultFieldsQty,finalFieldsQty,synchronizedFieldsQty,nosi,loc,returnQty,loopQty,comparisonsQty,tryCatchQty,parenthesizedExpsQty,stringLiteralsQty,numbersQty,assignmentsQty,mathOperationsQty,variablesQty,maxNestedBlocksQty,anonymousClassesQty,innerClassesQty,lambdasQty,uniqueWordsQty,modifiers,logStatementsQty
E:\OOD_Projects\ck-mvn-plugin\hotel-reservation-master\src\model\room\Room.java,model.room.Room,class,3,6,3,3,11,1,1,3,0,0.5,0.60714287,1.0,8,0,8,0,0,0,8,0,0,0,3,0,0,3,0,0,3,0,2,38,9,0,2,0,1,3,1,4,1,4,1,0,0,0,23,1,0
E:\OOD_Projects\ck-mvn-plugin\hotel-reservation-master\src\HotelApplication.java,HotelApplication,class,1,1,0,1,1,1,0,1,0,0.0,NaN,NaN,1,1,1,0,0,0,1,0,0,0,0,0,0,0,0,0,0,0,1,5,0,0,0,0,0,0,0,0,0,0,0,0,0,0,5,1,0
E:\OOD_Projects\ck-mvn-plugin\hotel-reservation-master\src\model\room\enums\RoomType.java,model.room.enums.RoomType,enum,1,6,5,1,4,1,0,2,0,0.0,NaN,NaN,2,1,1,1,0,0,1,0,0,0,1,0,1,0,0,0,1,0,1,13,1,1,0,0,0,2,0,1,0,1,2,0,0,0,23,1,0
E:\OOD_Projects\ck-mvn-plugin\hotel-reservation-master\src\model\room\IRoom.java,model.room.IRoom,interface,1,8,7,1,4,1,0,0,6,0.0,0.0,0.0,4,0,4,0,0,0,4,0,0,0,0,0,0,0,0,0,0,0,0,6,0,0,0,0,0,0,0,0,0,0,0,0,0,0,10,1,0
E:\OOD_Projects\ck-mvn-plugin\hotel-reservation-master\src\api\HotelResource.java,api.HotelResource,class,6,8,2,6,11,1,0,12,13,0.70000005,0.44444445,0.44444445,10,1,9,1,0,0,9,0,0,0,3,1,0,3,0,0,3,0,3,38,9,0,1,0,0,0,0,4,0,4,1,0,0,0,42,1,0
E:\OOD_Projects\ck-mvn-plugin\hotel-reservation-master\src\model\customer\Customer.java,model.customer.Customer,class,1,8,7,1,5,1,0,4,0,0.4375,1.0,1.0,4,0,3,1,0,0,3,0,0,0,4,1,0,4,0,0,4,0,1,24,2,0,0,0,0,5,0,5,1,5,1,0,0,0,30,1,0
E:\OOD_Projects\ck-mvn-plugin\hotel-reservation-master\src\service\reservation\ReservationService.java,service.reservation.ReservationService,class,4,7,3,4,20,1,0,33,67,0.8214286,0.08888889,0.08888889,14,1,10,4,0,0,10,0,0,0,4,2,0,4,0,0,4,0,2,76,11,3,1,0,0,2,1,12,1,13,2,0,0,2,55,1,0
E:\OOD_Projects\ck-mvn-plugin\hotel-reservation-master\src\MainMenu.java,MainMenu,class,5,8,3,5,32,1,0,34,24,0.7222222,0.0,0.0,9,9,2,7,0,0,2,0,0,0,2,2,0,2,0,0,2,0,20,162,2,1,7,3,0,41,4,24,4,25,4,0,0,2,103,1,0
E:\OOD_Projects\ck-mvn-plugin\hotel-reservation-master\src\AdminMenu.java,AdminMenu,class,7,9,2,7,28,1,0,26,24,0.5555556,NaN,NaN,9,9,1,8,0,0,1,0,0,0,1,1,0,1,0,0,1,0,19,121,4,2,8,4,1,24,9,14,2,12,4,0,0,0,70,1,0
E:\OOD_Projects\ck-mvn-plugin\hotel-reservation-master\src\api\AdminResource.java,api.AdminResource,class,5,7,2,5,7,1,0,7,13,0.7142857,0.26666668,0.26666668,7,1,6,1,0,0,6,0,0,0,3,1,0,3,0,0,3,0,2,25,4,0,0,0,0,0,0,3,0,3,0,0,0,0,27,1,0
E:\OOD_Projects\ck-mvn-plugin\hotel-reservation-master\src\model\room\FreeRoom.java,model.room.FreeRoom,class,2,2,0,2,2,2,0,1,1,0.0,0.0,0.0,2,0,2,0,0,0,2,0,0,0,0,0,0,0,0,0,0,0,0,8,1,0,0,0,0,1,1,0,1,0,0,0,0,0,7,1,0
E:\OOD_Projects\ck-mvn-plugin\hotel-reservation-master\src\model\reservation\Reservation.java,model.reservation.Reservation,class,2,5,3,2,5,1,0,2,0,0.45000002,0.7,1.0,5,0,5,0,0,0,5,0,0,0,4,0,0,4,0,0,4,0,0,24,4,0,0,0,0,4,0,4,1,4,0,0,0,0,15,1,0
E:\OOD_Projects\ck-mvn-plugin\hotel-reservation-master\src\service\customer\CustomerService.java,service.customer.CustomerService,class,2,5,3,2,5,1,0,3,4,0.6,0.5,0.5,5,1,4,1,0,0,4,0,0,0,2,1,0,2,0,0,2,0,0,18,3,0,0,0,0,0,0,2,0,2,0,0,0,0,21,1,0
