file,class,method,variable,usage
E:\OOD_Projects\ck-mvn-plugin\hotel-reservation-master\src\model\room\Room.java,model.room.Room,getRoomType/0,enumeration,1
E:\OOD_Projects\ck-mvn-plugin\hotel-reservation-master\src\model\room\Room.java,model.room.Room,equals/1[java.lang.Object],roomNumber,1
E:\OOD_Projects\ck-mvn-plugin\hotel-reservation-master\src\model\room\Room.java,model.room.Room,getRoomPrice/0,price,1
E:\OOD_Projects\ck-mvn-plugin\hotel-reservation-master\src\model\room\Room.java,model.room.Room,"Room/3[java.lang.String,java.lang.Double,model.room.enums.RoomType]",roomNumber,3
E:\OOD_Projects\ck-mvn-plugin\hotel-reservation-master\src\model\room\Room.java,model.room.Room,"Room/3[java.lang.String,java.lang.Double,model.room.enums.RoomType]",price,3
E:\OOD_Projects\ck-mvn-plugin\hotel-reservation-master\src\model\room\Room.java,model.room.Room,"Room/3[java.lang.String,java.lang.Double,model.room.enums.RoomType]",enumeration,3
E:\OOD_Projects\ck-mvn-plugin\hotel-reservation-master\src\model\room\Room.java,model.room.Room,getRoomNumber/0,roomNumber,1
E:\OOD_Projects\ck-mvn-plugin\hotel-reservation-master\src\model\room\Room.java,model.room.Room,hashCode/0,roomNumber,1
E:\OOD_Projects\ck-mvn-plugin\hotel-reservation-master\src\model\room\Room.java,model.room.Room,isFree/0,price,2
E:\OOD_Projects\ck-mvn-plugin\hotel-reservation-master\src\model\room\Room.java,model.room.Room,toString/0,roomNumber,1
E:\OOD_Projects\ck-mvn-plugin\hotel-reservation-master\src\model\room\Room.java,model.room.Room,toString/0,price,1
E:\OOD_Projects\ck-mvn-plugin\hotel-reservation-master\src\model\room\Room.java,model.room.Room,toString/0,enumeration,1
E:\OOD_Projects\ck-mvn-plugin\hotel-reservation-master\src\model\room\enums\RoomType.java,model.room.enums.RoomType,RoomType/1[java.lang.String],label,3
E:\OOD_Projects\ck-mvn-plugin\hotel-reservation-master\src\model\room\enums\RoomType.java,model.room.enums.RoomType,valueOfLabel/1[java.lang.String],label,2
E:\OOD_Projects\ck-mvn-plugin\hotel-reservation-master\src\api\HotelResource.java,api.HotelResource,"findAlternativeRooms/2[java.util.Date,java.util.Date]",reservationService,1
E:\OOD_Projects\ck-mvn-plugin\hotel-reservation-master\src\api\HotelResource.java,api.HotelResource,"bookARoom/4[java.lang.String,model.room.IRoom,java.util.Date,java.util.Date]",reservationService,1
E:\OOD_Projects\ck-mvn-plugin\hotel-reservation-master\src\api\HotelResource.java,api.HotelResource,getRoom/1[java.lang.String],reservationService,1
E:\OOD_Projects\ck-mvn-plugin\hotel-reservation-master\src\api\HotelResource.java,api.HotelResource,getCustomersReservations/1[java.lang.String],reservationService,1
E:\OOD_Projects\ck-mvn-plugin\hotel-reservation-master\src\api\HotelResource.java,api.HotelResource,"findARoom/2[java.util.Date,java.util.Date]",reservationService,1
E:\OOD_Projects\ck-mvn-plugin\hotel-reservation-master\src\api\HotelResource.java,api.HotelResource,getCustomer/1[java.lang.String],customerService,1
E:\OOD_Projects\ck-mvn-plugin\hotel-reservation-master\src\api\HotelResource.java,api.HotelResource,getSingleton/0,SINGLETON,1
E:\OOD_Projects\ck-mvn-plugin\hotel-reservation-master\src\api\HotelResource.java,api.HotelResource,"createACustomer/3[java.lang.String,java.lang.String,java.lang.String]",customerService,1
E:\OOD_Projects\ck-mvn-plugin\hotel-reservation-master\src\api\HotelResource.java,api.HotelResource,addDefaultPlusDays/1[java.util.Date],reservationService,1
E:\OOD_Projects\ck-mvn-plugin\hotel-reservation-master\src\model\customer\Customer.java,model.customer.Customer,toString/0,firstName,1
E:\OOD_Projects\ck-mvn-plugin\hotel-reservation-master\src\model\customer\Customer.java,model.customer.Customer,toString/0,lastName,1
E:\OOD_Projects\ck-mvn-plugin\hotel-reservation-master\src\model\customer\Customer.java,model.customer.Customer,toString/0,email,1
E:\OOD_Projects\ck-mvn-plugin\hotel-reservation-master\src\model\customer\Customer.java,model.customer.Customer,"Customer/3[java.lang.String,java.lang.String,java.lang.String]",firstName,3
E:\OOD_Projects\ck-mvn-plugin\hotel-reservation-master\src\model\customer\Customer.java,model.customer.Customer,"Customer/3[java.lang.String,java.lang.String,java.lang.String]",lastName,3
E:\OOD_Projects\ck-mvn-plugin\hotel-reservation-master\src\model\customer\Customer.java,model.customer.Customer,"Customer/3[java.lang.String,java.lang.String,java.lang.String]",email,4
E:\OOD_Projects\ck-mvn-plugin\hotel-reservation-master\src\model\customer\Customer.java,model.customer.Customer,getEmail/0,email,1
E:\OOD_Projects\ck-mvn-plugin\hotel-reservation-master\src\model\customer\Customer.java,model.customer.Customer,isValidEmail/1[java.lang.String],EMAIL_REGEX_PATTERN,1
E:\OOD_Projects\ck-mvn-plugin\hotel-reservation-master\src\model\customer\Customer.java,model.customer.Customer,isValidEmail/1[java.lang.String],email,2
E:\OOD_Projects\ck-mvn-plugin\hotel-reservation-master\src\service\reservation\ReservationService.java,service.reservation.ReservationService,getARoom/1[java.lang.String],rooms,1
E:\OOD_Projects\ck-mvn-plugin\hotel-reservation-master\src\service\reservation\ReservationService.java,service.reservation.ReservationService,addDefaultPlusDays/1[java.util.Date],RECOMMENDED_ROOMS_DEFAULT_PLUS_DAYS,1
E:\OOD_Projects\ck-mvn-plugin\hotel-reservation-master\src\service\reservation\ReservationService.java,service.reservation.ReservationService,getCustomersReservation/1[model.customer.Customer],reservations,1
E:\OOD_Projects\ck-mvn-plugin\hotel-reservation-master\src\service\reservation\ReservationService.java,service.reservation.ReservationService,getSingleton/0,SINGLETON,1
E:\OOD_Projects\ck-mvn-plugin\hotel-reservation-master\src\service\reservation\ReservationService.java,service.reservation.ReservationService,"reserveARoom/4[model.customer.Customer,model.room.IRoom,java.util.Date,java.util.Date]",reservations,1
E:\OOD_Projects\ck-mvn-plugin\hotel-reservation-master\src\service\reservation\ReservationService.java,service.reservation.ReservationService,getAllReservations/0,reservations,3
E:\OOD_Projects\ck-mvn-plugin\hotel-reservation-master\src\service\reservation\ReservationService.java,service.reservation.ReservationService,getAllRooms/0,rooms,1
E:\OOD_Projects\ck-mvn-plugin\hotel-reservation-master\src\service\reservation\ReservationService.java,service.reservation.ReservationService,addRoom/1[model.room.IRoom],rooms,1
E:\OOD_Projects\ck-mvn-plugin\hotel-reservation-master\src\service\reservation\ReservationService.java,service.reservation.ReservationService,"findAvailableRooms/2[java.util.Date,java.util.Date]",rooms,1
E:\OOD_Projects\ck-mvn-plugin\hotel-reservation-master\src\MainMenu.java,MainMenu,createAccount/0,hotelResource,1
E:\OOD_Projects\ck-mvn-plugin\hotel-reservation-master\src\MainMenu.java,MainMenu,getInputDate/1[java.util.Scanner],DEFAULT_DATE_FORMAT,1
E:\OOD_Projects\ck-mvn-plugin\hotel-reservation-master\src\MainMenu.java,MainMenu,findAndReserveRoom/0,hotelResource,4
E:\OOD_Projects\ck-mvn-plugin\hotel-reservation-master\src\MainMenu.java,MainMenu,seeMyReservation/0,hotelResource,1
E:\OOD_Projects\ck-mvn-plugin\hotel-reservation-master\src\MainMenu.java,MainMenu,"reserveRoom/4[java.util.Scanner,java.util.Date,java.util.Date,java.util.Collection<model.room.IRoom>]",hotelResource,3
E:\OOD_Projects\ck-mvn-plugin\hotel-reservation-master\src\AdminMenu.java,AdminMenu,addRoom/0,adminResource,1
E:\OOD_Projects\ck-mvn-plugin\hotel-reservation-master\src\AdminMenu.java,AdminMenu,displayAllRooms/0,adminResource,2
E:\OOD_Projects\ck-mvn-plugin\hotel-reservation-master\src\AdminMenu.java,AdminMenu,displayAllReservations/0,adminResource,1
E:\OOD_Projects\ck-mvn-plugin\hotel-reservation-master\src\AdminMenu.java,AdminMenu,displayAllCustomers/0,adminResource,2
E:\OOD_Projects\ck-mvn-plugin\hotel-reservation-master\src\api\AdminResource.java,api.AdminResource,getAllCustomers/0,customerService,1
E:\OOD_Projects\ck-mvn-plugin\hotel-reservation-master\src\api\AdminResource.java,api.AdminResource,addRoom/1[java.util.List<model.room.IRoom>],reservationService,1
E:\OOD_Projects\ck-mvn-plugin\hotel-reservation-master\src\api\AdminResource.java,api.AdminResource,getSingleton/0,SINGLETON,1
E:\OOD_Projects\ck-mvn-plugin\hotel-reservation-master\src\api\AdminResource.java,api.AdminResource,getAllRooms/0,reservationService,1
E:\OOD_Projects\ck-mvn-plugin\hotel-reservation-master\src\api\AdminResource.java,api.AdminResource,getCustomer/1[java.lang.String],customerService,1
E:\OOD_Projects\ck-mvn-plugin\hotel-reservation-master\src\api\AdminResource.java,api.AdminResource,displayAllReservations/0,reservationService,1
E:\OOD_Projects\ck-mvn-plugin\hotel-reservation-master\src\model\reservation\Reservation.java,model.reservation.Reservation,getCheckOutDate/0,checkOutDate,1
E:\OOD_Projects\ck-mvn-plugin\hotel-reservation-master\src\model\reservation\Reservation.java,model.reservation.Reservation,"Reservation/4[model.customer.Customer,model.room.IRoom,java.util.Date,java.util.Date]",checkOutDate,3
E:\OOD_Projects\ck-mvn-plugin\hotel-reservation-master\src\model\reservation\Reservation.java,model.reservation.Reservation,"Reservation/4[model.customer.Customer,model.room.IRoom,java.util.Date,java.util.Date]",checkInDate,3
E:\OOD_Projects\ck-mvn-plugin\hotel-reservation-master\src\model\reservation\Reservation.java,model.reservation.Reservation,"Reservation/4[model.customer.Customer,model.room.IRoom,java.util.Date,java.util.Date]",room,3
E:\OOD_Projects\ck-mvn-plugin\hotel-reservation-master\src\model\reservation\Reservation.java,model.reservation.Reservation,"Reservation/4[model.customer.Customer,model.room.IRoom,java.util.Date,java.util.Date]",customer,3
E:\OOD_Projects\ck-mvn-plugin\hotel-reservation-master\src\model\reservation\Reservation.java,model.reservation.Reservation,getRoom/0,room,1
E:\OOD_Projects\ck-mvn-plugin\hotel-reservation-master\src\model\reservation\Reservation.java,model.reservation.Reservation,toString/0,checkOutDate,1
E:\OOD_Projects\ck-mvn-plugin\hotel-reservation-master\src\model\reservation\Reservation.java,model.reservation.Reservation,toString/0,checkInDate,1
E:\OOD_Projects\ck-mvn-plugin\hotel-reservation-master\src\model\reservation\Reservation.java,model.reservation.Reservation,toString/0,room,1
E:\OOD_Projects\ck-mvn-plugin\hotel-reservation-master\src\model\reservation\Reservation.java,model.reservation.Reservation,toString/0,customer,1
E:\OOD_Projects\ck-mvn-plugin\hotel-reservation-master\src\model\reservation\Reservation.java,model.reservation.Reservation,getCheckInDate/0,checkInDate,1
E:\OOD_Projects\ck-mvn-plugin\hotel-reservation-master\src\service\customer\CustomerService.java,service.customer.CustomerService,"addCustomer/3[java.lang.String,java.lang.String,java.lang.String]",customers,1
E:\OOD_Projects\ck-mvn-plugin\hotel-reservation-master\src\service\customer\CustomerService.java,service.customer.CustomerService,getAllCustomers/0,customers,1
E:\OOD_Projects\ck-mvn-plugin\hotel-reservation-master\src\service\customer\CustomerService.java,service.customer.CustomerService,getSingleton/0,SINGLETON,1
E:\OOD_Projects\ck-mvn-plugin\hotel-reservation-master\src\service\customer\CustomerService.java,service.customer.CustomerService,getCustomer/1[java.lang.String],customers,1
