file,class,method,constructor,line,cbo,cboModified,fanin,fanout,wmc,rfc,loc,returnsQty,variablesQty,parametersQty,methodsInvokedQty,methodsInvokedLocalQty,methodsInvokedIndirectLocalQty,loopQty,comparisonsQty,tryCatchQty,parenthesizedExpsQty,stringLiteralsQty,numbersQty,assignmentsQty,mathOperationsQty,maxNestedBlocksQty,anonymousClassesQty,innerClassesQty,lambdasQty,uniqueWordsQty,modifiers,logStatementsQty,hasJavaDoc
E:\OOD_Projects\ck-mvn-plugin\hotel-reservation-master\src\model\room\Room.java,model.room.Room,getRoomType/0,false,31,1,0,0,0,1,0,3,1,0,0,0,0,0,0,0,0,0,0,0,0,0,0,0,0,0,3,1,0,false
E:\OOD_Projects\ck-mvn-plugin\hotel-reservation-master\src\model\room\Room.java,model.room.Room,equals/1[java.lang.Object],false,47,1,0,0,0,3,1,10,3,1,1,1,0,0,0,1,0,1,0,0,1,0,1,0,0,0,7,1,0,false
E:\OOD_Projects\ck-mvn-plugin\hotel-reservation-master\src\model\room\Room.java,model.room.Room,getRoomPrice/0,false,27,0,0,0,0,1,0,3,1,0,0,0,0,0,0,0,0,0,0,0,0,0,0,0,0,0,4,1,0,false
E:\OOD_Projects\ck-mvn-plugin\hotel-reservation-master\src\model\room\Room.java,model.room.Room,"Room/3[java.lang.String,java.lang.Double,model.room.enums.RoomType]",true,17,1,1,1,0,1,0,5,0,0,3,0,0,0,0,0,0,0,0,0,3,0,0,0,0,0,7,1,0,false
E:\OOD_Projects\ck-mvn-plugin\hotel-reservation-master\src\model\room\Room.java,model.room.Room,getRoomNumber/0,false,23,0,0,0,0,1,0,3,1,0,0,0,0,0,0,0,0,0,0,0,0,0,0,0,0,0,3,1,0,false
E:\OOD_Projects\ck-mvn-plugin\hotel-reservation-master\src\model\room\Room.java,model.room.Room,hashCode/0,false,61,0,0,0,0,1,1,3,1,0,0,1,0,0,0,0,0,0,0,0,0,0,0,0,0,0,4,1,0,false
E:\OOD_Projects\ck-mvn-plugin\hotel-reservation-master\src\model\room\Room.java,model.room.Room,isFree/0,false,35,0,0,0,0,2,1,3,1,0,0,1,0,0,0,1,0,0,0,1,0,0,0,0,0,0,3,1,0,false
E:\OOD_Projects\ck-mvn-plugin\hotel-reservation-master\src\model\room\Room.java,model.room.Room,toString/0,false,40,0,0,0,0,1,0,3,1,0,0,0,0,0,0,0,0,0,3,0,0,1,0,0,0,0,2,1,0,false
E:\OOD_Projects\ck-mvn-plugin\hotel-reservation-master\src\HotelApplication.java,HotelApplication,main/1[java.lang.String[]],false,7,1,1,0,1,1,1,3,0,0,1,1,0,0,0,0,0,0,0,0,0,0,0,0,0,0,2,9,0,false
E:\OOD_Projects\ck-mvn-plugin\hotel-reservation-master\src\model\room\enums\RoomType.java,model.room.enums.RoomType,RoomType/1[java.lang.String],true,13,0,0,0,0,1,0,3,0,0,1,0,0,0,0,0,0,0,0,0,1,0,0,0,0,0,3,2,0,false
E:\OOD_Projects\ck-mvn-plugin\hotel-reservation-master\src\model\room\enums\RoomType.java,model.room.enums.RoomType,valueOfLabel/1[java.lang.String],false,17,1,2,1,1,3,2,8,1,0,1,2,0,0,1,0,0,0,0,0,0,0,2,0,0,0,11,9,0,false
E:\OOD_Projects\ck-mvn-plugin\hotel-reservation-master\src\model\room\IRoom.java,model.room.IRoom,getRoomType/0,false,12,1,0,0,0,1,0,1,0,0,0,0,0,0,0,0,0,0,0,0,0,0,0,0,0,0,3,1,0,false
E:\OOD_Projects\ck-mvn-plugin\hotel-reservation-master\src\model\room\IRoom.java,model.room.IRoom,isFree/0,false,13,0,0,0,0,1,0,1,0,0,0,0,0,0,0,0,0,0,0,0,0,0,0,0,0,0,2,1,0,false
E:\OOD_Projects\ck-mvn-plugin\hotel-reservation-master\src\model\room\IRoom.java,model.room.IRoom,getRoomPrice/0,false,11,0,0,0,0,1,0,1,0,0,0,0,0,0,0,0,0,0,0,0,0,0,0,0,0,0,4,1,0,false
E:\OOD_Projects\ck-mvn-plugin\hotel-reservation-master\src\model\room\IRoom.java,model.room.IRoom,getRoomNumber/0,false,10,0,2,2,0,1,0,1,0,0,0,0,0,0,0,0,0,0,0,0,0,0,0,0,0,0,3,1,0,false
E:\OOD_Projects\ck-mvn-plugin\hotel-reservation-master\src\api\HotelResource.java,api.HotelResource,"findAlternativeRooms/2[java.util.Date,java.util.Date]",false,60,2,2,1,1,1,1,3,1,0,2,1,0,0,0,0,0,0,0,0,0,0,0,0,0,0,6,1,0,false
E:\OOD_Projects\ck-mvn-plugin\hotel-reservation-master\src\api\HotelResource.java,api.HotelResource,"bookARoom/4[java.lang.String,model.room.IRoom,java.util.Date,java.util.Date]",false,42,4,3,1,2,1,2,3,1,0,4,2,1,1,0,0,0,0,0,0,0,0,0,0,0,0,11,1,0,false
E:\OOD_Projects\ck-mvn-plugin\hotel-reservation-master\src\api\HotelResource.java,api.HotelResource,getRoom/1[java.lang.String],false,38,2,2,1,1,1,1,3,1,0,1,1,0,0,0,0,0,0,0,0,0,0,0,0,0,0,5,1,0,false
E:\OOD_Projects\ck-mvn-plugin\hotel-reservation-master\src\api\HotelResource.java,api.HotelResource,getCustomersReservations/1[java.lang.String],false,46,4,3,1,2,2,3,7,2,1,1,3,1,1,0,1,0,0,0,0,1,0,1,0,0,0,7,1,0,false
E:\OOD_Projects\ck-mvn-plugin\hotel-reservation-master\src\api\HotelResource.java,api.HotelResource,"findARoom/2[java.util.Date,java.util.Date]",false,56,2,2,1,1,1,1,3,1,0,2,1,0,0,0,0,0,0,0,0,0,0,0,0,0,0,6,1,0,false
E:\OOD_Projects\ck-mvn-plugin\hotel-reservation-master\src\api\HotelResource.java,api.HotelResource,getCustomer/1[java.lang.String],false,30,2,4,3,1,1,1,3,1,0,1,1,0,0,0,0,0,0,0,0,0,0,0,0,0,0,3,1,0,false
E:\OOD_Projects\ck-mvn-plugin\hotel-reservation-master\src\api\HotelResource.java,api.HotelResource,HotelResource/0,true,24,0,0,0,0,1,0,2,0,0,0,0,0,0,0,0,0,0,0,0,0,0,0,0,0,0,2,2,0,false
E:\OOD_Projects\ck-mvn-plugin\hotel-reservation-master\src\api\HotelResource.java,api.HotelResource,getSingleton/0,false,26,1,0,0,0,1,0,3,1,0,0,0,0,0,0,0,0,0,0,0,0,0,0,0,0,0,12,9,0,false
E:\OOD_Projects\ck-mvn-plugin\hotel-reservation-master\src\api\HotelResource.java,api.HotelResource,"createACustomer/3[java.lang.String,java.lang.String,java.lang.String]",false,34,1,2,1,1,1,1,3,0,0,3,1,0,0,0,0,0,0,0,0,0,0,0,0,0,0,5,1,0,false
E:\OOD_Projects\ck-mvn-plugin\hotel-reservation-master\src\api\HotelResource.java,api.HotelResource,addDefaultPlusDays/1[java.util.Date],false,64,1,2,1,1,1,1,3,1,0,1,1,0,0,0,0,0,0,0,0,0,0,0,0,0,0,6,1,0,false
E:\OOD_Projects\ck-mvn-plugin\hotel-reservation-master\src\model\customer\Customer.java,model.customer.Customer,toString/0,false,38,0,1,1,0,1,0,3,1,0,0,0,0,0,0,0,0,0,3,0,0,1,0,0,0,0,3,1,0,false
E:\OOD_Projects\ck-mvn-plugin\hotel-reservation-master\src\model\customer\Customer.java,model.customer.Customer,"Customer/3[java.lang.String,java.lang.String,java.lang.String]",true,17,1,2,1,1,1,1,6,0,0,3,1,1,1,0,0,0,0,0,0,3,0,0,0,0,0,5,1,0,false
E:\OOD_Projects\ck-mvn-plugin\hotel-reservation-master\src\model\customer\Customer.java,model.customer.Customer,getEmail/0,false,33,0,2,2,0,1,0,3,1,0,0,0,0,0,0,0,0,0,0,0,0,0,0,0,0,0,2,1,0,false
E:\OOD_Projects\ck-mvn-plugin\hotel-reservation-master\src\model\customer\Customer.java,model.customer.Customer,isValidEmail/1[java.lang.String],false,25,0,1,1,0,2,3,6,0,1,1,3,0,0,0,0,0,0,1,0,1,0,1,0,0,0,21,2,0,false
E:\OOD_Projects\ck-mvn-plugin\hotel-reservation-master\src\service\reservation\ReservationService.java,service.reservation.ReservationService,"findAlternativeRooms/2[java.util.Date,java.util.Date]",false,65,2,3,1,2,1,2,3,1,0,2,2,2,2,0,0,0,0,0,0,0,0,0,0,0,0,12,1,0,false
E:\OOD_Projects\ck-mvn-plugin\hotel-reservation-master\src\service\reservation\ReservationService.java,service.reservation.ReservationService,getARoom/1[java.lang.String],false,37,1,1,1,0,1,1,3,1,0,1,1,0,0,0,0,0,0,0,0,0,0,0,0,0,0,6,1,0,false
E:\OOD_Projects\ck-mvn-plugin\hotel-reservation-master\src\service\reservation\ReservationService.java,service.reservation.ReservationService,addDefaultPlusDays/1[java.util.Date],false,84,0,2,2,0,1,4,6,1,1,1,4,0,0,0,0,0,0,0,0,1,0,0,0,0,0,8,1,0,false
E:\OOD_Projects\ck-mvn-plugin\hotel-reservation-master\src\service\reservation\ReservationService.java,service.reservation.ReservationService,getCustomersReservation/1[model.customer.Customer],false,98,2,3,2,1,1,2,3,1,0,1,2,0,0,0,0,0,0,0,0,0,0,0,0,0,0,5,1,0,false
E:\OOD_Projects\ck-mvn-plugin\hotel-reservation-master\src\service\reservation\ReservationService.java,service.reservation.ReservationService,getSingleton/0,false,29,1,0,0,0,1,0,3,1,0,0,0,0,0,0,0,0,0,0,0,0,0,0,0,0,0,12,9,0,false
E:\OOD_Projects\ck-mvn-plugin\hotel-reservation-master\src\service\reservation\ReservationService.java,service.reservation.ReservationService,"reservationOverlaps/3[model.reservation.Reservation,java.util.Date,java.util.Date]",false,93,1,3,1,2,1,4,3,1,0,3,4,0,0,0,0,0,0,0,0,0,0,0,0,0,0,6,2,0,false
E:\OOD_Projects\ck-mvn-plugin\hotel-reservation-master\src\service\reservation\ReservationService.java,service.reservation.ReservationService,ReservationService/0,true,27,0,0,0,0,1,0,2,0,0,0,0,0,0,0,0,0,0,0,0,0,0,0,0,0,0,2,2,0,false
E:\OOD_Projects\ck-mvn-plugin\hotel-reservation-master\src\service\reservation\ReservationService.java,service.reservation.ReservationService,"reserveARoom/4[model.customer.Customer,model.room.IRoom,java.util.Date,java.util.Date]",false,46,4,4,1,3,2,4,10,1,2,4,4,1,1,0,1,0,0,0,0,3,0,1,0,0,0,15,1,0,false
E:\OOD_Projects\ck-mvn-plugin\hotel-reservation-master\src\service\reservation\ReservationService.java,service.reservation.ReservationService,getAllReservations/0,false,114,1,2,2,0,2,2,7,1,1,0,2,0,0,1,0,0,0,0,0,1,0,1,0,0,0,5,2,0,false
E:\OOD_Projects\ck-mvn-plugin\hotel-reservation-master\src\service\reservation\ReservationService.java,service.reservation.ReservationService,getAllRooms/0,false,41,1,1,1,0,1,1,3,1,0,0,1,0,0,0,0,0,0,0,0,0,0,0,0,0,0,3,1,0,false
E:\OOD_Projects\ck-mvn-plugin\hotel-reservation-master\src\service\reservation\ReservationService.java,service.reservation.ReservationService,"findRooms/2[java.util.Date,java.util.Date]",false,61,2,2,1,1,1,1,3,1,0,2,1,1,2,0,0,0,0,0,0,0,0,0,0,0,0,6,1,0,false
E:\OOD_Projects\ck-mvn-plugin\hotel-reservation-master\src\service\reservation\ReservationService.java,service.reservation.ReservationService,addRoom/1[model.room.IRoom],false,33,1,1,0,1,1,2,3,0,0,1,2,0,0,0,0,0,0,0,0,0,0,0,0,0,0,4,1,0,false
E:\OOD_Projects\ck-mvn-plugin\hotel-reservation-master\src\service\reservation\ReservationService.java,service.reservation.ReservationService,printAllReservation/0,false,102,2,2,1,1,3,3,11,0,1,0,3,1,1,1,0,0,0,2,0,1,1,2,0,0,0,7,1,0,false
E:\OOD_Projects\ck-mvn-plugin\hotel-reservation-master\src\service\reservation\ReservationService.java,service.reservation.ReservationService,"findAvailableRooms/2[java.util.Date,java.util.Date]",false,69,3,5,2,3,3,11,10,1,4,2,11,2,1,1,0,0,0,0,0,2,0,2,0,0,2,16,2,0,false
E:\OOD_Projects\ck-mvn-plugin\hotel-reservation-master\src\MainMenu.java,MainMenu,createAccount/0,false,173,2,5,2,3,2,6,18,0,4,0,6,2,1,0,0,1,0,4,0,4,0,1,0,0,0,18,10,0,false
E:\OOD_Projects\ck-mvn-plugin\hotel-reservation-master\src\MainMenu.java,MainMenu,printRooms/1[java.util.Collection<model.room.IRoom>],false,148,1,1,1,0,2,3,8,0,0,1,3,0,0,0,0,0,0,1,0,0,0,1,0,0,0,3,10,0,false
E:\OOD_Projects\ck-mvn-plugin\hotel-reservation-master\src\MainMenu.java,MainMenu,printReservations/1[java.util.Collection<model.reservation.Reservation>],false,165,1,1,1,0,3,3,8,0,1,1,3,0,0,0,1,0,0,2,0,0,1,1,0,0,1,5,10,0,false
E:\OOD_Projects\ck-mvn-plugin\hotel-reservation-master\src\MainMenu.java,MainMenu,printMainMenu/0,false,197,0,4,4,0,1,1,3,0,0,0,1,0,0,0,0,0,0,9,0,0,1,0,0,0,0,18,9,0,false
E:\OOD_Projects\ck-mvn-plugin\hotel-reservation-master\src\MainMenu.java,MainMenu,mainMenu/0,false,20,2,6,1,5,10,9,39,0,2,0,9,4,5,1,3,1,0,5,4,3,0,4,0,0,0,26,9,0,false
E:\OOD_Projects\ck-mvn-plugin\hotel-reservation-master\src\MainMenu.java,MainMenu,getInputDate/1[java.util.Scanner],false,94,1,2,1,1,2,4,10,2,0,1,4,1,3,0,0,1,0,1,0,0,0,1,0,0,0,27,10,0,false
E:\OOD_Projects\ck-mvn-plugin\hotel-reservation-master\src\MainMenu.java,MainMenu,findAndReserveRoom/0,false,60,3,8,2,6,5,8,27,0,7,0,8,3,2,0,2,0,0,6,0,7,2,3,0,0,0,27,10,0,false
E:\OOD_Projects\ck-mvn-plugin\hotel-reservation-master\src\MainMenu.java,MainMenu,seeMyReservation/0,false,156,2,3,1,2,1,4,6,0,2,0,4,1,1,0,0,0,0,1,0,2,0,0,0,0,0,10,10,0,false
E:\OOD_Projects\ck-mvn-plugin\hotel-reservation-master\src\MainMenu.java,MainMenu,"reserveRoom/4[java.util.Scanner,java.util.Date,java.util.Date,java.util.Collection<model.room.IRoom>]",false,106,4,8,2,6,6,12,39,0,7,4,12,2,1,0,1,0,0,11,0,6,0,4,0,0,1,35,10,0,false
E:\OOD_Projects\ck-mvn-plugin\hotel-reservation-master\src\AdminMenu.java,AdminMenu,printMenu/0,false,59,0,2,2,0,1,1,3,0,0,0,1,0,0,0,0,0,0,9,0,0,1,0,0,0,0,13,10,0,false
E:\OOD_Projects\ck-mvn-plugin\hotel-reservation-master\src\AdminMenu.java,AdminMenu,addRoom/0,false,71,4,7,2,5,1,7,14,0,5,0,7,3,2,0,0,0,0,5,0,5,0,0,0,0,0,19,10,0,false
E:\OOD_Projects\ck-mvn-plugin\hotel-reservation-master\src\AdminMenu.java,AdminMenu,addAnotherRoom/0,false,111,1,5,2,3,7,7,23,0,2,0,7,3,2,1,5,1,1,1,5,3,0,2,0,0,0,21,10,0,false
E:\OOD_Projects\ck-mvn-plugin\hotel-reservation-master\src\AdminMenu.java,AdminMenu,enterRoomPrice/1[java.util.Scanner],false,92,1,3,2,1,2,4,9,2,0,1,4,1,0,0,0,1,0,2,0,0,1,1,0,0,0,18,10,0,false
E:\OOD_Projects\ck-mvn-plugin\hotel-reservation-master\src\AdminMenu.java,AdminMenu,displayAllRooms/0,false,137,2,2,1,1,2,4,9,0,1,0,4,0,0,0,0,0,0,1,0,1,0,1,0,0,0,4,10,0,false
E:\OOD_Projects\ck-mvn-plugin\hotel-reservation-master\src\AdminMenu.java,AdminMenu,enterRoomType/1[java.util.Scanner],false,102,2,4,2,2,2,4,9,2,0,1,4,1,0,0,0,1,0,1,0,0,0,1,0,0,0,15,10,0,false
E:\OOD_Projects\ck-mvn-plugin\hotel-reservation-master\src\AdminMenu.java,AdminMenu,displayAllReservations/0,false,157,1,2,1,1,1,1,3,0,0,0,1,0,0,0,0,0,0,0,0,0,0,0,0,0,0,3,10,0,false
E:\OOD_Projects\ck-mvn-plugin\hotel-reservation-master\src\AdminMenu.java,AdminMenu,adminMenu/0,false,19,2,7,1,6,10,10,39,0,2,0,10,5,3,1,3,1,0,4,4,3,0,4,0,0,0,23,9,0,false
E:\OOD_Projects\ck-mvn-plugin\hotel-reservation-master\src\AdminMenu.java,AdminMenu,displayAllCustomers/0,false,147,2,2,1,1,2,4,9,0,1,0,4,0,0,0,0,0,0,1,0,1,0,1,0,0,0,4,10,0,false
E:\OOD_Projects\ck-mvn-plugin\hotel-reservation-master\src\api\AdminResource.java,api.AdminResource,getAllCustomers/0,false,40,2,2,1,1,1,1,3,1,0,0,1,0,0,0,0,0,0,0,0,0,0,0,0,0,0,3,1,0,false
E:\OOD_Projects\ck-mvn-plugin\hotel-reservation-master\src\api\AdminResource.java,api.AdminResource,addRoom/1[java.util.List<model.room.IRoom>],false,32,1,1,1,0,1,1,3,0,0,1,1,0,0,0,0,0,0,0,0,0,0,0,0,0,0,3,1,0,false
E:\OOD_Projects\ck-mvn-plugin\hotel-reservation-master\src\api\AdminResource.java,api.AdminResource,AdminResource/0,true,22,0,0,0,0,1,0,2,0,0,0,0,0,0,0,0,0,0,0,0,0,0,0,0,0,0,2,2,0,false
E:\OOD_Projects\ck-mvn-plugin\hotel-reservation-master\src\api\AdminResource.java,api.AdminResource,getSingleton/0,false,24,1,0,0,0,1,0,3,1,0,0,0,0,0,0,0,0,0,0,0,0,0,0,0,0,0,12,9,0,false
E:\OOD_Projects\ck-mvn-plugin\hotel-reservation-master\src\api\AdminResource.java,api.AdminResource,getAllRooms/0,false,36,2,2,1,1,1,1,3,1,0,0,1,0,0,0,0,0,0,0,0,0,0,0,0,0,0,3,1,0,false
E:\OOD_Projects\ck-mvn-plugin\hotel-reservation-master\src\api\AdminResource.java,api.AdminResource,getCustomer/1[java.lang.String],false,28,2,1,0,1,1,1,3,1,0,1,1,0,0,0,0,0,0,0,0,0,0,0,0,0,0,3,1,0,false
E:\OOD_Projects\ck-mvn-plugin\hotel-reservation-master\src\api\AdminResource.java,api.AdminResource,displayAllReservations/0,false,44,1,2,1,1,1,1,3,0,0,0,1,0,0,0,0,0,0,0,0,0,0,0,0,0,0,3,1,0,false
E:\OOD_Projects\ck-mvn-plugin\hotel-reservation-master\src\model\room\FreeRoom.java,model.room.FreeRoom,toString/0,false,16,0,0,0,0,1,1,3,1,0,0,1,0,0,0,0,0,0,1,0,0,1,0,0,0,0,2,1,0,false
E:\OOD_Projects\ck-mvn-plugin\hotel-reservation-master\src\model\room\FreeRoom.java,model.room.FreeRoom,"FreeRoom/2[java.lang.String,model.room.enums.RoomType]",true,11,1,0,0,0,1,0,3,0,0,2,0,0,0,0,0,0,0,0,1,0,0,0,0,0,0,4,1,0,false
E:\OOD_Projects\ck-mvn-plugin\hotel-reservation-master\src\model\reservation\Reservation.java,model.reservation.Reservation,getCheckOutDate/0,false,35,0,1,1,0,1,0,3,1,0,0,0,0,0,0,0,0,0,0,0,0,0,0,0,0,0,4,1,0,false
E:\OOD_Projects\ck-mvn-plugin\hotel-reservation-master\src\model\reservation\Reservation.java,model.reservation.Reservation,"Reservation/4[model.customer.Customer,model.room.IRoom,java.util.Date,java.util.Date]",true,20,2,1,1,0,1,0,6,0,0,4,0,0,0,0,0,0,0,0,0,4,0,0,0,0,0,10,1,0,false
E:\OOD_Projects\ck-mvn-plugin\hotel-reservation-master\src\model\reservation\Reservation.java,model.reservation.Reservation,getRoom/0,false,27,1,1,1,0,1,0,3,1,0,0,0,0,0,0,0,0,0,0,0,0,0,0,0,0,0,3,1,0,false
E:\OOD_Projects\ck-mvn-plugin\hotel-reservation-master\src\model\reservation\Reservation.java,model.reservation.Reservation,toString/0,false,40,1,1,0,1,1,2,3,1,0,0,2,0,0,0,0,0,0,4,0,0,1,0,0,0,0,2,1,0,false
E:\OOD_Projects\ck-mvn-plugin\hotel-reservation-master\src\model\reservation\Reservation.java,model.reservation.Reservation,getCheckInDate/0,false,31,0,1,1,0,1,0,3,1,0,0,0,0,0,0,0,0,0,0,0,0,0,0,0,0,0,4,1,0,false
E:\OOD_Projects\ck-mvn-plugin\hotel-reservation-master\src\service\customer\CustomerService.java,service.customer.CustomerService,CustomerService/0,true,19,0,0,0,0,1,0,2,0,0,0,0,0,0,0,0,0,0,0,0,0,0,0,0,0,0,2,2,0,false
E:\OOD_Projects\ck-mvn-plugin\hotel-reservation-master\src\service\customer\CustomerService.java,service.customer.CustomerService,"addCustomer/3[java.lang.String,java.lang.String,java.lang.String]",false,25,1,2,1,1,1,1,3,0,0,3,1,0,0,0,0,0,0,0,0,0,0,0,0,0,0,4,1,0,false
E:\OOD_Projects\ck-mvn-plugin\hotel-reservation-master\src\service\customer\CustomerService.java,service.customer.CustomerService,getAllCustomers/0,false,33,1,1,1,0,1,1,3,1,0,0,1,0,0,0,0,0,0,0,0,0,0,0,0,0,0,3,1,0,false
E:\OOD_Projects\ck-mvn-plugin\hotel-reservation-master\src\service\customer\CustomerService.java,service.customer.CustomerService,getSingleton/0,false,21,1,0,0,0,1,0,3,1,0,0,0,0,0,0,0,0,0,0,0,0,0,0,0,0,0,12,9,0,false
E:\OOD_Projects\ck-mvn-plugin\hotel-reservation-master\src\service\customer\CustomerService.java,service.customer.CustomerService,getCustomer/1[java.lang.String],false,29,1,2,2,0,1,1,3,1,0,1,1,0,0,0,0,0,0,0,0,0,0,0,0,0,0,4,1,0,false
