file,class,method,variable,usage
E:\OOD_Projects\ck-mvn-plugin\hotel-reservation-master\src\model\room\Room.java,model.room.Room,equals/1[java.lang.Object],obj,3
E:\OOD_Projects\ck-mvn-plugin\hotel-reservation-master\src\model\room\Room.java,model.room.Room,equals/1[java.lang.Object],room,1
E:\OOD_Projects\ck-mvn-plugin\hotel-reservation-master\src\model\room\Room.java,model.room.Room,"Room/3[java.lang.String,java.lang.Double,model.room.enums.RoomType]",roomNumber,2
E:\OOD_Projects\ck-mvn-plugin\hotel-reservation-master\src\model\room\Room.java,model.room.Room,"Room/3[java.lang.String,java.lang.Double,model.room.enums.RoomType]",price,2
E:\OOD_Projects\ck-mvn-plugin\hotel-reservation-master\src\model\room\Room.java,model.room.Room,"Room/3[java.lang.String,java.lang.Double,model.room.enums.RoomType]",enumeration,2
E:\OOD_Projects\ck-mvn-plugin\hotel-reservation-master\src\HotelApplication.java,HotelApplication,main/1[java.lang.String[]],args,0
E:\OOD_Projects\ck-mvn-plugin\hotel-reservation-master\src\model\room\enums\RoomType.java,model.room.enums.RoomType,RoomType/1[java.lang.String],label,2
E:\OOD_Projects\ck-mvn-plugin\hotel-reservation-master\src\model\room\enums\RoomType.java,model.room.enums.RoomType,valueOfLabel/1[java.lang.String],label,2
E:\OOD_Projects\ck-mvn-plugin\hotel-reservation-master\src\model\room\enums\RoomType.java,model.room.enums.RoomType,valueOfLabel/1[java.lang.String],roomType,2
E:\OOD_Projects\ck-mvn-plugin\hotel-reservation-master\src\api\HotelResource.java,api.HotelResource,"findAlternativeRooms/2[java.util.Date,java.util.Date]",checkIn,1
E:\OOD_Projects\ck-mvn-plugin\hotel-reservation-master\src\api\HotelResource.java,api.HotelResource,"findAlternativeRooms/2[java.util.Date,java.util.Date]",checkOut,1
E:\OOD_Projects\ck-mvn-plugin\hotel-reservation-master\src\api\HotelResource.java,api.HotelResource,"bookARoom/4[java.lang.String,model.room.IRoom,java.util.Date,java.util.Date]",checkOutDate,1
E:\OOD_Projects\ck-mvn-plugin\hotel-reservation-master\src\api\HotelResource.java,api.HotelResource,"bookARoom/4[java.lang.String,model.room.IRoom,java.util.Date,java.util.Date]",customerEmail,1
E:\OOD_Projects\ck-mvn-plugin\hotel-reservation-master\src\api\HotelResource.java,api.HotelResource,"bookARoom/4[java.lang.String,model.room.IRoom,java.util.Date,java.util.Date]",checkInDate,1
E:\OOD_Projects\ck-mvn-plugin\hotel-reservation-master\src\api\HotelResource.java,api.HotelResource,"bookARoom/4[java.lang.String,model.room.IRoom,java.util.Date,java.util.Date]",room,1
E:\OOD_Projects\ck-mvn-plugin\hotel-reservation-master\src\api\HotelResource.java,api.HotelResource,getRoom/1[java.lang.String],roomNumber,1
E:\OOD_Projects\ck-mvn-plugin\hotel-reservation-master\src\api\HotelResource.java,api.HotelResource,getCustomersReservations/1[java.lang.String],customerEmail,2
E:\OOD_Projects\ck-mvn-plugin\hotel-reservation-master\src\api\HotelResource.java,api.HotelResource,getCustomersReservations/1[java.lang.String],customer,1
E:\OOD_Projects\ck-mvn-plugin\hotel-reservation-master\src\api\HotelResource.java,api.HotelResource,"findARoom/2[java.util.Date,java.util.Date]",checkIn,1
E:\OOD_Projects\ck-mvn-plugin\hotel-reservation-master\src\api\HotelResource.java,api.HotelResource,"findARoom/2[java.util.Date,java.util.Date]",checkOut,1
E:\OOD_Projects\ck-mvn-plugin\hotel-reservation-master\src\api\HotelResource.java,api.HotelResource,getCustomer/1[java.lang.String],email,1
E:\OOD_Projects\ck-mvn-plugin\hotel-reservation-master\src\api\HotelResource.java,api.HotelResource,"createACustomer/3[java.lang.String,java.lang.String,java.lang.String]",firstName,1
E:\OOD_Projects\ck-mvn-plugin\hotel-reservation-master\src\api\HotelResource.java,api.HotelResource,"createACustomer/3[java.lang.String,java.lang.String,java.lang.String]",lastName,1
E:\OOD_Projects\ck-mvn-plugin\hotel-reservation-master\src\api\HotelResource.java,api.HotelResource,"createACustomer/3[java.lang.String,java.lang.String,java.lang.String]",email,1
E:\OOD_Projects\ck-mvn-plugin\hotel-reservation-master\src\api\HotelResource.java,api.HotelResource,addDefaultPlusDays/1[java.util.Date],date,1
E:\OOD_Projects\ck-mvn-plugin\hotel-reservation-master\src\model\customer\Customer.java,model.customer.Customer,"Customer/3[java.lang.String,java.lang.String,java.lang.String]",firstName,2
E:\OOD_Projects\ck-mvn-plugin\hotel-reservation-master\src\model\customer\Customer.java,model.customer.Customer,"Customer/3[java.lang.String,java.lang.String,java.lang.String]",lastName,2
E:\OOD_Projects\ck-mvn-plugin\hotel-reservation-master\src\model\customer\Customer.java,model.customer.Customer,"Customer/3[java.lang.String,java.lang.String,java.lang.String]",email,3
E:\OOD_Projects\ck-mvn-plugin\hotel-reservation-master\src\model\customer\Customer.java,model.customer.Customer,isValidEmail/1[java.lang.String],pattern,1
E:\OOD_Projects\ck-mvn-plugin\hotel-reservation-master\src\model\customer\Customer.java,model.customer.Customer,isValidEmail/1[java.lang.String],email,1
E:\OOD_Projects\ck-mvn-plugin\hotel-reservation-master\src\service\reservation\ReservationService.java,service.reservation.ReservationService,"findAlternativeRooms/2[java.util.Date,java.util.Date]",checkOutDate,1
E:\OOD_Projects\ck-mvn-plugin\hotel-reservation-master\src\service\reservation\ReservationService.java,service.reservation.ReservationService,"findAlternativeRooms/2[java.util.Date,java.util.Date]",checkInDate,1
E:\OOD_Projects\ck-mvn-plugin\hotel-reservation-master\src\service\reservation\ReservationService.java,service.reservation.ReservationService,getARoom/1[java.lang.String],roomNumber,1
E:\OOD_Projects\ck-mvn-plugin\hotel-reservation-master\src\service\reservation\ReservationService.java,service.reservation.ReservationService,addDefaultPlusDays/1[java.util.Date],date,1
E:\OOD_Projects\ck-mvn-plugin\hotel-reservation-master\src\service\reservation\ReservationService.java,service.reservation.ReservationService,addDefaultPlusDays/1[java.util.Date],calendar,3
E:\OOD_Projects\ck-mvn-plugin\hotel-reservation-master\src\service\reservation\ReservationService.java,service.reservation.ReservationService,getCustomersReservation/1[model.customer.Customer],customer,1
E:\OOD_Projects\ck-mvn-plugin\hotel-reservation-master\src\service\reservation\ReservationService.java,service.reservation.ReservationService,"reservationOverlaps/3[model.reservation.Reservation,java.util.Date,java.util.Date]",checkOutDate,1
E:\OOD_Projects\ck-mvn-plugin\hotel-reservation-master\src\service\reservation\ReservationService.java,service.reservation.ReservationService,"reservationOverlaps/3[model.reservation.Reservation,java.util.Date,java.util.Date]",reservation,2
E:\OOD_Projects\ck-mvn-plugin\hotel-reservation-master\src\service\reservation\ReservationService.java,service.reservation.ReservationService,"reservationOverlaps/3[model.reservation.Reservation,java.util.Date,java.util.Date]",checkInDate,1
E:\OOD_Projects\ck-mvn-plugin\hotel-reservation-master\src\service\reservation\ReservationService.java,service.reservation.ReservationService,"reserveARoom/4[model.customer.Customer,model.room.IRoom,java.util.Date,java.util.Date]",checkOutDate,1
E:\OOD_Projects\ck-mvn-plugin\hotel-reservation-master\src\service\reservation\ReservationService.java,service.reservation.ReservationService,"reserveARoom/4[model.customer.Customer,model.room.IRoom,java.util.Date,java.util.Date]",reservation,2
E:\OOD_Projects\ck-mvn-plugin\hotel-reservation-master\src\service\reservation\ReservationService.java,service.reservation.ReservationService,"reserveARoom/4[model.customer.Customer,model.room.IRoom,java.util.Date,java.util.Date]",customerReservations,4
E:\OOD_Projects\ck-mvn-plugin\hotel-reservation-master\src\service\reservation\ReservationService.java,service.reservation.ReservationService,"reserveARoom/4[model.customer.Customer,model.room.IRoom,java.util.Date,java.util.Date]",checkInDate,1
E:\OOD_Projects\ck-mvn-plugin\hotel-reservation-master\src\service\reservation\ReservationService.java,service.reservation.ReservationService,"reserveARoom/4[model.customer.Customer,model.room.IRoom,java.util.Date,java.util.Date]",room,1
E:\OOD_Projects\ck-mvn-plugin\hotel-reservation-master\src\service\reservation\ReservationService.java,service.reservation.ReservationService,"reserveARoom/4[model.customer.Customer,model.room.IRoom,java.util.Date,java.util.Date]",customer,3
E:\OOD_Projects\ck-mvn-plugin\hotel-reservation-master\src\service\reservation\ReservationService.java,service.reservation.ReservationService,getAllReservations/0,allReservations,2
E:\OOD_Projects\ck-mvn-plugin\hotel-reservation-master\src\service\reservation\ReservationService.java,service.reservation.ReservationService,getAllReservations/0,reservations,2
E:\OOD_Projects\ck-mvn-plugin\hotel-reservation-master\src\service\reservation\ReservationService.java,service.reservation.ReservationService,"findRooms/2[java.util.Date,java.util.Date]",checkOutDate,1
E:\OOD_Projects\ck-mvn-plugin\hotel-reservation-master\src\service\reservation\ReservationService.java,service.reservation.ReservationService,"findRooms/2[java.util.Date,java.util.Date]",checkInDate,1
E:\OOD_Projects\ck-mvn-plugin\hotel-reservation-master\src\service\reservation\ReservationService.java,service.reservation.ReservationService,addRoom/1[model.room.IRoom],room,2
E:\OOD_Projects\ck-mvn-plugin\hotel-reservation-master\src\service\reservation\ReservationService.java,service.reservation.ReservationService,printAllReservation/0,reservations,2
E:\OOD_Projects\ck-mvn-plugin\hotel-reservation-master\src\service\reservation\ReservationService.java,service.reservation.ReservationService,printAllReservation/0,reservation,1
E:\OOD_Projects\ck-mvn-plugin\hotel-reservation-master\src\service\reservation\ReservationService.java,service.reservation.ReservationService,"findAvailableRooms/2[java.util.Date,java.util.Date]",allReservations,1
E:\OOD_Projects\ck-mvn-plugin\hotel-reservation-master\src\service\reservation\ReservationService.java,service.reservation.ReservationService,"findAvailableRooms/2[java.util.Date,java.util.Date]",notAvailableRoom,1
E:\OOD_Projects\ck-mvn-plugin\hotel-reservation-master\src\service\reservation\ReservationService.java,service.reservation.ReservationService,"findAvailableRooms/2[java.util.Date,java.util.Date]",checkOutDate,1
E:\OOD_Projects\ck-mvn-plugin\hotel-reservation-master\src\service\reservation\ReservationService.java,service.reservation.ReservationService,"findAvailableRooms/2[java.util.Date,java.util.Date]",reservation,2
E:\OOD_Projects\ck-mvn-plugin\hotel-reservation-master\src\service\reservation\ReservationService.java,service.reservation.ReservationService,"findAvailableRooms/2[java.util.Date,java.util.Date]",notAvailableRooms,2
E:\OOD_Projects\ck-mvn-plugin\hotel-reservation-master\src\service\reservation\ReservationService.java,service.reservation.ReservationService,"findAvailableRooms/2[java.util.Date,java.util.Date]",checkInDate,1
E:\OOD_Projects\ck-mvn-plugin\hotel-reservation-master\src\service\reservation\ReservationService.java,service.reservation.ReservationService,"findAvailableRooms/2[java.util.Date,java.util.Date]",room,1
E:\OOD_Projects\ck-mvn-plugin\hotel-reservation-master\src\MainMenu.java,MainMenu,createAccount/0,firstName,1
E:\OOD_Projects\ck-mvn-plugin\hotel-reservation-master\src\MainMenu.java,MainMenu,createAccount/0,lastName,1
E:\OOD_Projects\ck-mvn-plugin\hotel-reservation-master\src\MainMenu.java,MainMenu,createAccount/0,ex,1
E:\OOD_Projects\ck-mvn-plugin\hotel-reservation-master\src\MainMenu.java,MainMenu,createAccount/0,scanner,3
E:\OOD_Projects\ck-mvn-plugin\hotel-reservation-master\src\MainMenu.java,MainMenu,createAccount/0,email,1
E:\OOD_Projects\ck-mvn-plugin\hotel-reservation-master\src\MainMenu.java,MainMenu,printRooms/1[java.util.Collection<model.room.IRoom>],rooms,2
E:\OOD_Projects\ck-mvn-plugin\hotel-reservation-master\src\MainMenu.java,MainMenu,printReservations/1[java.util.Collection<model.reservation.Reservation>],reservations,3
E:\OOD_Projects\ck-mvn-plugin\hotel-reservation-master\src\MainMenu.java,MainMenu,printReservations/1[java.util.Collection<model.reservation.Reservation>],reservation,1
E:\OOD_Projects\ck-mvn-plugin\hotel-reservation-master\src\MainMenu.java,MainMenu,mainMenu/0,ex,0
E:\OOD_Projects\ck-mvn-plugin\hotel-reservation-master\src\MainMenu.java,MainMenu,mainMenu/0,line,5
E:\OOD_Projects\ck-mvn-plugin\hotel-reservation-master\src\MainMenu.java,MainMenu,mainMenu/0,scanner,1
E:\OOD_Projects\ck-mvn-plugin\hotel-reservation-master\src\MainMenu.java,MainMenu,getInputDate/1[java.util.Scanner],ex,0
E:\OOD_Projects\ck-mvn-plugin\hotel-reservation-master\src\MainMenu.java,MainMenu,getInputDate/1[java.util.Scanner],scanner,1
E:\OOD_Projects\ck-mvn-plugin\hotel-reservation-master\src\MainMenu.java,MainMenu,findAndReserveRoom/0,alternativeCheckOut,2
E:\OOD_Projects\ck-mvn-plugin\hotel-reservation-master\src\MainMenu.java,MainMenu,findAndReserveRoom/0,alternativeRooms,3
E:\OOD_Projects\ck-mvn-plugin\hotel-reservation-master\src\MainMenu.java,MainMenu,findAndReserveRoom/0,checkIn,5
E:\OOD_Projects\ck-mvn-plugin\hotel-reservation-master\src\MainMenu.java,MainMenu,findAndReserveRoom/0,alternativeCheckIn,2
E:\OOD_Projects\ck-mvn-plugin\hotel-reservation-master\src\MainMenu.java,MainMenu,findAndReserveRoom/0,availableRooms,3
E:\OOD_Projects\ck-mvn-plugin\hotel-reservation-master\src\MainMenu.java,MainMenu,findAndReserveRoom/0,scanner,4
E:\OOD_Projects\ck-mvn-plugin\hotel-reservation-master\src\MainMenu.java,MainMenu,findAndReserveRoom/0,checkOut,5
E:\OOD_Projects\ck-mvn-plugin\hotel-reservation-master\src\MainMenu.java,MainMenu,seeMyReservation/0,customerEmail,1
E:\OOD_Projects\ck-mvn-plugin\hotel-reservation-master\src\MainMenu.java,MainMenu,seeMyReservation/0,scanner,1
E:\OOD_Projects\ck-mvn-plugin\hotel-reservation-master\src\MainMenu.java,MainMenu,"reserveRoom/4[java.util.Scanner,java.util.Date,java.util.Date,java.util.Collection<model.room.IRoom>]",rooms,2
E:\OOD_Projects\ck-mvn-plugin\hotel-reservation-master\src\MainMenu.java,MainMenu,"reserveRoom/4[java.util.Scanner,java.util.Date,java.util.Date,java.util.Collection<model.room.IRoom>]",roomNumber,2
E:\OOD_Projects\ck-mvn-plugin\hotel-reservation-master\src\MainMenu.java,MainMenu,"reserveRoom/4[java.util.Scanner,java.util.Date,java.util.Date,java.util.Collection<model.room.IRoom>]",checkOutDate,2
E:\OOD_Projects\ck-mvn-plugin\hotel-reservation-master\src\MainMenu.java,MainMenu,"reserveRoom/4[java.util.Scanner,java.util.Date,java.util.Date,java.util.Collection<model.room.IRoom>]",customerEmail,2
E:\OOD_Projects\ck-mvn-plugin\hotel-reservation-master\src\MainMenu.java,MainMenu,"reserveRoom/4[java.util.Scanner,java.util.Date,java.util.Date,java.util.Collection<model.room.IRoom>]",scanner,5
E:\OOD_Projects\ck-mvn-plugin\hotel-reservation-master\src\MainMenu.java,MainMenu,"reserveRoom/4[java.util.Scanner,java.util.Date,java.util.Date,java.util.Collection<model.room.IRoom>]",reservation,1
E:\OOD_Projects\ck-mvn-plugin\hotel-reservation-master\src\MainMenu.java,MainMenu,"reserveRoom/4[java.util.Scanner,java.util.Date,java.util.Date,java.util.Collection<model.room.IRoom>]",checkInDate,2
E:\OOD_Projects\ck-mvn-plugin\hotel-reservation-master\src\MainMenu.java,MainMenu,"reserveRoom/4[java.util.Scanner,java.util.Date,java.util.Date,java.util.Collection<model.room.IRoom>]",room,3
E:\OOD_Projects\ck-mvn-plugin\hotel-reservation-master\src\MainMenu.java,MainMenu,"reserveRoom/4[java.util.Scanner,java.util.Date,java.util.Date,java.util.Collection<model.room.IRoom>]",bookRoom,2
E:\OOD_Projects\ck-mvn-plugin\hotel-reservation-master\src\MainMenu.java,MainMenu,"reserveRoom/4[java.util.Scanner,java.util.Date,java.util.Date,java.util.Collection<model.room.IRoom>]",haveAccount,1
E:\OOD_Projects\ck-mvn-plugin\hotel-reservation-master\src\AdminMenu.java,AdminMenu,addRoom/0,roomPrice,1
E:\OOD_Projects\ck-mvn-plugin\hotel-reservation-master\src\AdminMenu.java,AdminMenu,addRoom/0,roomNumber,1
E:\OOD_Projects\ck-mvn-plugin\hotel-reservation-master\src\AdminMenu.java,AdminMenu,addRoom/0,scanner,3
E:\OOD_Projects\ck-mvn-plugin\hotel-reservation-master\src\AdminMenu.java,AdminMenu,addRoom/0,roomType,1
E:\OOD_Projects\ck-mvn-plugin\hotel-reservation-master\src\AdminMenu.java,AdminMenu,addRoom/0,room,1
E:\OOD_Projects\ck-mvn-plugin\hotel-reservation-master\src\AdminMenu.java,AdminMenu,addAnotherRoom/0,ex,0
E:\OOD_Projects\ck-mvn-plugin\hotel-reservation-master\src\AdminMenu.java,AdminMenu,addAnotherRoom/0,anotherRoom,7
E:\OOD_Projects\ck-mvn-plugin\hotel-reservation-master\src\AdminMenu.java,AdminMenu,addAnotherRoom/0,scanner,2
E:\OOD_Projects\ck-mvn-plugin\hotel-reservation-master\src\AdminMenu.java,AdminMenu,enterRoomPrice/1[java.util.Scanner],scanner,2
E:\OOD_Projects\ck-mvn-plugin\hotel-reservation-master\src\AdminMenu.java,AdminMenu,enterRoomPrice/1[java.util.Scanner],exp,0
E:\OOD_Projects\ck-mvn-plugin\hotel-reservation-master\src\AdminMenu.java,AdminMenu,displayAllRooms/0,rooms,1
E:\OOD_Projects\ck-mvn-plugin\hotel-reservation-master\src\AdminMenu.java,AdminMenu,enterRoomType/1[java.util.Scanner],scanner,2
E:\OOD_Projects\ck-mvn-plugin\hotel-reservation-master\src\AdminMenu.java,AdminMenu,enterRoomType/1[java.util.Scanner],exp,0
E:\OOD_Projects\ck-mvn-plugin\hotel-reservation-master\src\AdminMenu.java,AdminMenu,adminMenu/0,ex,0
E:\OOD_Projects\ck-mvn-plugin\hotel-reservation-master\src\AdminMenu.java,AdminMenu,adminMenu/0,line,5
E:\OOD_Projects\ck-mvn-plugin\hotel-reservation-master\src\AdminMenu.java,AdminMenu,adminMenu/0,scanner,1
E:\OOD_Projects\ck-mvn-plugin\hotel-reservation-master\src\AdminMenu.java,AdminMenu,displayAllCustomers/0,customers,1
E:\OOD_Projects\ck-mvn-plugin\hotel-reservation-master\src\api\AdminResource.java,api.AdminResource,addRoom/1[java.util.List<model.room.IRoom>],rooms,1
E:\OOD_Projects\ck-mvn-plugin\hotel-reservation-master\src\api\AdminResource.java,api.AdminResource,getCustomer/1[java.lang.String],email,1
E:\OOD_Projects\ck-mvn-plugin\hotel-reservation-master\src\model\room\FreeRoom.java,model.room.FreeRoom,"FreeRoom/2[java.lang.String,model.room.enums.RoomType]",roomNumber,1
E:\OOD_Projects\ck-mvn-plugin\hotel-reservation-master\src\model\room\FreeRoom.java,model.room.FreeRoom,"FreeRoom/2[java.lang.String,model.room.enums.RoomType]",enumeration,1
E:\OOD_Projects\ck-mvn-plugin\hotel-reservation-master\src\model\reservation\Reservation.java,model.reservation.Reservation,"Reservation/4[model.customer.Customer,model.room.IRoom,java.util.Date,java.util.Date]",checkOutDate,2
E:\OOD_Projects\ck-mvn-plugin\hotel-reservation-master\src\model\reservation\Reservation.java,model.reservation.Reservation,"Reservation/4[model.customer.Customer,model.room.IRoom,java.util.Date,java.util.Date]",checkInDate,2
E:\OOD_Projects\ck-mvn-plugin\hotel-reservation-master\src\model\reservation\Reservation.java,model.reservation.Reservation,"Reservation/4[model.customer.Customer,model.room.IRoom,java.util.Date,java.util.Date]",room,2
E:\OOD_Projects\ck-mvn-plugin\hotel-reservation-master\src\model\reservation\Reservation.java,model.reservation.Reservation,"Reservation/4[model.customer.Customer,model.room.IRoom,java.util.Date,java.util.Date]",customer,2
E:\OOD_Projects\ck-mvn-plugin\hotel-reservation-master\src\service\customer\CustomerService.java,service.customer.CustomerService,"addCustomer/3[java.lang.String,java.lang.String,java.lang.String]",firstName,1
E:\OOD_Projects\ck-mvn-plugin\hotel-reservation-master\src\service\customer\CustomerService.java,service.customer.CustomerService,"addCustomer/3[java.lang.String,java.lang.String,java.lang.String]",lastName,1
E:\OOD_Projects\ck-mvn-plugin\hotel-reservation-master\src\service\customer\CustomerService.java,service.customer.CustomerService,"addCustomer/3[java.lang.String,java.lang.String,java.lang.String]",email,2
E:\OOD_Projects\ck-mvn-plugin\hotel-reservation-master\src\service\customer\CustomerService.java,service.customer.CustomerService,getCustomer/1[java.lang.String],customerEmail,1
