file,class,type,cbo,cboModified,fanin,fanout,wmc,dit,noc,rfc,lcom,lcom*,tcc,lcc,totalMethodsQty,staticMethodsQty,publicMethodsQty,privateMethodsQty,protectedMethodsQty,defaultMethodsQty,visibleMethodsQty,abstractMethodsQty,finalMethodsQty,synchronizedMethodsQty,totalFieldsQty,staticFieldsQty,publicFieldsQty,privateFieldsQty,protectedFieldsQty,defaultFieldsQty,finalFieldsQty,synchronizedFieldsQty,nosi,loc,returnQty,loopQty,comparisonsQty,tryCatchQty,parenthesizedExpsQty,stringLiteralsQty,numbersQty,assignmentsQty,mathOperationsQty,variablesQty,maxNestedBlocksQty,anonymousClassesQty,innerClassesQty,lambdasQty,uniqueWordsQty,modifiers,logStatementsQty
E:\OOD_Projects\ck-mvn-plugin\MediciaApi-main\src\main\java\com\medicia\MediciaAPI\entities\Doctor.java,com.medicia.MediciaAPI.entities.Doctor,class,6,15,9,6,22,1,0,1,175,0.8681819,0.121212125,0.74458873,22,0,22,0,0,0,22,0,0,0,10,0,0,10,0,0,0,0,0,87,10,0,0,0,0,2,0,19,0,10,0,0,0,0,27,1,0
E:\OOD_Projects\ck-mvn-plugin\MediciaApi-main\src\main\java\com\medicia\MediciaAPI\controller\UserController.java,com.medicia.MediciaAPI.controller.UserController,class,15,15,0,15,15,1,0,12,32,0.6944444,0.25757575,0.25757575,12,0,12,0,0,0,12,0,0,0,3,0,0,3,0,0,0,0,2,59,13,0,0,3,0,17,0,0,0,3,1,0,0,0,36,1,0
E:\OOD_Projects\ck-mvn-plugin\MediciaApi-main\src\test\java\com\medicia\MediciaAPI\MediciaApiApplicationTests.java,com.medicia.MediciaAPI.MediciaApiApplicationTests,class,2,2,0,2,1,1,0,0,0,0.0,NaN,NaN,1,0,0,0,0,1,1,0,0,0,0,0,0,0,0,0,0,0,0,4,0,0,0,0,0,0,0,0,0,0,0,0,0,0,6,0,0
E:\OOD_Projects\ck-mvn-plugin\MediciaApi-main\src\main\java\com\medicia\MediciaAPI\services\MedicalHisServceClass.java,com.medicia.MediciaAPI.services.MedicalHisServceClass,class,5,5,0,5,5,1,0,5,0,0.0,1.0,1.0,5,0,5,0,0,0,5,0,0,0,1,0,0,1,0,0,0,0,0,18,2,0,0,0,0,0,0,0,0,1,0,0,0,0,16,1,0
E:\OOD_Projects\ck-mvn-plugin\MediciaApi-main\src\main\java\com\medicia\MediciaAPI\entities\MedicalHistory.java,com.medicia.MediciaAPI.entities.MedicalHistory,class,7,17,10,7,22,1,0,0,183,0.8772728,0.103896104,0.46753246,22,0,22,0,0,0,22,0,0,0,10,0,0,10,0,0,0,0,0,85,10,0,0,0,0,0,0,17,0,10,0,0,0,0,27,1,0
E:\OOD_Projects\ck-mvn-plugin\MediciaApi-main\src\main\java\com\medicia\MediciaAPI\visibility\services\PendingRequest.java,com.medicia.MediciaAPI.visibility.services.PendingRequest,class,9,9,0,9,15,1,0,12,0,0.5,1.0,1.0,6,0,6,0,0,0,6,0,0,0,3,0,0,3,0,0,0,0,0,83,8,1,0,0,0,2,5,16,0,19,4,0,0,0,37,1,0
E:\OOD_Projects\ck-mvn-plugin\MediciaApi-main\src\main\java\com\medicia\MediciaAPI\exception\UserNotFoundException.java,com.medicia.MediciaAPI.exception.UserNotFoundException,class,1,3,2,1,1,4,0,0,0,1.0,NaN,NaN,1,0,1,0,0,0,1,0,0,0,1,1,0,1,0,0,1,0,0,6,0,0,0,0,0,0,1,1,0,1,0,0,0,0,13,1,0
E:\OOD_Projects\ck-mvn-plugin\MediciaApi-main\src\main\java\com\medicia\MediciaAPI\MediciaApiApplication.java,com.medicia.MediciaAPI.MediciaApiApplication,class,2,3,1,2,1,1,0,1,0,0.0,NaN,NaN,1,1,1,0,0,0,1,0,0,0,0,0,0,0,0,0,0,0,0,5,0,0,0,0,0,0,0,0,0,0,0,0,0,0,5,1,0
E:\OOD_Projects\ck-mvn-plugin\MediciaApi-main\src\main\java\com\medicia\MediciaAPI\visibility\services\AddedRequest.java,com.medicia.MediciaAPI.visibility.services.AddedRequest,class,7,7,0,7,10,1,0,10,0,0.5,0.6,0.6,5,0,5,0,0,0,5,0,0,0,2,0,0,2,0,0,0,0,0,56,6,1,0,0,0,0,1,12,0,14,2,0,0,0,32,1,0
E:\OOD_Projects\ck-mvn-plugin\MediciaApi-main\src\main\java\com\medicia\MediciaAPI\services\DoctorService.java,com.medicia.MediciaAPI.services.DoctorService,interface,2,6,4,2,9,1,0,0,36,0.0,0.0,0.0,9,0,9,0,0,0,9,0,0,0,0,0,0,0,0,0,0,0,0,11,0,0,0,0,0,0,0,0,0,0,0,0,0,0,26,1,0
E:\OOD_Projects\ck-mvn-plugin\MediciaApi-main\src\main\java\com\medicia\MediciaAPI\services\UserService.java,com.medicia.MediciaAPI.services.UserService,interface,2,5,3,2,7,1,0,0,21,0.0,0.0,0.0,7,0,7,0,0,0,7,0,0,0,0,0,0,0,0,0,0,0,0,9,0,0,0,0,0,0,0,0,0,0,0,0,0,0,18,1,0
E:\OOD_Projects\ck-mvn-plugin\MediciaApi-main\src\main\java\com\medicia\MediciaAPI\entities\User.java,com.medicia.MediciaAPI.entities.User,class,6,11,5,6,22,1,0,1,175,0.8681819,0.121212125,0.74458873,22,0,22,0,0,0,22,0,0,0,10,0,0,10,0,0,0,0,0,87,10,0,0,0,0,2,0,19,0,10,0,0,0,0,23,1,0
E:\OOD_Projects\ck-mvn-plugin\MediciaApi-main\src\main\java\com\medicia\MediciaAPI\services\DoctorServiceClass.java,com.medicia.MediciaAPI.services.DoctorServiceClass,class,10,11,1,10,15,1,0,20,14,0.6111111,0.30555555,0.30555555,9,0,9,0,0,0,9,0,0,0,2,0,0,2,0,0,0,0,0,54,6,2,1,0,0,2,0,7,0,8,2,0,0,0,34,1,0
E:\OOD_Projects\ck-mvn-plugin\MediciaApi-main\.mvn\wrapper\MavenWrapperDownloader.java,MavenWrapperDownloader,class,2,3,1,2,11,1,0,20,1,0.6,NaN,NaN,2,2,1,1,0,0,1,0,0,0,5,5,0,5,0,0,5,0,9,72,0,0,3,3,0,21,4,18,6,16,4,1,0,0,85,1,0
E:\OOD_Projects\ck-mvn-plugin\MediciaApi-main\src\main\java\com\medicia\MediciaAPI\visibility\FriendAdded.java,com.medicia.MediciaAPI.visibility.FriendAdded,class,2,3,1,2,6,1,0,0,3,0.5,0.4,0.6666667,6,0,6,0,0,0,6,0,0,0,2,0,0,2,0,0,0,0,0,24,2,0,0,0,0,0,0,4,0,2,0,0,0,0,9,1,0
E:\OOD_Projects\ck-mvn-plugin\MediciaApi-main\src\main\java\com\medicia\MediciaAPI\visibility\PendingRequests.java,com.medicia.MediciaAPI.visibility.PendingRequests,class,2,3,1,2,6,1,0,0,3,0.5,0.4,0.6666667,6,0,6,0,0,0,6,0,0,0,2,0,0,2,0,0,0,0,0,24,2,0,0,0,0,0,0,4,0,2,0,0,0,0,9,1,0
E:\OOD_Projects\ck-mvn-plugin\MediciaApi-main\src\main\java\com\medicia\MediciaAPI\dao\UserDao.java,com.medicia.MediciaAPI.dao.UserDao,interface,1,2,1,1,0,1,0,0,0,0.0,-1.0,-1.0,0,0,0,0,0,0,0,0,0,0,0,0,0,0,0,0,0,0,0,2,0,0,0,0,0,0,0,0,0,0,0,0,0,0,2,1,0
E:\OOD_Projects\ck-mvn-plugin\MediciaApi-main\src\main\java\com\medicia\MediciaAPI\dao\RequestPendingDAO.java,com.medicia.MediciaAPI.dao.RequestPendingDAO,interface,1,2,1,1,0,1,0,0,0,0.0,-1.0,-1.0,0,0,0,0,0,0,0,0,0,0,0,0,0,0,0,0,0,0,0,2,0,0,0,0,0,0,0,0,0,0,0,0,0,0,5,1,0
E:\OOD_Projects\ck-mvn-plugin\MediciaApi-main\src\main\java\com\medicia\MediciaAPI\visibility\services\PendingRequestService.java,com.medicia.MediciaAPI.visibility.services.PendingRequestService,interface,1,4,3,1,6,1,0,0,15,0.0,0.0,0.0,6,0,6,0,0,0,6,0,0,0,0,0,0,0,0,0,0,0,0,8,0,0,0,0,0,0,0,0,0,0,0,0,0,0,24,1,0
E:\OOD_Projects\ck-mvn-plugin\MediciaApi-main\src\main\java\com\medicia\MediciaAPI\dao\DoctorDao.java,com.medicia.MediciaAPI.dao.DoctorDao,interface,1,2,1,1,0,1,0,0,0,0.0,-1.0,-1.0,0,0,0,0,0,0,0,0,0,0,0,0,0,0,0,0,0,0,0,2,0,0,0,0,0,0,0,0,0,0,0,0,0,0,2,1,0
E:\OOD_Projects\ck-mvn-plugin\MediciaApi-main\src\main\java\com\medicia\MediciaAPI\dao\RequestAddedDAO.java,com.medicia.MediciaAPI.dao.RequestAddedDAO,interface,1,2,1,1,0,1,0,0,0,0.0,-1.0,-1.0,0,0,0,0,0,0,0,0,0,0,0,0,0,0,0,0,0,0,0,2,0,0,0,0,0,0,0,0,0,0,0,0,0,0,5,1,0
E:\OOD_Projects\ck-mvn-plugin\MediciaApi-main\src\main\java\com\medicia\MediciaAPI\visibility\services\AddedRequestService.java,com.medicia.MediciaAPI.visibility.services.AddedRequestService,interface,1,4,3,1,5,1,0,0,10,0.0,0.0,0.0,5,0,5,0,0,0,5,0,0,0,0,0,0,0,0,0,0,0,0,7,0,0,0,0,0,0,0,0,0,0,0,0,0,0,20,1,0
E:\OOD_Projects\ck-mvn-plugin\MediciaApi-main\src\main\java\com\medicia\MediciaAPI\services\MedicalHisService.java,com.medicia.MediciaAPI.services.MedicalHisService,interface,1,3,2,1,5,1,0,0,10,0.0,0.0,0.0,5,0,5,0,0,0,5,0,0,0,0,0,0,0,0,0,0,0,0,7,0,0,0,0,0,0,0,0,0,0,0,0,0,0,13,1,0
E:\OOD_Projects\ck-mvn-plugin\MediciaApi-main\src\main\java\com\medicia\MediciaAPI\controller\DoctorController.java,com.medicia.MediciaAPI.controller.DoctorController,class,14,14,0,14,13,1,0,11,0,0.5,0.6111111,0.6111111,9,0,9,0,0,0,9,0,0,0,2,0,0,2,0,0,0,0,4,56,12,0,0,4,0,17,0,0,0,2,1,0,0,0,32,1,0
E:\OOD_Projects\ck-mvn-plugin\MediciaApi-main\src\main\java\com\medicia\MediciaAPI\controller\MedicalController.java,com.medicia.MediciaAPI.controller.MedicalController,class,12,12,0,12,8,1,0,6,0,0.0,1.0,1.0,5,0,5,0,0,0,5,0,0,0,1,0,1,0,0,0,0,0,2,36,8,0,0,3,0,5,0,0,0,1,1,0,0,0,17,1,0
E:\OOD_Projects\ck-mvn-plugin\MediciaApi-main\src\main\java\com\medicia\MediciaAPI\services\UserServiceClass.java,com.medicia.MediciaAPI.services.UserServiceClass,class,7,8,1,7,9,1,0,10,1,0.2857143,0.47619048,0.47619048,7,0,7,0,0,0,7,0,0,0,1,0,0,1,0,0,0,0,0,29,5,1,0,0,0,0,0,2,0,3,2,0,0,0,22,1,0
E:\OOD_Projects\ck-mvn-plugin\MediciaApi-main\.mvn\wrapper\MavenWrapperDownloader.java,MavenWrapperDownloader$Anonymous1,anonymous,0,0,0,0,1,1,0,0,0,0.0,NaN,NaN,1,0,0,0,1,0,1,0,0,0,0,0,0,0,0,0,0,0,0,5,1,0,0,0,0,0,0,0,0,0,0,0,0,0,3,-1,0
E:\OOD_Projects\ck-mvn-plugin\MediciaApi-main\src\main\java\com\medicia\MediciaAPI\dao\MedicalDao.java,com.medicia.MediciaAPI.dao.MedicalDao,interface,1,2,1,1,0,1,0,0,0,0.0,-1.0,-1.0,0,0,0,0,0,0,0,0,0,0,0,0,0,0,0,0,0,0,0,2,0,0,0,0,0,0,0,0,0,0,0,0,0,0,2,1,0
