file,class,method,variable,usage
E:\OOD_Projects\ck-mvn-plugin\MediciaApi-main\src\main\java\com\medicia\MediciaAPI\entities\Doctor.java,com.medicia.MediciaAPI.entities.Doctor,getDateOfRegister/0,dateOfRegister,1
E:\OOD_Projects\ck-mvn-plugin\MediciaApi-main\src\main\java\com\medicia\MediciaAPI\entities\Doctor.java,com.medicia.MediciaAPI.entities.Doctor,"Doctor/9[long,java.lang.String,java.lang.String,java.lang.String,java.lang.String,java.lang.String,java.lang.String,int,java.util.Date]",organizationType,3
E:\OOD_Projects\ck-mvn-plugin\MediciaApi-main\src\main\java\com\medicia\MediciaAPI\entities\Doctor.java,com.medicia.MediciaAPI.entities.Doctor,"Doctor/9[long,java.lang.String,java.lang.String,java.lang.String,java.lang.String,java.lang.String,java.lang.String,int,java.util.Date]",docName,3
E:\OOD_Projects\ck-mvn-plugin\MediciaApi-main\src\main\java\com\medicia\MediciaAPI\entities\Doctor.java,com.medicia.MediciaAPI.entities.Doctor,"Doctor/9[long,java.lang.String,java.lang.String,java.lang.String,java.lang.String,java.lang.String,java.lang.String,int,java.util.Date]",organizationName,3
E:\OOD_Projects\ck-mvn-plugin\MediciaApi-main\src\main\java\com\medicia\MediciaAPI\entities\Doctor.java,com.medicia.MediciaAPI.entities.Doctor,"Doctor/9[long,java.lang.String,java.lang.String,java.lang.String,java.lang.String,java.lang.String,java.lang.String,int,java.util.Date]",docId,3
E:\OOD_Projects\ck-mvn-plugin\MediciaApi-main\src\main\java\com\medicia\MediciaAPI\entities\Doctor.java,com.medicia.MediciaAPI.entities.Doctor,"Doctor/9[long,java.lang.String,java.lang.String,java.lang.String,java.lang.String,java.lang.String,java.lang.String,int,java.util.Date]",rating,3
E:\OOD_Projects\ck-mvn-plugin\MediciaApi-main\src\main\java\com\medicia\MediciaAPI\entities\Doctor.java,com.medicia.MediciaAPI.entities.Doctor,"Doctor/9[long,java.lang.String,java.lang.String,java.lang.String,java.lang.String,java.lang.String,java.lang.String,int,java.util.Date]",docPassword,3
E:\OOD_Projects\ck-mvn-plugin\MediciaApi-main\src\main\java\com\medicia\MediciaAPI\entities\Doctor.java,com.medicia.MediciaAPI.entities.Doctor,"Doctor/9[long,java.lang.String,java.lang.String,java.lang.String,java.lang.String,java.lang.String,java.lang.String,int,java.util.Date]",docEmail,3
E:\OOD_Projects\ck-mvn-plugin\MediciaApi-main\src\main\java\com\medicia\MediciaAPI\entities\Doctor.java,com.medicia.MediciaAPI.entities.Doctor,"Doctor/9[long,java.lang.String,java.lang.String,java.lang.String,java.lang.String,java.lang.String,java.lang.String,int,java.util.Date]",docAddress,3
E:\OOD_Projects\ck-mvn-plugin\MediciaApi-main\src\main\java\com\medicia\MediciaAPI\entities\Doctor.java,com.medicia.MediciaAPI.entities.Doctor,"Doctor/9[long,java.lang.String,java.lang.String,java.lang.String,java.lang.String,java.lang.String,java.lang.String,int,java.util.Date]",dateOfRegister,3
E:\OOD_Projects\ck-mvn-plugin\MediciaApi-main\src\main\java\com\medicia\MediciaAPI\entities\Doctor.java,com.medicia.MediciaAPI.entities.Doctor,setDocId/1[long],docId,3
E:\OOD_Projects\ck-mvn-plugin\MediciaApi-main\src\main\java\com\medicia\MediciaAPI\entities\Doctor.java,com.medicia.MediciaAPI.entities.Doctor,setDocName/1[java.lang.String],docName,3
E:\OOD_Projects\ck-mvn-plugin\MediciaApi-main\src\main\java\com\medicia\MediciaAPI\entities\Doctor.java,com.medicia.MediciaAPI.entities.Doctor,getRating/0,rating,1
E:\OOD_Projects\ck-mvn-plugin\MediciaApi-main\src\main\java\com\medicia\MediciaAPI\entities\Doctor.java,com.medicia.MediciaAPI.entities.Doctor,setRating/1[int],rating,3
E:\OOD_Projects\ck-mvn-plugin\MediciaApi-main\src\main\java\com\medicia\MediciaAPI\entities\Doctor.java,com.medicia.MediciaAPI.entities.Doctor,getDocEmail/0,docEmail,1
E:\OOD_Projects\ck-mvn-plugin\MediciaApi-main\src\main\java\com\medicia\MediciaAPI\entities\Doctor.java,com.medicia.MediciaAPI.entities.Doctor,getDocAddress/0,docAddress,1
E:\OOD_Projects\ck-mvn-plugin\MediciaApi-main\src\main\java\com\medicia\MediciaAPI\entities\Doctor.java,com.medicia.MediciaAPI.entities.Doctor,getDocId/0,docId,1
E:\OOD_Projects\ck-mvn-plugin\MediciaApi-main\src\main\java\com\medicia\MediciaAPI\entities\Doctor.java,com.medicia.MediciaAPI.entities.Doctor,getDocName/0,docName,1
E:\OOD_Projects\ck-mvn-plugin\MediciaApi-main\src\main\java\com\medicia\MediciaAPI\entities\Doctor.java,com.medicia.MediciaAPI.entities.Doctor,setDocPassword/1[java.lang.String],docPassword,3
E:\OOD_Projects\ck-mvn-plugin\MediciaApi-main\src\main\java\com\medicia\MediciaAPI\entities\Doctor.java,com.medicia.MediciaAPI.entities.Doctor,setMedicalHistoriesDoctorChecked/1[com.medicia.MediciaAPI.entities.MedicalHistory],medicalHistoriesDoctorChecked,1
E:\OOD_Projects\ck-mvn-plugin\MediciaApi-main\src\main\java\com\medicia\MediciaAPI\entities\Doctor.java,com.medicia.MediciaAPI.entities.Doctor,getDocPassword/0,docPassword,1
E:\OOD_Projects\ck-mvn-plugin\MediciaApi-main\src\main\java\com\medicia\MediciaAPI\entities\Doctor.java,com.medicia.MediciaAPI.entities.Doctor,setDocEmail/1[java.lang.String],docEmail,3
E:\OOD_Projects\ck-mvn-plugin\MediciaApi-main\src\main\java\com\medicia\MediciaAPI\entities\Doctor.java,com.medicia.MediciaAPI.entities.Doctor,setOrganizationName/1[java.lang.String],organizationName,3
E:\OOD_Projects\ck-mvn-plugin\MediciaApi-main\src\main\java\com\medicia\MediciaAPI\entities\Doctor.java,com.medicia.MediciaAPI.entities.Doctor,getMedicalHistoriesDoctorChecked/0,medicalHistoriesDoctorChecked,1
E:\OOD_Projects\ck-mvn-plugin\MediciaApi-main\src\main\java\com\medicia\MediciaAPI\entities\Doctor.java,com.medicia.MediciaAPI.entities.Doctor,setDocAddress/1[java.lang.String],docAddress,3
E:\OOD_Projects\ck-mvn-plugin\MediciaApi-main\src\main\java\com\medicia\MediciaAPI\entities\Doctor.java,com.medicia.MediciaAPI.entities.Doctor,getOrganizationType/0,organizationType,1
E:\OOD_Projects\ck-mvn-plugin\MediciaApi-main\src\main\java\com\medicia\MediciaAPI\entities\Doctor.java,com.medicia.MediciaAPI.entities.Doctor,setOrganizationType/1[java.lang.String],organizationType,3
E:\OOD_Projects\ck-mvn-plugin\MediciaApi-main\src\main\java\com\medicia\MediciaAPI\entities\Doctor.java,com.medicia.MediciaAPI.entities.Doctor,setDateOfRegister/1[java.util.Date],dateOfRegister,3
E:\OOD_Projects\ck-mvn-plugin\MediciaApi-main\src\main\java\com\medicia\MediciaAPI\entities\Doctor.java,com.medicia.MediciaAPI.entities.Doctor,getOrganizationName/0,organizationName,1
E:\OOD_Projects\ck-mvn-plugin\MediciaApi-main\src\main\java\com\medicia\MediciaAPI\controller\UserController.java,com.medicia.MediciaAPI.controller.UserController,getAllUser/0,userservice,1
E:\OOD_Projects\ck-mvn-plugin\MediciaApi-main\src\main\java\com\medicia\MediciaAPI\controller\UserController.java,com.medicia.MediciaAPI.controller.UserController,getDoctorsAllowedToViewProfile/1[java.lang.Long],ars,1
E:\OOD_Projects\ck-mvn-plugin\MediciaApi-main\src\main\java\com\medicia\MediciaAPI\controller\UserController.java,com.medicia.MediciaAPI.controller.UserController,"rejectDoctorToViewProfile/2[java.lang.Long,java.lang.Long]",prs,1
E:\OOD_Projects\ck-mvn-plugin\MediciaApi-main\src\main\java\com\medicia\MediciaAPI\controller\UserController.java,com.medicia.MediciaAPI.controller.UserController,"addDoctorToApprove/2[java.lang.Long,java.lang.Long]",prs,1
E:\OOD_Projects\ck-mvn-plugin\MediciaApi-main\src\main\java\com\medicia\MediciaAPI\controller\UserController.java,com.medicia.MediciaAPI.controller.UserController,deleteUser/1[java.lang.String],userservice,1
E:\OOD_Projects\ck-mvn-plugin\MediciaApi-main\src\main\java\com\medicia\MediciaAPI\controller\UserController.java,com.medicia.MediciaAPI.controller.UserController,countPendingRequest/1[java.lang.Long],prs,1
E:\OOD_Projects\ck-mvn-plugin\MediciaApi-main\src\main\java\com\medicia\MediciaAPI\controller\UserController.java,com.medicia.MediciaAPI.controller.UserController,getPendingDoctorsRequest/1[long],prs,1
E:\OOD_Projects\ck-mvn-plugin\MediciaApi-main\src\main\java\com\medicia\MediciaAPI\controller\UserController.java,com.medicia.MediciaAPI.controller.UserController,updateUser/1[com.medicia.MediciaAPI.entities.User],userservice,1
E:\OOD_Projects\ck-mvn-plugin\MediciaApi-main\src\main\java\com\medicia\MediciaAPI\controller\UserController.java,com.medicia.MediciaAPI.controller.UserController,addUser/1[com.medicia.MediciaAPI.entities.User],userservice,1
E:\OOD_Projects\ck-mvn-plugin\MediciaApi-main\src\main\java\com\medicia\MediciaAPI\controller\UserController.java,com.medicia.MediciaAPI.controller.UserController,getUserById/1[java.lang.String],userservice,1
E:\OOD_Projects\ck-mvn-plugin\MediciaApi-main\src\main\java\com\medicia\MediciaAPI\controller\UserController.java,com.medicia.MediciaAPI.controller.UserController,countDoctorsApproved/1[java.lang.Long],ars,1
E:\OOD_Projects\ck-mvn-plugin\MediciaApi-main\src\main\java\com\medicia\MediciaAPI\services\MedicalHisServceClass.java,com.medicia.MediciaAPI.services.MedicalHisServceClass,deleteHistory/1[long],medicalDao,1
E:\OOD_Projects\ck-mvn-plugin\MediciaApi-main\src\main\java\com\medicia\MediciaAPI\services\MedicalHisServceClass.java,com.medicia.MediciaAPI.services.MedicalHisServceClass,updateHistory/1[com.medicia.MediciaAPI.entities.MedicalHistory],medicalDao,1
E:\OOD_Projects\ck-mvn-plugin\MediciaApi-main\src\main\java\com\medicia\MediciaAPI\services\MedicalHisServceClass.java,com.medicia.MediciaAPI.services.MedicalHisServceClass,getAllHistory/0,medicalDao,1
E:\OOD_Projects\ck-mvn-plugin\MediciaApi-main\src\main\java\com\medicia\MediciaAPI\services\MedicalHisServceClass.java,com.medicia.MediciaAPI.services.MedicalHisServceClass,getHistoryById/1[long],medicalDao,1
E:\OOD_Projects\ck-mvn-plugin\MediciaApi-main\src\main\java\com\medicia\MediciaAPI\services\MedicalHisServceClass.java,com.medicia.MediciaAPI.services.MedicalHisServceClass,addHistory/1[com.medicia.MediciaAPI.entities.MedicalHistory],medicalDao,1
E:\OOD_Projects\ck-mvn-plugin\MediciaApi-main\src\main\java\com\medicia\MediciaAPI\entities\MedicalHistory.java,com.medicia.MediciaAPI.entities.MedicalHistory,setHisId/1[long],hisId,3
E:\OOD_Projects\ck-mvn-plugin\MediciaApi-main\src\main\java\com\medicia\MediciaAPI\entities\MedicalHistory.java,com.medicia.MediciaAPI.entities.MedicalHistory,setDoctor/1[com.medicia.MediciaAPI.entities.Doctor],doctor,3
E:\OOD_Projects\ck-mvn-plugin\MediciaApi-main\src\main\java\com\medicia\MediciaAPI\entities\MedicalHistory.java,com.medicia.MediciaAPI.entities.MedicalHistory,setHandicapped/1[java.lang.String],handicapped,3
E:\OOD_Projects\ck-mvn-plugin\MediciaApi-main\src\main\java\com\medicia\MediciaAPI\entities\MedicalHistory.java,com.medicia.MediciaAPI.entities.MedicalHistory,setDiasease/1[java.lang.String],diasease,3
E:\OOD_Projects\ck-mvn-plugin\MediciaApi-main\src\main\java\com\medicia\MediciaAPI\entities\MedicalHistory.java,com.medicia.MediciaAPI.entities.MedicalHistory,getDiasease/0,diasease,1
E:\OOD_Projects\ck-mvn-plugin\MediciaApi-main\src\main\java\com\medicia\MediciaAPI\entities\MedicalHistory.java,com.medicia.MediciaAPI.entities.MedicalHistory,setAllergies/1[java.lang.String],allergies,3
E:\OOD_Projects\ck-mvn-plugin\MediciaApi-main\src\main\java\com\medicia\MediciaAPI\entities\MedicalHistory.java,com.medicia.MediciaAPI.entities.MedicalHistory,setBloodPressure/1[java.lang.String],bloodPressure,3
E:\OOD_Projects\ck-mvn-plugin\MediciaApi-main\src\main\java\com\medicia\MediciaAPI\entities\MedicalHistory.java,com.medicia.MediciaAPI.entities.MedicalHistory,getHandicapped/0,handicapped,1
E:\OOD_Projects\ck-mvn-plugin\MediciaApi-main\src\main\java\com\medicia\MediciaAPI\entities\MedicalHistory.java,com.medicia.MediciaAPI.entities.MedicalHistory,getMedicine/0,medicine,1
E:\OOD_Projects\ck-mvn-plugin\MediciaApi-main\src\main\java\com\medicia\MediciaAPI\entities\MedicalHistory.java,com.medicia.MediciaAPI.entities.MedicalHistory,getHaemoglobin/0,haemoglobin,1
E:\OOD_Projects\ck-mvn-plugin\MediciaApi-main\src\main\java\com\medicia\MediciaAPI\entities\MedicalHistory.java,com.medicia.MediciaAPI.entities.MedicalHistory,setHaemoglobin/1[java.lang.String],haemoglobin,3
E:\OOD_Projects\ck-mvn-plugin\MediciaApi-main\src\main\java\com\medicia\MediciaAPI\entities\MedicalHistory.java,com.medicia.MediciaAPI.entities.MedicalHistory,"MedicalHistory/7[java.lang.String,java.lang.String,java.lang.String,java.lang.String,java.lang.String,java.lang.String,java.lang.String]",allergies,3
E:\OOD_Projects\ck-mvn-plugin\MediciaApi-main\src\main\java\com\medicia\MediciaAPI\entities\MedicalHistory.java,com.medicia.MediciaAPI.entities.MedicalHistory,"MedicalHistory/7[java.lang.String,java.lang.String,java.lang.String,java.lang.String,java.lang.String,java.lang.String,java.lang.String]",bloodPressure,3
E:\OOD_Projects\ck-mvn-plugin\MediciaApi-main\src\main\java\com\medicia\MediciaAPI\entities\MedicalHistory.java,com.medicia.MediciaAPI.entities.MedicalHistory,"MedicalHistory/7[java.lang.String,java.lang.String,java.lang.String,java.lang.String,java.lang.String,java.lang.String,java.lang.String]",bloodGroup,3
E:\OOD_Projects\ck-mvn-plugin\MediciaApi-main\src\main\java\com\medicia\MediciaAPI\entities\MedicalHistory.java,com.medicia.MediciaAPI.entities.MedicalHistory,"MedicalHistory/7[java.lang.String,java.lang.String,java.lang.String,java.lang.String,java.lang.String,java.lang.String,java.lang.String]",haemoglobin,3
E:\OOD_Projects\ck-mvn-plugin\MediciaApi-main\src\main\java\com\medicia\MediciaAPI\entities\MedicalHistory.java,com.medicia.MediciaAPI.entities.MedicalHistory,"MedicalHistory/7[java.lang.String,java.lang.String,java.lang.String,java.lang.String,java.lang.String,java.lang.String,java.lang.String]",handicapped,3
E:\OOD_Projects\ck-mvn-plugin\MediciaApi-main\src\main\java\com\medicia\MediciaAPI\entities\MedicalHistory.java,com.medicia.MediciaAPI.entities.MedicalHistory,"MedicalHistory/7[java.lang.String,java.lang.String,java.lang.String,java.lang.String,java.lang.String,java.lang.String,java.lang.String]",diasease,3
E:\OOD_Projects\ck-mvn-plugin\MediciaApi-main\src\main\java\com\medicia\MediciaAPI\entities\MedicalHistory.java,com.medicia.MediciaAPI.entities.MedicalHistory,"MedicalHistory/7[java.lang.String,java.lang.String,java.lang.String,java.lang.String,java.lang.String,java.lang.String,java.lang.String]",medicine,3
E:\OOD_Projects\ck-mvn-plugin\MediciaApi-main\src\main\java\com\medicia\MediciaAPI\entities\MedicalHistory.java,com.medicia.MediciaAPI.entities.MedicalHistory,getAllergies/0,allergies,1
E:\OOD_Projects\ck-mvn-plugin\MediciaApi-main\src\main\java\com\medicia\MediciaAPI\entities\MedicalHistory.java,com.medicia.MediciaAPI.entities.MedicalHistory,setMedicine/1[java.lang.String],medicine,3
E:\OOD_Projects\ck-mvn-plugin\MediciaApi-main\src\main\java\com\medicia\MediciaAPI\entities\MedicalHistory.java,com.medicia.MediciaAPI.entities.MedicalHistory,getBloodGroup/0,bloodGroup,1
E:\OOD_Projects\ck-mvn-plugin\MediciaApi-main\src\main\java\com\medicia\MediciaAPI\entities\MedicalHistory.java,com.medicia.MediciaAPI.entities.MedicalHistory,setUser/1[com.medicia.MediciaAPI.entities.User],user,3
E:\OOD_Projects\ck-mvn-plugin\MediciaApi-main\src\main\java\com\medicia\MediciaAPI\entities\MedicalHistory.java,com.medicia.MediciaAPI.entities.MedicalHistory,getHisId/0,hisId,1
E:\OOD_Projects\ck-mvn-plugin\MediciaApi-main\src\main\java\com\medicia\MediciaAPI\entities\MedicalHistory.java,com.medicia.MediciaAPI.entities.MedicalHistory,setBloodGroup/1[java.lang.String],bloodGroup,3
E:\OOD_Projects\ck-mvn-plugin\MediciaApi-main\src\main\java\com\medicia\MediciaAPI\entities\MedicalHistory.java,com.medicia.MediciaAPI.entities.MedicalHistory,getUser/0,user,1
E:\OOD_Projects\ck-mvn-plugin\MediciaApi-main\src\main\java\com\medicia\MediciaAPI\entities\MedicalHistory.java,com.medicia.MediciaAPI.entities.MedicalHistory,getDoctor/0,doctor,1
E:\OOD_Projects\ck-mvn-plugin\MediciaApi-main\src\main\java\com\medicia\MediciaAPI\entities\MedicalHistory.java,com.medicia.MediciaAPI.entities.MedicalHistory,getBloodPressure/0,bloodPressure,1
E:\OOD_Projects\ck-mvn-plugin\MediciaApi-main\src\main\java\com\medicia\MediciaAPI\visibility\services\PendingRequest.java,com.medicia.MediciaAPI.visibility.services.PendingRequest,countPendingRequest/1[java.lang.Long],dao,2
E:\OOD_Projects\ck-mvn-plugin\MediciaApi-main\src\main\java\com\medicia\MediciaAPI\visibility\services\PendingRequest.java,com.medicia.MediciaAPI.visibility.services.PendingRequest,getPendingDoctorsRequest/1[long],dao,2
E:\OOD_Projects\ck-mvn-plugin\MediciaApi-main\src\main\java\com\medicia\MediciaAPI\visibility\services\PendingRequest.java,com.medicia.MediciaAPI.visibility.services.PendingRequest,getPendingDoctorsRequest/1[long],doc,1
E:\OOD_Projects\ck-mvn-plugin\MediciaApi-main\src\main\java\com\medicia\MediciaAPI\visibility\services\PendingRequest.java,com.medicia.MediciaAPI.visibility.services.PendingRequest,"rejectDoctorToViewProfile/2[java.lang.Long,java.lang.Long]",dao,2
E:\OOD_Projects\ck-mvn-plugin\MediciaApi-main\src\main\java\com\medicia\MediciaAPI\visibility\services\PendingRequest.java,com.medicia.MediciaAPI.visibility.services.PendingRequest,"addDoctorToApprove/2[java.lang.Long,java.lang.Long]",dao,2
E:\OOD_Projects\ck-mvn-plugin\MediciaApi-main\src\main\java\com\medicia\MediciaAPI\visibility\services\PendingRequest.java,com.medicia.MediciaAPI.visibility.services.PendingRequest,"addDoctorToApprove/2[java.lang.Long,java.lang.Long]",ars,1
E:\OOD_Projects\ck-mvn-plugin\MediciaApi-main\src\main\java\com\medicia\MediciaAPI\visibility\services\PendingRequest.java,com.medicia.MediciaAPI.visibility.services.PendingRequest,"sentRequestToUser/2[java.lang.Long,java.lang.Long]",dao,4
E:\OOD_Projects\ck-mvn-plugin\MediciaApi-main\src\main\java\com\medicia\MediciaAPI\visibility\services\PendingRequest.java,com.medicia.MediciaAPI.visibility.services.PendingRequest,"statusOftheRequest/2[java.lang.Long,java.lang.Long]",dao,2
E:\OOD_Projects\ck-mvn-plugin\MediciaApi-main\src\main\java\com\medicia\MediciaAPI\visibility\services\PendingRequest.java,com.medicia.MediciaAPI.visibility.services.PendingRequest,"statusOftheRequest/2[java.lang.Long,java.lang.Long]",ars,1
E:\OOD_Projects\ck-mvn-plugin\MediciaApi-main\src\main\java\com\medicia\MediciaAPI\visibility\services\AddedRequest.java,com.medicia.MediciaAPI.visibility.services.AddedRequest,getDoctorsAllowedToViewProfile/1[java.lang.Long],dao,2
E:\OOD_Projects\ck-mvn-plugin\MediciaApi-main\src\main\java\com\medicia\MediciaAPI\visibility\services\AddedRequest.java,com.medicia.MediciaAPI.visibility.services.AddedRequest,getDoctorsAllowedToViewProfile/1[java.lang.Long],doc,1
E:\OOD_Projects\ck-mvn-plugin\MediciaApi-main\src\main\java\com\medicia\MediciaAPI\visibility\services\AddedRequest.java,com.medicia.MediciaAPI.visibility.services.AddedRequest,countDoctorsApproved/1[java.lang.Long],dao,2
E:\OOD_Projects\ck-mvn-plugin\MediciaApi-main\src\main\java\com\medicia\MediciaAPI\visibility\services\AddedRequest.java,com.medicia.MediciaAPI.visibility.services.AddedRequest,"isAllowed/2[long,long]",dao,2
E:\OOD_Projects\ck-mvn-plugin\MediciaApi-main\src\main\java\com\medicia\MediciaAPI\visibility\services\AddedRequest.java,com.medicia.MediciaAPI.visibility.services.AddedRequest,"addDoctorToViewProfile/2[java.lang.Long,java.lang.Long]",dao,4
E:\OOD_Projects\ck-mvn-plugin\MediciaApi-main\src\main\java\com\medicia\MediciaAPI\entities\User.java,com.medicia.MediciaAPI.entities.User,setUserId/1[long],UserId,1
E:\OOD_Projects\ck-mvn-plugin\MediciaApi-main\src\main\java\com\medicia\MediciaAPI\entities\User.java,com.medicia.MediciaAPI.entities.User,setDateOfRegister/1[java.util.Date],dateOfRegister,3
E:\OOD_Projects\ck-mvn-plugin\MediciaApi-main\src\main\java\com\medicia\MediciaAPI\entities\User.java,com.medicia.MediciaAPI.entities.User,getUserName/0,userName,1
E:\OOD_Projects\ck-mvn-plugin\MediciaApi-main\src\main\java\com\medicia\MediciaAPI\entities\User.java,com.medicia.MediciaAPI.entities.User,setUserAddress/1[java.lang.String],userAddress,3
E:\OOD_Projects\ck-mvn-plugin\MediciaApi-main\src\main\java\com\medicia\MediciaAPI\entities\User.java,com.medicia.MediciaAPI.entities.User,getDateOfRegister/0,dateOfRegister,1
E:\OOD_Projects\ck-mvn-plugin\MediciaApi-main\src\main\java\com\medicia\MediciaAPI\entities\User.java,com.medicia.MediciaAPI.entities.User,setDateOfBirth/1[java.util.Date],dateOfBirth,3
E:\OOD_Projects\ck-mvn-plugin\MediciaApi-main\src\main\java\com\medicia\MediciaAPI\entities\User.java,com.medicia.MediciaAPI.entities.User,getUserMedicalHistories/0,userMedicalHistories,1
E:\OOD_Projects\ck-mvn-plugin\MediciaApi-main\src\main\java\com\medicia\MediciaAPI\entities\User.java,com.medicia.MediciaAPI.entities.User,getUserId/0,UserId,1
E:\OOD_Projects\ck-mvn-plugin\MediciaApi-main\src\main\java\com\medicia\MediciaAPI\entities\User.java,com.medicia.MediciaAPI.entities.User,getUserGender/0,userGender,1
E:\OOD_Projects\ck-mvn-plugin\MediciaApi-main\src\main\java\com\medicia\MediciaAPI\entities\User.java,com.medicia.MediciaAPI.entities.User,getDateOfBirth/0,dateOfBirth,1
E:\OOD_Projects\ck-mvn-plugin\MediciaApi-main\src\main\java\com\medicia\MediciaAPI\entities\User.java,com.medicia.MediciaAPI.entities.User,"User/9[long,java.lang.String,java.lang.String,java.lang.String,java.lang.String,java.lang.String,java.lang.String,java.util.Date,java.util.Date]",userAddress,3
E:\OOD_Projects\ck-mvn-plugin\MediciaApi-main\src\main\java\com\medicia\MediciaAPI\entities\User.java,com.medicia.MediciaAPI.entities.User,"User/9[long,java.lang.String,java.lang.String,java.lang.String,java.lang.String,java.lang.String,java.lang.String,java.util.Date,java.util.Date]",userPassword,3
E:\OOD_Projects\ck-mvn-plugin\MediciaApi-main\src\main\java\com\medicia\MediciaAPI\entities\User.java,com.medicia.MediciaAPI.entities.User,"User/9[long,java.lang.String,java.lang.String,java.lang.String,java.lang.String,java.lang.String,java.lang.String,java.util.Date,java.util.Date]",UserId,1
E:\OOD_Projects\ck-mvn-plugin\MediciaApi-main\src\main\java\com\medicia\MediciaAPI\entities\User.java,com.medicia.MediciaAPI.entities.User,"User/9[long,java.lang.String,java.lang.String,java.lang.String,java.lang.String,java.lang.String,java.lang.String,java.util.Date,java.util.Date]",userPhoneNumber,3
E:\OOD_Projects\ck-mvn-plugin\MediciaApi-main\src\main\java\com\medicia\MediciaAPI\entities\User.java,com.medicia.MediciaAPI.entities.User,"User/9[long,java.lang.String,java.lang.String,java.lang.String,java.lang.String,java.lang.String,java.lang.String,java.util.Date,java.util.Date]",userEmail,3
E:\OOD_Projects\ck-mvn-plugin\MediciaApi-main\src\main\java\com\medicia\MediciaAPI\entities\User.java,com.medicia.MediciaAPI.entities.User,"User/9[long,java.lang.String,java.lang.String,java.lang.String,java.lang.String,java.lang.String,java.lang.String,java.util.Date,java.util.Date]",userGender,3
E:\OOD_Projects\ck-mvn-plugin\MediciaApi-main\src\main\java\com\medicia\MediciaAPI\entities\User.java,com.medicia.MediciaAPI.entities.User,"User/9[long,java.lang.String,java.lang.String,java.lang.String,java.lang.String,java.lang.String,java.lang.String,java.util.Date,java.util.Date]",dateOfBirth,3
E:\OOD_Projects\ck-mvn-plugin\MediciaApi-main\src\main\java\com\medicia\MediciaAPI\entities\User.java,com.medicia.MediciaAPI.entities.User,"User/9[long,java.lang.String,java.lang.String,java.lang.String,java.lang.String,java.lang.String,java.lang.String,java.util.Date,java.util.Date]",userName,3
E:\OOD_Projects\ck-mvn-plugin\MediciaApi-main\src\main\java\com\medicia\MediciaAPI\entities\User.java,com.medicia.MediciaAPI.entities.User,"User/9[long,java.lang.String,java.lang.String,java.lang.String,java.lang.String,java.lang.String,java.lang.String,java.util.Date,java.util.Date]",dateOfRegister,3
E:\OOD_Projects\ck-mvn-plugin\MediciaApi-main\src\main\java\com\medicia\MediciaAPI\entities\User.java,com.medicia.MediciaAPI.entities.User,setUserPhoneNumber/1[java.lang.String],userPhoneNumber,3
E:\OOD_Projects\ck-mvn-plugin\MediciaApi-main\src\main\java\com\medicia\MediciaAPI\entities\User.java,com.medicia.MediciaAPI.entities.User,setUserGender/1[java.lang.String],userGender,3
E:\OOD_Projects\ck-mvn-plugin\MediciaApi-main\src\main\java\com\medicia\MediciaAPI\entities\User.java,com.medicia.MediciaAPI.entities.User,getUserPassword/0,userPassword,1
E:\OOD_Projects\ck-mvn-plugin\MediciaApi-main\src\main\java\com\medicia\MediciaAPI\entities\User.java,com.medicia.MediciaAPI.entities.User,getUserAddress/0,userAddress,1
E:\OOD_Projects\ck-mvn-plugin\MediciaApi-main\src\main\java\com\medicia\MediciaAPI\entities\User.java,com.medicia.MediciaAPI.entities.User,setUserMedicalHistories/1[com.medicia.MediciaAPI.entities.MedicalHistory],userMedicalHistories,1
E:\OOD_Projects\ck-mvn-plugin\MediciaApi-main\src\main\java\com\medicia\MediciaAPI\entities\User.java,com.medicia.MediciaAPI.entities.User,getUserEmail/0,userEmail,1
E:\OOD_Projects\ck-mvn-plugin\MediciaApi-main\src\main\java\com\medicia\MediciaAPI\entities\User.java,com.medicia.MediciaAPI.entities.User,setUserName/1[java.lang.String],userName,3
E:\OOD_Projects\ck-mvn-plugin\MediciaApi-main\src\main\java\com\medicia\MediciaAPI\entities\User.java,com.medicia.MediciaAPI.entities.User,setUserEmail/1[java.lang.String],userEmail,3
E:\OOD_Projects\ck-mvn-plugin\MediciaApi-main\src\main\java\com\medicia\MediciaAPI\entities\User.java,com.medicia.MediciaAPI.entities.User,getUserPhoneNumber/0,userPhoneNumber,1
E:\OOD_Projects\ck-mvn-plugin\MediciaApi-main\src\main\java\com\medicia\MediciaAPI\entities\User.java,com.medicia.MediciaAPI.entities.User,setUserPassword/1[java.lang.String],userPassword,3
E:\OOD_Projects\ck-mvn-plugin\MediciaApi-main\src\main\java\com\medicia\MediciaAPI\services\DoctorServiceClass.java,com.medicia.MediciaAPI.services.DoctorServiceClass,getDoctorById/1[long],doctorDao,2
E:\OOD_Projects\ck-mvn-plugin\MediciaApi-main\src\main\java\com\medicia\MediciaAPI\services\DoctorServiceClass.java,com.medicia.MediciaAPI.services.DoctorServiceClass,getAllDoctors/0,doctorDao,1
E:\OOD_Projects\ck-mvn-plugin\MediciaApi-main\src\main\java\com\medicia\MediciaAPI\services\DoctorServiceClass.java,com.medicia.MediciaAPI.services.DoctorServiceClass,"getDoctorByUserIdAndHisID/2[long,long]",userService,1
E:\OOD_Projects\ck-mvn-plugin\MediciaApi-main\src\main\java\com\medicia\MediciaAPI\services\DoctorServiceClass.java,com.medicia.MediciaAPI.services.DoctorServiceClass,updateDoctor/1[com.medicia.MediciaAPI.entities.Doctor],doctorDao,1
E:\OOD_Projects\ck-mvn-plugin\MediciaApi-main\src\main\java\com\medicia\MediciaAPI\services\DoctorServiceClass.java,com.medicia.MediciaAPI.services.DoctorServiceClass,deleteDoctor/1[long],doctorDao,2
E:\OOD_Projects\ck-mvn-plugin\MediciaApi-main\src\main\java\com\medicia\MediciaAPI\services\DoctorServiceClass.java,com.medicia.MediciaAPI.services.DoctorServiceClass,"addMedicalHistoryByDoctorForUser/3[com.medicia.MediciaAPI.entities.MedicalHistory,long,long]",userService,2
E:\OOD_Projects\ck-mvn-plugin\MediciaApi-main\src\main\java\com\medicia\MediciaAPI\services\DoctorServiceClass.java,com.medicia.MediciaAPI.services.DoctorServiceClass,addDoctor/1[com.medicia.MediciaAPI.entities.Doctor],doctorDao,1
E:\OOD_Projects\ck-mvn-plugin\MediciaApi-main\.mvn\wrapper\MavenWrapperDownloader.java,MavenWrapperDownloader,main/1[java.lang.String[]],DEFAULT_DOWNLOAD_URL,1
E:\OOD_Projects\ck-mvn-plugin\MediciaApi-main\.mvn\wrapper\MavenWrapperDownloader.java,MavenWrapperDownloader,main/1[java.lang.String[]],MAVEN_WRAPPER_JAR_PATH,1
E:\OOD_Projects\ck-mvn-plugin\MediciaApi-main\.mvn\wrapper\MavenWrapperDownloader.java,MavenWrapperDownloader,main/1[java.lang.String[]],PROPERTY_NAME_WRAPPER_URL,1
E:\OOD_Projects\ck-mvn-plugin\MediciaApi-main\.mvn\wrapper\MavenWrapperDownloader.java,MavenWrapperDownloader,main/1[java.lang.String[]],MAVEN_WRAPPER_PROPERTIES_PATH,2
E:\OOD_Projects\ck-mvn-plugin\MediciaApi-main\src\main\java\com\medicia\MediciaAPI\visibility\FriendAdded.java,com.medicia.MediciaAPI.visibility.FriendAdded,setDoctorsAllowed/1[java.util.HashSet<java.lang.Long>],doctorsAllowed,3
E:\OOD_Projects\ck-mvn-plugin\MediciaApi-main\src\main\java\com\medicia\MediciaAPI\visibility\FriendAdded.java,com.medicia.MediciaAPI.visibility.FriendAdded,setUserid/1[long],Userid,1
E:\OOD_Projects\ck-mvn-plugin\MediciaApi-main\src\main\java\com\medicia\MediciaAPI\visibility\FriendAdded.java,com.medicia.MediciaAPI.visibility.FriendAdded,getDoctorsAllowed/0,doctorsAllowed,1
E:\OOD_Projects\ck-mvn-plugin\MediciaApi-main\src\main\java\com\medicia\MediciaAPI\visibility\FriendAdded.java,com.medicia.MediciaAPI.visibility.FriendAdded,"FriendAdded/2[long,java.util.HashSet<java.lang.Long>]",doctorsAllowed,3
E:\OOD_Projects\ck-mvn-plugin\MediciaApi-main\src\main\java\com\medicia\MediciaAPI\visibility\FriendAdded.java,com.medicia.MediciaAPI.visibility.FriendAdded,"FriendAdded/2[long,java.util.HashSet<java.lang.Long>]",Userid,1
E:\OOD_Projects\ck-mvn-plugin\MediciaApi-main\src\main\java\com\medicia\MediciaAPI\visibility\FriendAdded.java,com.medicia.MediciaAPI.visibility.FriendAdded,getUserid/0,Userid,1
E:\OOD_Projects\ck-mvn-plugin\MediciaApi-main\src\main\java\com\medicia\MediciaAPI\visibility\PendingRequests.java,com.medicia.MediciaAPI.visibility.PendingRequests,"PendingRequests/2[long,java.util.HashSet<java.lang.Long>]",Userid,1
E:\OOD_Projects\ck-mvn-plugin\MediciaApi-main\src\main\java\com\medicia\MediciaAPI\visibility\PendingRequests.java,com.medicia.MediciaAPI.visibility.PendingRequests,"PendingRequests/2[long,java.util.HashSet<java.lang.Long>]",doctorsPending,1
E:\OOD_Projects\ck-mvn-plugin\MediciaApi-main\src\main\java\com\medicia\MediciaAPI\visibility\PendingRequests.java,com.medicia.MediciaAPI.visibility.PendingRequests,setUserid/1[long],Userid,1
E:\OOD_Projects\ck-mvn-plugin\MediciaApi-main\src\main\java\com\medicia\MediciaAPI\visibility\PendingRequests.java,com.medicia.MediciaAPI.visibility.PendingRequests,getUserid/0,Userid,1
E:\OOD_Projects\ck-mvn-plugin\MediciaApi-main\src\main\java\com\medicia\MediciaAPI\visibility\PendingRequests.java,com.medicia.MediciaAPI.visibility.PendingRequests,setDoctorsPending/1[java.util.HashSet<java.lang.Long>],doctorsPending,3
E:\OOD_Projects\ck-mvn-plugin\MediciaApi-main\src\main\java\com\medicia\MediciaAPI\visibility\PendingRequests.java,com.medicia.MediciaAPI.visibility.PendingRequests,getDoctorsPending/0,doctorsPending,1
E:\OOD_Projects\ck-mvn-plugin\MediciaApi-main\src\main\java\com\medicia\MediciaAPI\controller\DoctorController.java,com.medicia.MediciaAPI.controller.DoctorController,deleteDoctor/1[java.lang.String],doctorService,1
E:\OOD_Projects\ck-mvn-plugin\MediciaApi-main\src\main\java\com\medicia\MediciaAPI\controller\DoctorController.java,com.medicia.MediciaAPI.controller.DoctorController,getAllDoctor/0,doctorService,1
E:\OOD_Projects\ck-mvn-plugin\MediciaApi-main\src\main\java\com\medicia\MediciaAPI\controller\DoctorController.java,com.medicia.MediciaAPI.controller.DoctorController,addDoctor/1[com.medicia.MediciaAPI.entities.Doctor],doctorService,1
E:\OOD_Projects\ck-mvn-plugin\MediciaApi-main\src\main\java\com\medicia\MediciaAPI\controller\DoctorController.java,com.medicia.MediciaAPI.controller.DoctorController,"statusOftheRequest/2[java.lang.Long,java.lang.Long]",prs,1
E:\OOD_Projects\ck-mvn-plugin\MediciaApi-main\src\main\java\com\medicia\MediciaAPI\controller\DoctorController.java,com.medicia.MediciaAPI.controller.DoctorController,"addMedicalHistoryByDocIdAndUserID/3[java.lang.String,java.lang.String,com.medicia.MediciaAPI.entities.MedicalHistory]",doctorService,1
E:\OOD_Projects\ck-mvn-plugin\MediciaApi-main\src\main\java\com\medicia\MediciaAPI\controller\DoctorController.java,com.medicia.MediciaAPI.controller.DoctorController,"sentRequestToUser/2[java.lang.Long,java.lang.Long]",prs,1
E:\OOD_Projects\ck-mvn-plugin\MediciaApi-main\src\main\java\com\medicia\MediciaAPI\controller\DoctorController.java,com.medicia.MediciaAPI.controller.DoctorController,"getDoctorByUserIdAndHisId/2[java.lang.Long,java.lang.Long]",doctorService,1
E:\OOD_Projects\ck-mvn-plugin\MediciaApi-main\src\main\java\com\medicia\MediciaAPI\controller\DoctorController.java,com.medicia.MediciaAPI.controller.DoctorController,updateDoctor/1[com.medicia.MediciaAPI.entities.Doctor],doctorService,1
E:\OOD_Projects\ck-mvn-plugin\MediciaApi-main\src\main\java\com\medicia\MediciaAPI\controller\DoctorController.java,com.medicia.MediciaAPI.controller.DoctorController,getUserById/1[java.lang.String],doctorService,1
E:\OOD_Projects\ck-mvn-plugin\MediciaApi-main\src\main\java\com\medicia\MediciaAPI\controller\MedicalController.java,com.medicia.MediciaAPI.controller.MedicalController,addHistory/1[com.medicia.MediciaAPI.entities.MedicalHistory],medicalService,1
E:\OOD_Projects\ck-mvn-plugin\MediciaApi-main\src\main\java\com\medicia\MediciaAPI\controller\MedicalController.java,com.medicia.MediciaAPI.controller.MedicalController,updateHistory/1[com.medicia.MediciaAPI.entities.MedicalHistory],medicalService,1
E:\OOD_Projects\ck-mvn-plugin\MediciaApi-main\src\main\java\com\medicia\MediciaAPI\controller\MedicalController.java,com.medicia.MediciaAPI.controller.MedicalController,deleteHistory/1[java.lang.String],medicalService,1
E:\OOD_Projects\ck-mvn-plugin\MediciaApi-main\src\main\java\com\medicia\MediciaAPI\controller\MedicalController.java,com.medicia.MediciaAPI.controller.MedicalController,getAllHistory/0,medicalService,1
E:\OOD_Projects\ck-mvn-plugin\MediciaApi-main\src\main\java\com\medicia\MediciaAPI\controller\MedicalController.java,com.medicia.MediciaAPI.controller.MedicalController,getHistoryById/1[java.lang.String],medicalService,1
E:\OOD_Projects\ck-mvn-plugin\MediciaApi-main\src\main\java\com\medicia\MediciaAPI\services\UserServiceClass.java,com.medicia.MediciaAPI.services.UserServiceClass,getUserById/1[long],userDao,1
E:\OOD_Projects\ck-mvn-plugin\MediciaApi-main\src\main\java\com\medicia\MediciaAPI\services\UserServiceClass.java,com.medicia.MediciaAPI.services.UserServiceClass,addUser/1[com.medicia.MediciaAPI.entities.User],userDao,1
E:\OOD_Projects\ck-mvn-plugin\MediciaApi-main\src\main\java\com\medicia\MediciaAPI\services\UserServiceClass.java,com.medicia.MediciaAPI.services.UserServiceClass,deleteUser/1[long],userDao,1
E:\OOD_Projects\ck-mvn-plugin\MediciaApi-main\src\main\java\com\medicia\MediciaAPI\services\UserServiceClass.java,com.medicia.MediciaAPI.services.UserServiceClass,updateUser/1[com.medicia.MediciaAPI.entities.User],userDao,1
E:\OOD_Projects\ck-mvn-plugin\MediciaApi-main\src\main\java\com\medicia\MediciaAPI\services\UserServiceClass.java,com.medicia.MediciaAPI.services.UserServiceClass,getAllUsers/0,userDao,1
