file,class,method,constructor,line,cbo,cboModified,fanin,fanout,wmc,rfc,loc,returnsQty,variablesQty,parametersQty,methodsInvokedQty,methodsInvokedLocalQty,methodsInvokedIndirectLocalQty,loopQty,comparisonsQty,tryCatchQty,parenthesizedExpsQty,stringLiteralsQty,numbersQty,assignmentsQty,mathOperationsQty,maxNestedBlocksQty,anonymousClassesQty,innerClassesQty,lambdasQty,uniqueWordsQty,modifiers,logStatementsQty,hasJavaDoc
E:\OOD_Projects\ck-mvn-plugin\MediciaApi-main\src\main\java\com\medicia\MediciaAPI\entities\Doctor.java,com.medicia.MediciaAPI.entities.Doctor,getDateOfRegister/0,false,87,0,0,0,0,1,0,3,1,0,0,0,0,0,0,0,0,0,0,0,0,0,0,0,0,0,5,1,0,false
E:\OOD_Projects\ck-mvn-plugin\MediciaApi-main\src\main\java\com\medicia\MediciaAPI\entities\Doctor.java,com.medicia.MediciaAPI.entities.Doctor,"Doctor/9[long,java.lang.String,java.lang.String,java.lang.String,java.lang.String,java.lang.String,java.lang.String,int,java.util.Date]",true,98,0,0,0,0,1,0,12,0,0,9,0,0,0,0,0,0,0,0,0,9,0,0,0,0,0,13,1,0,false
E:\OOD_Projects\ck-mvn-plugin\MediciaApi-main\src\main\java\com\medicia\MediciaAPI\entities\Doctor.java,com.medicia.MediciaAPI.entities.Doctor,setDocId/1[long],false,42,0,0,0,0,1,0,3,0,0,1,0,0,0,0,0,0,0,0,0,1,0,0,0,0,0,4,1,0,false
E:\OOD_Projects\ck-mvn-plugin\MediciaApi-main\src\main\java\com\medicia\MediciaAPI\entities\Doctor.java,com.medicia.MediciaAPI.entities.Doctor,Doctor/0,true,93,0,0,0,0,1,0,3,0,0,0,0,0,0,0,0,0,0,0,0,0,0,0,0,0,0,1,1,0,false
E:\OOD_Projects\ck-mvn-plugin\MediciaApi-main\src\main\java\com\medicia\MediciaAPI\entities\Doctor.java,com.medicia.MediciaAPI.entities.Doctor,setDocName/1[java.lang.String],false,48,0,0,0,0,1,0,3,0,0,1,0,0,0,0,0,0,0,0,0,1,0,0,0,0,0,4,1,0,false
E:\OOD_Projects\ck-mvn-plugin\MediciaApi-main\src\main\java\com\medicia\MediciaAPI\entities\Doctor.java,com.medicia.MediciaAPI.entities.Doctor,getRating/0,false,81,0,0,0,0,1,0,3,1,0,0,0,0,0,0,0,0,0,0,0,0,0,0,0,0,0,3,1,0,false
E:\OOD_Projects\ck-mvn-plugin\MediciaApi-main\src\main\java\com\medicia\MediciaAPI\entities\Doctor.java,com.medicia.MediciaAPI.entities.Doctor,setRating/1[int],false,84,0,0,0,0,1,0,3,0,0,1,0,0,0,0,0,0,0,0,0,1,0,0,0,0,0,3,1,0,false
E:\OOD_Projects\ck-mvn-plugin\MediciaApi-main\src\main\java\com\medicia\MediciaAPI\entities\Doctor.java,com.medicia.MediciaAPI.entities.Doctor,getDocEmail/0,false,51,0,1,1,0,1,0,3,1,0,0,0,0,0,0,0,0,0,0,0,0,0,0,0,0,0,4,1,0,false
E:\OOD_Projects\ck-mvn-plugin\MediciaApi-main\src\main\java\com\medicia\MediciaAPI\entities\Doctor.java,com.medicia.MediciaAPI.entities.Doctor,getDocAddress/0,false,63,0,0,0,0,1,0,3,1,0,0,0,0,0,0,0,0,0,0,0,0,0,0,0,0,0,4,1,0,false
E:\OOD_Projects\ck-mvn-plugin\MediciaApi-main\src\main\java\com\medicia\MediciaAPI\entities\Doctor.java,com.medicia.MediciaAPI.entities.Doctor,getDocId/0,false,39,0,0,0,0,1,0,3,1,0,0,0,0,0,0,0,0,0,0,0,0,0,0,0,0,0,4,1,0,false
E:\OOD_Projects\ck-mvn-plugin\MediciaApi-main\src\main\java\com\medicia\MediciaAPI\entities\Doctor.java,com.medicia.MediciaAPI.entities.Doctor,getDocName/0,false,45,0,0,0,0,1,0,3,1,0,0,0,0,0,0,0,0,0,0,0,0,0,0,0,0,0,4,1,0,false
E:\OOD_Projects\ck-mvn-plugin\MediciaApi-main\src\main\java\com\medicia\MediciaAPI\entities\Doctor.java,com.medicia.MediciaAPI.entities.Doctor,setDocPassword/1[java.lang.String],false,60,0,0,0,0,1,0,3,0,0,1,0,0,0,0,0,0,0,0,0,1,0,0,0,0,0,4,1,0,false
E:\OOD_Projects\ck-mvn-plugin\MediciaApi-main\src\main\java\com\medicia\MediciaAPI\entities\Doctor.java,com.medicia.MediciaAPI.entities.Doctor,setMedicalHistoriesDoctorChecked/1[com.medicia.MediciaAPI.entities.MedicalHistory],false,36,1,0,0,0,1,1,3,0,0,1,1,0,0,0,0,0,0,0,0,0,0,0,0,0,0,7,1,0,false
E:\OOD_Projects\ck-mvn-plugin\MediciaApi-main\src\main\java\com\medicia\MediciaAPI\entities\Doctor.java,com.medicia.MediciaAPI.entities.Doctor,getDocPassword/0,false,57,0,0,0,0,1,0,3,1,0,0,0,0,0,0,0,0,0,0,0,0,0,0,0,0,0,4,1,0,false
E:\OOD_Projects\ck-mvn-plugin\MediciaApi-main\src\main\java\com\medicia\MediciaAPI\entities\Doctor.java,com.medicia.MediciaAPI.entities.Doctor,setDocEmail/1[java.lang.String],false,54,0,0,0,0,1,0,3,0,0,1,0,0,0,0,0,0,0,0,0,1,0,0,0,0,0,4,1,0,false
E:\OOD_Projects\ck-mvn-plugin\MediciaApi-main\src\main\java\com\medicia\MediciaAPI\entities\Doctor.java,com.medicia.MediciaAPI.entities.Doctor,setOrganizationName/1[java.lang.String],false,72,0,0,0,0,1,0,3,0,0,1,0,0,0,0,0,0,0,0,0,1,0,0,0,0,0,4,1,0,false
E:\OOD_Projects\ck-mvn-plugin\MediciaApi-main\src\main\java\com\medicia\MediciaAPI\entities\Doctor.java,com.medicia.MediciaAPI.entities.Doctor,getMedicalHistoriesDoctorChecked/0,false,33,1,2,2,0,1,0,3,1,0,0,0,0,0,0,0,0,0,0,0,0,0,0,0,0,0,6,1,0,false
E:\OOD_Projects\ck-mvn-plugin\MediciaApi-main\src\main\java\com\medicia\MediciaAPI\entities\Doctor.java,com.medicia.MediciaAPI.entities.Doctor,setDocAddress/1[java.lang.String],false,66,0,0,0,0,1,0,3,0,0,1,0,0,0,0,0,0,0,0,0,1,0,0,0,0,0,4,1,0,false
E:\OOD_Projects\ck-mvn-plugin\MediciaApi-main\src\main\java\com\medicia\MediciaAPI\entities\Doctor.java,com.medicia.MediciaAPI.entities.Doctor,getOrganizationType/0,false,75,0,0,0,0,1,0,3,1,0,0,0,0,0,0,0,0,0,0,0,0,0,0,0,0,0,4,1,0,false
E:\OOD_Projects\ck-mvn-plugin\MediciaApi-main\src\main\java\com\medicia\MediciaAPI\entities\Doctor.java,com.medicia.MediciaAPI.entities.Doctor,setOrganizationType/1[java.lang.String],false,78,0,0,0,0,1,0,3,0,0,1,0,0,0,0,0,0,0,0,0,1,0,0,0,0,0,4,1,0,false
E:\OOD_Projects\ck-mvn-plugin\MediciaApi-main\src\main\java\com\medicia\MediciaAPI\entities\Doctor.java,com.medicia.MediciaAPI.entities.Doctor,setDateOfRegister/1[java.util.Date],false,90,0,0,0,0,1,0,3,0,0,1,0,0,0,0,0,0,0,0,0,1,0,0,0,0,0,5,1,0,false
E:\OOD_Projects\ck-mvn-plugin\MediciaApi-main\src\main\java\com\medicia\MediciaAPI\entities\Doctor.java,com.medicia.MediciaAPI.entities.Doctor,getOrganizationName/0,false,69,0,0,0,0,1,0,3,1,0,0,0,0,0,0,0,0,0,0,0,0,0,0,0,0,0,4,1,0,false
E:\OOD_Projects\ck-mvn-plugin\MediciaApi-main\src\main\java\com\medicia\MediciaAPI\controller\UserController.java,com.medicia.MediciaAPI.controller.UserController,getAllUser/0,false,43,3,1,0,1,1,1,3,1,0,0,1,0,0,0,0,0,0,1,0,0,0,0,0,0,0,3,1,0,false
E:\OOD_Projects\ck-mvn-plugin\MediciaApi-main\src\main\java\com\medicia\MediciaAPI\controller\UserController.java,com.medicia.MediciaAPI.controller.UserController,getDoctorsAllowedToViewProfile/1[java.lang.Long],false,107,3,1,0,1,1,1,3,1,0,1,1,0,0,0,0,0,0,1,0,0,0,0,0,0,0,10,1,0,false
E:\OOD_Projects\ck-mvn-plugin\MediciaApi-main\src\main\java\com\medicia\MediciaAPI\controller\UserController.java,com.medicia.MediciaAPI.controller.UserController,"rejectDoctorToViewProfile/2[java.lang.Long,java.lang.Long]",false,119,3,1,0,1,1,1,3,0,0,2,1,0,0,0,0,0,0,3,0,0,0,0,0,0,0,11,1,0,false
E:\OOD_Projects\ck-mvn-plugin\MediciaApi-main\src\main\java\com\medicia\MediciaAPI\controller\UserController.java,com.medicia.MediciaAPI.controller.UserController,"addDoctorToApprove/2[java.lang.Long,java.lang.Long]",false,113,3,1,0,1,1,1,3,0,0,2,1,0,0,0,0,0,0,3,0,0,0,0,0,0,0,10,1,0,false
E:\OOD_Projects\ck-mvn-plugin\MediciaApi-main\src\main\java\com\medicia\MediciaAPI\controller\UserController.java,com.medicia.MediciaAPI.controller.UserController,deleteUser/1[java.lang.String],false,79,5,1,0,1,2,2,9,2,0,1,2,0,0,0,0,1,0,1,0,0,0,1,0,0,0,7,1,0,false
E:\OOD_Projects\ck-mvn-plugin\MediciaApi-main\src\main\java\com\medicia\MediciaAPI\controller\UserController.java,com.medicia.MediciaAPI.controller.UserController,countPendingRequest/1[java.lang.Long],false,91,3,1,0,1,1,1,3,1,0,1,1,0,0,0,0,0,0,1,0,0,0,0,0,0,0,8,1,0,false
E:\OOD_Projects\ck-mvn-plugin\MediciaApi-main\src\main\java\com\medicia\MediciaAPI\controller\UserController.java,com.medicia.MediciaAPI.controller.UserController,getPendingDoctorsRequest/1[long],false,96,4,1,0,1,1,1,3,1,0,1,1,0,0,0,0,0,0,1,0,0,0,0,0,0,0,7,1,0,false
E:\OOD_Projects\ck-mvn-plugin\MediciaApi-main\src\main\java\com\medicia\MediciaAPI\controller\UserController.java,com.medicia.MediciaAPI.controller.UserController,home/0,false,36,1,0,0,0,1,0,3,1,0,0,0,0,0,0,0,0,0,2,0,0,0,0,0,0,0,2,1,0,false
E:\OOD_Projects\ck-mvn-plugin\MediciaApi-main\src\main\java\com\medicia\MediciaAPI\controller\UserController.java,com.medicia.MediciaAPI.controller.UserController,updateUser/1[com.medicia.MediciaAPI.entities.User],false,67,6,1,0,1,2,1,9,2,0,1,1,0,0,0,0,1,0,1,0,0,0,1,0,0,0,5,1,0,false
E:\OOD_Projects\ck-mvn-plugin\MediciaApi-main\src\main\java\com\medicia\MediciaAPI\controller\UserController.java,com.medicia.MediciaAPI.controller.UserController,addUser/1[com.medicia.MediciaAPI.entities.User],false,55,6,1,0,1,2,1,9,2,0,1,1,0,0,0,0,1,0,1,0,0,0,1,0,0,0,5,1,0,false
E:\OOD_Projects\ck-mvn-plugin\MediciaApi-main\src\main\java\com\medicia\MediciaAPI\controller\UserController.java,com.medicia.MediciaAPI.controller.UserController,getUserById/1[java.lang.String],false,49,4,1,0,1,1,2,3,1,0,1,2,0,0,0,0,0,0,1,0,0,0,0,0,0,0,6,1,0,false
E:\OOD_Projects\ck-mvn-plugin\MediciaApi-main\src\main\java\com\medicia\MediciaAPI\controller\UserController.java,com.medicia.MediciaAPI.controller.UserController,countDoctorsApproved/1[java.lang.Long],false,101,3,1,0,1,1,1,3,1,0,1,1,0,0,0,0,0,0,1,0,0,0,0,0,0,0,8,1,0,false
E:\OOD_Projects\ck-mvn-plugin\MediciaApi-main\src\test\java\com\medicia\MediciaAPI\MediciaApiApplicationTests.java,com.medicia.MediciaAPI.MediciaApiApplicationTests,contextLoads/0,false,10,1,0,0,0,1,0,2,0,0,0,0,0,0,0,0,0,0,0,0,0,0,0,0,0,0,2,0,0,false
E:\OOD_Projects\ck-mvn-plugin\MediciaApi-main\src\main\java\com\medicia\MediciaAPI\services\MedicalHisServceClass.java,com.medicia.MediciaAPI.services.MedicalHisServceClass,deleteHistory/1[long],false,42,0,0,0,0,1,1,3,0,0,1,1,0,0,0,0,0,0,0,0,0,0,0,0,0,0,4,1,0,false
E:\OOD_Projects\ck-mvn-plugin\MediciaApi-main\src\main\java\com\medicia\MediciaAPI\services\MedicalHisServceClass.java,com.medicia.MediciaAPI.services.MedicalHisServceClass,updateHistory/1[com.medicia.MediciaAPI.entities.MedicalHistory],false,36,1,0,0,0,1,1,3,0,0,1,1,0,0,0,0,0,0,0,0,0,0,0,0,0,0,4,1,0,false
E:\OOD_Projects\ck-mvn-plugin\MediciaApi-main\src\main\java\com\medicia\MediciaAPI\services\MedicalHisServceClass.java,com.medicia.MediciaAPI.services.MedicalHisServceClass,getAllHistory/0,false,18,1,0,0,0,1,1,3,1,0,0,1,0,0,0,0,0,0,0,0,0,0,0,0,0,0,3,1,0,false
E:\OOD_Projects\ck-mvn-plugin\MediciaApi-main\src\main\java\com\medicia\MediciaAPI\services\MedicalHisServceClass.java,com.medicia.MediciaAPI.services.MedicalHisServceClass,getHistoryById/1[long],false,24,1,0,0,0,1,2,3,1,0,1,2,0,0,0,0,0,0,0,0,0,0,0,0,0,0,6,1,0,false
E:\OOD_Projects\ck-mvn-plugin\MediciaApi-main\src\main\java\com\medicia\MediciaAPI\services\MedicalHisServceClass.java,com.medicia.MediciaAPI.services.MedicalHisServceClass,addHistory/1[com.medicia.MediciaAPI.entities.MedicalHistory],false,30,1,0,0,0,1,1,3,0,0,1,1,0,0,0,0,0,0,0,0,0,0,0,0,0,0,4,1,0,false
E:\OOD_Projects\ck-mvn-plugin\MediciaApi-main\src\main\java\com\medicia\MediciaAPI\entities\MedicalHistory.java,com.medicia.MediciaAPI.entities.MedicalHistory,setHisId/1[long],false,70,0,0,0,0,1,0,3,0,0,1,0,0,0,0,0,0,0,0,0,1,0,0,0,0,0,4,1,0,false
E:\OOD_Projects\ck-mvn-plugin\MediciaApi-main\src\main\java\com\medicia\MediciaAPI\entities\MedicalHistory.java,com.medicia.MediciaAPI.entities.MedicalHistory,setDoctor/1[com.medicia.MediciaAPI.entities.Doctor],false,45,1,1,1,0,1,0,3,0,0,1,0,0,0,0,0,0,0,0,0,1,0,0,0,0,0,3,1,0,false
E:\OOD_Projects\ck-mvn-plugin\MediciaApi-main\src\main\java\com\medicia\MediciaAPI\entities\MedicalHistory.java,com.medicia.MediciaAPI.entities.MedicalHistory,setHandicapped/1[java.lang.String],false,118,0,0,0,0,1,0,3,0,0,1,0,0,0,0,0,0,0,0,0,1,0,0,0,0,0,3,1,0,false
E:\OOD_Projects\ck-mvn-plugin\MediciaApi-main\src\main\java\com\medicia\MediciaAPI\entities\MedicalHistory.java,com.medicia.MediciaAPI.entities.MedicalHistory,setDiasease/1[java.lang.String],false,78,0,0,0,0,1,0,3,0,0,1,0,0,0,0,0,0,0,0,0,1,0,0,0,0,0,3,1,0,false
E:\OOD_Projects\ck-mvn-plugin\MediciaApi-main\src\main\java\com\medicia\MediciaAPI\entities\MedicalHistory.java,com.medicia.MediciaAPI.entities.MedicalHistory,getDiasease/0,false,74,0,0,0,0,1,0,3,1,0,0,0,0,0,0,0,0,0,0,0,0,0,0,0,0,0,3,1,0,false
E:\OOD_Projects\ck-mvn-plugin\MediciaApi-main\src\main\java\com\medicia\MediciaAPI\entities\MedicalHistory.java,com.medicia.MediciaAPI.entities.MedicalHistory,setAllergies/1[java.lang.String],false,86,0,0,0,0,1,0,3,0,0,1,0,0,0,0,0,0,0,0,0,1,0,0,0,0,0,3,1,0,false
E:\OOD_Projects\ck-mvn-plugin\MediciaApi-main\src\main\java\com\medicia\MediciaAPI\entities\MedicalHistory.java,com.medicia.MediciaAPI.entities.MedicalHistory,setBloodPressure/1[java.lang.String],false,110,0,0,0,0,1,0,3,0,0,1,0,0,0,0,0,0,0,0,0,1,0,0,0,0,0,4,1,0,false
E:\OOD_Projects\ck-mvn-plugin\MediciaApi-main\src\main\java\com\medicia\MediciaAPI\entities\MedicalHistory.java,com.medicia.MediciaAPI.entities.MedicalHistory,getHandicapped/0,false,114,0,0,0,0,1,0,3,1,0,0,0,0,0,0,0,0,0,0,0,0,0,0,0,0,0,3,1,0,false
E:\OOD_Projects\ck-mvn-plugin\MediciaApi-main\src\main\java\com\medicia\MediciaAPI\entities\MedicalHistory.java,com.medicia.MediciaAPI.entities.MedicalHistory,getMedicine/0,false,90,0,0,0,0,1,0,3,1,0,0,0,0,0,0,0,0,0,0,0,0,0,0,0,0,0,3,1,0,false
E:\OOD_Projects\ck-mvn-plugin\MediciaApi-main\src\main\java\com\medicia\MediciaAPI\entities\MedicalHistory.java,com.medicia.MediciaAPI.entities.MedicalHistory,getHaemoglobin/0,false,122,0,0,0,0,1,0,3,1,0,0,0,0,0,0,0,0,0,0,0,0,0,0,0,0,0,3,1,0,false
E:\OOD_Projects\ck-mvn-plugin\MediciaApi-main\src\main\java\com\medicia\MediciaAPI\entities\MedicalHistory.java,com.medicia.MediciaAPI.entities.MedicalHistory,setHaemoglobin/1[java.lang.String],false,126,0,0,0,0,1,0,3,0,0,1,0,0,0,0,0,0,0,0,0,1,0,0,0,0,0,3,1,0,false
E:\OOD_Projects\ck-mvn-plugin\MediciaApi-main\src\main\java\com\medicia\MediciaAPI\entities\MedicalHistory.java,com.medicia.MediciaAPI.entities.MedicalHistory,"MedicalHistory/7[java.lang.String,java.lang.String,java.lang.String,java.lang.String,java.lang.String,java.lang.String,java.lang.String]",true,50,0,0,0,0,1,0,10,0,0,7,0,0,0,0,0,0,0,0,0,7,0,0,0,0,0,10,1,0,false
E:\OOD_Projects\ck-mvn-plugin\MediciaApi-main\src\main\java\com\medicia\MediciaAPI\entities\MedicalHistory.java,com.medicia.MediciaAPI.entities.MedicalHistory,getAllergies/0,false,82,0,0,0,0,1,0,3,1,0,0,0,0,0,0,0,0,0,0,0,0,0,0,0,0,0,3,1,0,false
E:\OOD_Projects\ck-mvn-plugin\MediciaApi-main\src\main\java\com\medicia\MediciaAPI\entities\MedicalHistory.java,com.medicia.MediciaAPI.entities.MedicalHistory,setMedicine/1[java.lang.String],false,94,0,0,0,0,1,0,3,0,0,1,0,0,0,0,0,0,0,0,0,1,0,0,0,0,0,3,1,0,false
E:\OOD_Projects\ck-mvn-plugin\MediciaApi-main\src\main\java\com\medicia\MediciaAPI\entities\MedicalHistory.java,com.medicia.MediciaAPI.entities.MedicalHistory,getBloodGroup/0,false,98,0,0,0,0,1,0,3,1,0,0,0,0,0,0,0,0,0,0,0,0,0,0,0,0,0,4,1,0,false
E:\OOD_Projects\ck-mvn-plugin\MediciaApi-main\src\main\java\com\medicia\MediciaAPI\entities\MedicalHistory.java,com.medicia.MediciaAPI.entities.MedicalHistory,setUser/1[com.medicia.MediciaAPI.entities.User],false,41,1,1,1,0,1,0,3,0,0,1,0,0,0,0,0,0,0,0,0,1,0,0,0,0,0,3,1,0,false
E:\OOD_Projects\ck-mvn-plugin\MediciaApi-main\src\main\java\com\medicia\MediciaAPI\entities\MedicalHistory.java,com.medicia.MediciaAPI.entities.MedicalHistory,MedicalHistory/0,true,61,0,0,0,0,1,0,3,0,0,0,0,0,0,0,0,0,0,0,0,0,0,0,0,0,0,2,1,0,false
E:\OOD_Projects\ck-mvn-plugin\MediciaApi-main\src\main\java\com\medicia\MediciaAPI\entities\MedicalHistory.java,com.medicia.MediciaAPI.entities.MedicalHistory,getHisId/0,false,66,0,1,1,0,1,0,3,1,0,0,0,0,0,0,0,0,0,0,0,0,0,0,0,0,0,4,1,0,false
E:\OOD_Projects\ck-mvn-plugin\MediciaApi-main\src\main\java\com\medicia\MediciaAPI\entities\MedicalHistory.java,com.medicia.MediciaAPI.entities.MedicalHistory,setBloodGroup/1[java.lang.String],false,102,0,0,0,0,1,0,3,0,0,1,0,0,0,0,0,0,0,0,0,1,0,0,0,0,0,4,1,0,false
E:\OOD_Projects\ck-mvn-plugin\MediciaApi-main\src\main\java\com\medicia\MediciaAPI\entities\MedicalHistory.java,com.medicia.MediciaAPI.entities.MedicalHistory,getUser/0,false,29,1,0,0,0,1,0,3,1,0,0,0,0,0,0,0,0,0,0,0,0,0,0,0,0,0,3,1,0,false
E:\OOD_Projects\ck-mvn-plugin\MediciaApi-main\src\main\java\com\medicia\MediciaAPI\entities\MedicalHistory.java,com.medicia.MediciaAPI.entities.MedicalHistory,getDoctor/0,false,33,1,1,1,0,1,0,3,1,0,0,0,0,0,0,0,0,0,0,0,0,0,0,0,0,0,3,1,0,false
E:\OOD_Projects\ck-mvn-plugin\MediciaApi-main\src\main\java\com\medicia\MediciaAPI\entities\MedicalHistory.java,com.medicia.MediciaAPI.entities.MedicalHistory,getBloodPressure/0,false,106,0,0,0,0,1,0,3,1,0,0,0,0,0,0,0,0,0,0,0,0,0,0,0,0,0,4,1,0,false
E:\OOD_Projects\ck-mvn-plugin\MediciaApi-main\src\main\java\com\medicia\MediciaAPI\visibility\services\PendingRequest.java,com.medicia.MediciaAPI.visibility.services.PendingRequest,countPendingRequest/1[java.lang.Long],false,46,1,1,0,1,2,4,10,2,2,1,4,0,0,0,0,0,0,0,1,2,0,1,0,0,0,9,1,0,false
E:\OOD_Projects\ck-mvn-plugin\MediciaApi-main\src\main\java\com\medicia\MediciaAPI\visibility\services\PendingRequest.java,com.medicia.MediciaAPI.visibility.services.PendingRequest,getPendingDoctorsRequest/1[long],false,59,3,2,0,2,3,5,15,2,4,1,5,0,0,1,0,0,0,0,0,4,0,2,0,0,0,15,1,0,false
E:\OOD_Projects\ck-mvn-plugin\MediciaApi-main\src\main\java\com\medicia\MediciaAPI\visibility\services\PendingRequest.java,com.medicia.MediciaAPI.visibility.services.PendingRequest,"rejectDoctorToViewProfile/2[java.lang.Long,java.lang.Long]",false,93,2,2,0,2,2,4,10,0,2,2,4,0,0,0,0,0,0,1,0,2,0,1,0,0,0,17,1,0,false
E:\OOD_Projects\ck-mvn-plugin\MediciaApi-main\src\main\java\com\medicia\MediciaAPI\visibility\services\PendingRequest.java,com.medicia.MediciaAPI.visibility.services.PendingRequest,"addDoctorToApprove/2[java.lang.Long,java.lang.Long]",false,77,3,3,0,3,2,5,11,0,2,2,5,0,0,0,0,0,0,1,0,2,0,1,0,0,0,16,1,0,false
E:\OOD_Projects\ck-mvn-plugin\MediciaApi-main\src\main\java\com\medicia\MediciaAPI\visibility\services\PendingRequest.java,com.medicia.MediciaAPI.visibility.services.PendingRequest,"sentRequestToUser/2[java.lang.Long,java.lang.Long]",false,31,1,2,0,2,2,5,14,0,4,2,5,0,0,0,0,0,0,0,0,4,0,1,0,0,0,12,1,0,false
E:\OOD_Projects\ck-mvn-plugin\MediciaApi-main\src\main\java\com\medicia\MediciaAPI\visibility\services\PendingRequest.java,com.medicia.MediciaAPI.visibility.services.PendingRequest,"statusOftheRequest/2[java.lang.Long,java.lang.Long]",false,106,2,2,0,2,4,5,18,4,2,2,5,0,0,0,0,0,0,0,4,2,0,4,0,0,0,11,1,0,false
E:\OOD_Projects\ck-mvn-plugin\MediciaApi-main\src\main\java\com\medicia\MediciaAPI\exception\UserNotFoundException.java,com.medicia.MediciaAPI.exception.UserNotFoundException,UserNotFoundException/1[java.lang.String],true,10,0,4,4,0,1,0,3,0,0,1,0,0,0,0,0,0,0,0,0,0,0,0,0,0,0,5,1,0,false
E:\OOD_Projects\ck-mvn-plugin\MediciaApi-main\src\main\java\com\medicia\MediciaAPI\MediciaApiApplication.java,com.medicia.MediciaAPI.MediciaApiApplication,main/1[java.lang.String[]],false,9,1,0,0,0,1,1,3,0,0,1,1,0,0,0,0,0,0,0,0,0,0,0,0,0,0,2,9,0,false
E:\OOD_Projects\ck-mvn-plugin\MediciaApi-main\src\main\java\com\medicia\MediciaAPI\visibility\services\AddedRequest.java,com.medicia.MediciaAPI.visibility.services.AddedRequest,getDoctorsAllowedToViewProfile/1[java.lang.Long],false,42,3,2,0,2,3,5,15,2,4,1,5,0,0,1,0,0,0,0,0,4,0,2,0,0,0,18,1,0,false
E:\OOD_Projects\ck-mvn-plugin\MediciaApi-main\src\main\java\com\medicia\MediciaAPI\visibility\services\AddedRequest.java,com.medicia.MediciaAPI.visibility.services.AddedRequest,countDoctorsApproved/1[java.lang.Long],false,59,1,1,0,1,2,4,10,2,2,1,4,0,0,0,0,0,0,0,1,2,0,1,0,0,0,10,1,0,false
E:\OOD_Projects\ck-mvn-plugin\MediciaApi-main\src\main\java\com\medicia\MediciaAPI\visibility\services\AddedRequest.java,com.medicia.MediciaAPI.visibility.services.AddedRequest,"isAllowed/2[long,long]",false,71,1,1,0,1,2,4,10,2,2,2,4,0,0,0,0,0,0,0,0,2,0,1,0,0,0,10,1,0,false
E:\OOD_Projects\ck-mvn-plugin\MediciaApi-main\src\main\java\com\medicia\MediciaAPI\visibility\services\AddedRequest.java,com.medicia.MediciaAPI.visibility.services.AddedRequest,"removeDoctorToViewProfile/2[java.lang.Long,java.lang.Long]",false,83,0,0,0,0,1,0,2,0,0,2,0,0,0,0,0,0,0,0,0,0,0,0,0,0,0,7,1,0,false
E:\OOD_Projects\ck-mvn-plugin\MediciaApi-main\src\main\java\com\medicia\MediciaAPI\visibility\services\AddedRequest.java,com.medicia.MediciaAPI.visibility.services.AddedRequest,"addDoctorToViewProfile/2[java.lang.Long,java.lang.Long]",false,24,1,3,0,3,2,6,15,0,4,2,6,0,0,0,0,0,0,0,0,4,0,1,0,0,0,12,1,0,false
E:\OOD_Projects\ck-mvn-plugin\MediciaApi-main\src\main\java\com\medicia\MediciaAPI\services\DoctorService.java,com.medicia.MediciaAPI.services.DoctorService,addDoctor/1[com.medicia.MediciaAPI.entities.Doctor],false,14,1,1,1,0,1,0,1,0,0,1,0,0,0,0,0,0,0,0,0,0,0,0,0,0,0,3,1,0,false
E:\OOD_Projects\ck-mvn-plugin\MediciaApi-main\src\main\java\com\medicia\MediciaAPI\services\DoctorService.java,com.medicia.MediciaAPI.services.DoctorService,updateDoctor/1[com.medicia.MediciaAPI.entities.Doctor],false,16,1,1,1,0,1,0,1,0,0,1,0,0,0,0,0,0,0,0,0,0,0,0,0,0,0,3,1,0,false
E:\OOD_Projects\ck-mvn-plugin\MediciaApi-main\src\main\java\com\medicia\MediciaAPI\services\DoctorService.java,com.medicia.MediciaAPI.services.DoctorService,"addMedicalHistoryByDoctorForUser/3[com.medicia.MediciaAPI.entities.MedicalHistory,long,long]",false,22,1,1,1,0,1,0,1,0,0,3,0,0,0,0,0,0,0,0,0,0,0,0,0,0,0,10,1,0,false
E:\OOD_Projects\ck-mvn-plugin\MediciaApi-main\src\main\java\com\medicia\MediciaAPI\services\DoctorService.java,com.medicia.MediciaAPI.services.DoctorService,deleteDoctor/1[long],false,18,0,1,1,0,1,0,1,0,0,1,0,0,0,0,0,0,0,0,0,0,0,0,0,0,0,4,1,0,false
E:\OOD_Projects\ck-mvn-plugin\MediciaApi-main\src\main\java\com\medicia\MediciaAPI\services\DoctorService.java,com.medicia.MediciaAPI.services.DoctorService,getAlltheMedicalHistoriesByDoctorId/1[long],false,24,1,0,0,0,1,0,1,0,0,1,0,0,0,0,0,0,0,0,0,0,0,0,0,0,0,8,1,0,false
E:\OOD_Projects\ck-mvn-plugin\MediciaApi-main\src\main\java\com\medicia\MediciaAPI\services\DoctorService.java,com.medicia.MediciaAPI.services.DoctorService,"getDoctorByUserIdAndHisID/2[long,long]",false,26,1,1,1,0,1,0,1,0,0,2,0,0,0,0,0,0,0,0,0,0,0,0,0,0,0,10,1,0,false
E:\OOD_Projects\ck-mvn-plugin\MediciaApi-main\src\main\java\com\medicia\MediciaAPI\services\DoctorService.java,com.medicia.MediciaAPI.services.DoctorService,findDoctorByEmail/1[java.lang.String],false,20,1,0,0,0,1,0,1,0,0,1,0,0,0,0,0,0,0,0,0,0,0,0,0,0,0,5,1,0,false
E:\OOD_Projects\ck-mvn-plugin\MediciaApi-main\src\main\java\com\medicia\MediciaAPI\services\DoctorService.java,com.medicia.MediciaAPI.services.DoctorService,getAllDoctors/0,false,10,1,1,1,0,1,0,1,0,0,0,0,0,0,0,0,0,0,0,0,0,0,0,0,0,0,3,1,0,false
E:\OOD_Projects\ck-mvn-plugin\MediciaApi-main\src\main\java\com\medicia\MediciaAPI\services\DoctorService.java,com.medicia.MediciaAPI.services.DoctorService,getDoctorById/1[long],false,12,1,3,3,0,1,0,1,0,0,1,0,0,0,0,0,0,0,0,0,0,0,0,0,0,0,5,1,0,false
E:\OOD_Projects\ck-mvn-plugin\MediciaApi-main\src\main\java\com\medicia\MediciaAPI\services\UserService.java,com.medicia.MediciaAPI.services.UserService,addUser/1[com.medicia.MediciaAPI.entities.User],false,14,1,1,1,0,1,0,1,0,0,1,0,0,0,0,0,0,0,0,0,0,0,0,0,0,0,3,1,0,false
E:\OOD_Projects\ck-mvn-plugin\MediciaApi-main\src\main\java\com\medicia\MediciaAPI\services\UserService.java,com.medicia.MediciaAPI.services.UserService,getAllUsers/0,false,10,1,1,1,0,1,0,1,0,0,0,0,0,0,0,0,0,0,0,0,0,0,0,0,0,0,3,1,0,false
E:\OOD_Projects\ck-mvn-plugin\MediciaApi-main\src\main\java\com\medicia\MediciaAPI\services\UserService.java,com.medicia.MediciaAPI.services.UserService,getAllTheMedicalHistoriesByUserId/1[long],false,22,1,0,0,0,1,0,1,0,0,1,0,0,0,0,0,0,0,0,0,0,0,0,0,0,0,11,1,0,false
E:\OOD_Projects\ck-mvn-plugin\MediciaApi-main\src\main\java\com\medicia\MediciaAPI\services\UserService.java,com.medicia.MediciaAPI.services.UserService,getUserById/1[long],false,12,1,3,3,0,1,0,1,0,0,1,0,0,0,0,0,0,0,0,0,0,0,0,0,0,0,5,1,0,false
E:\OOD_Projects\ck-mvn-plugin\MediciaApi-main\src\main\java\com\medicia\MediciaAPI\services\UserService.java,com.medicia.MediciaAPI.services.UserService,updateUser/1[com.medicia.MediciaAPI.entities.User],false,16,1,2,2,0,1,0,1,0,0,1,0,0,0,0,0,0,0,0,0,0,0,0,0,0,0,3,1,0,false
E:\OOD_Projects\ck-mvn-plugin\MediciaApi-main\src\main\java\com\medicia\MediciaAPI\services\UserService.java,com.medicia.MediciaAPI.services.UserService,deleteUser/1[long],false,18,0,1,1,0,1,0,1,0,0,1,0,0,0,0,0,0,0,0,0,0,0,0,0,0,0,4,1,0,false
E:\OOD_Projects\ck-mvn-plugin\MediciaApi-main\src\main\java\com\medicia\MediciaAPI\services\UserService.java,com.medicia.MediciaAPI.services.UserService,findUserByEmail/1[java.lang.String],false,20,1,0,0,0,1,0,1,0,0,1,0,0,0,0,0,0,0,0,0,0,0,0,0,0,0,5,1,0,false
E:\OOD_Projects\ck-mvn-plugin\MediciaApi-main\src\main\java\com\medicia\MediciaAPI\entities\User.java,com.medicia.MediciaAPI.entities.User,setUserId/1[long],false,65,0,0,0,0,1,0,3,0,0,1,0,0,0,0,0,0,0,0,0,1,0,0,0,0,0,4,1,0,false
E:\OOD_Projects\ck-mvn-plugin\MediciaApi-main\src\main\java\com\medicia\MediciaAPI\entities\User.java,com.medicia.MediciaAPI.entities.User,setDateOfRegister/1[java.util.Date],false,129,0,0,0,0,1,0,3,0,0,1,0,0,0,0,0,0,0,0,0,1,0,0,0,0,0,5,1,0,false
E:\OOD_Projects\ck-mvn-plugin\MediciaApi-main\src\main\java\com\medicia\MediciaAPI\entities\User.java,com.medicia.MediciaAPI.entities.User,getUserName/0,false,69,0,0,0,0,1,0,3,1,0,0,0,0,0,0,0,0,0,0,0,0,0,0,0,0,0,4,1,0,false
E:\OOD_Projects\ck-mvn-plugin\MediciaApi-main\src\main\java\com\medicia\MediciaAPI\entities\User.java,com.medicia.MediciaAPI.entities.User,setUserAddress/1[java.lang.String],false,97,0,0,0,0,1,0,3,0,0,1,0,0,0,0,0,0,0,0,0,1,0,0,0,0,0,4,1,0,false
E:\OOD_Projects\ck-mvn-plugin\MediciaApi-main\src\main\java\com\medicia\MediciaAPI\entities\User.java,com.medicia.MediciaAPI.entities.User,getDateOfRegister/0,false,125,0,0,0,0,1,0,3,1,0,0,0,0,0,0,0,0,0,0,0,0,0,0,0,0,0,5,1,0,false
E:\OOD_Projects\ck-mvn-plugin\MediciaApi-main\src\main\java\com\medicia\MediciaAPI\entities\User.java,com.medicia.MediciaAPI.entities.User,setDateOfBirth/1[java.util.Date],false,121,0,0,0,0,1,0,3,0,0,1,0,0,0,0,0,0,0,0,0,1,0,0,0,0,0,5,1,0,false
E:\OOD_Projects\ck-mvn-plugin\MediciaApi-main\src\main\java\com\medicia\MediciaAPI\entities\User.java,com.medicia.MediciaAPI.entities.User,getUserMedicalHistories/0,false,34,1,3,3,0,1,0,3,1,0,0,0,0,0,0,0,0,0,0,0,0,0,0,0,0,0,5,1,0,false
E:\OOD_Projects\ck-mvn-plugin\MediciaApi-main\src\main\java\com\medicia\MediciaAPI\entities\User.java,com.medicia.MediciaAPI.entities.User,getUserId/0,false,61,0,0,0,0,1,0,3,1,0,0,0,0,0,0,0,0,0,0,0,0,0,0,0,0,0,3,1,0,false
E:\OOD_Projects\ck-mvn-plugin\MediciaApi-main\src\main\java\com\medicia\MediciaAPI\entities\User.java,com.medicia.MediciaAPI.entities.User,getUserGender/0,false,109,0,0,0,0,1,0,3,1,0,0,0,0,0,0,0,0,0,0,0,0,0,0,0,0,0,4,1,0,false
E:\OOD_Projects\ck-mvn-plugin\MediciaApi-main\src\main\java\com\medicia\MediciaAPI\entities\User.java,com.medicia.MediciaAPI.entities.User,getDateOfBirth/0,false,117,0,0,0,0,1,0,3,1,0,0,0,0,0,0,0,0,0,0,0,0,0,0,0,0,0,5,1,0,false
E:\OOD_Projects\ck-mvn-plugin\MediciaApi-main\src\main\java\com\medicia\MediciaAPI\entities\User.java,com.medicia.MediciaAPI.entities.User,"User/9[long,java.lang.String,java.lang.String,java.lang.String,java.lang.String,java.lang.String,java.lang.String,java.util.Date,java.util.Date]",true,43,0,0,0,0,1,0,12,0,0,9,0,0,0,0,0,0,0,0,0,9,0,0,0,0,0,14,1,0,false
E:\OOD_Projects\ck-mvn-plugin\MediciaApi-main\src\main\java\com\medicia\MediciaAPI\entities\User.java,com.medicia.MediciaAPI.entities.User,setUserPhoneNumber/1[java.lang.String],false,105,0,0,0,0,1,0,3,0,0,1,0,0,0,0,0,0,0,0,0,1,0,0,0,0,0,5,1,0,false
E:\OOD_Projects\ck-mvn-plugin\MediciaApi-main\src\main\java\com\medicia\MediciaAPI\entities\User.java,com.medicia.MediciaAPI.entities.User,setUserGender/1[java.lang.String],false,113,0,0,0,0,1,0,3,0,0,1,0,0,0,0,0,0,0,0,0,1,0,0,0,0,0,4,1,0,false
E:\OOD_Projects\ck-mvn-plugin\MediciaApi-main\src\main\java\com\medicia\MediciaAPI\entities\User.java,com.medicia.MediciaAPI.entities.User,getUserPassword/0,false,85,0,0,0,0,1,0,3,1,0,0,0,0,0,0,0,0,0,0,0,0,0,0,0,0,0,4,1,0,false
E:\OOD_Projects\ck-mvn-plugin\MediciaApi-main\src\main\java\com\medicia\MediciaAPI\entities\User.java,com.medicia.MediciaAPI.entities.User,getUserAddress/0,false,93,0,0,0,0,1,0,3,1,0,0,0,0,0,0,0,0,0,0,0,0,0,0,0,0,0,4,1,0,false
E:\OOD_Projects\ck-mvn-plugin\MediciaApi-main\src\main\java\com\medicia\MediciaAPI\entities\User.java,com.medicia.MediciaAPI.entities.User,setUserMedicalHistories/1[com.medicia.MediciaAPI.entities.MedicalHistory],false,38,1,0,0,0,1,1,3,0,0,1,1,0,0,0,0,0,0,0,0,0,0,0,0,0,0,6,1,0,false
E:\OOD_Projects\ck-mvn-plugin\MediciaApi-main\src\main\java\com\medicia\MediciaAPI\entities\User.java,com.medicia.MediciaAPI.entities.User,getUserEmail/0,false,77,0,1,1,0,1,0,3,1,0,0,0,0,0,0,0,0,0,0,0,0,0,0,0,0,0,4,1,0,false
E:\OOD_Projects\ck-mvn-plugin\MediciaApi-main\src\main\java\com\medicia\MediciaAPI\entities\User.java,com.medicia.MediciaAPI.entities.User,setUserName/1[java.lang.String],false,73,0,0,0,0,1,0,3,0,0,1,0,0,0,0,0,0,0,0,0,1,0,0,0,0,0,4,1,0,false
E:\OOD_Projects\ck-mvn-plugin\MediciaApi-main\src\main\java\com\medicia\MediciaAPI\entities\User.java,com.medicia.MediciaAPI.entities.User,setUserEmail/1[java.lang.String],false,81,0,0,0,0,1,0,3,0,0,1,0,0,0,0,0,0,0,0,0,1,0,0,0,0,0,4,1,0,false
E:\OOD_Projects\ck-mvn-plugin\MediciaApi-main\src\main\java\com\medicia\MediciaAPI\entities\User.java,com.medicia.MediciaAPI.entities.User,getUserPhoneNumber/0,false,101,0,0,0,0,1,0,3,1,0,0,0,0,0,0,0,0,0,0,0,0,0,0,0,0,0,5,1,0,false
E:\OOD_Projects\ck-mvn-plugin\MediciaApi-main\src\main\java\com\medicia\MediciaAPI\entities\User.java,com.medicia.MediciaAPI.entities.User,User/0,true,56,0,0,0,0,1,0,3,0,0,0,0,0,0,0,0,0,0,0,0,0,0,0,0,0,0,1,1,0,false
E:\OOD_Projects\ck-mvn-plugin\MediciaApi-main\src\main\java\com\medicia\MediciaAPI\entities\User.java,com.medicia.MediciaAPI.entities.User,setUserPassword/1[java.lang.String],false,89,0,0,0,0,1,0,3,0,0,1,0,0,0,0,0,0,0,0,0,1,0,0,0,0,0,4,1,0,false
E:\OOD_Projects\ck-mvn-plugin\MediciaApi-main\src\main\java\com\medicia\MediciaAPI\services\DoctorServiceClass.java,com.medicia.MediciaAPI.services.DoctorServiceClass,getDoctorById/1[long],false,30,2,3,2,1,2,3,6,1,0,1,3,0,0,0,0,0,0,1,0,0,0,2,0,0,0,9,1,0,false
E:\OOD_Projects\ck-mvn-plugin\MediciaApi-main\src\main\java\com\medicia\MediciaAPI\services\DoctorServiceClass.java,com.medicia.MediciaAPI.services.DoctorServiceClass,findDoctorByEmail/1[java.lang.String],false,62,2,2,0,2,3,3,7,2,1,1,3,1,1,1,0,0,0,0,0,1,0,2,0,0,0,11,1,0,false
E:\OOD_Projects\ck-mvn-plugin\MediciaApi-main\src\main\java\com\medicia\MediciaAPI\services\DoctorServiceClass.java,com.medicia.MediciaAPI.services.DoctorServiceClass,getAllDoctors/0,false,24,1,1,1,0,1,1,3,1,0,0,1,0,0,0,0,0,0,0,0,0,0,0,0,0,0,3,1,0,false
E:\OOD_Projects\ck-mvn-plugin\MediciaApi-main\src\main\java\com\medicia\MediciaAPI\services\DoctorServiceClass.java,com.medicia.MediciaAPI.services.DoctorServiceClass,"getDoctorByUserIdAndHisID/2[long,long]",false,97,4,4,0,4,3,4,8,1,2,2,4,0,0,1,1,0,0,0,0,3,0,2,0,0,0,15,1,0,false
E:\OOD_Projects\ck-mvn-plugin\MediciaApi-main\src\main\java\com\medicia\MediciaAPI\services\DoctorServiceClass.java,com.medicia.MediciaAPI.services.DoctorServiceClass,updateDoctor/1[com.medicia.MediciaAPI.entities.Doctor],false,46,1,1,1,0,1,1,3,0,0,1,1,0,0,0,0,0,0,0,0,0,0,0,0,0,0,3,1,0,false
E:\OOD_Projects\ck-mvn-plugin\MediciaApi-main\src\main\java\com\medicia\MediciaAPI\services\DoctorServiceClass.java,com.medicia.MediciaAPI.services.DoctorServiceClass,deleteDoctor/1[long],false,52,1,1,0,1,2,2,6,0,0,1,2,0,0,0,0,0,0,1,0,0,0,2,0,0,0,8,1,0,false
E:\OOD_Projects\ck-mvn-plugin\MediciaApi-main\src\main\java\com\medicia\MediciaAPI\services\DoctorServiceClass.java,com.medicia.MediciaAPI.services.DoctorServiceClass,"addMedicalHistoryByDoctorForUser/3[com.medicia.MediciaAPI.entities.MedicalHistory,long,long]",false,74,5,8,0,8,1,9,10,0,2,3,9,2,1,0,0,0,0,0,0,2,0,0,0,0,0,15,1,0,false
E:\OOD_Projects\ck-mvn-plugin\MediciaApi-main\src\main\java\com\medicia\MediciaAPI\services\DoctorServiceClass.java,com.medicia.MediciaAPI.services.DoctorServiceClass,getAlltheMedicalHistoriesByDoctorId/1[long],false,90,3,2,0,2,1,2,4,1,1,1,2,1,1,0,0,0,0,0,0,1,0,0,0,0,0,8,1,0,false
E:\OOD_Projects\ck-mvn-plugin\MediciaApi-main\src\main\java\com\medicia\MediciaAPI\services\DoctorServiceClass.java,com.medicia.MediciaAPI.services.DoctorServiceClass,addDoctor/1[com.medicia.MediciaAPI.entities.Doctor],false,40,1,0,0,0,1,1,3,0,0,1,1,0,0,0,0,0,0,0,0,0,0,0,0,0,0,3,1,0,false
E:\OOD_Projects\ck-mvn-plugin\MediciaApi-main\.mvn\wrapper\MavenWrapperDownloader.java,MavenWrapperDownloader,main/1[java.lang.String[]],false,48,1,1,0,1,8,11,46,0,6,1,11,1,1,0,1,3,0,10,3,8,5,4,0,0,0,43,9,0,false
E:\OOD_Projects\ck-mvn-plugin\MediciaApi-main\.mvn\wrapper\MavenWrapperDownloader.java,MavenWrapperDownloader,"downloadFileFromURL/2[java.lang.String,java.io.File]",false,97,1,2,1,1,3,9,19,0,5,2,9,0,0,0,2,0,0,4,1,5,0,1,1,0,0,25,10,0,false
E:\OOD_Projects\ck-mvn-plugin\MediciaApi-main\src\main\java\com\medicia\MediciaAPI\visibility\FriendAdded.java,com.medicia.MediciaAPI.visibility.FriendAdded,setDoctorsAllowed/1[java.util.HashSet<java.lang.Long>],false,30,0,1,1,0,1,0,3,0,0,1,0,0,0,0,0,0,0,0,0,1,0,0,0,0,0,4,1,0,false
E:\OOD_Projects\ck-mvn-plugin\MediciaApi-main\src\main\java\com\medicia\MediciaAPI\visibility\FriendAdded.java,com.medicia.MediciaAPI.visibility.FriendAdded,setUserid/1[long],false,24,0,0,0,0,1,0,3,0,0,1,0,0,0,0,0,0,0,0,0,1,0,0,0,0,0,3,1,0,false
E:\OOD_Projects\ck-mvn-plugin\MediciaApi-main\src\main\java\com\medicia\MediciaAPI\visibility\FriendAdded.java,com.medicia.MediciaAPI.visibility.FriendAdded,getDoctorsAllowed/0,false,27,0,4,4,0,1,0,3,1,0,0,0,0,0,0,0,0,0,0,0,0,0,0,0,0,0,4,1,0,false
E:\OOD_Projects\ck-mvn-plugin\MediciaApi-main\src\main\java\com\medicia\MediciaAPI\visibility\FriendAdded.java,com.medicia.MediciaAPI.visibility.FriendAdded,"FriendAdded/2[long,java.util.HashSet<java.lang.Long>]",true,13,0,1,1,0,1,0,5,0,0,2,0,0,0,0,0,0,0,0,0,2,0,0,0,0,0,6,1,0,false
E:\OOD_Projects\ck-mvn-plugin\MediciaApi-main\src\main\java\com\medicia\MediciaAPI\visibility\FriendAdded.java,com.medicia.MediciaAPI.visibility.FriendAdded,getUserid/0,false,21,0,0,0,0,1,0,3,1,0,0,0,0,0,0,0,0,0,0,0,0,0,0,0,0,0,2,1,0,false
E:\OOD_Projects\ck-mvn-plugin\MediciaApi-main\src\main\java\com\medicia\MediciaAPI\visibility\FriendAdded.java,com.medicia.MediciaAPI.visibility.FriendAdded,FriendAdded/0,true,18,0,0,0,0,1,0,3,0,0,0,0,0,0,0,0,0,0,0,0,0,0,0,0,0,0,2,1,0,false
E:\OOD_Projects\ck-mvn-plugin\MediciaApi-main\src\main\java\com\medicia\MediciaAPI\visibility\PendingRequests.java,com.medicia.MediciaAPI.visibility.PendingRequests,"PendingRequests/2[long,java.util.HashSet<java.lang.Long>]",true,14,0,1,1,0,1,0,5,0,0,2,0,0,0,0,0,0,0,0,0,2,0,0,0,0,0,6,1,0,false
E:\OOD_Projects\ck-mvn-plugin\MediciaApi-main\src\main\java\com\medicia\MediciaAPI\visibility\PendingRequests.java,com.medicia.MediciaAPI.visibility.PendingRequests,setUserid/1[long],false,25,0,0,0,0,1,0,3,0,0,1,0,0,0,0,0,0,0,0,0,1,0,0,0,0,0,3,1,0,false
E:\OOD_Projects\ck-mvn-plugin\MediciaApi-main\src\main\java\com\medicia\MediciaAPI\visibility\PendingRequests.java,com.medicia.MediciaAPI.visibility.PendingRequests,getUserid/0,false,22,0,0,0,0,1,0,3,1,0,0,0,0,0,0,0,0,0,0,0,0,0,0,0,0,0,2,1,0,false
E:\OOD_Projects\ck-mvn-plugin\MediciaApi-main\src\main\java\com\medicia\MediciaAPI\visibility\PendingRequests.java,com.medicia.MediciaAPI.visibility.PendingRequests,setDoctorsPending/1[java.util.HashSet<java.lang.Long>],false,31,0,0,0,0,1,0,3,0,0,1,0,0,0,0,0,0,0,0,0,1,0,0,0,0,0,4,1,0,false
E:\OOD_Projects\ck-mvn-plugin\MediciaApi-main\src\main\java\com\medicia\MediciaAPI\visibility\PendingRequests.java,com.medicia.MediciaAPI.visibility.PendingRequests,PendingRequests/0,true,19,0,0,0,0,1,0,3,0,0,0,0,0,0,0,0,0,0,0,0,0,0,0,0,0,0,2,1,0,false
E:\OOD_Projects\ck-mvn-plugin\MediciaApi-main\src\main\java\com\medicia\MediciaAPI\visibility\PendingRequests.java,com.medicia.MediciaAPI.visibility.PendingRequests,getDoctorsPending/0,false,28,0,6,6,0,1,0,3,1,0,0,0,0,0,0,0,0,0,0,0,0,0,0,0,0,0,4,1,0,false
E:\OOD_Projects\ck-mvn-plugin\MediciaApi-main\src\main\java\com\medicia\MediciaAPI\visibility\services\PendingRequestService.java,com.medicia.MediciaAPI.visibility.services.PendingRequestService,countPendingRequest/1[java.lang.Long],false,12,0,1,1,0,1,0,1,0,0,1,0,0,0,0,0,0,0,0,0,0,0,0,0,0,0,6,1,0,false
E:\OOD_Projects\ck-mvn-plugin\MediciaApi-main\src\main\java\com\medicia\MediciaAPI\visibility\services\PendingRequestService.java,com.medicia.MediciaAPI.visibility.services.PendingRequestService,getPendingDoctorsRequest/1[long],false,15,1,1,1,0,1,0,1,0,0,1,0,0,0,0,0,0,0,0,0,0,0,0,0,0,0,7,1,0,false
E:\OOD_Projects\ck-mvn-plugin\MediciaApi-main\src\main\java\com\medicia\MediciaAPI\visibility\services\PendingRequestService.java,com.medicia.MediciaAPI.visibility.services.PendingRequestService,"rejectDoctorToViewProfile/2[java.lang.Long,java.lang.Long]",false,21,0,1,1,0,1,0,1,0,0,2,0,0,0,0,0,0,0,0,0,0,0,0,0,0,0,7,1,0,false
E:\OOD_Projects\ck-mvn-plugin\MediciaApi-main\src\main\java\com\medicia\MediciaAPI\visibility\services\PendingRequestService.java,com.medicia.MediciaAPI.visibility.services.PendingRequestService,"sentRequestToUser/2[java.lang.Long,java.lang.Long]",false,9,0,1,1,0,1,0,1,0,0,2,0,0,0,0,0,0,0,0,0,0,0,0,0,0,0,7,1,0,false
E:\OOD_Projects\ck-mvn-plugin\MediciaApi-main\src\main\java\com\medicia\MediciaAPI\visibility\services\PendingRequestService.java,com.medicia.MediciaAPI.visibility.services.PendingRequestService,"addDoctorToApprove/2[java.lang.Long,java.lang.Long]",false,18,0,1,1,0,1,0,1,0,0,2,0,0,0,0,0,0,0,0,0,0,0,0,0,0,0,7,1,0,false
E:\OOD_Projects\ck-mvn-plugin\MediciaApi-main\src\main\java\com\medicia\MediciaAPI\visibility\services\PendingRequestService.java,com.medicia.MediciaAPI.visibility.services.PendingRequestService,"statusOftheRequest/2[java.lang.Long,java.lang.Long]",false,25,0,1,1,0,1,0,1,0,0,2,0,0,0,0,0,0,0,0,0,0,0,0,0,0,0,6,1,0,false
E:\OOD_Projects\ck-mvn-plugin\MediciaApi-main\src\main\java\com\medicia\MediciaAPI\visibility\services\AddedRequestService.java,com.medicia.MediciaAPI.visibility.services.AddedRequestService,"removeDoctorToViewProfile/2[java.lang.Long,java.lang.Long]",false,13,0,0,0,0,1,0,1,0,0,2,0,0,0,0,0,0,0,0,0,0,0,0,0,0,0,7,1,0,false
E:\OOD_Projects\ck-mvn-plugin\MediciaApi-main\src\main\java\com\medicia\MediciaAPI\visibility\services\AddedRequestService.java,com.medicia.MediciaAPI.visibility.services.AddedRequestService,"isAllowed/2[long,long]",false,22,0,1,1,0,1,0,1,0,0,2,0,0,0,0,0,0,0,0,0,0,0,0,0,0,0,4,1,0,false
E:\OOD_Projects\ck-mvn-plugin\MediciaApi-main\src\main\java\com\medicia\MediciaAPI\visibility\services\AddedRequestService.java,com.medicia.MediciaAPI.visibility.services.AddedRequestService,getDoctorsAllowedToViewProfile/1[java.lang.Long],false,16,1,1,1,0,1,0,1,0,0,1,0,0,0,0,0,0,0,0,0,0,0,0,0,0,0,9,1,0,false
E:\OOD_Projects\ck-mvn-plugin\MediciaApi-main\src\main\java\com\medicia\MediciaAPI\visibility\services\AddedRequestService.java,com.medicia.MediciaAPI.visibility.services.AddedRequestService,"addDoctorToViewProfile/2[java.lang.Long,java.lang.Long]",false,10,0,1,1,0,1,0,1,0,0,2,0,0,0,0,0,0,0,0,0,0,0,0,0,0,0,7,1,0,false
E:\OOD_Projects\ck-mvn-plugin\MediciaApi-main\src\main\java\com\medicia\MediciaAPI\visibility\services\AddedRequestService.java,com.medicia.MediciaAPI.visibility.services.AddedRequestService,countDoctorsApproved/1[java.lang.Long],false,19,0,1,1,0,1,0,1,0,0,1,0,0,0,0,0,0,0,0,0,0,0,0,0,0,0,6,1,0,false
E:\OOD_Projects\ck-mvn-plugin\MediciaApi-main\src\main\java\com\medicia\MediciaAPI\services\MedicalHisService.java,com.medicia.MediciaAPI.services.MedicalHisService,addHistory/1[com.medicia.MediciaAPI.entities.MedicalHistory],false,13,1,1,1,0,1,0,1,0,0,1,0,0,0,0,0,0,0,0,0,0,0,0,0,0,0,4,1,0,false
E:\OOD_Projects\ck-mvn-plugin\MediciaApi-main\src\main\java\com\medicia\MediciaAPI\services\MedicalHisService.java,com.medicia.MediciaAPI.services.MedicalHisService,deleteHistory/1[long],false,17,0,1,1,0,1,0,1,0,0,1,0,0,0,0,0,0,0,0,0,0,0,0,0,0,0,4,1,0,false
E:\OOD_Projects\ck-mvn-plugin\MediciaApi-main\src\main\java\com\medicia\MediciaAPI\services\MedicalHisService.java,com.medicia.MediciaAPI.services.MedicalHisService,getAllHistory/0,false,9,1,1,1,0,1,0,1,0,0,0,0,0,0,0,0,0,0,0,0,0,0,0,0,0,0,3,1,0,false
E:\OOD_Projects\ck-mvn-plugin\MediciaApi-main\src\main\java\com\medicia\MediciaAPI\services\MedicalHisService.java,com.medicia.MediciaAPI.services.MedicalHisService,getHistoryById/1[long],false,11,1,1,1,0,1,0,1,0,0,1,0,0,0,0,0,0,0,0,0,0,0,0,0,0,0,6,1,0,false
E:\OOD_Projects\ck-mvn-plugin\MediciaApi-main\src\main\java\com\medicia\MediciaAPI\services\MedicalHisService.java,com.medicia.MediciaAPI.services.MedicalHisService,updateHistory/1[com.medicia.MediciaAPI.entities.MedicalHistory],false,15,1,1,1,0,1,0,1,0,0,1,0,0,0,0,0,0,0,0,0,0,0,0,0,0,0,4,1,0,false
E:\OOD_Projects\ck-mvn-plugin\MediciaApi-main\src\main\java\com\medicia\MediciaAPI\controller\DoctorController.java,com.medicia.MediciaAPI.controller.DoctorController,deleteDoctor/1[java.lang.String],false,68,5,1,0,1,2,2,9,2,0,1,2,0,0,0,0,1,0,1,0,0,0,1,0,0,0,7,1,0,false
E:\OOD_Projects\ck-mvn-plugin\MediciaApi-main\src\main\java\com\medicia\MediciaAPI\controller\DoctorController.java,com.medicia.MediciaAPI.controller.DoctorController,getAllDoctor/0,false,32,3,1,0,1,1,1,3,1,0,0,1,0,0,0,0,0,0,1,0,0,0,0,0,0,0,3,1,0,false
E:\OOD_Projects\ck-mvn-plugin\MediciaApi-main\src\main\java\com\medicia\MediciaAPI\controller\DoctorController.java,com.medicia.MediciaAPI.controller.DoctorController,addDoctor/1[com.medicia.MediciaAPI.entities.Doctor],false,44,6,1,0,1,2,1,9,2,0,1,1,0,0,0,0,1,0,1,0,0,0,1,0,0,0,5,1,0,false
E:\OOD_Projects\ck-mvn-plugin\MediciaApi-main\src\main\java\com\medicia\MediciaAPI\controller\DoctorController.java,com.medicia.MediciaAPI.controller.DoctorController,"statusOftheRequest/2[java.lang.Long,java.lang.Long]",false,99,3,1,0,1,1,1,3,1,0,2,1,0,0,0,0,0,0,3,0,0,0,0,0,0,0,10,1,0,false
E:\OOD_Projects\ck-mvn-plugin\MediciaApi-main\src\main\java\com\medicia\MediciaAPI\controller\DoctorController.java,com.medicia.MediciaAPI.controller.DoctorController,"addMedicalHistoryByDocIdAndUserID/3[java.lang.String,java.lang.String,com.medicia.MediciaAPI.entities.MedicalHistory]",false,80,7,1,0,1,2,3,10,2,0,3,3,0,0,0,0,1,0,3,0,0,0,1,0,0,0,16,1,0,false
E:\OOD_Projects\ck-mvn-plugin\MediciaApi-main\src\main\java\com\medicia\MediciaAPI\controller\DoctorController.java,com.medicia.MediciaAPI.controller.DoctorController,"sentRequestToUser/2[java.lang.Long,java.lang.Long]",false,104,3,1,0,1,1,1,3,0,0,2,1,0,0,0,0,0,0,3,0,0,0,0,0,0,0,9,1,0,false
E:\OOD_Projects\ck-mvn-plugin\MediciaApi-main\src\main\java\com\medicia\MediciaAPI\controller\DoctorController.java,com.medicia.MediciaAPI.controller.DoctorController,"getDoctorByUserIdAndHisId/2[java.lang.Long,java.lang.Long]",false,93,4,1,0,1,1,1,3,1,0,2,1,0,0,0,0,0,0,3,0,0,0,0,0,0,0,10,1,0,false
E:\OOD_Projects\ck-mvn-plugin\MediciaApi-main\src\main\java\com\medicia\MediciaAPI\controller\DoctorController.java,com.medicia.MediciaAPI.controller.DoctorController,updateDoctor/1[com.medicia.MediciaAPI.entities.Doctor],false,56,6,1,0,1,2,1,9,2,0,1,1,0,0,0,0,1,0,1,0,0,0,1,0,0,0,5,1,0,false
E:\OOD_Projects\ck-mvn-plugin\MediciaApi-main\src\main\java\com\medicia\MediciaAPI\controller\DoctorController.java,com.medicia.MediciaAPI.controller.DoctorController,getUserById/1[java.lang.String],false,38,4,1,0,1,1,2,3,1,0,1,2,0,0,0,0,0,0,1,0,0,0,0,0,0,0,7,1,0,false
E:\OOD_Projects\ck-mvn-plugin\MediciaApi-main\src\main\java\com\medicia\MediciaAPI\controller\MedicalController.java,com.medicia.MediciaAPI.controller.MedicalController,addHistory/1[com.medicia.MediciaAPI.entities.MedicalHistory],false,37,6,1,0,1,2,1,9,2,0,1,1,0,0,0,0,1,0,1,0,0,0,1,0,0,0,6,1,0,false
E:\OOD_Projects\ck-mvn-plugin\MediciaApi-main\src\main\java\com\medicia\MediciaAPI\controller\MedicalController.java,com.medicia.MediciaAPI.controller.MedicalController,updateHistory/1[com.medicia.MediciaAPI.entities.MedicalHistory],false,49,6,1,0,1,2,1,9,2,0,1,1,0,0,0,0,1,0,1,0,0,0,1,0,0,0,6,1,0,false
E:\OOD_Projects\ck-mvn-plugin\MediciaApi-main\src\main\java\com\medicia\MediciaAPI\controller\MedicalController.java,com.medicia.MediciaAPI.controller.MedicalController,deleteHistory/1[java.lang.String],false,61,5,1,0,1,2,2,9,2,0,1,2,0,0,0,0,1,0,1,0,0,0,1,0,0,0,7,1,0,false
E:\OOD_Projects\ck-mvn-plugin\MediciaApi-main\src\main\java\com\medicia\MediciaAPI\controller\MedicalController.java,com.medicia.MediciaAPI.controller.MedicalController,getAllHistory/0,false,25,3,1,0,1,1,1,3,1,0,0,1,0,0,0,0,0,0,1,0,0,0,0,0,0,0,3,1,0,false
E:\OOD_Projects\ck-mvn-plugin\MediciaApi-main\src\main\java\com\medicia\MediciaAPI\controller\MedicalController.java,com.medicia.MediciaAPI.controller.MedicalController,getHistoryById/1[java.lang.String],false,31,4,1,0,1,1,2,3,1,0,1,2,0,0,0,0,0,0,1,0,0,0,0,0,0,0,7,1,0,false
E:\OOD_Projects\ck-mvn-plugin\MediciaApi-main\src\main\java\com\medicia\MediciaAPI\services\UserServiceClass.java,com.medicia.MediciaAPI.services.UserServiceClass,getUserById/1[long],false,26,1,1,1,0,1,2,3,1,0,1,2,0,0,0,0,0,0,0,0,0,0,0,0,0,0,5,1,0,false
E:\OOD_Projects\ck-mvn-plugin\MediciaApi-main\src\main\java\com\medicia\MediciaAPI\services\UserServiceClass.java,com.medicia.MediciaAPI.services.UserServiceClass,addUser/1[com.medicia.MediciaAPI.entities.User],false,32,1,0,0,0,1,1,3,0,0,1,1,0,0,0,0,0,0,0,0,0,0,0,0,0,0,3,1,0,false
E:\OOD_Projects\ck-mvn-plugin\MediciaApi-main\src\main\java\com\medicia\MediciaAPI\services\UserServiceClass.java,com.medicia.MediciaAPI.services.UserServiceClass,deleteUser/1[long],false,44,0,0,0,0,1,1,3,0,0,1,1,0,0,0,0,0,0,0,0,0,0,0,0,0,0,4,1,0,false
E:\OOD_Projects\ck-mvn-plugin\MediciaApi-main\src\main\java\com\medicia\MediciaAPI\services\UserServiceClass.java,com.medicia.MediciaAPI.services.UserServiceClass,updateUser/1[com.medicia.MediciaAPI.entities.User],false,38,1,0,0,0,1,1,3,0,0,1,1,0,0,0,0,0,0,0,0,0,0,0,0,0,0,3,1,0,false
E:\OOD_Projects\ck-mvn-plugin\MediciaApi-main\src\main\java\com\medicia\MediciaAPI\services\UserServiceClass.java,com.medicia.MediciaAPI.services.UserServiceClass,getAllUsers/0,false,20,1,1,1,0,1,1,3,1,0,0,1,0,0,0,0,0,0,0,0,0,0,0,0,0,0,3,1,0,false
E:\OOD_Projects\ck-mvn-plugin\MediciaApi-main\src\main\java\com\medicia\MediciaAPI\services\UserServiceClass.java,com.medicia.MediciaAPI.services.UserServiceClass,getAllTheMedicalHistoriesByUserId/1[long],false,62,3,2,0,2,1,2,4,1,1,1,2,1,1,0,0,0,0,0,0,1,0,0,0,0,0,11,1,0,false
E:\OOD_Projects\ck-mvn-plugin\MediciaApi-main\src\main\java\com\medicia\MediciaAPI\services\UserServiceClass.java,com.medicia.MediciaAPI.services.UserServiceClass,findUserByEmail/1[java.lang.String],false,51,2,2,0,2,3,3,7,2,1,1,3,1,1,1,0,0,0,0,0,1,0,2,0,0,0,10,1,0,false
E:\OOD_Projects\ck-mvn-plugin\MediciaApi-main\.mvn\wrapper\MavenWrapperDownloader.java,MavenWrapperDownloader$Anonymous1,getPasswordAuthentication/0,false,103,0,0,0,0,1,0,3,1,0,0,0,0,0,0,0,0,0,0,0,0,0,0,0,0,0,3,4,0,false
