file,class,method,variable,usage
E:\OOD_Projects\ck-mvn-plugin\MediciaApi-main\src\main\java\com\medicia\MediciaAPI\entities\Doctor.java,com.medicia.MediciaAPI.entities.Doctor,"Doctor/9[long,java.lang.String,java.lang.String,java.lang.String,java.lang.String,java.lang.String,java.lang.String,int,java.util.Date]",organizationType,2
E:\OOD_Projects\ck-mvn-plugin\MediciaApi-main\src\main\java\com\medicia\MediciaAPI\entities\Doctor.java,com.medicia.MediciaAPI.entities.Doctor,"Doctor/9[long,java.lang.String,java.lang.String,java.lang.String,java.lang.String,java.lang.String,java.lang.String,int,java.util.Date]",docName,2
E:\OOD_Projects\ck-mvn-plugin\MediciaApi-main\src\main\java\com\medicia\MediciaAPI\entities\Doctor.java,com.medicia.MediciaAPI.entities.Doctor,"Doctor/9[long,java.lang.String,java.lang.String,java.lang.String,java.lang.String,java.lang.String,java.lang.String,int,java.util.Date]",organizationName,2
E:\OOD_Projects\ck-mvn-plugin\MediciaApi-main\src\main\java\com\medicia\MediciaAPI\entities\Doctor.java,com.medicia.MediciaAPI.entities.Doctor,"Doctor/9[long,java.lang.String,java.lang.String,java.lang.String,java.lang.String,java.lang.String,java.lang.String,int,java.util.Date]",docId,2
E:\OOD_Projects\ck-mvn-plugin\MediciaApi-main\src\main\java\com\medicia\MediciaAPI\entities\Doctor.java,com.medicia.MediciaAPI.entities.Doctor,"Doctor/9[long,java.lang.String,java.lang.String,java.lang.String,java.lang.String,java.lang.String,java.lang.String,int,java.util.Date]",rating,2
E:\OOD_Projects\ck-mvn-plugin\MediciaApi-main\src\main\java\com\medicia\MediciaAPI\entities\Doctor.java,com.medicia.MediciaAPI.entities.Doctor,"Doctor/9[long,java.lang.String,java.lang.String,java.lang.String,java.lang.String,java.lang.String,java.lang.String,int,java.util.Date]",docPassword,2
E:\OOD_Projects\ck-mvn-plugin\MediciaApi-main\src\main\java\com\medicia\MediciaAPI\entities\Doctor.java,com.medicia.MediciaAPI.entities.Doctor,"Doctor/9[long,java.lang.String,java.lang.String,java.lang.String,java.lang.String,java.lang.String,java.lang.String,int,java.util.Date]",docEmail,2
E:\OOD_Projects\ck-mvn-plugin\MediciaApi-main\src\main\java\com\medicia\MediciaAPI\entities\Doctor.java,com.medicia.MediciaAPI.entities.Doctor,"Doctor/9[long,java.lang.String,java.lang.String,java.lang.String,java.lang.String,java.lang.String,java.lang.String,int,java.util.Date]",docAddress,2
E:\OOD_Projects\ck-mvn-plugin\MediciaApi-main\src\main\java\com\medicia\MediciaAPI\entities\Doctor.java,com.medicia.MediciaAPI.entities.Doctor,"Doctor/9[long,java.lang.String,java.lang.String,java.lang.String,java.lang.String,java.lang.String,java.lang.String,int,java.util.Date]",dateOfRegister,2
E:\OOD_Projects\ck-mvn-plugin\MediciaApi-main\src\main\java\com\medicia\MediciaAPI\entities\Doctor.java,com.medicia.MediciaAPI.entities.Doctor,setDocId/1[long],docId,2
E:\OOD_Projects\ck-mvn-plugin\MediciaApi-main\src\main\java\com\medicia\MediciaAPI\entities\Doctor.java,com.medicia.MediciaAPI.entities.Doctor,setDocName/1[java.lang.String],docName,2
E:\OOD_Projects\ck-mvn-plugin\MediciaApi-main\src\main\java\com\medicia\MediciaAPI\entities\Doctor.java,com.medicia.MediciaAPI.entities.Doctor,setRating/1[int],rating,2
E:\OOD_Projects\ck-mvn-plugin\MediciaApi-main\src\main\java\com\medicia\MediciaAPI\entities\Doctor.java,com.medicia.MediciaAPI.entities.Doctor,setDocPassword/1[java.lang.String],docPassword,2
E:\OOD_Projects\ck-mvn-plugin\MediciaApi-main\src\main\java\com\medicia\MediciaAPI\entities\Doctor.java,com.medicia.MediciaAPI.entities.Doctor,setMedicalHistoriesDoctorChecked/1[com.medicia.MediciaAPI.entities.MedicalHistory],medicalHistories,1
E:\OOD_Projects\ck-mvn-plugin\MediciaApi-main\src\main\java\com\medicia\MediciaAPI\entities\Doctor.java,com.medicia.MediciaAPI.entities.Doctor,setDocEmail/1[java.lang.String],docEmail,2
E:\OOD_Projects\ck-mvn-plugin\MediciaApi-main\src\main\java\com\medicia\MediciaAPI\entities\Doctor.java,com.medicia.MediciaAPI.entities.Doctor,setOrganizationName/1[java.lang.String],organizationName,2
E:\OOD_Projects\ck-mvn-plugin\MediciaApi-main\src\main\java\com\medicia\MediciaAPI\entities\Doctor.java,com.medicia.MediciaAPI.entities.Doctor,setDocAddress/1[java.lang.String],docAddress,2
E:\OOD_Projects\ck-mvn-plugin\MediciaApi-main\src\main\java\com\medicia\MediciaAPI\entities\Doctor.java,com.medicia.MediciaAPI.entities.Doctor,setOrganizationType/1[java.lang.String],organizationType,2
E:\OOD_Projects\ck-mvn-plugin\MediciaApi-main\src\main\java\com\medicia\MediciaAPI\entities\Doctor.java,com.medicia.MediciaAPI.entities.Doctor,setDateOfRegister/1[java.util.Date],dateOfRegister,2
E:\OOD_Projects\ck-mvn-plugin\MediciaApi-main\src\main\java\com\medicia\MediciaAPI\controller\UserController.java,com.medicia.MediciaAPI.controller.UserController,getDoctorsAllowedToViewProfile/1[java.lang.Long],UserId,1
E:\OOD_Projects\ck-mvn-plugin\MediciaApi-main\src\main\java\com\medicia\MediciaAPI\controller\UserController.java,com.medicia.MediciaAPI.controller.UserController,"rejectDoctorToViewProfile/2[java.lang.Long,java.lang.Long]",DoctorId,1
E:\OOD_Projects\ck-mvn-plugin\MediciaApi-main\src\main\java\com\medicia\MediciaAPI\controller\UserController.java,com.medicia.MediciaAPI.controller.UserController,"rejectDoctorToViewProfile/2[java.lang.Long,java.lang.Long]",UserId,1
E:\OOD_Projects\ck-mvn-plugin\MediciaApi-main\src\main\java\com\medicia\MediciaAPI\controller\UserController.java,com.medicia.MediciaAPI.controller.UserController,"addDoctorToApprove/2[java.lang.Long,java.lang.Long]",docId,1
E:\OOD_Projects\ck-mvn-plugin\MediciaApi-main\src\main\java\com\medicia\MediciaAPI\controller\UserController.java,com.medicia.MediciaAPI.controller.UserController,"addDoctorToApprove/2[java.lang.Long,java.lang.Long]",userId,1
E:\OOD_Projects\ck-mvn-plugin\MediciaApi-main\src\main\java\com\medicia\MediciaAPI\controller\UserController.java,com.medicia.MediciaAPI.controller.UserController,deleteUser/1[java.lang.String],e,0
E:\OOD_Projects\ck-mvn-plugin\MediciaApi-main\src\main\java\com\medicia\MediciaAPI\controller\UserController.java,com.medicia.MediciaAPI.controller.UserController,deleteUser/1[java.lang.String],userId,1
E:\OOD_Projects\ck-mvn-plugin\MediciaApi-main\src\main\java\com\medicia\MediciaAPI\controller\UserController.java,com.medicia.MediciaAPI.controller.UserController,countPendingRequest/1[java.lang.Long],UserId,1
E:\OOD_Projects\ck-mvn-plugin\MediciaApi-main\src\main\java\com\medicia\MediciaAPI\controller\UserController.java,com.medicia.MediciaAPI.controller.UserController,getPendingDoctorsRequest/1[long],UserId,1
E:\OOD_Projects\ck-mvn-plugin\MediciaApi-main\src\main\java\com\medicia\MediciaAPI\controller\UserController.java,com.medicia.MediciaAPI.controller.UserController,updateUser/1[com.medicia.MediciaAPI.entities.User],e,0
E:\OOD_Projects\ck-mvn-plugin\MediciaApi-main\src\main\java\com\medicia\MediciaAPI\controller\UserController.java,com.medicia.MediciaAPI.controller.UserController,updateUser/1[com.medicia.MediciaAPI.entities.User],user,1
E:\OOD_Projects\ck-mvn-plugin\MediciaApi-main\src\main\java\com\medicia\MediciaAPI\controller\UserController.java,com.medicia.MediciaAPI.controller.UserController,addUser/1[com.medicia.MediciaAPI.entities.User],e,0
E:\OOD_Projects\ck-mvn-plugin\MediciaApi-main\src\main\java\com\medicia\MediciaAPI\controller\UserController.java,com.medicia.MediciaAPI.controller.UserController,addUser/1[com.medicia.MediciaAPI.entities.User],user,1
E:\OOD_Projects\ck-mvn-plugin\MediciaApi-main\src\main\java\com\medicia\MediciaAPI\controller\UserController.java,com.medicia.MediciaAPI.controller.UserController,getUserById/1[java.lang.String],userId,1
E:\OOD_Projects\ck-mvn-plugin\MediciaApi-main\src\main\java\com\medicia\MediciaAPI\controller\UserController.java,com.medicia.MediciaAPI.controller.UserController,countDoctorsApproved/1[java.lang.Long],UserId,1
E:\OOD_Projects\ck-mvn-plugin\MediciaApi-main\src\main\java\com\medicia\MediciaAPI\services\MedicalHisServceClass.java,com.medicia.MediciaAPI.services.MedicalHisServceClass,deleteHistory/1[long],hisId,1
E:\OOD_Projects\ck-mvn-plugin\MediciaApi-main\src\main\java\com\medicia\MediciaAPI\services\MedicalHisServceClass.java,com.medicia.MediciaAPI.services.MedicalHisServceClass,updateHistory/1[com.medicia.MediciaAPI.entities.MedicalHistory],medicalHistory,1
E:\OOD_Projects\ck-mvn-plugin\MediciaApi-main\src\main\java\com\medicia\MediciaAPI\services\MedicalHisServceClass.java,com.medicia.MediciaAPI.services.MedicalHisServceClass,getHistoryById/1[long],hisId,1
E:\OOD_Projects\ck-mvn-plugin\MediciaApi-main\src\main\java\com\medicia\MediciaAPI\services\MedicalHisServceClass.java,com.medicia.MediciaAPI.services.MedicalHisServceClass,addHistory/1[com.medicia.MediciaAPI.entities.MedicalHistory],medicalHistory,1
E:\OOD_Projects\ck-mvn-plugin\MediciaApi-main\src\main\java\com\medicia\MediciaAPI\entities\MedicalHistory.java,com.medicia.MediciaAPI.entities.MedicalHistory,setHisId/1[long],hisId,2
E:\OOD_Projects\ck-mvn-plugin\MediciaApi-main\src\main\java\com\medicia\MediciaAPI\entities\MedicalHistory.java,com.medicia.MediciaAPI.entities.MedicalHistory,setDoctor/1[com.medicia.MediciaAPI.entities.Doctor],doctor,2
E:\OOD_Projects\ck-mvn-plugin\MediciaApi-main\src\main\java\com\medicia\MediciaAPI\entities\MedicalHistory.java,com.medicia.MediciaAPI.entities.MedicalHistory,setHandicapped/1[java.lang.String],handicapped,2
E:\OOD_Projects\ck-mvn-plugin\MediciaApi-main\src\main\java\com\medicia\MediciaAPI\entities\MedicalHistory.java,com.medicia.MediciaAPI.entities.MedicalHistory,setDiasease/1[java.lang.String],diasease,2
E:\OOD_Projects\ck-mvn-plugin\MediciaApi-main\src\main\java\com\medicia\MediciaAPI\entities\MedicalHistory.java,com.medicia.MediciaAPI.entities.MedicalHistory,setAllergies/1[java.lang.String],allergies,2
E:\OOD_Projects\ck-mvn-plugin\MediciaApi-main\src\main\java\com\medicia\MediciaAPI\entities\MedicalHistory.java,com.medicia.MediciaAPI.entities.MedicalHistory,setBloodPressure/1[java.lang.String],bloodPressure,2
E:\OOD_Projects\ck-mvn-plugin\MediciaApi-main\src\main\java\com\medicia\MediciaAPI\entities\MedicalHistory.java,com.medicia.MediciaAPI.entities.MedicalHistory,setHaemoglobin/1[java.lang.String],haemoglobin,2
E:\OOD_Projects\ck-mvn-plugin\MediciaApi-main\src\main\java\com\medicia\MediciaAPI\entities\MedicalHistory.java,com.medicia.MediciaAPI.entities.MedicalHistory,"MedicalHistory/7[java.lang.String,java.lang.String,java.lang.String,java.lang.String,java.lang.String,java.lang.String,java.lang.String]",allergies,2
E:\OOD_Projects\ck-mvn-plugin\MediciaApi-main\src\main\java\com\medicia\MediciaAPI\entities\MedicalHistory.java,com.medicia.MediciaAPI.entities.MedicalHistory,"MedicalHistory/7[java.lang.String,java.lang.String,java.lang.String,java.lang.String,java.lang.String,java.lang.String,java.lang.String]",bloodPressure,2
E:\OOD_Projects\ck-mvn-plugin\MediciaApi-main\src\main\java\com\medicia\MediciaAPI\entities\MedicalHistory.java,com.medicia.MediciaAPI.entities.MedicalHistory,"MedicalHistory/7[java.lang.String,java.lang.String,java.lang.String,java.lang.String,java.lang.String,java.lang.String,java.lang.String]",bloodGroup,2
E:\OOD_Projects\ck-mvn-plugin\MediciaApi-main\src\main\java\com\medicia\MediciaAPI\entities\MedicalHistory.java,com.medicia.MediciaAPI.entities.MedicalHistory,"MedicalHistory/7[java.lang.String,java.lang.String,java.lang.String,java.lang.String,java.lang.String,java.lang.String,java.lang.String]",haemoglobin,2
E:\OOD_Projects\ck-mvn-plugin\MediciaApi-main\src\main\java\com\medicia\MediciaAPI\entities\MedicalHistory.java,com.medicia.MediciaAPI.entities.MedicalHistory,"MedicalHistory/7[java.lang.String,java.lang.String,java.lang.String,java.lang.String,java.lang.String,java.lang.String,java.lang.String]",handicapped,2
E:\OOD_Projects\ck-mvn-plugin\MediciaApi-main\src\main\java\com\medicia\MediciaAPI\entities\MedicalHistory.java,com.medicia.MediciaAPI.entities.MedicalHistory,"MedicalHistory/7[java.lang.String,java.lang.String,java.lang.String,java.lang.String,java.lang.String,java.lang.String,java.lang.String]",diasease,2
E:\OOD_Projects\ck-mvn-plugin\MediciaApi-main\src\main\java\com\medicia\MediciaAPI\entities\MedicalHistory.java,com.medicia.MediciaAPI.entities.MedicalHistory,"MedicalHistory/7[java.lang.String,java.lang.String,java.lang.String,java.lang.String,java.lang.String,java.lang.String,java.lang.String]",medicine,2
E:\OOD_Projects\ck-mvn-plugin\MediciaApi-main\src\main\java\com\medicia\MediciaAPI\entities\MedicalHistory.java,com.medicia.MediciaAPI.entities.MedicalHistory,setMedicine/1[java.lang.String],medicine,2
E:\OOD_Projects\ck-mvn-plugin\MediciaApi-main\src\main\java\com\medicia\MediciaAPI\entities\MedicalHistory.java,com.medicia.MediciaAPI.entities.MedicalHistory,setUser/1[com.medicia.MediciaAPI.entities.User],user,2
E:\OOD_Projects\ck-mvn-plugin\MediciaApi-main\src\main\java\com\medicia\MediciaAPI\entities\MedicalHistory.java,com.medicia.MediciaAPI.entities.MedicalHistory,setBloodGroup/1[java.lang.String],bloodGroup,2
E:\OOD_Projects\ck-mvn-plugin\MediciaApi-main\src\main\java\com\medicia\MediciaAPI\visibility\services\PendingRequest.java,com.medicia.MediciaAPI.visibility.services.PendingRequest,countPendingRequest/1[java.lang.Long],pa,1
E:\OOD_Projects\ck-mvn-plugin\MediciaApi-main\src\main\java\com\medicia\MediciaAPI\visibility\services\PendingRequest.java,com.medicia.MediciaAPI.visibility.services.PendingRequest,countPendingRequest/1[java.lang.Long],set,1
E:\OOD_Projects\ck-mvn-plugin\MediciaApi-main\src\main\java\com\medicia\MediciaAPI\visibility\services\PendingRequest.java,com.medicia.MediciaAPI.visibility.services.PendingRequest,countPendingRequest/1[java.lang.Long],userId,2
E:\OOD_Projects\ck-mvn-plugin\MediciaApi-main\src\main\java\com\medicia\MediciaAPI\visibility\services\PendingRequest.java,com.medicia.MediciaAPI.visibility.services.PendingRequest,getPendingDoctorsRequest/1[long],doctor,1
E:\OOD_Projects\ck-mvn-plugin\MediciaApi-main\src\main\java\com\medicia\MediciaAPI\visibility\services\PendingRequest.java,com.medicia.MediciaAPI.visibility.services.PendingRequest,getPendingDoctorsRequest/1[long],pa,1
E:\OOD_Projects\ck-mvn-plugin\MediciaApi-main\src\main\java\com\medicia\MediciaAPI\visibility\services\PendingRequest.java,com.medicia.MediciaAPI.visibility.services.PendingRequest,getPendingDoctorsRequest/1[long],set,1
E:\OOD_Projects\ck-mvn-plugin\MediciaApi-main\src\main\java\com\medicia\MediciaAPI\visibility\services\PendingRequest.java,com.medicia.MediciaAPI.visibility.services.PendingRequest,getPendingDoctorsRequest/1[long],id,1
E:\OOD_Projects\ck-mvn-plugin\MediciaApi-main\src\main\java\com\medicia\MediciaAPI\visibility\services\PendingRequest.java,com.medicia.MediciaAPI.visibility.services.PendingRequest,getPendingDoctorsRequest/1[long],list,2
E:\OOD_Projects\ck-mvn-plugin\MediciaApi-main\src\main\java\com\medicia\MediciaAPI\visibility\services\PendingRequest.java,com.medicia.MediciaAPI.visibility.services.PendingRequest,getPendingDoctorsRequest/1[long],userId,2
E:\OOD_Projects\ck-mvn-plugin\MediciaApi-main\src\main\java\com\medicia\MediciaAPI\visibility\services\PendingRequest.java,com.medicia.MediciaAPI.visibility.services.PendingRequest,"rejectDoctorToViewProfile/2[java.lang.Long,java.lang.Long]",pa,1
E:\OOD_Projects\ck-mvn-plugin\MediciaApi-main\src\main\java\com\medicia\MediciaAPI\visibility\services\PendingRequest.java,com.medicia.MediciaAPI.visibility.services.PendingRequest,"rejectDoctorToViewProfile/2[java.lang.Long,java.lang.Long]",set,1
E:\OOD_Projects\ck-mvn-plugin\MediciaApi-main\src\main\java\com\medicia\MediciaAPI\visibility\services\PendingRequest.java,com.medicia.MediciaAPI.visibility.services.PendingRequest,"rejectDoctorToViewProfile/2[java.lang.Long,java.lang.Long]",docId,1
E:\OOD_Projects\ck-mvn-plugin\MediciaApi-main\src\main\java\com\medicia\MediciaAPI\visibility\services\PendingRequest.java,com.medicia.MediciaAPI.visibility.services.PendingRequest,"rejectDoctorToViewProfile/2[java.lang.Long,java.lang.Long]",userId,2
E:\OOD_Projects\ck-mvn-plugin\MediciaApi-main\src\main\java\com\medicia\MediciaAPI\visibility\services\PendingRequest.java,com.medicia.MediciaAPI.visibility.services.PendingRequest,"addDoctorToApprove/2[java.lang.Long,java.lang.Long]",pa,1
E:\OOD_Projects\ck-mvn-plugin\MediciaApi-main\src\main\java\com\medicia\MediciaAPI\visibility\services\PendingRequest.java,com.medicia.MediciaAPI.visibility.services.PendingRequest,"addDoctorToApprove/2[java.lang.Long,java.lang.Long]",set,1
E:\OOD_Projects\ck-mvn-plugin\MediciaApi-main\src\main\java\com\medicia\MediciaAPI\visibility\services\PendingRequest.java,com.medicia.MediciaAPI.visibility.services.PendingRequest,"addDoctorToApprove/2[java.lang.Long,java.lang.Long]",docId,2
E:\OOD_Projects\ck-mvn-plugin\MediciaApi-main\src\main\java\com\medicia\MediciaAPI\visibility\services\PendingRequest.java,com.medicia.MediciaAPI.visibility.services.PendingRequest,"addDoctorToApprove/2[java.lang.Long,java.lang.Long]",userId,3
E:\OOD_Projects\ck-mvn-plugin\MediciaApi-main\src\main\java\com\medicia\MediciaAPI\visibility\services\PendingRequest.java,com.medicia.MediciaAPI.visibility.services.PendingRequest,"sentRequestToUser/2[java.lang.Long,java.lang.Long]",pa,4
E:\OOD_Projects\ck-mvn-plugin\MediciaApi-main\src\main\java\com\medicia\MediciaAPI\visibility\services\PendingRequest.java,com.medicia.MediciaAPI.visibility.services.PendingRequest,"sentRequestToUser/2[java.lang.Long,java.lang.Long]",set,4
E:\OOD_Projects\ck-mvn-plugin\MediciaApi-main\src\main\java\com\medicia\MediciaAPI\visibility\services\PendingRequest.java,com.medicia.MediciaAPI.visibility.services.PendingRequest,"sentRequestToUser/2[java.lang.Long,java.lang.Long]",doctorId,2
E:\OOD_Projects\ck-mvn-plugin\MediciaApi-main\src\main\java\com\medicia\MediciaAPI\visibility\services\PendingRequest.java,com.medicia.MediciaAPI.visibility.services.PendingRequest,"sentRequestToUser/2[java.lang.Long,java.lang.Long]",userId,3
E:\OOD_Projects\ck-mvn-plugin\MediciaApi-main\src\main\java\com\medicia\MediciaAPI\visibility\services\PendingRequest.java,com.medicia.MediciaAPI.visibility.services.PendingRequest,"statusOftheRequest/2[java.lang.Long,java.lang.Long]",DoctorId,2
E:\OOD_Projects\ck-mvn-plugin\MediciaApi-main\src\main\java\com\medicia\MediciaAPI\visibility\services\PendingRequest.java,com.medicia.MediciaAPI.visibility.services.PendingRequest,"statusOftheRequest/2[java.lang.Long,java.lang.Long]",pa,1
E:\OOD_Projects\ck-mvn-plugin\MediciaApi-main\src\main\java\com\medicia\MediciaAPI\visibility\services\PendingRequest.java,com.medicia.MediciaAPI.visibility.services.PendingRequest,"statusOftheRequest/2[java.lang.Long,java.lang.Long]",set,1
E:\OOD_Projects\ck-mvn-plugin\MediciaApi-main\src\main\java\com\medicia\MediciaAPI\visibility\services\PendingRequest.java,com.medicia.MediciaAPI.visibility.services.PendingRequest,"statusOftheRequest/2[java.lang.Long,java.lang.Long]",UserId,3
E:\OOD_Projects\ck-mvn-plugin\MediciaApi-main\src\main\java\com\medicia\MediciaAPI\exception\UserNotFoundException.java,com.medicia.MediciaAPI.exception.UserNotFoundException,UserNotFoundException/1[java.lang.String],message,1
E:\OOD_Projects\ck-mvn-plugin\MediciaApi-main\src\main\java\com\medicia\MediciaAPI\MediciaApiApplication.java,com.medicia.MediciaAPI.MediciaApiApplication,main/1[java.lang.String[]],args,1
E:\OOD_Projects\ck-mvn-plugin\MediciaApi-main\src\main\java\com\medicia\MediciaAPI\visibility\services\AddedRequest.java,com.medicia.MediciaAPI.visibility.services.AddedRequest,getDoctorsAllowedToViewProfile/1[java.lang.Long],doctor,1
E:\OOD_Projects\ck-mvn-plugin\MediciaApi-main\src\main\java\com\medicia\MediciaAPI\visibility\services\AddedRequest.java,com.medicia.MediciaAPI.visibility.services.AddedRequest,getDoctorsAllowedToViewProfile/1[java.lang.Long],set,1
E:\OOD_Projects\ck-mvn-plugin\MediciaApi-main\src\main\java\com\medicia\MediciaAPI\visibility\services\AddedRequest.java,com.medicia.MediciaAPI.visibility.services.AddedRequest,getDoctorsAllowedToViewProfile/1[java.lang.Long],fa,1
E:\OOD_Projects\ck-mvn-plugin\MediciaApi-main\src\main\java\com\medicia\MediciaAPI\visibility\services\AddedRequest.java,com.medicia.MediciaAPI.visibility.services.AddedRequest,getDoctorsAllowedToViewProfile/1[java.lang.Long],id,1
E:\OOD_Projects\ck-mvn-plugin\MediciaApi-main\src\main\java\com\medicia\MediciaAPI\visibility\services\AddedRequest.java,com.medicia.MediciaAPI.visibility.services.AddedRequest,getDoctorsAllowedToViewProfile/1[java.lang.Long],list,2
E:\OOD_Projects\ck-mvn-plugin\MediciaApi-main\src\main\java\com\medicia\MediciaAPI\visibility\services\AddedRequest.java,com.medicia.MediciaAPI.visibility.services.AddedRequest,getDoctorsAllowedToViewProfile/1[java.lang.Long],userId,2
E:\OOD_Projects\ck-mvn-plugin\MediciaApi-main\src\main\java\com\medicia\MediciaAPI\visibility\services\AddedRequest.java,com.medicia.MediciaAPI.visibility.services.AddedRequest,countDoctorsApproved/1[java.lang.Long],set,1
E:\OOD_Projects\ck-mvn-plugin\MediciaApi-main\src\main\java\com\medicia\MediciaAPI\visibility\services\AddedRequest.java,com.medicia.MediciaAPI.visibility.services.AddedRequest,countDoctorsApproved/1[java.lang.Long],fa,1
E:\OOD_Projects\ck-mvn-plugin\MediciaApi-main\src\main\java\com\medicia\MediciaAPI\visibility\services\AddedRequest.java,com.medicia.MediciaAPI.visibility.services.AddedRequest,countDoctorsApproved/1[java.lang.Long],userId,2
E:\OOD_Projects\ck-mvn-plugin\MediciaApi-main\src\main\java\com\medicia\MediciaAPI\visibility\services\AddedRequest.java,com.medicia.MediciaAPI.visibility.services.AddedRequest,"isAllowed/2[long,long]",set,1
E:\OOD_Projects\ck-mvn-plugin\MediciaApi-main\src\main\java\com\medicia\MediciaAPI\visibility\services\AddedRequest.java,com.medicia.MediciaAPI.visibility.services.AddedRequest,"isAllowed/2[long,long]",docId,1
E:\OOD_Projects\ck-mvn-plugin\MediciaApi-main\src\main\java\com\medicia\MediciaAPI\visibility\services\AddedRequest.java,com.medicia.MediciaAPI.visibility.services.AddedRequest,"isAllowed/2[long,long]",fa,1
E:\OOD_Projects\ck-mvn-plugin\MediciaApi-main\src\main\java\com\medicia\MediciaAPI\visibility\services\AddedRequest.java,com.medicia.MediciaAPI.visibility.services.AddedRequest,"isAllowed/2[long,long]",userId,2
E:\OOD_Projects\ck-mvn-plugin\MediciaApi-main\src\main\java\com\medicia\MediciaAPI\visibility\services\AddedRequest.java,com.medicia.MediciaAPI.visibility.services.AddedRequest,"removeDoctorToViewProfile/2[java.lang.Long,java.lang.Long]",DoctorId,0
E:\OOD_Projects\ck-mvn-plugin\MediciaApi-main\src\main\java\com\medicia\MediciaAPI\visibility\services\AddedRequest.java,com.medicia.MediciaAPI.visibility.services.AddedRequest,"removeDoctorToViewProfile/2[java.lang.Long,java.lang.Long]",UserId,0
E:\OOD_Projects\ck-mvn-plugin\MediciaApi-main\src\main\java\com\medicia\MediciaAPI\visibility\services\AddedRequest.java,com.medicia.MediciaAPI.visibility.services.AddedRequest,"addDoctorToViewProfile/2[java.lang.Long,java.lang.Long]",DoctorId,2
E:\OOD_Projects\ck-mvn-plugin\MediciaApi-main\src\main\java\com\medicia\MediciaAPI\visibility\services\AddedRequest.java,com.medicia.MediciaAPI.visibility.services.AddedRequest,"addDoctorToViewProfile/2[java.lang.Long,java.lang.Long]",set,5
E:\OOD_Projects\ck-mvn-plugin\MediciaApi-main\src\main\java\com\medicia\MediciaAPI\visibility\services\AddedRequest.java,com.medicia.MediciaAPI.visibility.services.AddedRequest,"addDoctorToViewProfile/2[java.lang.Long,java.lang.Long]",UserId,3
E:\OOD_Projects\ck-mvn-plugin\MediciaApi-main\src\main\java\com\medicia\MediciaAPI\visibility\services\AddedRequest.java,com.medicia.MediciaAPI.visibility.services.AddedRequest,"addDoctorToViewProfile/2[java.lang.Long,java.lang.Long]",fa,5
E:\OOD_Projects\ck-mvn-plugin\MediciaApi-main\src\main\java\com\medicia\MediciaAPI\services\DoctorService.java,com.medicia.MediciaAPI.services.DoctorService,addDoctor/1[com.medicia.MediciaAPI.entities.Doctor],doctor,0
E:\OOD_Projects\ck-mvn-plugin\MediciaApi-main\src\main\java\com\medicia\MediciaAPI\services\DoctorService.java,com.medicia.MediciaAPI.services.DoctorService,updateDoctor/1[com.medicia.MediciaAPI.entities.Doctor],doctor,0
E:\OOD_Projects\ck-mvn-plugin\MediciaApi-main\src\main\java\com\medicia\MediciaAPI\services\DoctorService.java,com.medicia.MediciaAPI.services.DoctorService,"addMedicalHistoryByDoctorForUser/3[com.medicia.MediciaAPI.entities.MedicalHistory,long,long]",doctorId,0
E:\OOD_Projects\ck-mvn-plugin\MediciaApi-main\src\main\java\com\medicia\MediciaAPI\services\DoctorService.java,com.medicia.MediciaAPI.services.DoctorService,"addMedicalHistoryByDoctorForUser/3[com.medicia.MediciaAPI.entities.MedicalHistory,long,long]",medicalHistory,0
E:\OOD_Projects\ck-mvn-plugin\MediciaApi-main\src\main\java\com\medicia\MediciaAPI\services\DoctorService.java,com.medicia.MediciaAPI.services.DoctorService,"addMedicalHistoryByDoctorForUser/3[com.medicia.MediciaAPI.entities.MedicalHistory,long,long]",userID,0
E:\OOD_Projects\ck-mvn-plugin\MediciaApi-main\src\main\java\com\medicia\MediciaAPI\services\DoctorService.java,com.medicia.MediciaAPI.services.DoctorService,deleteDoctor/1[long],doctorId,0
E:\OOD_Projects\ck-mvn-plugin\MediciaApi-main\src\main\java\com\medicia\MediciaAPI\services\DoctorService.java,com.medicia.MediciaAPI.services.DoctorService,getAlltheMedicalHistoriesByDoctorId/1[long],doctorId,0
E:\OOD_Projects\ck-mvn-plugin\MediciaApi-main\src\main\java\com\medicia\MediciaAPI\services\DoctorService.java,com.medicia.MediciaAPI.services.DoctorService,"getDoctorByUserIdAndHisID/2[long,long]",hisId,0
E:\OOD_Projects\ck-mvn-plugin\MediciaApi-main\src\main\java\com\medicia\MediciaAPI\services\DoctorService.java,com.medicia.MediciaAPI.services.DoctorService,"getDoctorByUserIdAndHisID/2[long,long]",userId,0
E:\OOD_Projects\ck-mvn-plugin\MediciaApi-main\src\main\java\com\medicia\MediciaAPI\services\DoctorService.java,com.medicia.MediciaAPI.services.DoctorService,findDoctorByEmail/1[java.lang.String],email,0
E:\OOD_Projects\ck-mvn-plugin\MediciaApi-main\src\main\java\com\medicia\MediciaAPI\services\DoctorService.java,com.medicia.MediciaAPI.services.DoctorService,getDoctorById/1[long],doctorId,0
E:\OOD_Projects\ck-mvn-plugin\MediciaApi-main\src\main\java\com\medicia\MediciaAPI\services\UserService.java,com.medicia.MediciaAPI.services.UserService,addUser/1[com.medicia.MediciaAPI.entities.User],user,0
E:\OOD_Projects\ck-mvn-plugin\MediciaApi-main\src\main\java\com\medicia\MediciaAPI\services\UserService.java,com.medicia.MediciaAPI.services.UserService,getAllTheMedicalHistoriesByUserId/1[long],userID,0
E:\OOD_Projects\ck-mvn-plugin\MediciaApi-main\src\main\java\com\medicia\MediciaAPI\services\UserService.java,com.medicia.MediciaAPI.services.UserService,getUserById/1[long],userId,0
E:\OOD_Projects\ck-mvn-plugin\MediciaApi-main\src\main\java\com\medicia\MediciaAPI\services\UserService.java,com.medicia.MediciaAPI.services.UserService,updateUser/1[com.medicia.MediciaAPI.entities.User],user,0
E:\OOD_Projects\ck-mvn-plugin\MediciaApi-main\src\main\java\com\medicia\MediciaAPI\services\UserService.java,com.medicia.MediciaAPI.services.UserService,deleteUser/1[long],userId,0
E:\OOD_Projects\ck-mvn-plugin\MediciaApi-main\src\main\java\com\medicia\MediciaAPI\services\UserService.java,com.medicia.MediciaAPI.services.UserService,findUserByEmail/1[java.lang.String],userEmail,0
E:\OOD_Projects\ck-mvn-plugin\MediciaApi-main\src\main\java\com\medicia\MediciaAPI\entities\User.java,com.medicia.MediciaAPI.entities.User,setUserId/1[long],userId,1
E:\OOD_Projects\ck-mvn-plugin\MediciaApi-main\src\main\java\com\medicia\MediciaAPI\entities\User.java,com.medicia.MediciaAPI.entities.User,setDateOfRegister/1[java.util.Date],dateOfRegister,2
E:\OOD_Projects\ck-mvn-plugin\MediciaApi-main\src\main\java\com\medicia\MediciaAPI\entities\User.java,com.medicia.MediciaAPI.entities.User,setUserAddress/1[java.lang.String],userAddress,2
E:\OOD_Projects\ck-mvn-plugin\MediciaApi-main\src\main\java\com\medicia\MediciaAPI\entities\User.java,com.medicia.MediciaAPI.entities.User,setDateOfBirth/1[java.util.Date],dateOfBirth,2
E:\OOD_Projects\ck-mvn-plugin\MediciaApi-main\src\main\java\com\medicia\MediciaAPI\entities\User.java,com.medicia.MediciaAPI.entities.User,"User/9[long,java.lang.String,java.lang.String,java.lang.String,java.lang.String,java.lang.String,java.lang.String,java.util.Date,java.util.Date]",userAddress,2
E:\OOD_Projects\ck-mvn-plugin\MediciaApi-main\src\main\java\com\medicia\MediciaAPI\entities\User.java,com.medicia.MediciaAPI.entities.User,"User/9[long,java.lang.String,java.lang.String,java.lang.String,java.lang.String,java.lang.String,java.lang.String,java.util.Date,java.util.Date]",userPassword,2
E:\OOD_Projects\ck-mvn-plugin\MediciaApi-main\src\main\java\com\medicia\MediciaAPI\entities\User.java,com.medicia.MediciaAPI.entities.User,"User/9[long,java.lang.String,java.lang.String,java.lang.String,java.lang.String,java.lang.String,java.lang.String,java.util.Date,java.util.Date]",userPhoneNumber,2
E:\OOD_Projects\ck-mvn-plugin\MediciaApi-main\src\main\java\com\medicia\MediciaAPI\entities\User.java,com.medicia.MediciaAPI.entities.User,"User/9[long,java.lang.String,java.lang.String,java.lang.String,java.lang.String,java.lang.String,java.lang.String,java.util.Date,java.util.Date]",userEmail,2
E:\OOD_Projects\ck-mvn-plugin\MediciaApi-main\src\main\java\com\medicia\MediciaAPI\entities\User.java,com.medicia.MediciaAPI.entities.User,"User/9[long,java.lang.String,java.lang.String,java.lang.String,java.lang.String,java.lang.String,java.lang.String,java.util.Date,java.util.Date]",userGender,2
E:\OOD_Projects\ck-mvn-plugin\MediciaApi-main\src\main\java\com\medicia\MediciaAPI\entities\User.java,com.medicia.MediciaAPI.entities.User,"User/9[long,java.lang.String,java.lang.String,java.lang.String,java.lang.String,java.lang.String,java.lang.String,java.util.Date,java.util.Date]",dateOfBirth,2
E:\OOD_Projects\ck-mvn-plugin\MediciaApi-main\src\main\java\com\medicia\MediciaAPI\entities\User.java,com.medicia.MediciaAPI.entities.User,"User/9[long,java.lang.String,java.lang.String,java.lang.String,java.lang.String,java.lang.String,java.lang.String,java.util.Date,java.util.Date]",userName,2
E:\OOD_Projects\ck-mvn-plugin\MediciaApi-main\src\main\java\com\medicia\MediciaAPI\entities\User.java,com.medicia.MediciaAPI.entities.User,"User/9[long,java.lang.String,java.lang.String,java.lang.String,java.lang.String,java.lang.String,java.lang.String,java.util.Date,java.util.Date]",userId,1
E:\OOD_Projects\ck-mvn-plugin\MediciaApi-main\src\main\java\com\medicia\MediciaAPI\entities\User.java,com.medicia.MediciaAPI.entities.User,"User/9[long,java.lang.String,java.lang.String,java.lang.String,java.lang.String,java.lang.String,java.lang.String,java.util.Date,java.util.Date]",dateOfRegister,2
E:\OOD_Projects\ck-mvn-plugin\MediciaApi-main\src\main\java\com\medicia\MediciaAPI\entities\User.java,com.medicia.MediciaAPI.entities.User,setUserPhoneNumber/1[java.lang.String],userPhoneNumber,2
E:\OOD_Projects\ck-mvn-plugin\MediciaApi-main\src\main\java\com\medicia\MediciaAPI\entities\User.java,com.medicia.MediciaAPI.entities.User,setUserGender/1[java.lang.String],userGender,2
E:\OOD_Projects\ck-mvn-plugin\MediciaApi-main\src\main\java\com\medicia\MediciaAPI\entities\User.java,com.medicia.MediciaAPI.entities.User,setUserMedicalHistories/1[com.medicia.MediciaAPI.entities.MedicalHistory],userMedicalHistory,1
E:\OOD_Projects\ck-mvn-plugin\MediciaApi-main\src\main\java\com\medicia\MediciaAPI\entities\User.java,com.medicia.MediciaAPI.entities.User,setUserName/1[java.lang.String],userName,2
E:\OOD_Projects\ck-mvn-plugin\MediciaApi-main\src\main\java\com\medicia\MediciaAPI\entities\User.java,com.medicia.MediciaAPI.entities.User,setUserEmail/1[java.lang.String],userEmail,2
E:\OOD_Projects\ck-mvn-plugin\MediciaApi-main\src\main\java\com\medicia\MediciaAPI\entities\User.java,com.medicia.MediciaAPI.entities.User,setUserPassword/1[java.lang.String],userPassword,2
E:\OOD_Projects\ck-mvn-plugin\MediciaApi-main\src\main\java\com\medicia\MediciaAPI\services\DoctorServiceClass.java,com.medicia.MediciaAPI.services.DoctorServiceClass,getDoctorById/1[long],doctorId,2
E:\OOD_Projects\ck-mvn-plugin\MediciaApi-main\src\main\java\com\medicia\MediciaAPI\services\DoctorServiceClass.java,com.medicia.MediciaAPI.services.DoctorServiceClass,findDoctorByEmail/1[java.lang.String],doctor,2
E:\OOD_Projects\ck-mvn-plugin\MediciaApi-main\src\main\java\com\medicia\MediciaAPI\services\DoctorServiceClass.java,com.medicia.MediciaAPI.services.DoctorServiceClass,findDoctorByEmail/1[java.lang.String],doctors,1
E:\OOD_Projects\ck-mvn-plugin\MediciaApi-main\src\main\java\com\medicia\MediciaAPI\services\DoctorServiceClass.java,com.medicia.MediciaAPI.services.DoctorServiceClass,findDoctorByEmail/1[java.lang.String],email,1
E:\OOD_Projects\ck-mvn-plugin\MediciaApi-main\src\main\java\com\medicia\MediciaAPI\services\DoctorServiceClass.java,com.medicia.MediciaAPI.services.DoctorServiceClass,"getDoctorByUserIdAndHisID/2[long,long]",medicalHis,2
E:\OOD_Projects\ck-mvn-plugin\MediciaApi-main\src\main\java\com\medicia\MediciaAPI\services\DoctorServiceClass.java,com.medicia.MediciaAPI.services.DoctorServiceClass,"getDoctorByUserIdAndHisID/2[long,long]",hisId,1
E:\OOD_Projects\ck-mvn-plugin\MediciaApi-main\src\main\java\com\medicia\MediciaAPI\services\DoctorServiceClass.java,com.medicia.MediciaAPI.services.DoctorServiceClass,"getDoctorByUserIdAndHisID/2[long,long]",userId,1
E:\OOD_Projects\ck-mvn-plugin\MediciaApi-main\src\main\java\com\medicia\MediciaAPI\services\DoctorServiceClass.java,com.medicia.MediciaAPI.services.DoctorServiceClass,"getDoctorByUserIdAndHisID/2[long,long]",user,1
E:\OOD_Projects\ck-mvn-plugin\MediciaApi-main\src\main\java\com\medicia\MediciaAPI\services\DoctorServiceClass.java,com.medicia.MediciaAPI.services.DoctorServiceClass,"getDoctorByUserIdAndHisID/2[long,long]",medicalHistory,2
E:\OOD_Projects\ck-mvn-plugin\MediciaApi-main\src\main\java\com\medicia\MediciaAPI\services\DoctorServiceClass.java,com.medicia.MediciaAPI.services.DoctorServiceClass,updateDoctor/1[com.medicia.MediciaAPI.entities.Doctor],doctor,1
E:\OOD_Projects\ck-mvn-plugin\MediciaApi-main\src\main\java\com\medicia\MediciaAPI\services\DoctorServiceClass.java,com.medicia.MediciaAPI.services.DoctorServiceClass,deleteDoctor/1[long],doctorId,2
E:\OOD_Projects\ck-mvn-plugin\MediciaApi-main\src\main\java\com\medicia\MediciaAPI\services\DoctorServiceClass.java,com.medicia.MediciaAPI.services.DoctorServiceClass,"addMedicalHistoryByDoctorForUser/3[com.medicia.MediciaAPI.entities.MedicalHistory,long,long]",doctor,3
E:\OOD_Projects\ck-mvn-plugin\MediciaApi-main\src\main\java\com\medicia\MediciaAPI\services\DoctorServiceClass.java,com.medicia.MediciaAPI.services.DoctorServiceClass,"addMedicalHistoryByDoctorForUser/3[com.medicia.MediciaAPI.entities.MedicalHistory,long,long]",doctorId,1
E:\OOD_Projects\ck-mvn-plugin\MediciaApi-main\src\main\java\com\medicia\MediciaAPI\services\DoctorServiceClass.java,com.medicia.MediciaAPI.services.DoctorServiceClass,"addMedicalHistoryByDoctorForUser/3[com.medicia.MediciaAPI.entities.MedicalHistory,long,long]",medicalHistory,4
E:\OOD_Projects\ck-mvn-plugin\MediciaApi-main\src\main\java\com\medicia\MediciaAPI\services\DoctorServiceClass.java,com.medicia.MediciaAPI.services.DoctorServiceClass,"addMedicalHistoryByDoctorForUser/3[com.medicia.MediciaAPI.entities.MedicalHistory,long,long]",userID,1
E:\OOD_Projects\ck-mvn-plugin\MediciaApi-main\src\main\java\com\medicia\MediciaAPI\services\DoctorServiceClass.java,com.medicia.MediciaAPI.services.DoctorServiceClass,"addMedicalHistoryByDoctorForUser/3[com.medicia.MediciaAPI.entities.MedicalHistory,long,long]",user,3
E:\OOD_Projects\ck-mvn-plugin\MediciaApi-main\src\main\java\com\medicia\MediciaAPI\services\DoctorServiceClass.java,com.medicia.MediciaAPI.services.DoctorServiceClass,getAlltheMedicalHistoriesByDoctorId/1[long],doctor,1
E:\OOD_Projects\ck-mvn-plugin\MediciaApi-main\src\main\java\com\medicia\MediciaAPI\services\DoctorServiceClass.java,com.medicia.MediciaAPI.services.DoctorServiceClass,getAlltheMedicalHistoriesByDoctorId/1[long],doctorId,1
E:\OOD_Projects\ck-mvn-plugin\MediciaApi-main\src\main\java\com\medicia\MediciaAPI\services\DoctorServiceClass.java,com.medicia.MediciaAPI.services.DoctorServiceClass,addDoctor/1[com.medicia.MediciaAPI.entities.Doctor],doctor,1
E:\OOD_Projects\ck-mvn-plugin\MediciaApi-main\.mvn\wrapper\MavenWrapperDownloader.java,MavenWrapperDownloader,main/1[java.lang.String[]],args,1
E:\OOD_Projects\ck-mvn-plugin\MediciaApi-main\.mvn\wrapper\MavenWrapperDownloader.java,MavenWrapperDownloader,main/1[java.lang.String[]],outputFile,5
E:\OOD_Projects\ck-mvn-plugin\MediciaApi-main\.mvn\wrapper\MavenWrapperDownloader.java,MavenWrapperDownloader,main/1[java.lang.String[]],mavenWrapperPropertyFile,2
E:\OOD_Projects\ck-mvn-plugin\MediciaApi-main\.mvn\wrapper\MavenWrapperDownloader.java,MavenWrapperDownloader,main/1[java.lang.String[]],e,3
E:\OOD_Projects\ck-mvn-plugin\MediciaApi-main\.mvn\wrapper\MavenWrapperDownloader.java,MavenWrapperDownloader,main/1[java.lang.String[]],mavenWrapperPropertyFileInputStream,4
E:\OOD_Projects\ck-mvn-plugin\MediciaApi-main\.mvn\wrapper\MavenWrapperDownloader.java,MavenWrapperDownloader,main/1[java.lang.String[]],mavenWrapperProperties,2
E:\OOD_Projects\ck-mvn-plugin\MediciaApi-main\.mvn\wrapper\MavenWrapperDownloader.java,MavenWrapperDownloader,main/1[java.lang.String[]],baseDirectory,3
E:\OOD_Projects\ck-mvn-plugin\MediciaApi-main\.mvn\wrapper\MavenWrapperDownloader.java,MavenWrapperDownloader,main/1[java.lang.String[]],url,4
E:\OOD_Projects\ck-mvn-plugin\MediciaApi-main\.mvn\wrapper\MavenWrapperDownloader.java,MavenWrapperDownloader,"downloadFileFromURL/2[java.lang.String,java.io.File]",password,0
E:\OOD_Projects\ck-mvn-plugin\MediciaApi-main\.mvn\wrapper\MavenWrapperDownloader.java,MavenWrapperDownloader,"downloadFileFromURL/2[java.lang.String,java.io.File]",website,1
E:\OOD_Projects\ck-mvn-plugin\MediciaApi-main\.mvn\wrapper\MavenWrapperDownloader.java,MavenWrapperDownloader,"downloadFileFromURL/2[java.lang.String,java.io.File]",rbc,3
E:\OOD_Projects\ck-mvn-plugin\MediciaApi-main\.mvn\wrapper\MavenWrapperDownloader.java,MavenWrapperDownloader,"downloadFileFromURL/2[java.lang.String,java.io.File]",urlString,1
E:\OOD_Projects\ck-mvn-plugin\MediciaApi-main\.mvn\wrapper\MavenWrapperDownloader.java,MavenWrapperDownloader,"downloadFileFromURL/2[java.lang.String,java.io.File]",destination,1
E:\OOD_Projects\ck-mvn-plugin\MediciaApi-main\.mvn\wrapper\MavenWrapperDownloader.java,MavenWrapperDownloader,"downloadFileFromURL/2[java.lang.String,java.io.File]",fos,2
E:\OOD_Projects\ck-mvn-plugin\MediciaApi-main\.mvn\wrapper\MavenWrapperDownloader.java,MavenWrapperDownloader,"downloadFileFromURL/2[java.lang.String,java.io.File]",username,0
E:\OOD_Projects\ck-mvn-plugin\MediciaApi-main\src\main\java\com\medicia\MediciaAPI\visibility\FriendAdded.java,com.medicia.MediciaAPI.visibility.FriendAdded,setDoctorsAllowed/1[java.util.HashSet<java.lang.Long>],doctorsAllowed,2
E:\OOD_Projects\ck-mvn-plugin\MediciaApi-main\src\main\java\com\medicia\MediciaAPI\visibility\FriendAdded.java,com.medicia.MediciaAPI.visibility.FriendAdded,setUserid/1[long],userid,1
E:\OOD_Projects\ck-mvn-plugin\MediciaApi-main\src\main\java\com\medicia\MediciaAPI\visibility\FriendAdded.java,com.medicia.MediciaAPI.visibility.FriendAdded,"FriendAdded/2[long,java.util.HashSet<java.lang.Long>]",doctorsAllowed,2
E:\OOD_Projects\ck-mvn-plugin\MediciaApi-main\src\main\java\com\medicia\MediciaAPI\visibility\FriendAdded.java,com.medicia.MediciaAPI.visibility.FriendAdded,"FriendAdded/2[long,java.util.HashSet<java.lang.Long>]",userid,1
E:\OOD_Projects\ck-mvn-plugin\MediciaApi-main\src\main\java\com\medicia\MediciaAPI\visibility\PendingRequests.java,com.medicia.MediciaAPI.visibility.PendingRequests,"PendingRequests/2[long,java.util.HashSet<java.lang.Long>]",doctorsAllowed,1
E:\OOD_Projects\ck-mvn-plugin\MediciaApi-main\src\main\java\com\medicia\MediciaAPI\visibility\PendingRequests.java,com.medicia.MediciaAPI.visibility.PendingRequests,"PendingRequests/2[long,java.util.HashSet<java.lang.Long>]",userid,1
E:\OOD_Projects\ck-mvn-plugin\MediciaApi-main\src\main\java\com\medicia\MediciaAPI\visibility\PendingRequests.java,com.medicia.MediciaAPI.visibility.PendingRequests,setUserid/1[long],userid,1
E:\OOD_Projects\ck-mvn-plugin\MediciaApi-main\src\main\java\com\medicia\MediciaAPI\visibility\PendingRequests.java,com.medicia.MediciaAPI.visibility.PendingRequests,setDoctorsPending/1[java.util.HashSet<java.lang.Long>],doctorsPending,2
E:\OOD_Projects\ck-mvn-plugin\MediciaApi-main\src\main\java\com\medicia\MediciaAPI\visibility\services\PendingRequestService.java,com.medicia.MediciaAPI.visibility.services.PendingRequestService,countPendingRequest/1[java.lang.Long],userId,0
E:\OOD_Projects\ck-mvn-plugin\MediciaApi-main\src\main\java\com\medicia\MediciaAPI\visibility\services\PendingRequestService.java,com.medicia.MediciaAPI.visibility.services.PendingRequestService,getPendingDoctorsRequest/1[long],userID,0
E:\OOD_Projects\ck-mvn-plugin\MediciaApi-main\src\main\java\com\medicia\MediciaAPI\visibility\services\PendingRequestService.java,com.medicia.MediciaAPI.visibility.services.PendingRequestService,"rejectDoctorToViewProfile/2[java.lang.Long,java.lang.Long]",DoctorId,0
E:\OOD_Projects\ck-mvn-plugin\MediciaApi-main\src\main\java\com\medicia\MediciaAPI\visibility\services\PendingRequestService.java,com.medicia.MediciaAPI.visibility.services.PendingRequestService,"rejectDoctorToViewProfile/2[java.lang.Long,java.lang.Long]",UserId,0
E:\OOD_Projects\ck-mvn-plugin\MediciaApi-main\src\main\java\com\medicia\MediciaAPI\visibility\services\PendingRequestService.java,com.medicia.MediciaAPI.visibility.services.PendingRequestService,"sentRequestToUser/2[java.lang.Long,java.lang.Long]",doctorId,0
E:\OOD_Projects\ck-mvn-plugin\MediciaApi-main\src\main\java\com\medicia\MediciaAPI\visibility\services\PendingRequestService.java,com.medicia.MediciaAPI.visibility.services.PendingRequestService,"sentRequestToUser/2[java.lang.Long,java.lang.Long]",userId,0
E:\OOD_Projects\ck-mvn-plugin\MediciaApi-main\src\main\java\com\medicia\MediciaAPI\visibility\services\PendingRequestService.java,com.medicia.MediciaAPI.visibility.services.PendingRequestService,"addDoctorToApprove/2[java.lang.Long,java.lang.Long]",docId,0
E:\OOD_Projects\ck-mvn-plugin\MediciaApi-main\src\main\java\com\medicia\MediciaAPI\visibility\services\PendingRequestService.java,com.medicia.MediciaAPI.visibility.services.PendingRequestService,"addDoctorToApprove/2[java.lang.Long,java.lang.Long]",userId,0
E:\OOD_Projects\ck-mvn-plugin\MediciaApi-main\src\main\java\com\medicia\MediciaAPI\visibility\services\PendingRequestService.java,com.medicia.MediciaAPI.visibility.services.PendingRequestService,"statusOftheRequest/2[java.lang.Long,java.lang.Long]",DoctorId,0
E:\OOD_Projects\ck-mvn-plugin\MediciaApi-main\src\main\java\com\medicia\MediciaAPI\visibility\services\PendingRequestService.java,com.medicia.MediciaAPI.visibility.services.PendingRequestService,"statusOftheRequest/2[java.lang.Long,java.lang.Long]",UserId,0
E:\OOD_Projects\ck-mvn-plugin\MediciaApi-main\src\main\java\com\medicia\MediciaAPI\visibility\services\AddedRequestService.java,com.medicia.MediciaAPI.visibility.services.AddedRequestService,"removeDoctorToViewProfile/2[java.lang.Long,java.lang.Long]",DoctorId,0
E:\OOD_Projects\ck-mvn-plugin\MediciaApi-main\src\main\java\com\medicia\MediciaAPI\visibility\services\AddedRequestService.java,com.medicia.MediciaAPI.visibility.services.AddedRequestService,"removeDoctorToViewProfile/2[java.lang.Long,java.lang.Long]",UserId,0
E:\OOD_Projects\ck-mvn-plugin\MediciaApi-main\src\main\java\com\medicia\MediciaAPI\visibility\services\AddedRequestService.java,com.medicia.MediciaAPI.visibility.services.AddedRequestService,"isAllowed/2[long,long]",docId,0
E:\OOD_Projects\ck-mvn-plugin\MediciaApi-main\src\main\java\com\medicia\MediciaAPI\visibility\services\AddedRequestService.java,com.medicia.MediciaAPI.visibility.services.AddedRequestService,"isAllowed/2[long,long]",userId,0
E:\OOD_Projects\ck-mvn-plugin\MediciaApi-main\src\main\java\com\medicia\MediciaAPI\visibility\services\AddedRequestService.java,com.medicia.MediciaAPI.visibility.services.AddedRequestService,getDoctorsAllowedToViewProfile/1[java.lang.Long],UserId,0
E:\OOD_Projects\ck-mvn-plugin\MediciaApi-main\src\main\java\com\medicia\MediciaAPI\visibility\services\AddedRequestService.java,com.medicia.MediciaAPI.visibility.services.AddedRequestService,"addDoctorToViewProfile/2[java.lang.Long,java.lang.Long]",DoctorId,0
E:\OOD_Projects\ck-mvn-plugin\MediciaApi-main\src\main\java\com\medicia\MediciaAPI\visibility\services\AddedRequestService.java,com.medicia.MediciaAPI.visibility.services.AddedRequestService,"addDoctorToViewProfile/2[java.lang.Long,java.lang.Long]",UserId,0
E:\OOD_Projects\ck-mvn-plugin\MediciaApi-main\src\main\java\com\medicia\MediciaAPI\visibility\services\AddedRequestService.java,com.medicia.MediciaAPI.visibility.services.AddedRequestService,countDoctorsApproved/1[java.lang.Long],userId,0
E:\OOD_Projects\ck-mvn-plugin\MediciaApi-main\src\main\java\com\medicia\MediciaAPI\services\MedicalHisService.java,com.medicia.MediciaAPI.services.MedicalHisService,addHistory/1[com.medicia.MediciaAPI.entities.MedicalHistory],medicalHistory,0
E:\OOD_Projects\ck-mvn-plugin\MediciaApi-main\src\main\java\com\medicia\MediciaAPI\services\MedicalHisService.java,com.medicia.MediciaAPI.services.MedicalHisService,deleteHistory/1[long],hisId,0
E:\OOD_Projects\ck-mvn-plugin\MediciaApi-main\src\main\java\com\medicia\MediciaAPI\services\MedicalHisService.java,com.medicia.MediciaAPI.services.MedicalHisService,getHistoryById/1[long],hisId,0
E:\OOD_Projects\ck-mvn-plugin\MediciaApi-main\src\main\java\com\medicia\MediciaAPI\services\MedicalHisService.java,com.medicia.MediciaAPI.services.MedicalHisService,updateHistory/1[com.medicia.MediciaAPI.entities.MedicalHistory],medicalHistory,0
E:\OOD_Projects\ck-mvn-plugin\MediciaApi-main\src\main\java\com\medicia\MediciaAPI\controller\DoctorController.java,com.medicia.MediciaAPI.controller.DoctorController,deleteDoctor/1[java.lang.String],doctorId,1
E:\OOD_Projects\ck-mvn-plugin\MediciaApi-main\src\main\java\com\medicia\MediciaAPI\controller\DoctorController.java,com.medicia.MediciaAPI.controller.DoctorController,deleteDoctor/1[java.lang.String],e,0
E:\OOD_Projects\ck-mvn-plugin\MediciaApi-main\src\main\java\com\medicia\MediciaAPI\controller\DoctorController.java,com.medicia.MediciaAPI.controller.DoctorController,addDoctor/1[com.medicia.MediciaAPI.entities.Doctor],doctor,1
E:\OOD_Projects\ck-mvn-plugin\MediciaApi-main\src\main\java\com\medicia\MediciaAPI\controller\DoctorController.java,com.medicia.MediciaAPI.controller.DoctorController,addDoctor/1[com.medicia.MediciaAPI.entities.Doctor],e,0
E:\OOD_Projects\ck-mvn-plugin\MediciaApi-main\src\main\java\com\medicia\MediciaAPI\controller\DoctorController.java,com.medicia.MediciaAPI.controller.DoctorController,"statusOftheRequest/2[java.lang.Long,java.lang.Long]",DoctorId,1
E:\OOD_Projects\ck-mvn-plugin\MediciaApi-main\src\main\java\com\medicia\MediciaAPI\controller\DoctorController.java,com.medicia.MediciaAPI.controller.DoctorController,"statusOftheRequest/2[java.lang.Long,java.lang.Long]",UserId,1
E:\OOD_Projects\ck-mvn-plugin\MediciaApi-main\src\main\java\com\medicia\MediciaAPI\controller\DoctorController.java,com.medicia.MediciaAPI.controller.DoctorController,"addMedicalHistoryByDocIdAndUserID/3[java.lang.String,java.lang.String,com.medicia.MediciaAPI.entities.MedicalHistory]",doctorId,1
E:\OOD_Projects\ck-mvn-plugin\MediciaApi-main\src\main\java\com\medicia\MediciaAPI\controller\DoctorController.java,com.medicia.MediciaAPI.controller.DoctorController,"addMedicalHistoryByDocIdAndUserID/3[java.lang.String,java.lang.String,com.medicia.MediciaAPI.entities.MedicalHistory]",e,1
E:\OOD_Projects\ck-mvn-plugin\MediciaApi-main\src\main\java\com\medicia\MediciaAPI\controller\DoctorController.java,com.medicia.MediciaAPI.controller.DoctorController,"addMedicalHistoryByDocIdAndUserID/3[java.lang.String,java.lang.String,com.medicia.MediciaAPI.entities.MedicalHistory]",userId,1
E:\OOD_Projects\ck-mvn-plugin\MediciaApi-main\src\main\java\com\medicia\MediciaAPI\controller\DoctorController.java,com.medicia.MediciaAPI.controller.DoctorController,"addMedicalHistoryByDocIdAndUserID/3[java.lang.String,java.lang.String,com.medicia.MediciaAPI.entities.MedicalHistory]",medicalHistory,1
E:\OOD_Projects\ck-mvn-plugin\MediciaApi-main\src\main\java\com\medicia\MediciaAPI\controller\DoctorController.java,com.medicia.MediciaAPI.controller.DoctorController,"sentRequestToUser/2[java.lang.Long,java.lang.Long]",doctorId,1
E:\OOD_Projects\ck-mvn-plugin\MediciaApi-main\src\main\java\com\medicia\MediciaAPI\controller\DoctorController.java,com.medicia.MediciaAPI.controller.DoctorController,"sentRequestToUser/2[java.lang.Long,java.lang.Long]",userId,1
E:\OOD_Projects\ck-mvn-plugin\MediciaApi-main\src\main\java\com\medicia\MediciaAPI\controller\DoctorController.java,com.medicia.MediciaAPI.controller.DoctorController,"getDoctorByUserIdAndHisId/2[java.lang.Long,java.lang.Long]",HisId,1
E:\OOD_Projects\ck-mvn-plugin\MediciaApi-main\src\main\java\com\medicia\MediciaAPI\controller\DoctorController.java,com.medicia.MediciaAPI.controller.DoctorController,"getDoctorByUserIdAndHisId/2[java.lang.Long,java.lang.Long]",userId,1
E:\OOD_Projects\ck-mvn-plugin\MediciaApi-main\src\main\java\com\medicia\MediciaAPI\controller\DoctorController.java,com.medicia.MediciaAPI.controller.DoctorController,updateDoctor/1[com.medicia.MediciaAPI.entities.Doctor],doctor,1
E:\OOD_Projects\ck-mvn-plugin\MediciaApi-main\src\main\java\com\medicia\MediciaAPI\controller\DoctorController.java,com.medicia.MediciaAPI.controller.DoctorController,updateDoctor/1[com.medicia.MediciaAPI.entities.Doctor],e,0
E:\OOD_Projects\ck-mvn-plugin\MediciaApi-main\src\main\java\com\medicia\MediciaAPI\controller\DoctorController.java,com.medicia.MediciaAPI.controller.DoctorController,getUserById/1[java.lang.String],doctorId,1
E:\OOD_Projects\ck-mvn-plugin\MediciaApi-main\src\main\java\com\medicia\MediciaAPI\controller\MedicalController.java,com.medicia.MediciaAPI.controller.MedicalController,addHistory/1[com.medicia.MediciaAPI.entities.MedicalHistory],e,0
E:\OOD_Projects\ck-mvn-plugin\MediciaApi-main\src\main\java\com\medicia\MediciaAPI\controller\MedicalController.java,com.medicia.MediciaAPI.controller.MedicalController,addHistory/1[com.medicia.MediciaAPI.entities.MedicalHistory],medicalHistory,1
E:\OOD_Projects\ck-mvn-plugin\MediciaApi-main\src\main\java\com\medicia\MediciaAPI\controller\MedicalController.java,com.medicia.MediciaAPI.controller.MedicalController,updateHistory/1[com.medicia.MediciaAPI.entities.MedicalHistory],e,0
E:\OOD_Projects\ck-mvn-plugin\MediciaApi-main\src\main\java\com\medicia\MediciaAPI\controller\MedicalController.java,com.medicia.MediciaAPI.controller.MedicalController,updateHistory/1[com.medicia.MediciaAPI.entities.MedicalHistory],medicalHistory,1
E:\OOD_Projects\ck-mvn-plugin\MediciaApi-main\src\main\java\com\medicia\MediciaAPI\controller\MedicalController.java,com.medicia.MediciaAPI.controller.MedicalController,deleteHistory/1[java.lang.String],e,0
E:\OOD_Projects\ck-mvn-plugin\MediciaApi-main\src\main\java\com\medicia\MediciaAPI\controller\MedicalController.java,com.medicia.MediciaAPI.controller.MedicalController,deleteHistory/1[java.lang.String],hisId,1
E:\OOD_Projects\ck-mvn-plugin\MediciaApi-main\src\main\java\com\medicia\MediciaAPI\controller\MedicalController.java,com.medicia.MediciaAPI.controller.MedicalController,getHistoryById/1[java.lang.String],hisId,1
E:\OOD_Projects\ck-mvn-plugin\MediciaApi-main\src\main\java\com\medicia\MediciaAPI\services\UserServiceClass.java,com.medicia.MediciaAPI.services.UserServiceClass,getUserById/1[long],userId,1
E:\OOD_Projects\ck-mvn-plugin\MediciaApi-main\src\main\java\com\medicia\MediciaAPI\services\UserServiceClass.java,com.medicia.MediciaAPI.services.UserServiceClass,addUser/1[com.medicia.MediciaAPI.entities.User],user,1
E:\OOD_Projects\ck-mvn-plugin\MediciaApi-main\src\main\java\com\medicia\MediciaAPI\services\UserServiceClass.java,com.medicia.MediciaAPI.services.UserServiceClass,deleteUser/1[long],userId,1
E:\OOD_Projects\ck-mvn-plugin\MediciaApi-main\src\main\java\com\medicia\MediciaAPI\services\UserServiceClass.java,com.medicia.MediciaAPI.services.UserServiceClass,updateUser/1[com.medicia.MediciaAPI.entities.User],user,1
E:\OOD_Projects\ck-mvn-plugin\MediciaApi-main\src\main\java\com\medicia\MediciaAPI\services\UserServiceClass.java,com.medicia.MediciaAPI.services.UserServiceClass,getAllTheMedicalHistoriesByUserId/1[long],userID,1
E:\OOD_Projects\ck-mvn-plugin\MediciaApi-main\src\main\java\com\medicia\MediciaAPI\services\UserServiceClass.java,com.medicia.MediciaAPI.services.UserServiceClass,getAllTheMedicalHistoriesByUserId/1[long],user,1
E:\OOD_Projects\ck-mvn-plugin\MediciaApi-main\src\main\java\com\medicia\MediciaAPI\services\UserServiceClass.java,com.medicia.MediciaAPI.services.UserServiceClass,findUserByEmail/1[java.lang.String],userEmail,1
E:\OOD_Projects\ck-mvn-plugin\MediciaApi-main\src\main\java\com\medicia\MediciaAPI\services\UserServiceClass.java,com.medicia.MediciaAPI.services.UserServiceClass,findUserByEmail/1[java.lang.String],user,2
E:\OOD_Projects\ck-mvn-plugin\MediciaApi-main\src\main\java\com\medicia\MediciaAPI\services\UserServiceClass.java,com.medicia.MediciaAPI.services.UserServiceClass,findUserByEmail/1[java.lang.String],users,1
