file,class,method,variable,usage
E:\OOD_Projects\ck-mvn-plugin\JTextEditor-main\src\main\java\de\patrick260\jtexteditor\gui\GUI.java,de.patrick260.jtexteditor.gui.GUI,newFile/1[java.awt.event.ActionEvent],editor,1
E:\OOD_Projects\ck-mvn-plugin\JTextEditor-main\src\main\java\de\patrick260\jtexteditor\gui\GUI.java,de.patrick260.jtexteditor.gui.GUI,newFile/1[java.awt.event.ActionEvent],saveTo,1
E:\OOD_Projects\ck-mvn-plugin\JTextEditor-main\src\main\java\de\patrick260\jtexteditor\gui\GUI.java,de.patrick260.jtexteditor.gui.GUI,GUI/0,MIN_WIDTH,1
E:\OOD_Projects\ck-mvn-plugin\JTextEditor-main\src\main\java\de\patrick260\jtexteditor\gui\GUI.java,de.patrick260.jtexteditor.gui.GUI,GUI/0,editor,2
E:\OOD_Projects\ck-mvn-plugin\JTextEditor-main\src\main\java\de\patrick260\jtexteditor\gui\GUI.java,de.patrick260.jtexteditor.gui.GUI,GUI/0,MIN_HEIGHT,1
E:\OOD_Projects\ck-mvn-plugin\JTextEditor-main\src\main\java\de\patrick260\jtexteditor\gui\GUI.java,de.patrick260.jtexteditor.gui.GUI,GUI/0,TITLE,1
E:\OOD_Projects\ck-mvn-plugin\JTextEditor-main\src\main\java\de\patrick260\jtexteditor\gui\GUI.java,de.patrick260.jtexteditor.gui.GUI,GUI/0,undoManager,1
E:\OOD_Projects\ck-mvn-plugin\JTextEditor-main\src\main\java\de\patrick260\jtexteditor\gui\GUI.java,de.patrick260.jtexteditor.gui.GUI,openFile/1[java.awt.event.ActionEvent],editor,1
E:\OOD_Projects\ck-mvn-plugin\JTextEditor-main\src\main\java\de\patrick260\jtexteditor\gui\GUI.java,de.patrick260.jtexteditor.gui.GUI,openFile/1[java.awt.event.ActionEvent],saveTo,1
E:\OOD_Projects\ck-mvn-plugin\JTextEditor-main\src\main\java\de\patrick260\jtexteditor\gui\GUI.java,de.patrick260.jtexteditor.gui.GUI,saveFileAs/1[java.awt.event.ActionEvent],saveTo,1
E:\OOD_Projects\ck-mvn-plugin\JTextEditor-main\src\main\java\de\patrick260\jtexteditor\gui\GUI.java,de.patrick260.jtexteditor.gui.GUI,buildScrollPane/0,editor,1
E:\OOD_Projects\ck-mvn-plugin\JTextEditor-main\src\main\java\de\patrick260\jtexteditor\gui\GUI.java,de.patrick260.jtexteditor.gui.GUI,undo/1[java.awt.event.ActionEvent],undoManager,1
E:\OOD_Projects\ck-mvn-plugin\JTextEditor-main\src\main\java\de\patrick260\jtexteditor\gui\GUI.java,de.patrick260.jtexteditor.gui.GUI,saveFile/1[java.awt.event.ActionEvent],editor,1
E:\OOD_Projects\ck-mvn-plugin\JTextEditor-main\src\main\java\de\patrick260\jtexteditor\gui\GUI.java,de.patrick260.jtexteditor.gui.GUI,saveFile/1[java.awt.event.ActionEvent],saveTo,2
E:\OOD_Projects\ck-mvn-plugin\JTextEditor-main\src\main\java\de\patrick260\jtexteditor\gui\GUI.java,de.patrick260.jtexteditor.gui.GUI,delete/1[java.awt.event.ActionEvent],editor,1
E:\OOD_Projects\ck-mvn-plugin\JTextEditor-main\src\main\java\de\patrick260\jtexteditor\gui\GUI.java,de.patrick260.jtexteditor.gui.GUI,paste/1[java.awt.event.ActionEvent],editor,1
E:\OOD_Projects\ck-mvn-plugin\JTextEditor-main\src\main\java\de\patrick260\jtexteditor\gui\GUI.java,de.patrick260.jtexteditor.gui.GUI,paste/1[java.awt.event.ActionEvent],clipboard,1
E:\OOD_Projects\ck-mvn-plugin\JTextEditor-main\src\main\java\de\patrick260\jtexteditor\gui\GUI.java,de.patrick260.jtexteditor.gui.GUI,cut/1[java.awt.event.ActionEvent],editor,2
E:\OOD_Projects\ck-mvn-plugin\JTextEditor-main\src\main\java\de\patrick260\jtexteditor\gui\GUI.java,de.patrick260.jtexteditor.gui.GUI,cut/1[java.awt.event.ActionEvent],clipboard,1
E:\OOD_Projects\ck-mvn-plugin\JTextEditor-main\src\main\java\de\patrick260\jtexteditor\gui\GUI.java,de.patrick260.jtexteditor.gui.GUI,redo/1[java.awt.event.ActionEvent],undoManager,1
E:\OOD_Projects\ck-mvn-plugin\JTextEditor-main\src\main\java\de\patrick260\jtexteditor\gui\GUI.java,de.patrick260.jtexteditor.gui.GUI,copy/1[java.awt.event.ActionEvent],editor,1
E:\OOD_Projects\ck-mvn-plugin\JTextEditor-main\src\main\java\de\patrick260\jtexteditor\gui\GUI.java,de.patrick260.jtexteditor.gui.GUI,copy/1[java.awt.event.ActionEvent],clipboard,1
E:\OOD_Projects\ck-mvn-plugin\JTextEditor-main\src\main\java\de\patrick260\jtexteditor\gui\GUI.java,de.patrick260.jtexteditor.gui.GUI,selectAll/1[java.awt.event.ActionEvent],editor,1
