file,class,method,constructor,line,cbo,cboModified,fanin,fanout,wmc,rfc,loc,returnsQty,variablesQty,parametersQty,methodsInvokedQty,methodsInvokedLocalQty,methodsInvokedIndirectLocalQty,loopQty,comparisonsQty,tryCatchQty,parenthesizedExpsQty,stringLiteralsQty,numbersQty,assignmentsQty,mathOperationsQty,maxNestedBlocksQty,anonymousClassesQty,innerClassesQty,lambdasQty,uniqueWordsQty,modifiers,logStatementsQty,hasJavaDoc
E:\OOD_Projects\ck-mvn-plugin\JTextEditor-main\src\main\java\de\patrick260\jtexteditor\gui\GUI.java,de.patrick260.jtexteditor.gui.GUI,newFile/1[java.awt.event.ActionEvent],false,172,0,0,0,0,1,1,4,0,0,1,1,0,0,0,0,0,0,0,0,1,0,0,0,0,0,8,2,0,false
E:\OOD_Projects\ck-mvn-plugin\JTextEditor-main\src\main\java\de\patrick260\jtexteditor\gui\GUI.java,de.patrick260.jtexteditor.gui.GUI,GUI/0,true,48,1,3,1,2,1,13,13,0,0,0,13,2,2,0,0,0,0,0,0,1,0,0,0,0,0,40,1,0,false
E:\OOD_Projects\ck-mvn-plugin\JTextEditor-main\src\main\java\de\patrick260\jtexteditor\gui\GUI.java,de.patrick260.jtexteditor.gui.GUI,openFile/1[java.awt.event.ActionEvent],false,180,0,0,0,0,3,6,13,0,2,1,6,0,0,0,1,1,0,0,0,3,0,2,0,0,0,15,2,0,false
E:\OOD_Projects\ck-mvn-plugin\JTextEditor-main\src\main\java\de\patrick260\jtexteditor\gui\GUI.java,de.patrick260.jtexteditor.gui.GUI,saveFileAs/1[java.awt.event.ActionEvent],false,228,1,2,1,1,2,3,8,0,2,1,3,1,1,0,1,0,0,0,0,3,0,1,0,0,0,11,2,0,false
E:\OOD_Projects\ck-mvn-plugin\JTextEditor-main\src\main\java\de\patrick260\jtexteditor\gui\GUI.java,de.patrick260.jtexteditor.gui.GUI,quit/1[java.awt.event.ActionEvent],false,243,0,0,0,0,1,1,3,0,0,1,1,0,0,0,0,0,0,0,1,0,0,0,0,0,0,4,2,0,false
E:\OOD_Projects\ck-mvn-plugin\JTextEditor-main\src\main\java\de\patrick260\jtexteditor\gui\GUI.java,de.patrick260.jtexteditor.gui.GUI,buildScrollPane/0,false,161,0,1,1,0,1,2,6,1,1,0,2,0,0,0,0,0,0,0,0,1,0,0,0,0,0,6,2,0,false
E:\OOD_Projects\ck-mvn-plugin\JTextEditor-main\src\main\java\de\patrick260\jtexteditor\gui\GUI.java,de.patrick260.jtexteditor.gui.GUI,buildEditMenu/0,false,116,0,1,1,0,1,5,33,1,8,0,5,0,0,0,0,0,0,8,0,8,0,0,0,0,0,14,2,0,false
E:\OOD_Projects\ck-mvn-plugin\JTextEditor-main\src\main\java\de\patrick260\jtexteditor\gui\GUI.java,de.patrick260.jtexteditor.gui.GUI,undo/1[java.awt.event.ActionEvent],false,249,0,0,0,0,1,1,3,0,0,1,1,0,0,0,0,0,0,0,0,0,0,0,0,0,0,4,2,0,false
E:\OOD_Projects\ck-mvn-plugin\JTextEditor-main\src\main\java\de\patrick260\jtexteditor\gui\GUI.java,de.patrick260.jtexteditor.gui.GUI,saveFile/1[java.awt.event.ActionEvent],false,203,1,2,1,1,3,6,16,0,1,1,6,1,1,0,1,1,0,0,0,1,0,2,0,0,0,14,2,0,false
E:\OOD_Projects\ck-mvn-plugin\JTextEditor-main\src\main\java\de\patrick260\jtexteditor\gui\GUI.java,de.patrick260.jtexteditor.gui.GUI,buildFileMenu/0,false,81,0,1,1,0,1,5,25,1,6,0,5,0,0,0,0,0,0,6,0,6,0,0,0,0,0,11,2,0,false
E:\OOD_Projects\ck-mvn-plugin\JTextEditor-main\src\main\java\de\patrick260\jtexteditor\gui\GUI.java,de.patrick260.jtexteditor.gui.GUI,delete/1[java.awt.event.ActionEvent],false,288,0,0,0,0,1,1,3,0,0,1,1,0,0,0,0,0,0,1,0,0,0,0,0,0,0,4,2,0,false
E:\OOD_Projects\ck-mvn-plugin\JTextEditor-main\src\main\java\de\patrick260\jtexteditor\gui\GUI.java,de.patrick260.jtexteditor.gui.GUI,paste/1[java.awt.event.ActionEvent],false,274,0,0,0,0,2,4,8,0,0,1,4,0,0,0,0,1,0,0,0,0,0,1,0,0,0,10,2,0,false
E:\OOD_Projects\ck-mvn-plugin\JTextEditor-main\src\main\java\de\patrick260\jtexteditor\gui\GUI.java,de.patrick260.jtexteditor.gui.GUI,cut/1[java.awt.event.ActionEvent],false,261,0,0,0,0,1,3,4,0,0,1,3,0,0,0,0,0,0,1,0,0,0,0,0,0,0,6,2,0,false
E:\OOD_Projects\ck-mvn-plugin\JTextEditor-main\src\main\java\de\patrick260\jtexteditor\gui\GUI.java,de.patrick260.jtexteditor.gui.GUI,buildMenuBar/0,false,71,1,3,1,2,1,3,6,1,1,0,3,2,1,0,0,0,0,0,0,1,0,0,0,0,0,7,2,0,false
E:\OOD_Projects\ck-mvn-plugin\JTextEditor-main\src\main\java\de\patrick260\jtexteditor\gui\GUI.java,de.patrick260.jtexteditor.gui.GUI,redo/1[java.awt.event.ActionEvent],false,255,0,0,0,0,1,1,3,0,0,1,1,0,0,0,0,0,0,0,0,0,0,0,0,0,0,4,2,0,false
E:\OOD_Projects\ck-mvn-plugin\JTextEditor-main\src\main\java\de\patrick260\jtexteditor\gui\GUI.java,de.patrick260.jtexteditor.gui.GUI,copy/1[java.awt.event.ActionEvent],false,268,0,0,0,0,1,2,3,0,0,1,2,0,0,0,0,0,0,0,0,0,0,0,0,0,0,6,2,0,false
E:\OOD_Projects\ck-mvn-plugin\JTextEditor-main\src\main\java\de\patrick260\jtexteditor\gui\GUI.java,de.patrick260.jtexteditor.gui.GUI,selectAll/1[java.awt.event.ActionEvent],false,294,0,0,0,0,1,1,3,0,0,1,1,0,0,0,0,0,0,0,0,0,0,0,0,0,0,5,2,0,false
E:\OOD_Projects\ck-mvn-plugin\JTextEditor-main\src\main\java\de\patrick260\jtexteditor\main\JTextEditor.java,de.patrick260.jtexteditor.main.JTextEditor,main/1[java.lang.String[]],false,26,1,1,0,1,1,2,3,0,0,1,2,0,0,0,0,0,0,0,0,0,0,0,0,0,1,6,9,0,false
