file,class,method,variable,usage
E:\OOD_Projects\ck-mvn-plugin\JTextEditor-main\src\main\java\de\patrick260\jtexteditor\gui\GUI.java,de.patrick260.jtexteditor.gui.GUI,newFile/1[java.awt.event.ActionEvent],event,0
E:\OOD_Projects\ck-mvn-plugin\JTextEditor-main\src\main\java\de\patrick260\jtexteditor\gui\GUI.java,de.patrick260.jtexteditor.gui.GUI,openFile/1[java.awt.event.ActionEvent],exception,1
E:\OOD_Projects\ck-mvn-plugin\JTextEditor-main\src\main\java\de\patrick260\jtexteditor\gui\GUI.java,de.patrick260.jtexteditor.gui.GUI,openFile/1[java.awt.event.ActionEvent],fileChooser,3
E:\OOD_Projects\ck-mvn-plugin\JTextEditor-main\src\main\java\de\patrick260\jtexteditor\gui\GUI.java,de.patrick260.jtexteditor.gui.GUI,openFile/1[java.awt.event.ActionEvent],action,1
E:\OOD_Projects\ck-mvn-plugin\JTextEditor-main\src\main\java\de\patrick260\jtexteditor\gui\GUI.java,de.patrick260.jtexteditor.gui.GUI,openFile/1[java.awt.event.ActionEvent],event,0
E:\OOD_Projects\ck-mvn-plugin\JTextEditor-main\src\main\java\de\patrick260\jtexteditor\gui\GUI.java,de.patrick260.jtexteditor.gui.GUI,saveFileAs/1[java.awt.event.ActionEvent],fileChooser,2
E:\OOD_Projects\ck-mvn-plugin\JTextEditor-main\src\main\java\de\patrick260\jtexteditor\gui\GUI.java,de.patrick260.jtexteditor.gui.GUI,saveFileAs/1[java.awt.event.ActionEvent],action,1
E:\OOD_Projects\ck-mvn-plugin\JTextEditor-main\src\main\java\de\patrick260\jtexteditor\gui\GUI.java,de.patrick260.jtexteditor.gui.GUI,saveFileAs/1[java.awt.event.ActionEvent],event,1
E:\OOD_Projects\ck-mvn-plugin\JTextEditor-main\src\main\java\de\patrick260\jtexteditor\gui\GUI.java,de.patrick260.jtexteditor.gui.GUI,quit/1[java.awt.event.ActionEvent],event,0
E:\OOD_Projects\ck-mvn-plugin\JTextEditor-main\src\main\java\de\patrick260\jtexteditor\gui\GUI.java,de.patrick260.jtexteditor.gui.GUI,buildScrollPane/0,scrollPane,3
E:\OOD_Projects\ck-mvn-plugin\JTextEditor-main\src\main\java\de\patrick260\jtexteditor\gui\GUI.java,de.patrick260.jtexteditor.gui.GUI,buildEditMenu/0,editMenu,10
E:\OOD_Projects\ck-mvn-plugin\JTextEditor-main\src\main\java\de\patrick260\jtexteditor\gui\GUI.java,de.patrick260.jtexteditor.gui.GUI,buildEditMenu/0,undo,4
E:\OOD_Projects\ck-mvn-plugin\JTextEditor-main\src\main\java\de\patrick260\jtexteditor\gui\GUI.java,de.patrick260.jtexteditor.gui.GUI,buildEditMenu/0,selectAll,4
E:\OOD_Projects\ck-mvn-plugin\JTextEditor-main\src\main\java\de\patrick260\jtexteditor\gui\GUI.java,de.patrick260.jtexteditor.gui.GUI,buildEditMenu/0,cut,4
E:\OOD_Projects\ck-mvn-plugin\JTextEditor-main\src\main\java\de\patrick260\jtexteditor\gui\GUI.java,de.patrick260.jtexteditor.gui.GUI,buildEditMenu/0,redo,4
E:\OOD_Projects\ck-mvn-plugin\JTextEditor-main\src\main\java\de\patrick260\jtexteditor\gui\GUI.java,de.patrick260.jtexteditor.gui.GUI,buildEditMenu/0,copy,4
E:\OOD_Projects\ck-mvn-plugin\JTextEditor-main\src\main\java\de\patrick260\jtexteditor\gui\GUI.java,de.patrick260.jtexteditor.gui.GUI,buildEditMenu/0,paste,4
E:\OOD_Projects\ck-mvn-plugin\JTextEditor-main\src\main\java\de\patrick260\jtexteditor\gui\GUI.java,de.patrick260.jtexteditor.gui.GUI,buildEditMenu/0,delete,3
E:\OOD_Projects\ck-mvn-plugin\JTextEditor-main\src\main\java\de\patrick260\jtexteditor\gui\GUI.java,de.patrick260.jtexteditor.gui.GUI,undo/1[java.awt.event.ActionEvent],event,0
E:\OOD_Projects\ck-mvn-plugin\JTextEditor-main\src\main\java\de\patrick260\jtexteditor\gui\GUI.java,de.patrick260.jtexteditor.gui.GUI,saveFile/1[java.awt.event.ActionEvent],exception,1
E:\OOD_Projects\ck-mvn-plugin\JTextEditor-main\src\main\java\de\patrick260\jtexteditor\gui\GUI.java,de.patrick260.jtexteditor.gui.GUI,saveFile/1[java.awt.event.ActionEvent],writer,3
E:\OOD_Projects\ck-mvn-plugin\JTextEditor-main\src\main\java\de\patrick260\jtexteditor\gui\GUI.java,de.patrick260.jtexteditor.gui.GUI,saveFile/1[java.awt.event.ActionEvent],event,1
E:\OOD_Projects\ck-mvn-plugin\JTextEditor-main\src\main\java\de\patrick260\jtexteditor\gui\GUI.java,de.patrick260.jtexteditor.gui.GUI,buildFileMenu/0,saveAs,3
E:\OOD_Projects\ck-mvn-plugin\JTextEditor-main\src\main\java\de\patrick260\jtexteditor\gui\GUI.java,de.patrick260.jtexteditor.gui.GUI,buildFileMenu/0,save,3
E:\OOD_Projects\ck-mvn-plugin\JTextEditor-main\src\main\java\de\patrick260\jtexteditor\gui\GUI.java,de.patrick260.jtexteditor.gui.GUI,buildFileMenu/0,newFile,4
E:\OOD_Projects\ck-mvn-plugin\JTextEditor-main\src\main\java\de\patrick260\jtexteditor\gui\GUI.java,de.patrick260.jtexteditor.gui.GUI,buildFileMenu/0,quit,4
E:\OOD_Projects\ck-mvn-plugin\JTextEditor-main\src\main\java\de\patrick260\jtexteditor\gui\GUI.java,de.patrick260.jtexteditor.gui.GUI,buildFileMenu/0,fileMenu,7
E:\OOD_Projects\ck-mvn-plugin\JTextEditor-main\src\main\java\de\patrick260\jtexteditor\gui\GUI.java,de.patrick260.jtexteditor.gui.GUI,buildFileMenu/0,open,3
E:\OOD_Projects\ck-mvn-plugin\JTextEditor-main\src\main\java\de\patrick260\jtexteditor\gui\GUI.java,de.patrick260.jtexteditor.gui.GUI,delete/1[java.awt.event.ActionEvent],event,0
E:\OOD_Projects\ck-mvn-plugin\JTextEditor-main\src\main\java\de\patrick260\jtexteditor\gui\GUI.java,de.patrick260.jtexteditor.gui.GUI,paste/1[java.awt.event.ActionEvent],exception,1
E:\OOD_Projects\ck-mvn-plugin\JTextEditor-main\src\main\java\de\patrick260\jtexteditor\gui\GUI.java,de.patrick260.jtexteditor.gui.GUI,paste/1[java.awt.event.ActionEvent],event,0
E:\OOD_Projects\ck-mvn-plugin\JTextEditor-main\src\main\java\de\patrick260\jtexteditor\gui\GUI.java,de.patrick260.jtexteditor.gui.GUI,cut/1[java.awt.event.ActionEvent],event,0
E:\OOD_Projects\ck-mvn-plugin\JTextEditor-main\src\main\java\de\patrick260\jtexteditor\gui\GUI.java,de.patrick260.jtexteditor.gui.GUI,buildMenuBar/0,menuBar,3
E:\OOD_Projects\ck-mvn-plugin\JTextEditor-main\src\main\java\de\patrick260\jtexteditor\gui\GUI.java,de.patrick260.jtexteditor.gui.GUI,redo/1[java.awt.event.ActionEvent],event,0
E:\OOD_Projects\ck-mvn-plugin\JTextEditor-main\src\main\java\de\patrick260\jtexteditor\gui\GUI.java,de.patrick260.jtexteditor.gui.GUI,copy/1[java.awt.event.ActionEvent],event,0
E:\OOD_Projects\ck-mvn-plugin\JTextEditor-main\src\main\java\de\patrick260\jtexteditor\gui\GUI.java,de.patrick260.jtexteditor.gui.GUI,selectAll/1[java.awt.event.ActionEvent],event,0
E:\OOD_Projects\ck-mvn-plugin\JTextEditor-main\src\main\java\de\patrick260\jtexteditor\main\JTextEditor.java,de.patrick260.jtexteditor.main.JTextEditor,main/1[java.lang.String[]],args,0
