file,class,type,cbo,cboModified,fanin,fanout,wmc,dit,noc,rfc,lcom,lcom*,tcc,lcc,totalMethodsQty,staticMethodsQty,publicMethodsQty,privateMethodsQty,protectedMethodsQty,defaultMethodsQty,visibleMethodsQty,abstractMethodsQty,finalMethodsQty,synchronizedMethodsQty,totalFieldsQty,staticFieldsQty,publicFieldsQty,privateFieldsQty,protectedFieldsQty,defaultFieldsQty,finalFieldsQty,synchronizedFieldsQty,nosi,loc,returnQty,loopQty,comparisonsQty,tryCatchQty,parenthesizedExpsQty,stringLiteralsQty,numbersQty,assignmentsQty,mathOperationsQty,variablesQty,maxNestedBlocksQty,anonymousClassesQty,innerClassesQty,lambdasQty,uniqueWordsQty,modifiers,logStatementsQty
E:\OOD_Projects\ck-mvn-plugin\Princeton-Hospital-Management-System-master\src\com\Hospital\Princeton\PhForgot.java,com.Hospital.Princeton.PhForgot,class,6,14,8,6,28,6,0,65,22,0.8625,0.0,0.0,8,1,2,6,0,0,2,0,0,0,19,0,0,18,0,1,0,0,19,258,0,4,3,5,0,30,130,45,2,45,4,6,0,0,139,1,0
E:\OOD_Projects\ck-mvn-plugin\Princeton-Hospital-Management-System-master\src\com\Hospital\Princeton\Patient.java,com.Hospital.Princeton.Patient$Anonymous2,anonymous,1,1,0,1,1,1,0,1,0,0.0,NaN,NaN,1,0,1,0,0,0,1,0,0,0,0,0,0,0,0,0,0,0,0,5,0,0,0,0,0,0,0,0,0,0,0,0,0,0,6,-1,0
E:\OOD_Projects\ck-mvn-plugin\Princeton-Hospital-Management-System-master\src\com\Hospital\Princeton\Patient.java,com.Hospital.Princeton.Patient$Anonymous1,anonymous,1,1,0,1,1,1,0,1,0,0.0,NaN,NaN,1,0,1,0,0,0,1,0,0,0,0,0,0,0,0,0,0,0,0,5,0,0,0,0,0,0,0,0,0,0,0,0,0,0,6,-1,0
E:\OOD_Projects\ck-mvn-plugin\Princeton-Hospital-Management-System-master\src\com\Hospital\Princeton\PharmacistLogin.java,com.Hospital.Princeton.PharmacistLogin$Anonymous1,anonymous,1,1,0,1,1,1,0,1,0,0.0,NaN,NaN,1,0,1,0,0,0,1,0,0,0,0,0,0,0,0,0,0,0,0,5,0,0,0,0,0,0,0,0,0,0,0,0,0,0,6,-1,0
E:\OOD_Projects\ck-mvn-plugin\Princeton-Hospital-Management-System-master\src\com\Hospital\Princeton\PharmacistLogin.java,com.Hospital.Princeton.PharmacistLogin$Anonymous2,anonymous,1,1,0,1,3,1,0,1,3,0.0,0.0,0.0,3,0,3,0,0,0,3,0,0,0,0,0,0,0,0,0,0,0,0,9,0,0,0,0,0,0,0,0,0,0,0,0,0,0,8,-1,0
E:\OOD_Projects\ck-mvn-plugin\Princeton-Hospital-Management-System-master\src\com\Hospital\Princeton\MyP.java,com.Hospital.Princeton.MyP,class,5,20,15,5,52,6,0,56,105,0.9333333,0.0,0.0,15,1,2,13,0,0,2,0,0,0,36,0,0,35,0,1,0,0,16,417,0,2,15,5,11,84,186,73,4,71,4,13,0,0,168,1,0
E:\OOD_Projects\ck-mvn-plugin\Princeton-Hospital-Management-System-master\src\com\Hospital\Princeton\DelDoc.java,com.Hospital.Princeton.DelDoc$Anonymous2,anonymous,1,1,0,1,1,1,0,1,0,0.0,NaN,NaN,1,0,1,0,0,0,1,0,0,0,0,0,0,0,0,0,0,0,0,5,0,0,0,0,0,0,0,0,0,0,0,0,0,0,6,-1,0
E:\OOD_Projects\ck-mvn-plugin\Princeton-Hospital-Management-System-master\src\com\Hospital\Princeton\DelDoc.java,com.Hospital.Princeton.DelDoc$Anonymous1,anonymous,1,1,0,1,1,1,0,1,0,0.0,NaN,NaN,1,0,1,0,0,0,1,0,0,0,0,0,0,0,0,0,0,0,0,5,0,0,0,0,0,0,0,0,0,0,0,0,0,0,6,-1,0
E:\OOD_Projects\ck-mvn-plugin\Princeton-Hospital-Management-System-master\src\com\Hospital\Princeton\DelDoc.java,com.Hospital.Princeton.DelDoc$Anonymous3,anonymous,1,1,0,1,1,1,0,1,0,0.0,NaN,NaN,1,0,1,0,0,0,1,0,0,0,0,0,0,0,0,0,0,0,0,5,0,0,0,0,0,0,0,0,0,0,0,0,0,0,4,-1,0
E:\OOD_Projects\ck-mvn-plugin\Princeton-Hospital-Management-System-master\src\com\Hospital\Princeton\PharmacistLogin.java,com.Hospital.Princeton.PharmacistLogin$Anonymous5,anonymous,1,1,0,1,1,1,0,1,0,0.0,NaN,NaN,1,0,1,0,0,0,1,0,0,0,0,0,0,0,0,0,0,0,0,5,0,0,0,0,0,0,0,0,0,0,0,0,0,0,6,-1,0
E:\OOD_Projects\ck-mvn-plugin\Princeton-Hospital-Management-System-master\src\com\Hospital\Princeton\AdminLogin.java,com.Hospital.Princeton.AdminLogin,class,7,14,7,7,18,6,0,53,15,0.8333333,0.0,0.0,6,1,2,4,0,0,2,0,0,0,12,0,0,11,0,1,0,0,10,143,0,2,2,2,0,15,50,22,0,22,3,4,0,0,99,1,0
E:\OOD_Projects\ck-mvn-plugin\Princeton-Hospital-Management-System-master\src\com\Hospital\Princeton\PharmacistLogin.java,com.Hospital.Princeton.PharmacistLogin$Anonymous6,anonymous,1,1,0,1,1,1,0,1,0,0.0,NaN,NaN,1,0,1,0,0,0,1,0,0,0,0,0,0,0,0,0,0,0,0,5,0,0,0,0,0,0,0,0,0,0,0,0,0,0,4,-1,0
E:\OOD_Projects\ck-mvn-plugin\Princeton-Hospital-Management-System-master\src\com\Hospital\Princeton\Map.java,com.Hospital.Princeton.Map$Anonymous2,anonymous,1,1,0,1,1,1,0,1,0,0.0,NaN,NaN,1,0,1,0,0,0,1,0,0,0,0,0,0,0,0,0,0,0,0,5,0,0,0,0,0,0,0,0,0,0,0,0,0,0,3,-1,0
E:\OOD_Projects\ck-mvn-plugin\Princeton-Hospital-Management-System-master\src\com\Hospital\Princeton\PharmacistLogin.java,com.Hospital.Princeton.PharmacistLogin$Anonymous3,anonymous,1,1,0,1,1,1,0,1,0,0.0,NaN,NaN,1,0,1,0,0,0,1,0,0,0,0,0,0,0,0,0,0,0,0,5,0,0,0,0,0,0,0,0,0,0,0,0,0,0,6,-1,0
E:\OOD_Projects\ck-mvn-plugin\Princeton-Hospital-Management-System-master\src\com\Hospital\Princeton\PharmacistLogin.java,com.Hospital.Princeton.PharmacistLogin$Anonymous4,anonymous,1,1,0,1,3,1,0,1,3,0.0,0.0,0.0,3,0,3,0,0,0,3,0,0,0,0,0,0,0,0,0,0,0,0,9,0,0,0,0,0,0,0,0,0,0,0,0,0,0,8,-1,0
E:\OOD_Projects\ck-mvn-plugin\Princeton-Hospital-Management-System-master\src\com\Hospital\Princeton\Patient.java,com.Hospital.Princeton.Patient$Anonymous4,anonymous,1,1,0,1,1,1,0,1,0,0.0,NaN,NaN,1,0,1,0,0,0,1,0,0,0,0,0,0,0,0,0,0,0,0,5,0,0,0,0,0,0,0,0,0,0,0,0,0,0,6,-1,0
E:\OOD_Projects\ck-mvn-plugin\Princeton-Hospital-Management-System-master\src\com\Hospital\Princeton\Map.java,com.Hospital.Princeton.Map$Anonymous1,anonymous,1,1,0,1,1,1,0,1,0,0.0,NaN,NaN,1,0,1,0,0,0,1,0,0,0,0,0,0,0,0,0,0,0,0,5,0,0,0,0,0,0,0,0,0,0,0,0,0,0,6,-1,0
E:\OOD_Projects\ck-mvn-plugin\Princeton-Hospital-Management-System-master\src\com\Hospital\Princeton\Patient.java,com.Hospital.Princeton.Patient$Anonymous3,anonymous,1,1,0,1,1,1,0,1,0,0.0,NaN,NaN,1,0,1,0,0,0,1,0,0,0,0,0,0,0,0,0,0,0,0,5,0,0,0,0,0,0,0,0,0,0,0,0,0,0,6,-1,0
E:\OOD_Projects\ck-mvn-plugin\Princeton-Hospital-Management-System-master\src\com\Hospital\Princeton\Patient.java,com.Hospital.Princeton.Patient$Anonymous6,anonymous,1,1,0,1,1,1,0,1,0,0.0,NaN,NaN,1,0,1,0,0,0,1,0,0,0,0,0,0,0,0,0,0,0,0,5,0,0,0,0,0,0,0,0,0,0,0,0,0,0,6,-1,0
E:\OOD_Projects\ck-mvn-plugin\Princeton-Hospital-Management-System-master\src\com\Hospital\Princeton\Patient.java,com.Hospital.Princeton.Patient$Anonymous5,anonymous,1,1,0,1,1,1,0,1,0,0.0,NaN,NaN,1,0,1,0,0,0,1,0,0,0,0,0,0,0,0,0,0,0,0,5,0,0,0,0,0,0,0,0,0,0,0,0,0,0,6,-1,0
E:\OOD_Projects\ck-mvn-plugin\Princeton-Hospital-Management-System-master\src\com\Hospital\Princeton\Doctor.java,com.Hospital.Princeton.Doctor$Anonymous3,anonymous,1,1,0,1,1,1,0,1,0,0.0,NaN,NaN,1,0,1,0,0,0,1,0,0,0,0,0,0,0,0,0,0,0,0,5,0,0,0,0,0,0,0,0,0,0,0,0,0,0,6,-1,0
E:\OOD_Projects\ck-mvn-plugin\Princeton-Hospital-Management-System-master\src\com\Hospital\Princeton\Patient.java,com.Hospital.Princeton.Patient$Anonymous8,anonymous,1,1,0,1,1,1,0,1,0,0.0,NaN,NaN,1,0,1,0,0,0,1,0,0,0,0,0,0,0,0,0,0,0,0,5,0,0,0,0,0,0,0,0,0,0,0,0,0,0,6,-1,0
E:\OOD_Projects\ck-mvn-plugin\Princeton-Hospital-Management-System-master\src\com\Hospital\Princeton\Doctor.java,com.Hospital.Princeton.Doctor$Anonymous4,anonymous,1,1,0,1,1,1,0,1,0,0.0,NaN,NaN,1,0,1,0,0,0,1,0,0,0,0,0,0,0,0,0,0,0,0,5,0,0,0,0,0,0,0,0,0,0,0,0,0,0,6,-1,0
E:\OOD_Projects\ck-mvn-plugin\Princeton-Hospital-Management-System-master\src\com\Hospital\Princeton\Patient.java,com.Hospital.Princeton.Patient$Anonymous7,anonymous,1,1,0,1,1,1,0,1,0,0.0,NaN,NaN,1,0,1,0,0,0,1,0,0,0,0,0,0,0,0,0,0,0,0,5,0,0,0,0,0,0,0,0,0,0,0,0,0,0,6,-1,0
E:\OOD_Projects\ck-mvn-plugin\Princeton-Hospital-Management-System-master\src\com\Hospital\Princeton\Doctor.java,com.Hospital.Princeton.Doctor$Anonymous5,anonymous,1,1,0,1,1,1,0,1,0,0.0,NaN,NaN,1,0,1,0,0,0,1,0,0,0,0,0,0,0,0,0,0,0,0,5,0,0,0,0,0,0,0,0,0,0,0,0,0,0,3,-1,0
E:\OOD_Projects\ck-mvn-plugin\Princeton-Hospital-Management-System-master\src\com\Hospital\Princeton\Patient.java,com.Hospital.Princeton.Patient$Anonymous9,anonymous,1,1,0,1,1,1,0,1,0,0.0,NaN,NaN,1,0,1,0,0,0,1,0,0,0,0,0,0,0,0,0,0,0,0,5,0,0,0,0,0,0,0,0,0,0,0,0,0,0,6,-1,0
E:\OOD_Projects\ck-mvn-plugin\Princeton-Hospital-Management-System-master\src\com\Hospital\Princeton\Confirm.java,com.Hospital.Princeton.Confirm$Anonymous3,anonymous,1,1,0,1,1,1,0,1,0,0.0,NaN,NaN,1,0,1,0,0,0,1,0,0,0,0,0,0,0,0,0,0,0,0,5,0,0,0,0,0,0,0,0,0,0,0,0,0,0,6,-1,0
E:\OOD_Projects\ck-mvn-plugin\Princeton-Hospital-Management-System-master\src\com\Hospital\Princeton\Confirm.java,com.Hospital.Princeton.Confirm$Anonymous2,anonymous,1,1,0,1,1,1,0,1,0,0.0,NaN,NaN,1,0,1,0,0,0,1,0,0,0,0,0,0,0,0,0,0,0,0,5,0,0,0,0,0,0,0,0,0,0,0,0,0,0,6,-1,0
E:\OOD_Projects\ck-mvn-plugin\Princeton-Hospital-Management-System-master\src\com\Hospital\Princeton\Doctor.java,com.Hospital.Princeton.Doctor$Anonymous1,anonymous,1,1,0,1,1,1,0,1,0,0.0,NaN,NaN,1,0,1,0,0,0,1,0,0,0,0,0,0,0,0,0,0,0,0,5,0,0,0,0,0,0,0,0,0,0,0,0,0,0,6,-1,0
E:\OOD_Projects\ck-mvn-plugin\Princeton-Hospital-Management-System-master\src\com\Hospital\Princeton\Doctor.java,com.Hospital.Princeton.Doctor$Anonymous2,anonymous,1,1,0,1,1,1,0,1,0,0.0,NaN,NaN,1,0,1,0,0,0,1,0,0,0,0,0,0,0,0,0,0,0,0,5,0,0,0,0,0,0,0,0,0,0,0,0,0,0,6,-1,0
E:\OOD_Projects\ck-mvn-plugin\Princeton-Hospital-Management-System-master\src\com\Hospital\Princeton\Confirm.java,com.Hospital.Princeton.Confirm$Anonymous1,anonymous,1,1,0,1,1,1,0,1,0,0.0,NaN,NaN,1,0,1,0,0,0,1,0,0,0,0,0,0,0,0,0,0,0,0,5,0,0,0,0,0,0,0,0,0,0,0,0,0,0,6,-1,0
E:\OOD_Projects\ck-mvn-plugin\Princeton-Hospital-Management-System-master\src\com\Hospital\Princeton\NewPatient.java,com.Hospital.Princeton.NewPatient$Anonymous4,anonymous,1,1,0,1,1,1,0,1,0,0.0,NaN,NaN,1,0,1,0,0,0,1,0,0,0,0,0,0,0,0,0,0,0,0,5,0,0,0,0,0,0,0,0,0,0,0,0,0,0,6,-1,0
E:\OOD_Projects\ck-mvn-plugin\Princeton-Hospital-Management-System-master\src\com\Hospital\Princeton\NewPatient.java,com.Hospital.Princeton.NewPatient$Anonymous3,anonymous,1,1,0,1,1,1,0,1,0,0.0,NaN,NaN,1,0,1,0,0,0,1,0,0,0,0,0,0,0,0,0,0,0,0,5,0,0,0,0,0,0,0,0,0,0,0,0,0,0,6,-1,0
E:\OOD_Projects\ck-mvn-plugin\Princeton-Hospital-Management-System-master\src\com\Hospital\Princeton\NewPatient.java,com.Hospital.Princeton.NewPatient$Anonymous2,anonymous,1,1,0,1,1,1,0,1,0,0.0,NaN,NaN,1,0,1,0,0,0,1,0,0,0,0,0,0,0,0,0,0,0,0,5,0,0,0,0,0,0,0,0,0,0,0,0,0,0,5,-1,0
E:\OOD_Projects\ck-mvn-plugin\Princeton-Hospital-Management-System-master\src\com\Hospital\Princeton\NewPatient.java,com.Hospital.Princeton.NewPatient$Anonymous1,anonymous,1,1,0,1,1,1,0,1,0,0.0,NaN,NaN,1,0,1,0,0,0,1,0,0,0,0,0,0,0,0,0,0,0,0,5,0,0,0,0,0,0,0,0,0,0,0,0,0,0,5,-1,0
E:\OOD_Projects\ck-mvn-plugin\Princeton-Hospital-Management-System-master\src\com\Hospital\Princeton\MyP.java,com.Hospital.Princeton.MyP$Anonymous1,anonymous,1,1,0,1,1,1,0,1,0,0.0,NaN,NaN,1,0,1,0,0,0,1,0,0,0,0,0,0,0,0,0,0,0,0,5,0,0,0,0,0,0,0,0,0,0,0,0,0,0,6,-1,0
E:\OOD_Projects\ck-mvn-plugin\Princeton-Hospital-Management-System-master\src\com\Hospital\Princeton\DelPha.java,com.Hospital.Princeton.DelPha$Anonymous2,anonymous,1,1,0,1,1,1,0,1,0,0.0,NaN,NaN,1,0,1,0,0,0,1,0,0,0,0,0,0,0,0,0,0,0,0,5,0,0,0,0,0,0,0,0,0,0,0,0,0,0,6,-1,0
E:\OOD_Projects\ck-mvn-plugin\Princeton-Hospital-Management-System-master\src\com\Hospital\Princeton\NewPatient.java,com.Hospital.Princeton.NewPatient$Anonymous6,anonymous,1,1,0,1,1,1,0,1,0,0.0,NaN,NaN,1,0,1,0,0,0,1,0,0,0,0,0,0,0,0,0,0,0,0,5,0,0,0,0,0,0,0,0,0,0,0,0,0,0,6,-1,0
E:\OOD_Projects\ck-mvn-plugin\Princeton-Hospital-Management-System-master\src\com\Hospital\Princeton\DelPha.java,com.Hospital.Princeton.DelPha$Anonymous3,anonymous,1,1,0,1,1,1,0,1,0,0.0,NaN,NaN,1,0,1,0,0,0,1,0,0,0,0,0,0,0,0,0,0,0,0,5,0,0,0,0,0,0,0,0,0,0,0,0,0,0,4,-1,0
E:\OOD_Projects\ck-mvn-plugin\Princeton-Hospital-Management-System-master\src\com\Hospital\Princeton\NewPatient.java,com.Hospital.Princeton.NewPatient$Anonymous5,anonymous,1,1,0,1,1,1,0,1,0,0.0,NaN,NaN,1,0,1,0,0,0,1,0,0,0,0,0,0,0,0,0,0,0,0,5,0,0,0,0,0,0,0,0,0,0,0,0,0,0,6,-1,0
E:\OOD_Projects\ck-mvn-plugin\Princeton-Hospital-Management-System-master\src\com\Hospital\Princeton\MyP.java,com.Hospital.Princeton.MyP$Anonymous4,anonymous,1,1,0,1,1,1,0,1,0,0.0,NaN,NaN,1,0,1,0,0,0,1,0,0,0,0,0,0,0,0,0,0,0,0,5,0,0,0,0,0,0,0,0,0,0,0,0,0,0,6,-1,0
E:\OOD_Projects\ck-mvn-plugin\Princeton-Hospital-Management-System-master\src\com\Hospital\Princeton\Pharmacist.java,com.Hospital.Princeton.Pharmacist$Anonymous3,anonymous,1,1,0,1,1,1,0,1,0,0.0,NaN,NaN,1,0,1,0,0,0,1,0,0,0,0,0,0,0,0,0,0,0,0,5,0,0,0,0,0,0,0,0,0,0,0,0,0,0,6,-1,0
E:\OOD_Projects\ck-mvn-plugin\Princeton-Hospital-Management-System-master\src\com\Hospital\Princeton\MyP.java,com.Hospital.Princeton.MyP$Anonymous5,anonymous,1,1,0,1,1,1,0,1,0,0.0,NaN,NaN,1,0,1,0,0,0,1,0,0,0,0,0,0,0,0,0,0,0,0,5,0,0,0,0,0,0,0,0,0,0,0,0,0,0,6,-1,0
E:\OOD_Projects\ck-mvn-plugin\Princeton-Hospital-Management-System-master\src\com\Hospital\Princeton\Pharmacist.java,com.Hospital.Princeton.Pharmacist$Anonymous2,anonymous,1,1,0,1,1,1,0,1,0,0.0,NaN,NaN,1,0,1,0,0,0,1,0,0,0,0,0,0,0,0,0,0,0,0,5,0,0,0,0,0,0,0,0,0,0,0,0,0,0,6,-1,0
E:\OOD_Projects\ck-mvn-plugin\Princeton-Hospital-Management-System-master\src\com\Hospital\Princeton\MyP.java,com.Hospital.Princeton.MyP$Anonymous2,anonymous,1,1,0,1,1,1,0,1,0,0.0,NaN,NaN,1,0,1,0,0,0,1,0,0,0,0,0,0,0,0,0,0,0,0,5,0,0,0,0,0,0,0,0,0,0,0,0,0,0,6,-1,0
E:\OOD_Projects\ck-mvn-plugin\Princeton-Hospital-Management-System-master\src\com\Hospital\Princeton\Pharmacist.java,com.Hospital.Princeton.Pharmacist$Anonymous1,anonymous,1,1,0,1,1,1,0,1,0,0.0,NaN,NaN,1,0,1,0,0,0,1,0,0,0,0,0,0,0,0,0,0,0,0,5,0,0,0,0,0,0,0,0,0,0,0,0,0,0,6,-1,0
E:\OOD_Projects\ck-mvn-plugin\Princeton-Hospital-Management-System-master\src\com\Hospital\Princeton\MyP.java,com.Hospital.Princeton.MyP$Anonymous3,anonymous,1,1,0,1,1,1,0,1,0,0.0,NaN,NaN,1,0,1,0,0,0,1,0,0,0,0,0,0,0,0,0,0,0,0,5,0,0,0,0,0,0,0,0,0,0,0,0,0,0,6,-1,0
E:\OOD_Projects\ck-mvn-plugin\Princeton-Hospital-Management-System-master\src\com\Hospital\Princeton\ContactUs.java,com.Hospital.Princeton.ContactUs$Anonymous2,anonymous,1,1,0,1,1,1,0,1,0,0.0,NaN,NaN,1,0,1,0,0,0,1,0,0,0,0,0,0,0,0,0,0,0,0,5,0,0,0,0,0,0,0,0,0,0,0,0,0,0,4,-1,0
E:\OOD_Projects\ck-mvn-plugin\Princeton-Hospital-Management-System-master\src\com\Hospital\Princeton\MyP.java,com.Hospital.Princeton.MyP$Anonymous8,anonymous,1,1,0,1,1,1,0,1,0,0.0,NaN,NaN,1,0,1,0,0,0,1,0,0,0,0,0,0,0,0,0,0,0,0,5,0,0,0,0,0,0,0,0,0,0,0,0,0,0,5,-1,0
E:\OOD_Projects\ck-mvn-plugin\Princeton-Hospital-Management-System-master\src\com\Hospital\Princeton\Pharmacist.java,com.Hospital.Princeton.Pharmacist$Anonymous7,anonymous,1,1,0,1,1,1,0,1,0,0.0,NaN,NaN,1,0,1,0,0,0,1,0,0,0,0,0,0,0,0,0,0,0,0,5,0,0,0,0,0,0,0,0,0,0,0,0,0,0,3,-1,0
E:\OOD_Projects\ck-mvn-plugin\Princeton-Hospital-Management-System-master\src\com\Hospital\Princeton\MyP.java,com.Hospital.Princeton.MyP$Anonymous9,anonymous,1,1,0,1,1,1,0,1,0,0.0,NaN,NaN,1,0,1,0,0,0,1,0,0,0,0,0,0,0,0,0,0,0,0,5,0,0,0,0,0,0,0,0,0,0,0,0,0,0,6,-1,0
E:\OOD_Projects\ck-mvn-plugin\Princeton-Hospital-Management-System-master\src\com\Hospital\Princeton\Pharmacist.java,com.Hospital.Princeton.Pharmacist$Anonymous6,anonymous,1,1,0,1,1,1,0,1,0,0.0,NaN,NaN,1,0,1,0,0,0,1,0,0,0,0,0,0,0,0,0,0,0,0,5,0,0,0,0,0,0,0,0,0,0,0,0,0,0,6,-1,0
E:\OOD_Projects\ck-mvn-plugin\Princeton-Hospital-Management-System-master\src\com\Hospital\Princeton\MyP.java,com.Hospital.Princeton.MyP$Anonymous6,anonymous,1,1,0,1,1,1,0,1,0,0.0,NaN,NaN,1,0,1,0,0,0,1,0,0,0,0,0,0,0,0,0,0,0,0,5,0,0,0,0,0,0,0,0,0,0,0,0,0,0,5,-1,0
E:\OOD_Projects\ck-mvn-plugin\Princeton-Hospital-Management-System-master\src\com\Hospital\Princeton\Pharmacist.java,com.Hospital.Princeton.Pharmacist$Anonymous5,anonymous,1,1,0,1,1,1,0,1,0,0.0,NaN,NaN,1,0,1,0,0,0,1,0,0,0,0,0,0,0,0,0,0,0,0,5,0,0,0,0,0,0,0,0,0,0,0,0,0,0,7,-1,0
E:\OOD_Projects\ck-mvn-plugin\Princeton-Hospital-Management-System-master\src\com\Hospital\Princeton\ContactUs.java,com.Hospital.Princeton.ContactUs$Anonymous1,anonymous,1,1,0,1,1,1,0,1,0,0.0,NaN,NaN,1,0,1,0,0,0,1,0,0,0,0,0,0,0,0,0,0,0,0,5,0,0,0,0,0,0,0,0,0,0,0,0,0,0,6,-1,0
E:\OOD_Projects\ck-mvn-plugin\Princeton-Hospital-Management-System-master\src\com\Hospital\Princeton\MyP.java,com.Hospital.Princeton.MyP$Anonymous7,anonymous,1,1,0,1,1,1,0,1,0,0.0,NaN,NaN,1,0,1,0,0,0,1,0,0,0,0,0,0,0,0,0,0,0,0,5,0,0,0,0,0,0,0,0,0,0,0,0,0,0,5,-1,0
E:\OOD_Projects\ck-mvn-plugin\Princeton-Hospital-Management-System-master\src\com\Hospital\Princeton\Pharmacist.java,com.Hospital.Princeton.Pharmacist$Anonymous4,anonymous,1,1,0,1,1,1,0,1,0,0.0,NaN,NaN,1,0,1,0,0,0,1,0,0,0,0,0,0,0,0,0,0,0,0,5,0,0,0,0,0,0,0,0,0,0,0,0,0,0,6,-1,0
E:\OOD_Projects\ck-mvn-plugin\Princeton-Hospital-Management-System-master\src\com\Hospital\Princeton\PharmacistLogin.java,com.Hospital.Princeton.PharmacistLogin,class,7,17,10,7,20,6,0,55,28,0.875,0.0,0.0,8,1,2,6,0,0,2,0,0,0,13,0,0,12,0,1,0,0,10,174,0,2,2,2,0,18,60,23,0,23,3,6,0,0,107,1,0
E:\OOD_Projects\ck-mvn-plugin\Princeton-Hospital-Management-System-master\src\com\Hospital\Princeton\Admin.java,com.Hospital.Princeton.Admin,class,7,19,12,7,14,6,0,23,28,0.875,0.0,0.0,8,1,2,6,0,0,2,0,0,0,6,0,0,6,0,0,0,0,7,123,0,1,0,1,0,8,24,11,0,11,3,6,0,0,74,1,0
E:\OOD_Projects\ck-mvn-plugin\Princeton-Hospital-Management-System-master\src\com\Hospital\Princeton\MyAcc1.java,com.Hospital.Princeton.MyAcc1$Anonymous9,anonymous,1,1,0,1,1,1,0,1,0,0.0,NaN,NaN,1,0,1,0,0,0,1,0,0,0,0,0,0,0,0,0,0,0,0,5,0,0,0,0,0,0,0,0,0,0,0,0,0,0,4,-1,0
E:\OOD_Projects\ck-mvn-plugin\Princeton-Hospital-Management-System-master\src\com\Hospital\Princeton\MyAcc1.java,com.Hospital.Princeton.MyAcc1$Anonymous8,anonymous,1,1,0,1,1,1,0,1,0,0.0,NaN,NaN,1,0,1,0,0,0,1,0,0,0,0,0,0,0,0,0,0,0,0,5,0,0,0,0,0,0,0,0,0,0,0,0,0,0,6,-1,0
E:\OOD_Projects\ck-mvn-plugin\Princeton-Hospital-Management-System-master\src\com\Hospital\Princeton\AddDoctor.java,com.Hospital.Princeton.AddDoctor$Anonymous3,anonymous,1,1,0,1,1,1,0,1,0,0.0,NaN,NaN,1,0,1,0,0,0,1,0,0,0,0,0,0,0,0,0,0,0,0,5,0,0,0,0,0,0,0,0,0,0,0,0,0,0,4,-1,0
E:\OOD_Projects\ck-mvn-plugin\Princeton-Hospital-Management-System-master\src\com\Hospital\Princeton\AdminLogin.java,com.Hospital.Princeton.AdminLogin$Anonymous1,anonymous,1,1,0,1,1,1,0,1,0,0.0,NaN,NaN,1,0,1,0,0,0,1,0,0,0,0,0,0,0,0,0,0,0,0,5,0,0,0,0,0,0,0,0,0,0,0,0,0,0,6,-1,0
E:\OOD_Projects\ck-mvn-plugin\Princeton-Hospital-Management-System-master\src\com\Hospital\Princeton\AddDoctor.java,com.Hospital.Princeton.AddDoctor$Anonymous2,anonymous,1,1,0,1,1,1,0,1,0,0.0,NaN,NaN,1,0,1,0,0,0,1,0,0,0,0,0,0,0,0,0,0,0,0,5,0,0,0,0,0,0,0,0,0,0,0,0,0,0,6,-1,0
E:\OOD_Projects\ck-mvn-plugin\Princeton-Hospital-Management-System-master\src\com\Hospital\Princeton\AddDoctor.java,com.Hospital.Princeton.AddDoctor$Anonymous1,anonymous,1,1,0,1,1,1,0,1,0,0.0,NaN,NaN,1,0,1,0,0,0,1,0,0,0,0,0,0,0,0,0,0,0,0,5,0,0,0,0,0,0,0,0,0,0,0,0,0,0,6,-1,0
E:\OOD_Projects\ck-mvn-plugin\Princeton-Hospital-Management-System-master\src\com\Hospital\Princeton\AdminLogin.java,com.Hospital.Princeton.AdminLogin$Anonymous3,anonymous,1,1,0,1,1,1,0,1,0,0.0,NaN,NaN,1,0,1,0,0,0,1,0,0,0,0,0,0,0,0,0,0,0,0,5,0,0,0,0,0,0,0,0,0,0,0,0,0,0,6,-1,0
E:\OOD_Projects\ck-mvn-plugin\Princeton-Hospital-Management-System-master\src\com\Hospital\Princeton\AdminLogin.java,com.Hospital.Princeton.AdminLogin$Anonymous2,anonymous,1,1,0,1,1,1,0,1,0,0.0,NaN,NaN,1,0,1,0,0,0,1,0,0,0,0,0,0,0,0,0,0,0,0,5,0,0,0,0,0,0,0,0,0,0,0,0,0,0,6,-1,0
E:\OOD_Projects\ck-mvn-plugin\Princeton-Hospital-Management-System-master\src\com\Hospital\Princeton\Patient.java,com.Hospital.Princeton.Patient,class,10,29,19,10,19,6,0,28,66,0.91666675,0.0,0.0,12,1,2,10,0,0,2,0,0,0,11,0,0,11,0,0,0,0,10,197,0,1,0,2,0,16,49,20,1,20,3,10,0,0,90,1,0
E:\OOD_Projects\ck-mvn-plugin\Princeton-Hospital-Management-System-master\src\com\Hospital\Princeton\AdminLogin.java,com.Hospital.Princeton.AdminLogin$Anonymous4,anonymous,1,1,0,1,1,1,0,1,0,0.0,NaN,NaN,1,0,1,0,0,0,1,0,0,0,0,0,0,0,0,0,0,0,0,5,0,0,0,0,0,0,0,0,0,0,0,0,0,0,4,-1,0
E:\OOD_Projects\ck-mvn-plugin\Princeton-Hospital-Management-System-master\src\com\Hospital\Princeton\MyAcc1.java,com.Hospital.Princeton.MyAcc1$Anonymous1,anonymous,1,1,0,1,1,1,0,1,0,0.0,NaN,NaN,1,0,1,0,0,0,1,0,0,0,0,0,0,0,0,0,0,0,0,5,0,0,0,0,0,0,0,0,0,0,0,0,0,0,5,-1,0
E:\OOD_Projects\ck-mvn-plugin\Princeton-Hospital-Management-System-master\src\com\Hospital\Princeton\AddPharmacist.java,com.Hospital.Princeton.AddPharmacist,class,5,10,5,5,29,6,0,60,10,0.79999965,0.0,0.0,5,1,2,3,0,0,2,0,0,0,29,0,0,29,0,0,0,0,12,228,0,2,12,2,11,42,220,52,0,49,4,3,0,0,144,1,0
E:\OOD_Projects\ck-mvn-plugin\Princeton-Hospital-Management-System-master\src\com\Hospital\Princeton\MyAcc1.java,com.Hospital.Princeton.MyAcc1$Anonymous3,anonymous,1,1,0,1,1,1,0,1,0,0.0,NaN,NaN,1,0,1,0,0,0,1,0,0,0,0,0,0,0,0,0,0,0,0,5,0,0,0,0,0,0,0,0,0,0,0,0,0,0,5,-1,0
E:\OOD_Projects\ck-mvn-plugin\Princeton-Hospital-Management-System-master\src\com\Hospital\Princeton\MyAcc1.java,com.Hospital.Princeton.MyAcc1$Anonymous2,anonymous,1,1,0,1,1,1,0,1,0,0.0,NaN,NaN,1,0,1,0,0,0,1,0,0,0,0,0,0,0,0,0,0,0,0,5,0,0,0,0,0,0,0,0,0,0,0,0,0,0,6,-1,0
E:\OOD_Projects\ck-mvn-plugin\Princeton-Hospital-Management-System-master\src\com\Hospital\Princeton\MyAcc1.java,com.Hospital.Princeton.MyAcc1$Anonymous5,anonymous,1,1,0,1,1,1,0,1,0,0.0,NaN,NaN,1,0,1,0,0,0,1,0,0,0,0,0,0,0,0,0,0,0,0,5,0,0,0,0,0,0,0,0,0,0,0,0,0,0,6,-1,0
E:\OOD_Projects\ck-mvn-plugin\Princeton-Hospital-Management-System-master\src\com\Hospital\Princeton\PatientLogin.java,com.Hospital.Princeton.PatientLogin,class,7,21,14,7,25,6,0,55,30,0.8680557,0.0,0.0,9,1,3,6,0,0,3,0,0,0,15,2,1,14,0,0,0,0,9,202,1,3,5,3,0,25,93,35,0,33,4,5,0,0,111,1,0
E:\OOD_Projects\ck-mvn-plugin\Princeton-Hospital-Management-System-master\src\com\Hospital\Princeton\MyAcc1.java,com.Hospital.Princeton.MyAcc1$Anonymous4,anonymous,1,1,0,1,1,1,0,1,0,0.0,NaN,NaN,1,0,1,0,0,0,1,0,0,0,0,0,0,0,0,0,0,0,0,5,0,0,0,0,0,0,0,0,0,0,0,0,0,0,5,-1,0
E:\OOD_Projects\ck-mvn-plugin\Princeton-Hospital-Management-System-master\src\com\Hospital\Princeton\MyAcc1.java,com.Hospital.Princeton.MyAcc1$Anonymous7,anonymous,1,1,0,1,1,1,0,1,0,0.0,NaN,NaN,1,0,1,0,0,0,1,0,0,0,0,0,0,0,0,0,0,0,0,5,0,0,0,0,0,0,0,0,0,0,0,0,0,0,6,-1,0
E:\OOD_Projects\ck-mvn-plugin\Princeton-Hospital-Management-System-master\src\com\Hospital\Princeton\MyAcc1.java,com.Hospital.Princeton.MyAcc1$Anonymous6,anonymous,1,1,0,1,1,1,0,1,0,0.0,NaN,NaN,1,0,1,0,0,0,1,0,0,0,0,0,0,0,0,0,0,0,0,5,0,0,0,0,0,0,0,0,0,0,0,0,0,0,6,-1,0
E:\OOD_Projects\ck-mvn-plugin\Princeton-Hospital-Management-System-master\src\com\Hospital\Princeton\MyAcc1.java,com.Hospital.Princeton.MyAcc1,class,6,17,11,6,38,6,0,70,55,0.90909076,0.0,0.0,11,1,2,9,0,0,2,0,0,0,38,0,0,38,0,0,0,0,26,359,0,2,11,5,11,77,226,67,5,65,3,9,0,0,167,1,0
E:\OOD_Projects\ck-mvn-plugin\Princeton-Hospital-Management-System-master\src\com\Hospital\Princeton\PatientRegister.java,com.Hospital.Princeton.PatientRegister,class,4,11,7,4,33,6,0,61,10,0.7999996,0.0,0.0,5,1,2,3,0,0,2,0,0,0,38,0,0,38,0,0,0,0,12,291,0,2,16,2,16,58,266,65,0,62,4,3,0,0,162,1,0
E:\OOD_Projects\ck-mvn-plugin\Princeton-Hospital-Management-System-master\src\com\Hospital\Princeton\Hotels.java,com.Hospital.Princeton.Hotels$Anonymous2,anonymous,1,1,0,1,1,1,0,1,0,0.0,NaN,NaN,1,0,1,0,0,0,1,0,0,0,0,0,0,0,0,0,0,0,0,5,0,0,0,0,0,0,0,0,0,0,0,0,0,0,6,-1,0
E:\OOD_Projects\ck-mvn-plugin\Princeton-Hospital-Management-System-master\src\com\Hospital\Princeton\Setting.java,com.Hospital.Princeton.Setting$Anonymous3,anonymous,1,1,0,1,1,1,0,1,0,0.0,NaN,NaN,1,0,1,0,0,0,1,0,0,0,0,0,0,0,0,0,0,0,0,5,0,0,0,0,0,0,0,0,0,0,0,0,0,0,5,-1,0
E:\OOD_Projects\ck-mvn-plugin\Princeton-Hospital-Management-System-master\src\com\Hospital\Princeton\Hotels.java,com.Hospital.Princeton.Hotels$Anonymous1,anonymous,1,1,0,1,2,1,0,2,1,0.0,0.0,0.0,2,0,2,0,0,0,2,0,0,0,0,0,0,0,0,0,0,0,0,8,0,0,0,0,0,0,0,0,0,0,0,0,0,0,7,-1,0
E:\OOD_Projects\ck-mvn-plugin\Princeton-Hospital-Management-System-master\src\com\Hospital\Princeton\Setting.java,com.Hospital.Princeton.Setting$Anonymous2,anonymous,1,1,0,1,1,1,0,1,0,0.0,NaN,NaN,1,0,1,0,0,0,1,0,0,0,0,0,0,0,0,0,0,0,0,5,0,0,0,0,0,0,0,0,0,0,0,0,0,0,6,-1,0
E:\OOD_Projects\ck-mvn-plugin\Princeton-Hospital-Management-System-master\src\com\Hospital\Princeton\Setting.java,com.Hospital.Princeton.Setting$Anonymous5,anonymous,1,1,0,1,1,1,0,1,0,0.0,NaN,NaN,1,0,1,0,0,0,1,0,0,0,0,0,0,0,0,0,0,0,0,5,0,0,0,0,0,0,0,0,0,0,0,0,0,0,6,-1,0
E:\OOD_Projects\ck-mvn-plugin\Princeton-Hospital-Management-System-master\src\com\Hospital\Princeton\Setting.java,com.Hospital.Princeton.Setting$Anonymous4,anonymous,1,1,0,1,1,1,0,1,0,0.0,NaN,NaN,1,0,1,0,0,0,1,0,0,0,0,0,0,0,0,0,0,0,0,5,0,0,0,0,0,0,0,0,0,0,0,0,0,0,6,-1,0
E:\OOD_Projects\ck-mvn-plugin\Princeton-Hospital-Management-System-master\src\com\Hospital\Princeton\Setting.java,com.Hospital.Princeton.Setting$Anonymous1,anonymous,1,1,0,1,1,1,0,1,0,0.0,NaN,NaN,1,0,1,0,0,0,1,0,0,0,0,0,0,0,0,0,0,0,0,5,0,0,0,0,0,0,0,0,0,0,0,0,0,0,5,-1,0
E:\OOD_Projects\ck-mvn-plugin\Princeton-Hospital-Management-System-master\src\com\Hospital\Princeton\PhForgot.java,com.Hospital.Princeton.PhForgot$Anonymous6,anonymous,1,1,0,1,1,1,0,1,0,0.0,NaN,NaN,1,0,1,0,0,0,1,0,0,0,0,0,0,0,0,0,0,0,0,5,0,0,0,0,0,0,0,0,0,0,0,0,0,0,4,-1,0
E:\OOD_Projects\ck-mvn-plugin\Princeton-Hospital-Management-System-master\src\com\Hospital\Princeton\DelDoc.java,com.Hospital.Princeton.DelDoc,class,4,10,6,4,16,6,0,40,21,0.85714287,0.0,0.0,7,1,2,5,0,0,2,0,0,0,6,0,0,6,0,0,0,0,11,118,0,1,1,3,0,18,30,14,1,14,3,3,0,0,100,1,0
E:\OOD_Projects\ck-mvn-plugin\Princeton-Hospital-Management-System-master\src\com\Hospital\Princeton\PhForgot.java,com.Hospital.Princeton.PhForgot$Anonymous5,anonymous,1,1,0,1,1,1,0,1,0,0.0,NaN,NaN,1,0,1,0,0,0,1,0,0,0,0,0,0,0,0,0,0,0,0,5,0,0,0,0,0,0,0,0,0,0,0,0,0,0,6,-1,0
E:\OOD_Projects\ck-mvn-plugin\Princeton-Hospital-Management-System-master\src\com\Hospital\Princeton\PhForgot.java,com.Hospital.Princeton.PhForgot$Anonymous4,anonymous,1,1,0,1,1,1,0,1,0,0.0,NaN,NaN,1,0,1,0,0,0,1,0,0,0,0,0,0,0,0,0,0,0,0,5,0,0,0,0,0,0,0,0,0,0,0,0,0,0,5,-1,0
E:\OOD_Projects\ck-mvn-plugin\Princeton-Hospital-Management-System-master\src\com\Hospital\Princeton\PhForgot.java,com.Hospital.Princeton.PhForgot$Anonymous3,anonymous,1,1,0,1,1,1,0,1,0,0.0,NaN,NaN,1,0,1,0,0,0,1,0,0,0,0,0,0,0,0,0,0,0,0,5,0,0,0,0,0,0,0,0,0,0,0,0,0,0,5,-1,0
E:\OOD_Projects\ck-mvn-plugin\Princeton-Hospital-Management-System-master\src\com\Hospital\Princeton\PhForgot.java,com.Hospital.Princeton.PhForgot$Anonymous2,anonymous,1,1,0,1,1,1,0,1,0,0.0,NaN,NaN,1,0,1,0,0,0,1,0,0,0,0,0,0,0,0,0,0,0,0,5,0,0,0,0,0,0,0,0,0,0,0,0,0,0,5,-1,0
E:\OOD_Projects\ck-mvn-plugin\Princeton-Hospital-Management-System-master\src\com\Hospital\Princeton\PhForgot.java,com.Hospital.Princeton.PhForgot$Anonymous1,anonymous,1,1,0,1,1,1,0,1,0,0.0,NaN,NaN,1,0,1,0,0,0,1,0,0,0,0,0,0,0,0,0,0,0,0,5,0,0,0,0,0,0,0,0,0,0,0,0,0,0,6,-1,0
E:\OOD_Projects\ck-mvn-plugin\Princeton-Hospital-Management-System-master\src\com\Hospital\Princeton\Setting.java,com.Hospital.Princeton.Setting$Anonymous6,anonymous,1,1,0,1,1,1,0,1,0,0.0,NaN,NaN,1,0,1,0,0,0,1,0,0,0,0,0,0,0,0,0,0,0,0,5,0,0,0,0,0,0,0,0,0,0,0,0,0,0,6,-1,0
E:\OOD_Projects\ck-mvn-plugin\Princeton-Hospital-Management-System-master\src\com\Hospital\Princeton\Admin.java,com.Hospital.Princeton.Admin$Anonymous2,anonymous,1,1,0,1,1,1,0,1,0,0.0,NaN,NaN,1,0,1,0,0,0,1,0,0,0,0,0,0,0,0,0,0,0,0,5,0,0,0,0,0,0,0,0,0,0,0,0,0,0,6,-1,0
E:\OOD_Projects\ck-mvn-plugin\Princeton-Hospital-Management-System-master\src\com\Hospital\Princeton\Admin.java,com.Hospital.Princeton.Admin$Anonymous1,anonymous,1,1,0,1,1,1,0,1,0,0.0,NaN,NaN,1,0,1,0,0,0,1,0,0,0,0,0,0,0,0,0,0,0,0,5,0,0,0,0,0,0,0,0,0,0,0,0,0,0,6,-1,0
E:\OOD_Projects\ck-mvn-plugin\Princeton-Hospital-Management-System-master\src\com\Hospital\Princeton\Admin.java,com.Hospital.Princeton.Admin$Anonymous4,anonymous,1,1,0,1,1,1,0,1,0,0.0,NaN,NaN,1,0,1,0,0,0,1,0,0,0,0,0,0,0,0,0,0,0,0,5,0,0,0,0,0,0,0,0,0,0,0,0,0,0,6,-1,0
E:\OOD_Projects\ck-mvn-plugin\Princeton-Hospital-Management-System-master\src\com\Hospital\Princeton\Admin.java,com.Hospital.Princeton.Admin$Anonymous3,anonymous,1,1,0,1,1,1,0,1,0,0.0,NaN,NaN,1,0,1,0,0,0,1,0,0,0,0,0,0,0,0,0,0,0,0,5,0,0,0,0,0,0,0,0,0,0,0,0,0,0,6,-1,0
E:\OOD_Projects\ck-mvn-plugin\Princeton-Hospital-Management-System-master\src\com\Hospital\Princeton\Admin.java,com.Hospital.Princeton.Admin$Anonymous6,anonymous,1,1,0,1,1,1,0,1,0,0.0,NaN,NaN,1,0,1,0,0,0,1,0,0,0,0,0,0,0,0,0,0,0,0,5,0,0,0,0,0,0,0,0,0,0,0,0,0,0,3,-1,0
E:\OOD_Projects\ck-mvn-plugin\Princeton-Hospital-Management-System-master\src\com\Hospital\Princeton\Finance.java,com.Hospital.Princeton.Finance$Anonymous1,anonymous,1,1,0,1,1,1,0,1,0,0.0,NaN,NaN,1,0,1,0,0,0,1,0,0,0,0,0,0,0,0,0,0,0,0,5,0,0,0,0,0,0,0,0,0,0,0,0,0,0,6,-1,0
E:\OOD_Projects\ck-mvn-plugin\Princeton-Hospital-Management-System-master\src\com\Hospital\Princeton\Admin.java,com.Hospital.Princeton.Admin$Anonymous5,anonymous,1,1,0,1,1,1,0,1,0,0.0,NaN,NaN,1,0,1,0,0,0,1,0,0,0,0,0,0,0,0,0,0,0,0,5,0,0,0,0,0,0,0,0,0,0,0,0,0,0,6,-1,0
E:\OOD_Projects\ck-mvn-plugin\Princeton-Hospital-Management-System-master\src\com\Hospital\Princeton\Finance.java,com.Hospital.Princeton.Finance$Anonymous3,anonymous,1,1,0,1,1,1,0,1,0,0.0,NaN,NaN,1,0,1,0,0,0,1,0,0,0,0,0,0,0,0,0,0,0,0,5,0,0,0,0,0,0,0,0,0,0,0,0,0,0,6,-1,0
E:\OOD_Projects\ck-mvn-plugin\Princeton-Hospital-Management-System-master\src\com\Hospital\Princeton\Finance.java,com.Hospital.Princeton.Finance$Anonymous2,anonymous,1,1,0,1,1,1,0,1,0,0.0,NaN,NaN,1,0,1,0,0,0,1,0,0,0,0,0,0,0,0,0,0,0,0,5,0,0,0,0,0,0,0,0,0,0,0,0,0,0,6,-1,0
E:\OOD_Projects\ck-mvn-plugin\Princeton-Hospital-Management-System-master\src\com\Hospital\Princeton\Finance.java,com.Hospital.Princeton.Finance$Anonymous5,anonymous,1,1,0,1,1,1,0,1,0,0.0,NaN,NaN,1,0,1,0,0,0,1,0,0,0,0,0,0,0,0,0,0,0,0,5,0,0,0,0,0,0,0,0,0,0,0,0,0,0,3,-1,0
E:\OOD_Projects\ck-mvn-plugin\Princeton-Hospital-Management-System-master\src\com\Hospital\Princeton\Finance.java,com.Hospital.Princeton.Finance$Anonymous4,anonymous,1,1,0,1,1,1,0,1,0,0.0,NaN,NaN,1,0,1,0,0,0,1,0,0,0,0,0,0,0,0,0,0,0,0,5,0,0,0,0,0,0,0,0,0,0,0,0,0,0,6,-1,0
E:\OOD_Projects\ck-mvn-plugin\Princeton-Hospital-Management-System-master\src\com\Hospital\Princeton\Connect.java,com.Hospital.Princeton.Connect,class,0,18,18,0,1,1,0,2,0,0.0,NaN,NaN,1,0,1,0,0,0,1,0,0,0,1,0,1,0,0,0,0,0,2,7,0,0,0,0,0,4,0,1,0,1,0,0,0,0,8,1,0
E:\OOD_Projects\ck-mvn-plugin\Princeton-Hospital-Management-System-master\src\com\Hospital\Princeton\DoctorLogin.java,com.Hospital.Princeton.DoctorLogin$Anonymous4,anonymous,1,1,0,1,1,1,0,1,0,0.0,NaN,NaN,1,0,1,0,0,0,1,0,0,0,0,0,0,0,0,0,0,0,0,5,0,0,0,0,0,0,0,0,0,0,0,0,0,0,6,-1,0
E:\OOD_Projects\ck-mvn-plugin\Princeton-Hospital-Management-System-master\src\com\Hospital\Princeton\DoctorLogin.java,com.Hospital.Princeton.DoctorLogin$Anonymous5,anonymous,1,1,0,1,1,1,0,1,0,0.0,NaN,NaN,1,0,1,0,0,0,1,0,0,0,0,0,0,0,0,0,0,0,0,5,0,0,0,0,0,0,0,0,0,0,0,0,0,0,4,-1,0
E:\OOD_Projects\ck-mvn-plugin\Princeton-Hospital-Management-System-master\src\com\Hospital\Princeton\DForgot.java,com.Hospital.Princeton.DForgot,class,5,13,8,5,23,6,0,63,15,0.8435373,0.0,0.0,7,1,2,5,0,0,2,0,0,0,20,0,0,19,0,1,0,0,18,228,0,3,1,4,0,27,131,40,2,40,3,5,0,0,135,1,0
E:\OOD_Projects\ck-mvn-plugin\Princeton-Hospital-Management-System-master\src\com\Hospital\Princeton\DoctorLogin.java,com.Hospital.Princeton.DoctorLogin$Anonymous1,anonymous,1,1,0,1,3,1,0,1,3,0.0,0.0,0.0,3,0,3,0,0,0,3,0,0,0,0,0,0,0,0,0,0,0,0,9,0,0,0,0,0,0,0,0,0,0,0,0,0,0,8,-1,0
E:\OOD_Projects\ck-mvn-plugin\Princeton-Hospital-Management-System-master\src\com\Hospital\Princeton\AddPharmacist.java,com.Hospital.Princeton.AddPharmacist$Anonymous3,anonymous,1,1,0,1,1,1,0,1,0,0.0,NaN,NaN,1,0,1,0,0,0,1,0,0,0,0,0,0,0,0,0,0,0,0,5,0,0,0,0,0,0,0,0,0,0,0,0,0,0,4,-1,0
E:\OOD_Projects\ck-mvn-plugin\Princeton-Hospital-Management-System-master\src\com\Hospital\Princeton\DoctorLogin.java,com.Hospital.Princeton.DoctorLogin$Anonymous2,anonymous,1,1,0,1,1,1,0,1,0,0.0,NaN,NaN,1,0,1,0,0,0,1,0,0,0,0,0,0,0,0,0,0,0,0,5,0,0,0,0,0,0,0,0,0,0,0,0,0,0,6,-1,0
E:\OOD_Projects\ck-mvn-plugin\Princeton-Hospital-Management-System-master\src\com\Hospital\Princeton\DoctorLogin.java,com.Hospital.Princeton.DoctorLogin$Anonymous3,anonymous,1,1,0,1,1,1,0,1,0,0.0,NaN,NaN,1,0,1,0,0,0,1,0,0,0,0,0,0,0,0,0,0,0,0,5,0,0,0,0,0,0,0,0,0,0,0,0,0,0,6,-1,0
E:\OOD_Projects\ck-mvn-plugin\Princeton-Hospital-Management-System-master\src\com\Hospital\Princeton\Pharmacist.java,com.Hospital.Princeton.Pharmacist,class,4,13,9,4,33,6,0,55,47,0.89028186,0.0,0.0,11,1,2,9,0,0,2,0,0,0,22,0,0,20,0,2,0,0,20,299,0,2,10,6,0,50,141,54,3,49,3,7,0,0,146,1,0
E:\OOD_Projects\ck-mvn-plugin\Princeton-Hospital-Management-System-master\src\com\Hospital\Princeton\Setting.java,com.Hospital.Princeton.Setting,class,5,14,9,5,49,6,0,71,36,0.89080495,0.0,0.0,9,1,2,7,0,0,2,0,0,0,47,0,0,47,0,0,0,0,26,424,0,2,15,6,16,118,306,82,5,81,3,6,0,0,165,1,0
E:\OOD_Projects\ck-mvn-plugin\Princeton-Hospital-Management-System-master\src\com\Hospital\Princeton\NewPatient.java,com.Hospital.Princeton.NewPatient,class,6,15,9,6,27,6,0,74,32,0.88657445,0.0,0.0,9,1,2,7,0,0,2,0,0,0,33,0,0,30,0,3,0,0,10,253,0,1,12,2,12,51,204,52,0,52,3,6,0,1,149,1,0
E:\OOD_Projects\ck-mvn-plugin\Princeton-Hospital-Management-System-master\src\com\Hospital\Princeton\FAQs.java,com.Hospital.Princeton.FAQs,class,4,8,4,4,11,6,0,27,10,0.8,0.0,0.0,5,1,2,3,0,0,2,0,0,0,5,0,0,5,0,0,0,0,7,82,0,1,0,1,0,7,21,7,0,7,3,2,0,1,76,1,0
E:\OOD_Projects\ck-mvn-plugin\Princeton-Hospital-Management-System-master\src\com\Hospital\Princeton\Services.java,com.Hospital.Princeton.Services$Anonymous1,anonymous,0,0,0,0,1,1,0,0,0,0.0,NaN,NaN,1,0,1,0,0,0,1,0,0,0,1,0,0,0,0,1,0,0,0,6,1,0,0,0,0,0,0,1,0,1,0,0,0,0,6,-1,0
E:\OOD_Projects\ck-mvn-plugin\Princeton-Hospital-Management-System-master\src\com\Hospital\Princeton\ContactUs.java,com.Hospital.Princeton.ContactUs,class,3,8,5,3,10,6,0,42,6,0.75,0.0,0.0,4,1,2,2,0,0,2,0,0,0,9,0,0,9,0,0,0,0,9,99,0,1,0,1,0,15,46,12,0,12,3,2,0,0,84,1,0
E:\OOD_Projects\ck-mvn-plugin\Princeton-Hospital-Management-System-master\src\com\Hospital\Princeton\AddPharmacist.java,com.Hospital.Princeton.AddPharmacist$Anonymous1,anonymous,1,1,0,1,1,1,0,1,0,0.0,NaN,NaN,1,0,1,0,0,0,1,0,0,0,0,0,0,0,0,0,0,0,0,5,0,0,0,0,0,0,0,0,0,0,0,0,0,0,6,-1,0
E:\OOD_Projects\ck-mvn-plugin\Princeton-Hospital-Management-System-master\src\com\Hospital\Princeton\DoctorLogin.java,com.Hospital.Princeton.DoctorLogin,class,7,16,9,7,20,6,0,42,28,0.875,0.0,0.0,8,1,3,5,0,0,3,0,0,0,14,2,1,12,0,1,0,0,10,168,0,2,2,2,0,17,60,22,0,23,3,5,0,0,112,1,0
E:\OOD_Projects\ck-mvn-plugin\Princeton-Hospital-Management-System-master\src\com\Hospital\Princeton\PForgot.java,com.Hospital.Princeton.PForgot$Anonymous3,anonymous,1,1,0,1,1,1,0,1,0,0.0,NaN,NaN,1,0,1,0,0,0,1,0,0,0,0,0,0,0,0,0,0,0,0,5,0,0,0,0,0,0,0,0,0,0,0,0,0,0,5,-1,0
E:\OOD_Projects\ck-mvn-plugin\Princeton-Hospital-Management-System-master\src\com\Hospital\Princeton\AddPharmacist.java,com.Hospital.Princeton.AddPharmacist$Anonymous2,anonymous,1,1,0,1,1,1,0,1,0,0.0,NaN,NaN,1,0,1,0,0,0,1,0,0,0,0,0,0,0,0,0,0,0,0,5,0,0,0,0,0,0,0,0,0,0,0,0,0,0,6,-1,0
E:\OOD_Projects\ck-mvn-plugin\Princeton-Hospital-Management-System-master\src\com\Hospital\Princeton\PForgot.java,com.Hospital.Princeton.PForgot$Anonymous4,anonymous,1,1,0,1,1,1,0,1,0,0.0,NaN,NaN,1,0,1,0,0,0,1,0,0,0,0,0,0,0,0,0,0,0,0,5,0,0,0,0,0,0,0,0,0,0,0,0,0,0,5,-1,0
E:\OOD_Projects\ck-mvn-plugin\Princeton-Hospital-Management-System-master\src\com\Hospital\Princeton\PatientRegister.java,com.Hospital.Princeton.PatientRegister$Anonymous1,anonymous,1,1,0,1,1,1,0,1,0,0.0,NaN,NaN,1,0,1,0,0,0,1,0,0,0,0,0,0,0,0,0,0,0,0,5,0,0,0,0,0,0,0,0,0,0,0,0,0,0,6,-1,0
E:\OOD_Projects\ck-mvn-plugin\Princeton-Hospital-Management-System-master\src\com\Hospital\Princeton\PForgot.java,com.Hospital.Princeton.PForgot$Anonymous1,anonymous,1,1,0,1,1,1,0,1,0,0.0,NaN,NaN,1,0,1,0,0,0,1,0,0,0,0,0,0,0,0,0,0,0,0,5,0,0,0,0,0,0,0,0,0,0,0,0,0,0,6,-1,0
E:\OOD_Projects\ck-mvn-plugin\Princeton-Hospital-Management-System-master\src\com\Hospital\Princeton\PForgot.java,com.Hospital.Princeton.PForgot$Anonymous2,anonymous,1,1,0,1,1,1,0,1,0,0.0,NaN,NaN,1,0,1,0,0,0,1,0,0,0,0,0,0,0,0,0,0,0,0,5,0,0,0,0,0,0,0,0,0,0,0,0,0,0,5,-1,0
E:\OOD_Projects\ck-mvn-plugin\Princeton-Hospital-Management-System-master\src\com\Hospital\Princeton\Hotels.java,com.Hospital.Princeton.Hotels$Anonymous6,anonymous,1,1,0,1,1,1,0,1,0,0.0,NaN,NaN,1,0,1,0,0,0,1,0,0,0,0,0,0,0,0,0,0,0,0,5,0,0,0,0,0,0,0,0,0,0,0,0,0,0,3,-1,0
E:\OOD_Projects\ck-mvn-plugin\Princeton-Hospital-Management-System-master\src\com\Hospital\Princeton\PatientRegister.java,com.Hospital.Princeton.PatientRegister$Anonymous3,anonymous,1,1,0,1,1,1,0,1,0,0.0,NaN,NaN,1,0,1,0,0,0,1,0,0,0,0,0,0,0,0,0,0,0,0,5,0,0,0,0,0,0,0,0,0,0,0,0,0,0,4,-1,0
E:\OOD_Projects\ck-mvn-plugin\Princeton-Hospital-Management-System-master\src\com\Hospital\Princeton\Hotels.java,com.Hospital.Princeton.Hotels$Anonymous5,anonymous,1,1,0,1,1,1,0,1,0,0.0,NaN,NaN,1,0,1,0,0,0,1,0,0,0,0,0,0,0,0,0,0,0,0,5,0,0,0,0,0,0,0,0,0,0,0,0,0,0,6,-1,0
E:\OOD_Projects\ck-mvn-plugin\Princeton-Hospital-Management-System-master\src\com\Hospital\Princeton\PatientRegister.java,com.Hospital.Princeton.PatientRegister$Anonymous2,anonymous,1,1,0,1,1,1,0,1,0,0.0,NaN,NaN,1,0,1,0,0,0,1,0,0,0,0,0,0,0,0,0,0,0,0,5,0,0,0,0,0,0,0,0,0,0,0,0,0,0,6,-1,0
E:\OOD_Projects\ck-mvn-plugin\Princeton-Hospital-Management-System-master\src\com\Hospital\Princeton\Hotels.java,com.Hospital.Princeton.Hotels$Anonymous4,anonymous,1,1,0,1,1,1,0,1,0,0.0,NaN,NaN,1,0,1,0,0,0,1,0,0,0,0,0,0,0,0,0,0,0,0,5,0,0,0,0,0,0,0,0,0,0,0,0,0,0,6,-1,0
E:\OOD_Projects\ck-mvn-plugin\Princeton-Hospital-Management-System-master\src\com\Hospital\Princeton\PForgot.java,com.Hospital.Princeton.PForgot$Anonymous5,anonymous,1,1,0,1,1,1,0,1,0,0.0,NaN,NaN,1,0,1,0,0,0,1,0,0,0,0,0,0,0,0,0,0,0,0,5,0,0,0,0,0,0,0,0,0,0,0,0,0,0,6,-1,0
E:\OOD_Projects\ck-mvn-plugin\Princeton-Hospital-Management-System-master\src\com\Hospital\Princeton\Hotels.java,com.Hospital.Princeton.Hotels$Anonymous3,anonymous,1,1,0,1,1,1,0,1,0,0.0,NaN,NaN,1,0,1,0,0,0,1,0,0,0,0,0,0,0,0,0,0,0,0,5,0,0,0,0,0,0,0,0,0,0,0,0,0,0,6,-1,0
E:\OOD_Projects\ck-mvn-plugin\Princeton-Hospital-Management-System-master\src\com\Hospital\Princeton\PForgot.java,com.Hospital.Princeton.PForgot$Anonymous6,anonymous,1,1,0,1,1,1,0,1,0,0.0,NaN,NaN,1,0,1,0,0,0,1,0,0,0,0,0,0,0,0,0,0,0,0,5,0,0,0,0,0,0,0,0,0,0,0,0,0,0,4,-1,0
E:\OOD_Projects\ck-mvn-plugin\Princeton-Hospital-Management-System-master\src\com\Hospital\Princeton\MyP.java,com.Hospital.Princeton.MyP$Anonymous10,anonymous,1,1,0,1,1,1,0,1,0,0.0,NaN,NaN,1,0,1,0,0,0,1,0,0,0,0,0,0,0,0,0,0,0,0,5,0,0,0,0,0,0,0,0,0,0,0,0,0,0,6,-1,0
E:\OOD_Projects\ck-mvn-plugin\Princeton-Hospital-Management-System-master\src\com\Hospital\Princeton\MyP.java,com.Hospital.Princeton.MyP$Anonymous11,anonymous,1,1,0,1,1,1,0,1,0,0.0,NaN,NaN,1,0,1,0,0,0,1,0,0,0,0,0,0,0,0,0,0,0,0,5,0,0,0,0,0,0,0,0,0,0,0,0,0,0,6,-1,0
E:\OOD_Projects\ck-mvn-plugin\Princeton-Hospital-Management-System-master\src\com\Hospital\Princeton\MyP.java,com.Hospital.Princeton.MyP$Anonymous12,anonymous,1,1,0,1,1,1,0,1,0,0.0,NaN,NaN,1,0,1,0,0,0,1,0,0,0,0,0,0,0,0,0,0,0,0,5,0,0,0,0,0,0,0,0,0,0,0,0,0,0,6,-1,0
E:\OOD_Projects\ck-mvn-plugin\Princeton-Hospital-Management-System-master\src\com\Hospital\Princeton\MyP.java,com.Hospital.Princeton.MyP$Anonymous13,anonymous,1,1,0,1,1,1,0,1,0,0.0,NaN,NaN,1,0,1,0,0,0,1,0,0,0,0,0,0,0,0,0,0,0,0,5,0,0,0,0,0,0,0,0,0,0,0,0,0,0,4,-1,0
E:\OOD_Projects\ck-mvn-plugin\Princeton-Hospital-Management-System-master\src\com\Hospital\Princeton\Confirm.java,com.Hospital.Princeton.Confirm,class,10,15,5,10,17,6,0,59,11,0.7666667,0.0,0.0,6,1,2,4,0,0,2,0,0,0,14,0,0,10,0,4,0,0,12,188,0,2,0,5,0,32,72,40,2,40,3,3,0,1,155,1,0
E:\OOD_Projects\ck-mvn-plugin\Princeton-Hospital-Management-System-master\src\com\Hospital\Princeton\DelPha.java,com.Hospital.Princeton.DelPha,class,5,10,5,5,16,6,0,41,21,0.85714287,0.0,0.0,7,1,2,5,0,0,2,0,0,0,6,0,0,6,0,0,0,0,11,118,0,1,1,3,0,18,30,14,1,14,3,3,0,0,101,1,0
E:\OOD_Projects\ck-mvn-plugin\Princeton-Hospital-Management-System-master\src\com\Hospital\Princeton\Patient.java,com.Hospital.Princeton.Patient$Anonymous10,anonymous,1,1,0,1,1,1,0,1,0,0.0,NaN,NaN,1,0,1,0,0,0,1,0,0,0,0,0,0,0,0,0,0,0,0,5,0,0,0,0,0,0,0,0,0,0,0,0,0,0,3,-1,0
E:\OOD_Projects\ck-mvn-plugin\Princeton-Hospital-Management-System-master\src\com\Hospital\Princeton\Services.java,com.Hospital.Princeton.Services,class,4,14,10,4,22,6,0,44,45,0.8787878,0.0,0.0,11,1,2,9,0,0,2,0,0,0,21,3,2,18,0,1,0,0,14,236,0,1,5,1,3,76,88,37,0,29,3,9,0,0,122,1,0
E:\OOD_Projects\ck-mvn-plugin\Princeton-Hospital-Management-System-master\src\com\Hospital\Princeton\Frame1.java,com.Hospital.Princeton.Frame1,class,3,7,4,3,13,6,0,27,15,0.8333333,0.0,0.0,6,1,2,4,0,0,2,0,0,0,4,1,0,4,0,0,0,0,6,83,0,1,1,1,0,6,14,6,0,6,3,3,0,0,70,1,0
E:\OOD_Projects\ck-mvn-plugin\Princeton-Hospital-Management-System-master\src\com\Hospital\Princeton\Map.java,com.Hospital.Princeton.Map,class,3,7,4,3,10,6,0,23,6,0.75,0.0,0.0,4,1,2,2,0,0,2,0,0,0,3,0,0,3,0,0,0,0,7,64,0,1,0,1,0,6,12,4,0,4,3,2,0,0,66,1,0
E:\OOD_Projects\ck-mvn-plugin\Princeton-Hospital-Management-System-master\src\com\Hospital\Princeton\PForgot.java,com.Hospital.Princeton.PForgot,class,4,14,10,4,30,6,0,63,16,0.85714287,0.0,0.0,8,1,2,6,0,0,2,0,0,0,20,1,0,19,0,1,0,0,21,267,0,4,3,5,0,30,135,47,2,46,4,6,0,0,137,1,0
E:\OOD_Projects\ck-mvn-plugin\Princeton-Hospital-Management-System-master\src\com\Hospital\Princeton\DForgot.java,com.Hospital.Princeton.DForgot$Anonymous1,anonymous,1,1,0,1,1,1,0,1,0,0.0,NaN,NaN,1,0,1,0,0,0,1,0,0,0,0,0,0,0,0,0,0,0,0,5,0,0,0,0,0,0,0,0,0,0,0,0,0,0,6,-1,0
E:\OOD_Projects\ck-mvn-plugin\Princeton-Hospital-Management-System-master\src\com\Hospital\Princeton\DForgot.java,com.Hospital.Princeton.DForgot$Anonymous2,anonymous,1,1,0,1,1,1,0,1,0,0.0,NaN,NaN,1,0,1,0,0,0,1,0,0,0,0,0,0,0,0,0,0,0,0,5,0,0,0,0,0,0,0,0,0,0,0,0,0,0,5,-1,0
E:\OOD_Projects\ck-mvn-plugin\Princeton-Hospital-Management-System-master\src\com\Hospital\Princeton\DForgot.java,com.Hospital.Princeton.DForgot$Anonymous3,anonymous,1,1,0,1,1,1,0,1,0,0.0,NaN,NaN,1,0,1,0,0,0,1,0,0,0,0,0,0,0,0,0,0,0,0,5,0,0,0,0,0,0,0,0,0,0,0,0,0,0,5,-1,0
E:\OOD_Projects\ck-mvn-plugin\Princeton-Hospital-Management-System-master\src\com\Hospital\Princeton\DForgot.java,com.Hospital.Princeton.DForgot$Anonymous4,anonymous,1,1,0,1,1,1,0,1,0,0.0,NaN,NaN,1,0,1,0,0,0,1,0,0,0,0,0,0,0,0,0,0,0,0,5,0,0,0,0,0,0,0,0,0,0,0,0,0,0,6,-1,0
E:\OOD_Projects\ck-mvn-plugin\Princeton-Hospital-Management-System-master\src\com\Hospital\Princeton\DelPha.java,com.Hospital.Princeton.DelPha$Anonymous1,anonymous,1,1,0,1,1,1,0,1,0,0.0,NaN,NaN,1,0,1,0,0,0,1,0,0,0,0,0,0,0,0,0,0,0,0,5,0,0,0,0,0,0,0,0,0,0,0,0,0,0,6,-1,0
E:\OOD_Projects\ck-mvn-plugin\Princeton-Hospital-Management-System-master\src\com\Hospital\Princeton\DForgot.java,com.Hospital.Princeton.DForgot$Anonymous5,anonymous,1,1,0,1,1,1,0,1,0,0.0,NaN,NaN,1,0,1,0,0,0,1,0,0,0,0,0,0,0,0,0,0,0,0,5,0,0,0,0,0,0,0,0,0,0,0,0,0,0,4,-1,0
E:\OOD_Projects\ck-mvn-plugin\Princeton-Hospital-Management-System-master\src\com\Hospital\Princeton\Frame2.java,com.Hospital.Princeton.Frame2,class,6,18,12,6,13,6,0,24,21,0.85714287,0.0,0.0,7,1,2,5,0,0,2,0,0,0,8,1,0,8,0,0,0,0,6,116,0,1,0,1,0,12,38,12,0,12,3,4,0,0,78,1,0
E:\OOD_Projects\ck-mvn-plugin\Princeton-Hospital-Management-System-master\src\com\Hospital\Princeton\Finance.java,com.Hospital.Princeton.Finance,class,3,10,7,3,16,6,0,30,21,0.8571428,0.0,0.0,7,1,2,5,0,0,2,0,0,0,10,0,0,10,0,0,0,0,14,150,0,1,0,4,0,25,70,11,3,11,3,5,0,0,106,1,0
E:\OOD_Projects\ck-mvn-plugin\Princeton-Hospital-Management-System-master\src\com\Hospital\Princeton\Services.java,com.Hospital.Princeton.Services$Anonymous4,anonymous,1,1,0,1,1,1,0,1,0,0.0,NaN,NaN,1,0,1,0,0,0,1,0,0,0,0,0,0,0,0,0,0,0,0,5,0,0,0,0,0,0,0,0,0,0,0,0,0,0,6,-1,0
E:\OOD_Projects\ck-mvn-plugin\Princeton-Hospital-Management-System-master\src\com\Hospital\Princeton\Services.java,com.Hospital.Princeton.Services$Anonymous5,anonymous,1,1,0,1,1,1,0,1,0,0.0,NaN,NaN,1,0,1,0,0,0,1,0,0,0,0,0,0,0,0,0,0,0,0,5,0,0,0,0,0,0,0,0,0,0,0,0,0,0,6,-1,0
E:\OOD_Projects\ck-mvn-plugin\Princeton-Hospital-Management-System-master\src\com\Hospital\Princeton\Services.java,com.Hospital.Princeton.Services$Anonymous2,anonymous,0,0,0,0,1,1,0,0,0,0.0,NaN,NaN,1,0,1,0,0,0,1,0,0,0,1,0,0,0,0,1,0,0,0,6,1,0,0,0,0,0,0,1,0,1,0,0,0,0,6,-1,0
E:\OOD_Projects\ck-mvn-plugin\Princeton-Hospital-Management-System-master\src\com\Hospital\Princeton\Services.java,com.Hospital.Princeton.Services$Anonymous3,anonymous,1,1,0,1,1,1,0,1,0,0.0,NaN,NaN,1,0,1,0,0,0,1,0,0,0,0,0,0,0,0,0,0,0,0,5,0,0,0,0,0,0,0,0,0,0,0,0,0,0,6,-1,0
E:\OOD_Projects\ck-mvn-plugin\Princeton-Hospital-Management-System-master\src\com\Hospital\Princeton\Frame2.java,com.Hospital.Princeton.Frame2$Anonymous3,anonymous,1,1,0,1,1,1,0,1,0,0.0,NaN,NaN,1,0,1,0,0,0,1,0,0,0,0,0,0,0,0,0,0,0,0,5,0,0,0,0,0,0,0,0,0,0,0,0,0,0,6,-1,0
E:\OOD_Projects\ck-mvn-plugin\Princeton-Hospital-Management-System-master\src\com\Hospital\Princeton\Services.java,com.Hospital.Princeton.Services$Anonymous8,anonymous,1,1,0,1,1,1,0,1,0,0.0,NaN,NaN,1,0,1,0,0,0,1,0,0,0,0,0,0,0,0,0,0,0,0,5,0,0,0,0,0,0,0,0,0,0,0,0,0,0,6,-1,0
E:\OOD_Projects\ck-mvn-plugin\Princeton-Hospital-Management-System-master\src\com\Hospital\Princeton\Frame2.java,com.Hospital.Princeton.Frame2$Anonymous4,anonymous,1,1,0,1,1,1,0,1,0,0.0,NaN,NaN,1,0,1,0,0,0,1,0,0,0,0,0,0,0,0,0,0,0,0,5,0,0,0,0,0,0,0,0,0,0,0,0,0,0,6,-1,0
E:\OOD_Projects\ck-mvn-plugin\Princeton-Hospital-Management-System-master\src\com\Hospital\Princeton\Services.java,com.Hospital.Princeton.Services$Anonymous9,anonymous,1,1,0,1,1,1,0,1,0,0.0,NaN,NaN,1,0,1,0,0,0,1,0,0,0,0,0,0,0,0,0,0,0,0,5,0,0,0,0,0,0,0,0,0,0,0,0,0,0,3,-1,0
E:\OOD_Projects\ck-mvn-plugin\Princeton-Hospital-Management-System-master\src\com\Hospital\Princeton\Frame2.java,com.Hospital.Princeton.Frame2$Anonymous1,anonymous,1,1,0,1,1,1,0,1,0,0.0,NaN,NaN,1,0,1,0,0,0,1,0,0,0,0,0,0,0,0,0,0,0,0,5,0,0,0,0,0,0,0,0,0,0,0,0,0,0,6,-1,0
E:\OOD_Projects\ck-mvn-plugin\Princeton-Hospital-Management-System-master\src\com\Hospital\Princeton\Services.java,com.Hospital.Princeton.Services$Anonymous6,anonymous,1,1,0,1,1,1,0,1,0,0.0,NaN,NaN,1,0,1,0,0,0,1,0,0,0,0,0,0,0,0,0,0,0,0,5,0,0,0,0,0,0,0,0,0,0,0,0,0,0,6,-1,0
E:\OOD_Projects\ck-mvn-plugin\Princeton-Hospital-Management-System-master\src\com\Hospital\Princeton\Frame2.java,com.Hospital.Princeton.Frame2$Anonymous2,anonymous,1,1,0,1,1,1,0,1,0,0.0,NaN,NaN,1,0,1,0,0,0,1,0,0,0,0,0,0,0,0,0,0,0,0,5,0,0,0,0,0,0,0,0,0,0,0,0,0,0,6,-1,0
E:\OOD_Projects\ck-mvn-plugin\Princeton-Hospital-Management-System-master\src\com\Hospital\Princeton\Services.java,com.Hospital.Princeton.Services$Anonymous7,anonymous,1,1,0,1,1,1,0,1,0,0.0,NaN,NaN,1,0,1,0,0,0,1,0,0,0,0,0,0,0,0,0,0,0,0,5,0,0,0,0,0,0,0,0,0,0,0,0,0,0,6,-1,0
E:\OOD_Projects\ck-mvn-plugin\Princeton-Hospital-Management-System-master\src\com\Hospital\Princeton\PatientLogin.java,com.Hospital.Princeton.PatientLogin$Anonymous5,anonymous,1,1,0,1,1,1,0,1,0,0.0,NaN,NaN,1,0,1,0,0,0,1,0,0,0,0,0,0,0,0,0,0,0,0,5,0,0,0,0,0,0,0,0,0,0,0,0,0,0,6,-1,0
E:\OOD_Projects\ck-mvn-plugin\Princeton-Hospital-Management-System-master\src\com\Hospital\Princeton\Doctor.java,com.Hospital.Princeton.Doctor,class,6,16,10,6,13,6,0,29,21,0.85714287,0.0,0.0,7,1,2,5,0,0,2,0,0,0,6,0,0,6,0,0,0,0,7,118,0,1,0,1,0,12,33,10,1,10,3,5,0,0,79,1,0
E:\OOD_Projects\ck-mvn-plugin\Princeton-Hospital-Management-System-master\src\com\Hospital\Princeton\PatientLogin.java,com.Hospital.Princeton.PatientLogin$Anonymous4,anonymous,1,1,0,1,1,1,0,1,0,0.0,NaN,NaN,1,0,1,0,0,0,1,0,0,0,0,0,0,0,0,0,0,0,0,5,0,0,0,0,0,0,0,0,0,0,0,0,0,0,6,-1,0
E:\OOD_Projects\ck-mvn-plugin\Princeton-Hospital-Management-System-master\src\com\Hospital\Princeton\FAQs.java,com.Hospital.Princeton.FAQs$Anonymous2,anonymous,1,1,0,1,1,1,0,1,0,0.0,NaN,NaN,1,0,1,0,0,0,1,0,0,0,0,0,0,0,0,0,0,0,0,5,0,0,0,0,0,0,0,0,0,0,0,0,0,0,6,-1,0
E:\OOD_Projects\ck-mvn-plugin\Princeton-Hospital-Management-System-master\src\com\Hospital\Princeton\FAQs.java,com.Hospital.Princeton.FAQs$Anonymous1,anonymous,1,1,0,1,1,1,0,1,0,0.0,NaN,NaN,1,0,1,0,0,0,1,0,0,0,0,0,0,0,0,0,0,0,0,5,0,0,0,0,0,0,0,0,0,0,0,0,0,0,6,-1,0
E:\OOD_Projects\ck-mvn-plugin\Princeton-Hospital-Management-System-master\src\com\Hospital\Princeton\PatientLogin.java,com.Hospital.Princeton.PatientLogin$Anonymous1,anonymous,1,1,0,1,1,1,0,1,0,0.0,NaN,NaN,1,0,1,0,0,0,1,0,0,0,0,0,0,0,0,0,0,0,0,5,0,0,0,0,0,0,0,0,0,0,0,0,0,0,6,-1,0
E:\OOD_Projects\ck-mvn-plugin\Princeton-Hospital-Management-System-master\src\com\Hospital\Princeton\PatientLogin.java,com.Hospital.Princeton.PatientLogin$Anonymous3,anonymous,1,1,0,1,1,1,0,1,0,0.0,NaN,NaN,1,0,1,0,0,0,1,0,0,0,0,0,0,0,0,0,0,0,0,5,0,0,0,0,0,0,0,0,0,0,0,0,0,0,5,-1,0
E:\OOD_Projects\ck-mvn-plugin\Princeton-Hospital-Management-System-master\src\com\Hospital\Princeton\PatientLogin.java,com.Hospital.Princeton.PatientLogin$Anonymous2,anonymous,1,1,0,1,1,1,0,1,0,0.0,NaN,NaN,1,0,1,0,0,0,1,0,0,0,0,0,0,0,0,0,0,0,0,5,0,0,0,0,0,0,0,0,0,0,0,0,0,0,6,-1,0
E:\OOD_Projects\ck-mvn-plugin\Princeton-Hospital-Management-System-master\src\com\Hospital\Princeton\AddDoctor.java,com.Hospital.Princeton.AddDoctor,class,5,10,5,5,29,6,0,60,10,0.79999965,0.0,0.0,5,1,2,3,0,0,2,0,0,0,29,0,0,29,0,0,0,0,12,228,0,2,12,2,11,42,220,52,0,49,4,3,0,0,144,1,0
E:\OOD_Projects\ck-mvn-plugin\Princeton-Hospital-Management-System-master\src\com\Hospital\Princeton\Hotels.java,com.Hospital.Princeton.Hotels,class,3,11,8,3,19,6,0,48,36,0.88888925,0.0,0.0,9,1,2,7,0,0,2,0,0,0,44,0,0,44,0,0,0,0,19,317,0,1,0,5,0,68,247,53,0,53,3,6,0,0,125,1,0
E:\OOD_Projects\ck-mvn-plugin\Princeton-Hospital-Management-System-master\src\com\Hospital\Princeton\Frame1.java,com.Hospital.Princeton.Frame1$Anonymous1,anonymous,1,1,0,1,1,1,0,1,0,0.0,NaN,NaN,1,0,1,0,0,0,1,0,0,0,0,0,0,0,0,0,0,0,0,5,0,0,0,0,0,0,0,0,0,0,0,0,0,0,6,-1,0
E:\OOD_Projects\ck-mvn-plugin\Princeton-Hospital-Management-System-master\src\com\Hospital\Princeton\Frame1.java,com.Hospital.Princeton.Frame1$Anonymous2,anonymous,1,1,0,1,1,1,0,1,0,0.0,NaN,NaN,1,0,1,0,0,0,1,0,0,0,0,0,0,0,0,0,0,0,0,5,0,0,0,0,0,0,0,0,0,0,0,0,0,0,6,-1,0
E:\OOD_Projects\ck-mvn-plugin\Princeton-Hospital-Management-System-master\src\com\Hospital\Princeton\Frame1.java,com.Hospital.Princeton.Frame1$Anonymous3,anonymous,1,1,0,1,1,1,0,1,0,0.0,NaN,NaN,1,0,1,0,0,0,1,0,0,0,0,0,0,0,0,0,0,0,0,5,0,0,0,0,0,0,0,0,0,0,0,0,0,0,6,-1,0
