file,class,type,cbo,cboModified,fanin,fanout,wmc,dit,noc,rfc,lcom,lcom*,tcc,lcc,totalMethodsQty,staticMethodsQty,publicMethodsQty,privateMethodsQty,protectedMethodsQty,defaultMethodsQty,visibleMethodsQty,abstractMethodsQty,finalMethodsQty,synchronizedMethodsQty,totalFieldsQty,staticFieldsQty,publicFieldsQty,privateFieldsQty,protectedFieldsQty,defaultFieldsQty,finalFieldsQty,synchronizedFieldsQty,nosi,loc,returnQty,loopQty,comparisonsQty,tryCatchQty,parenthesizedExpsQty,stringLiteralsQty,numbersQty,assignmentsQty,mathOperationsQty,variablesQty,maxNestedBlocksQty,anonymousClassesQty,innerClassesQty,lambdasQty,uniqueWordsQty,modifiers,logStatementsQty
E:\OOD_Projects\ck-mvn-plugin\Airline-Management-System-master\source\Passenger.java,source.Passenger,class,0,2,2,0,1,1,0,1,0,0.0,NaN,NaN,1,0,0,0,0,1,1,0,0,0,4,0,0,0,0,4,0,0,0,17,0,0,0,0,0,4,0,5,0,5,0,0,0,0,14,1,0
E:\OOD_Projects\ck-mvn-plugin\Airline-Management-System-master\source\Client1.java,source.Client1,class,2,4,2,2,26,1,0,11,2,0.6666667,0.4,0.6,5,5,5,0,0,0,5,0,0,0,6,6,4,0,0,2,0,0,5,120,1,4,5,0,0,37,22,32,8,20,2,0,0,0,75,1,0
E:\OOD_Projects\ck-mvn-plugin\Airline-Management-System-master\my\Package\Client.java,my.Package.Client$Anonymous11,anonymous,1,1,0,1,1,1,0,1,0,0.0,NaN,NaN,1,0,1,0,0,0,1,0,0,0,0,0,0,0,0,0,0,0,0,5,0,0,0,0,0,0,0,0,0,0,0,0,0,0,6,-1,0
E:\OOD_Projects\ck-mvn-plugin\Airline-Management-System-master\my\Package\Client.java,my.Package.Client$Anonymous12,anonymous,1,1,0,1,1,1,0,1,0,0.0,NaN,NaN,1,0,1,0,0,0,1,0,0,0,0,0,0,0,0,0,0,0,0,5,0,0,0,0,0,0,0,0,0,0,0,0,0,0,6,-1,0
E:\OOD_Projects\ck-mvn-plugin\Airline-Management-System-master\my\Package\Client.java,my.Package.Client,class,3,22,19,3,42,6,0,87,190,0.9500001,0.0,0.0,20,1,2,18,0,0,2,0,0,0,77,1,1,76,0,0,0,0,12,576,0,1,0,1,0,166,215,114,2,113,3,24,0,0,176,1,0
E:\OOD_Projects\ck-mvn-plugin\Airline-Management-System-master\my\Package\Client.java,my.Package.Client$Anonymous10,anonymous,1,1,0,1,1,1,0,1,0,0.0,NaN,NaN,1,0,1,0,0,0,1,0,0,0,0,0,0,0,0,0,0,0,0,5,0,0,0,0,0,0,0,0,0,0,0,0,0,0,6,-1,0
E:\OOD_Projects\ck-mvn-plugin\Airline-Management-System-master\my\Package\Client.java,my.Package.Client$Anonymous24,anonymous,1,1,0,1,1,1,0,2,0,0.0,NaN,NaN,1,0,1,0,0,0,1,0,0,0,0,0,0,0,0,0,0,0,0,7,0,0,0,0,0,0,0,1,0,0,0,0,0,0,5,-1,0
E:\OOD_Projects\ck-mvn-plugin\Airline-Management-System-master\source\Flight.java,source.Flight,class,2,6,4,2,22,1,0,12,79,0.7763158,0.26900584,0.8947368,19,0,16,0,0,3,19,0,0,0,8,0,2,6,0,0,0,0,4,134,7,3,0,0,2,15,18,35,2,15,1,0,0,0,44,1,0
E:\OOD_Projects\ck-mvn-plugin\Airline-Management-System-master\source\Graph.java,source.Graph,class,5,9,4,5,83,1,0,21,0,0.41666666,0.8787879,1.0,12,0,11,0,0,1,12,0,0,0,5,0,4,0,0,1,0,0,6,382,4,28,29,0,5,69,423,100,23,63,4,0,0,0,88,1,0
E:\OOD_Projects\ck-mvn-plugin\Airline-Management-System-master\source\Node.java,source.Node,class,2,5,3,2,5,1,0,0,0,0.2,1.0,1.0,5,0,2,0,0,3,5,0,0,0,2,0,1,1,0,0,0,0,0,22,1,0,0,0,0,0,0,7,0,2,0,0,0,0,11,1,0
E:\OOD_Projects\ck-mvn-plugin\Airline-Management-System-master\source\LinkedList.java,source.LinkedList,class,4,6,2,4,77,1,0,16,0,0.09090909,0.8181818,0.8181818,11,0,10,0,0,1,11,0,0,0,1,0,0,1,0,0,0,0,0,254,3,12,33,0,12,48,17,91,18,47,6,0,0,0,83,0,0
E:\OOD_Projects\ck-mvn-plugin\Airline-Management-System-master\my\Package\Client.java,my.Package.Client$Anonymous22,anonymous,0,0,0,0,1,1,0,6,0,0.0,NaN,NaN,1,0,1,0,0,0,1,0,0,0,0,0,0,0,0,0,0,0,0,10,0,0,0,0,0,0,4,1,0,1,0,0,0,0,6,-1,0
E:\OOD_Projects\ck-mvn-plugin\Airline-Management-System-master\source\arTime.java,source.arTime,class,0,1,1,0,2,1,0,1,0,0.0,1.0,1.0,2,0,1,0,0,1,2,0,0,0,1,0,1,0,0,0,0,0,1,9,1,0,0,0,0,0,0,1,0,1,0,0,0,0,6,1,0
E:\OOD_Projects\ck-mvn-plugin\Airline-Management-System-master\my\Package\Client.java,my.Package.Client$Anonymous23,anonymous,1,1,0,1,1,1,0,7,0,0.0,NaN,NaN,1,0,1,0,0,0,1,0,0,0,0,0,0,0,0,0,0,0,0,13,0,0,0,0,0,2,1,7,1,6,0,0,0,0,13,-1,0
E:\OOD_Projects\ck-mvn-plugin\Airline-Management-System-master\my\Package\Client.java,my.Package.Client$Anonymous20,anonymous,1,1,0,1,1,1,0,1,0,0.0,NaN,NaN,1,0,1,0,0,0,1,0,0,0,0,0,0,0,0,0,0,0,0,5,0,0,0,0,0,0,0,0,0,0,0,0,0,0,6,-1,0
E:\OOD_Projects\ck-mvn-plugin\Airline-Management-System-master\my\Package\Client.java,my.Package.Client$Anonymous21,anonymous,0,0,0,0,1,1,0,5,0,0.0,NaN,NaN,1,0,1,0,0,0,1,0,0,0,0,0,0,0,0,0,0,0,0,9,0,0,0,0,0,0,3,1,0,1,0,0,0,0,8,-1,0
E:\OOD_Projects\ck-mvn-plugin\Airline-Management-System-master\my\Package\Client.java,my.Package.Client$Anonymous15,anonymous,1,1,0,1,1,1,0,1,0,0.0,NaN,NaN,1,0,1,0,0,0,1,0,0,0,0,0,0,0,0,0,0,0,0,5,0,0,0,0,0,0,0,0,0,0,0,0,0,0,6,-1,0
E:\OOD_Projects\ck-mvn-plugin\Airline-Management-System-master\my\Package\Client.java,my.Package.Client$Anonymous16,anonymous,1,1,0,1,1,1,0,1,0,0.0,NaN,NaN,1,0,1,0,0,0,1,0,0,0,0,0,0,0,0,0,0,0,0,5,0,0,0,0,0,0,0,0,0,0,0,0,0,0,6,-1,0
E:\OOD_Projects\ck-mvn-plugin\Airline-Management-System-master\my\Package\Client.java,my.Package.Client$Anonymous13,anonymous,1,1,0,1,2,1,0,0,1,0.5,0.0,0.0,2,0,2,0,0,0,2,0,0,0,2,0,0,0,0,2,0,0,0,10,2,0,0,0,0,0,0,2,0,2,0,0,0,0,11,-1,0
E:\OOD_Projects\ck-mvn-plugin\Airline-Management-System-master\my\Package\Client.java,my.Package.Client$Anonymous14,anonymous,1,1,0,1,1,1,0,1,0,0.0,NaN,NaN,1,0,1,0,0,0,1,0,0,0,0,0,0,0,0,0,0,0,0,5,0,0,0,0,0,0,0,0,0,0,0,0,0,0,6,-1,0
E:\OOD_Projects\ck-mvn-plugin\Airline-Management-System-master\my\Package\Client.java,my.Package.Client$Anonymous1,anonymous,1,1,0,1,1,1,0,1,0,0.0,NaN,NaN,1,0,1,0,0,0,1,0,0,0,0,0,0,0,0,0,0,0,0,5,0,0,0,0,0,0,0,0,0,0,0,0,0,0,5,-1,0
E:\OOD_Projects\ck-mvn-plugin\Airline-Management-System-master\my\Package\Client.java,my.Package.Client$Anonymous19,anonymous,1,1,0,1,1,1,0,1,0,0.0,NaN,NaN,1,0,1,0,0,0,1,0,0,0,0,0,0,0,0,0,0,0,0,5,0,0,0,0,0,0,0,0,0,0,0,0,0,0,6,-1,0
E:\OOD_Projects\ck-mvn-plugin\Airline-Management-System-master\my\Package\Client.java,my.Package.Client$Anonymous2,anonymous,1,1,0,1,1,1,0,1,0,0.0,NaN,NaN,1,0,1,0,0,0,1,0,0,0,0,0,0,0,0,0,0,0,0,5,0,0,0,0,0,0,0,0,0,0,0,0,0,0,6,-1,0
E:\OOD_Projects\ck-mvn-plugin\Airline-Management-System-master\my\Package\Client.java,my.Package.Client$Anonymous3,anonymous,1,1,0,1,1,1,0,1,0,0.0,NaN,NaN,1,0,1,0,0,0,1,0,0,0,0,0,0,0,0,0,0,0,0,5,0,0,0,0,0,0,0,0,0,0,0,0,0,0,6,-1,0
E:\OOD_Projects\ck-mvn-plugin\Airline-Management-System-master\my\Package\Client.java,my.Package.Client$Anonymous17,anonymous,1,1,0,1,1,1,0,1,0,0.0,NaN,NaN,1,0,1,0,0,0,1,0,0,0,0,0,0,0,0,0,0,0,0,5,0,0,0,0,0,0,0,0,0,0,0,0,0,0,6,-1,0
E:\OOD_Projects\ck-mvn-plugin\Airline-Management-System-master\my\Package\Client.java,my.Package.Client$Anonymous4,anonymous,1,1,0,1,1,1,0,1,0,0.0,NaN,NaN,1,0,1,0,0,0,1,0,0,0,0,0,0,0,0,0,0,0,0,5,0,0,0,0,0,0,0,0,0,0,0,0,0,0,6,-1,0
E:\OOD_Projects\ck-mvn-plugin\Airline-Management-System-master\my\Package\Client.java,my.Package.Client$Anonymous18,anonymous,1,1,0,1,2,1,0,0,1,0.5,0.0,0.0,2,0,2,0,0,0,2,0,0,0,2,0,0,0,0,2,0,0,0,10,2,0,0,0,0,0,0,2,0,2,0,0,0,0,11,-1,0
E:\OOD_Projects\ck-mvn-plugin\Airline-Management-System-master\my\Package\Client.java,my.Package.Client$Anonymous5,anonymous,1,1,0,1,2,1,0,0,1,0.5,0.0,0.0,2,0,2,0,0,0,2,0,0,0,2,0,0,0,0,2,0,0,0,10,2,0,0,0,0,0,0,2,0,2,0,0,0,0,11,-1,0
E:\OOD_Projects\ck-mvn-plugin\Airline-Management-System-master\my\Package\Client.java,my.Package.Client$Anonymous6,anonymous,1,1,0,1,1,1,0,1,0,0.0,NaN,NaN,1,0,1,0,0,0,1,0,0,0,0,0,0,0,0,0,0,0,0,5,0,0,0,0,0,0,0,0,0,0,0,0,0,0,6,-1,0
E:\OOD_Projects\ck-mvn-plugin\Airline-Management-System-master\my\Package\Client.java,my.Package.Client$Anonymous7,anonymous,1,1,0,1,1,1,0,1,0,0.0,NaN,NaN,1,0,1,0,0,0,1,0,0,0,0,0,0,0,0,0,0,0,0,5,0,0,0,0,0,0,0,0,0,0,0,0,0,0,5,-1,0
E:\OOD_Projects\ck-mvn-plugin\Airline-Management-System-master\my\Package\Client.java,my.Package.Client$Anonymous8,anonymous,1,1,0,1,1,1,0,1,0,0.0,NaN,NaN,1,0,1,0,0,0,1,0,0,0,0,0,0,0,0,0,0,0,0,5,0,0,0,0,0,0,0,0,0,0,0,0,0,0,6,-1,0
E:\OOD_Projects\ck-mvn-plugin\Airline-Management-System-master\my\Package\Client.java,my.Package.Client$Anonymous9,anonymous,1,1,0,1,1,1,0,1,0,0.0,NaN,NaN,1,0,1,0,0,0,1,0,0,0,0,0,0,0,0,0,0,0,0,5,0,0,0,0,0,0,0,0,0,0,0,0,0,0,6,-1,0
