file,class,method,variable,usage
E:\OOD_Projects\ck-mvn-plugin\Airline-Management-System-master\source\Passenger.java,source.Passenger,"Passenger/4[java.lang.String,int,java.lang.String,java.lang.String]",sex,1
E:\OOD_Projects\ck-mvn-plugin\Airline-Management-System-master\source\Passenger.java,source.Passenger,"Passenger/4[java.lang.String,int,java.lang.String,java.lang.String]",name,1
E:\OOD_Projects\ck-mvn-plugin\Airline-Management-System-master\source\Passenger.java,source.Passenger,"Passenger/4[java.lang.String,int,java.lang.String,java.lang.String]",ph,1
E:\OOD_Projects\ck-mvn-plugin\Airline-Management-System-master\source\Passenger.java,source.Passenger,"Passenger/4[java.lang.String,int,java.lang.String,java.lang.String]",age,1
E:\OOD_Projects\ck-mvn-plugin\Airline-Management-System-master\source\Client1.java,source.Client1,postLog/0,sc,2
E:\OOD_Projects\ck-mvn-plugin\Airline-Management-System-master\source\Client1.java,source.Client1,admn/0,sc,2
E:\OOD_Projects\ck-mvn-plugin\Airline-Management-System-master\source\Client1.java,source.Client1,admn/0,pswd,2
E:\OOD_Projects\ck-mvn-plugin\Airline-Management-System-master\source\Client1.java,source.Client1,admn/0,adminL,3
E:\OOD_Projects\ck-mvn-plugin\Airline-Management-System-master\source\Client1.java,source.Client1,admn/0,admin,2
E:\OOD_Projects\ck-mvn-plugin\Airline-Management-System-master\source\Client1.java,source.Client1,admn/0,pswdL,3
E:\OOD_Projects\ck-mvn-plugin\Airline-Management-System-master\source\Client1.java,source.Client1,mainM/0,sc,1
E:\OOD_Projects\ck-mvn-plugin\Airline-Management-System-master\source\Client1.java,source.Client1,mainM/0,gr,1
E:\OOD_Projects\ck-mvn-plugin\Airline-Management-System-master\source\Client1.java,source.Client1,"logA/2[java.lang.String,java.lang.String]",pswd,1
E:\OOD_Projects\ck-mvn-plugin\Airline-Management-System-master\source\Client1.java,source.Client1,"logA/2[java.lang.String,java.lang.String]",admin,4
E:\OOD_Projects\ck-mvn-plugin\Airline-Management-System-master\my\Package\Client.java,my.Package.Client,initComponents/0,dispData,5
E:\OOD_Projects\ck-mvn-plugin\Airline-Management-System-master\my\Package\Client.java,my.Package.Client,initComponents/0,arrival1,3
E:\OOD_Projects\ck-mvn-plugin\Airline-Management-System-master\my\Package\Client.java,my.Package.Client,initComponents/0,jScrollPane1,4
E:\OOD_Projects\ck-mvn-plugin\Airline-Management-System-master\my\Package\Client.java,my.Package.Client,initComponents/0,jScrollPane2,4
E:\OOD_Projects\ck-mvn-plugin\Airline-Management-System-master\my\Package\Client.java,my.Package.Client,initComponents/0,jScrollPane3,4
E:\OOD_Projects\ck-mvn-plugin\Airline-Management-System-master\my\Package\Client.java,my.Package.Client,initComponents/0,cStatus,3
E:\OOD_Projects\ck-mvn-plugin\Airline-Management-System-master\my\Package\Client.java,my.Package.Client,initComponents/0,password,3
E:\OOD_Projects\ck-mvn-plugin\Airline-Management-System-master\my\Package\Client.java,my.Package.Client,initComponents/0,checkReservation,5
E:\OOD_Projects\ck-mvn-plugin\Airline-Management-System-master\my\Package\Client.java,my.Package.Client,initComponents/0,bId,3
E:\OOD_Projects\ck-mvn-plugin\Airline-Management-System-master\my\Package\Client.java,my.Package.Client,initComponents/0,female,5
E:\OOD_Projects\ck-mvn-plugin\Airline-Management-System-master\my\Package\Client.java,my.Package.Client,initComponents/0,jButton2,5
E:\OOD_Projects\ck-mvn-plugin\Airline-Management-System-master\my\Package\Client.java,my.Package.Client,initComponents/0,jSeparator1,3
E:\OOD_Projects\ck-mvn-plugin\Airline-Management-System-master\my\Package\Client.java,my.Package.Client,initComponents/0,bStatus,3
E:\OOD_Projects\ck-mvn-plugin\Airline-Management-System-master\my\Package\Client.java,my.Package.Client,initComponents/0,jButton1,5
E:\OOD_Projects\ck-mvn-plugin\Airline-Management-System-master\my\Package\Client.java,my.Package.Client,initComponents/0,minInput,5
E:\OOD_Projects\ck-mvn-plugin\Airline-Management-System-master\my\Package\Client.java,my.Package.Client,initComponents/0,idInput,3
E:\OOD_Projects\ck-mvn-plugin\Airline-Management-System-master\my\Package\Client.java,my.Package.Client,initComponents/0,jButton9,5
E:\OOD_Projects\ck-mvn-plugin\Airline-Management-System-master\my\Package\Client.java,my.Package.Client,initComponents/0,jButton8,5
E:\OOD_Projects\ck-mvn-plugin\Airline-Management-System-master\my\Package\Client.java,my.Package.Client,initComponents/0,hourInput,4
E:\OOD_Projects\ck-mvn-plugin\Airline-Management-System-master\my\Package\Client.java,my.Package.Client,initComponents/0,departure1,3
E:\OOD_Projects\ck-mvn-plugin\Airline-Management-System-master\my\Package\Client.java,my.Package.Client,initComponents/0,bArr,3
E:\OOD_Projects\ck-mvn-plugin\Airline-Management-System-master\my\Package\Client.java,my.Package.Client,initComponents/0,phone,3
E:\OOD_Projects\ck-mvn-plugin\Airline-Management-System-master\my\Package\Client.java,my.Package.Client,initComponents/0,name,3
E:\OOD_Projects\ck-mvn-plugin\Airline-Management-System-master\my\Package\Client.java,my.Package.Client,initComponents/0,departure,3
E:\OOD_Projects\ck-mvn-plugin\Airline-Management-System-master\my\Package\Client.java,my.Package.Client,initComponents/0,idText,4
E:\OOD_Projects\ck-mvn-plugin\Airline-Management-System-master\my\Package\Client.java,my.Package.Client,initComponents/0,seatInput,4
E:\OOD_Projects\ck-mvn-plugin\Airline-Management-System-master\my\Package\Client.java,my.Package.Client,initComponents/0,male,5
E:\OOD_Projects\ck-mvn-plugin\Airline-Management-System-master\my\Package\Client.java,my.Package.Client,initComponents/0,status,3
E:\OOD_Projects\ck-mvn-plugin\Airline-Management-System-master\my\Package\Client.java,my.Package.Client,initComponents/0,jLabel3,4
E:\OOD_Projects\ck-mvn-plugin\Airline-Management-System-master\my\Package\Client.java,my.Package.Client,initComponents/0,reservationData,4
E:\OOD_Projects\ck-mvn-plugin\Airline-Management-System-master\my\Package\Client.java,my.Package.Client,initComponents/0,jLabel2,4
E:\OOD_Projects\ck-mvn-plugin\Airline-Management-System-master\my\Package\Client.java,my.Package.Client,initComponents/0,jLabel5,4
E:\OOD_Projects\ck-mvn-plugin\Airline-Management-System-master\my\Package\Client.java,my.Package.Client,initComponents/0,bDept,3
E:\OOD_Projects\ck-mvn-plugin\Airline-Management-System-master\my\Package\Client.java,my.Package.Client,initComponents/0,jLabel4,4
E:\OOD_Projects\ck-mvn-plugin\Airline-Management-System-master\my\Package\Client.java,my.Package.Client,initComponents/0,jLabel7,4
E:\OOD_Projects\ck-mvn-plugin\Airline-Management-System-master\my\Package\Client.java,my.Package.Client,initComponents/0,arrival,3
E:\OOD_Projects\ck-mvn-plugin\Airline-Management-System-master\my\Package\Client.java,my.Package.Client,initComponents/0,jLabel6,4
E:\OOD_Projects\ck-mvn-plugin\Airline-Management-System-master\my\Package\Client.java,my.Package.Client,initComponents/0,jLabel9,4
E:\OOD_Projects\ck-mvn-plugin\Airline-Management-System-master\my\Package\Client.java,my.Package.Client,initComponents/0,jLabel8,4
E:\OOD_Projects\ck-mvn-plugin\Airline-Management-System-master\my\Package\Client.java,my.Package.Client,initComponents/0,error,3
E:\OOD_Projects\ck-mvn-plugin\Airline-Management-System-master\my\Package\Client.java,my.Package.Client,initComponents/0,jLabel1,4
E:\OOD_Projects\ck-mvn-plugin\Airline-Management-System-master\my\Package\Client.java,my.Package.Client,initComponents/0,cArr,4
E:\OOD_Projects\ck-mvn-plugin\Airline-Management-System-master\my\Package\Client.java,my.Package.Client,initComponents/0,adminPanel,9
E:\OOD_Projects\ck-mvn-plugin\Airline-Management-System-master\my\Package\Client.java,my.Package.Client,initComponents/0,search,5
E:\OOD_Projects\ck-mvn-plugin\Airline-Management-System-master\my\Package\Client.java,my.Package.Client,initComponents/0,searchData2,5
E:\OOD_Projects\ck-mvn-plugin\Airline-Management-System-master\my\Package\Client.java,my.Package.Client,initComponents/0,jLabel20,4
E:\OOD_Projects\ck-mvn-plugin\Airline-Management-System-master\my\Package\Client.java,my.Package.Client,initComponents/0,jLabel21,4
E:\OOD_Projects\ck-mvn-plugin\Airline-Management-System-master\my\Package\Client.java,my.Package.Client,initComponents/0,loginScreen,7
E:\OOD_Projects\ck-mvn-plugin\Airline-Management-System-master\my\Package\Client.java,my.Package.Client,initComponents/0,jLabel22,4
E:\OOD_Projects\ck-mvn-plugin\Airline-Management-System-master\my\Package\Client.java,my.Package.Client,initComponents/0,cDept,3
E:\OOD_Projects\ck-mvn-plugin\Airline-Management-System-master\my\Package\Client.java,my.Package.Client,initComponents/0,cId,4
E:\OOD_Projects\ck-mvn-plugin\Airline-Management-System-master\my\Package\Client.java,my.Package.Client,initComponents/0,arr,4
E:\OOD_Projects\ck-mvn-plugin\Airline-Management-System-master\my\Package\Client.java,my.Package.Client,initComponents/0,jLabel17,4
E:\OOD_Projects\ck-mvn-plugin\Airline-Management-System-master\my\Package\Client.java,my.Package.Client,initComponents/0,jLabel18,4
E:\OOD_Projects\ck-mvn-plugin\Airline-Management-System-master\my\Package\Client.java,my.Package.Client,initComponents/0,stat,3
E:\OOD_Projects\ck-mvn-plugin\Airline-Management-System-master\my\Package\Client.java,my.Package.Client,initComponents/0,jLabel19,4
E:\OOD_Projects\ck-mvn-plugin\Airline-Management-System-master\my\Package\Client.java,my.Package.Client,initComponents/0,buttonGroup1,3
E:\OOD_Projects\ck-mvn-plugin\Airline-Management-System-master\my\Package\Client.java,my.Package.Client,initComponents/0,addRemoveFlight,5
E:\OOD_Projects\ck-mvn-plugin\Airline-Management-System-master\my\Package\Client.java,my.Package.Client,initComponents/0,removeFlight,5
E:\OOD_Projects\ck-mvn-plugin\Airline-Management-System-master\my\Package\Client.java,my.Package.Client,initComponents/0,dept,3
E:\OOD_Projects\ck-mvn-plugin\Airline-Management-System-master\my\Package\Client.java,my.Package.Client,initComponents/0,searchData,5
E:\OOD_Projects\ck-mvn-plugin\Airline-Management-System-master\my\Package\Client.java,my.Package.Client,initComponents/0,bookSeat,5
E:\OOD_Projects\ck-mvn-plugin\Airline-Management-System-master\my\Package\Client.java,my.Package.Client,initComponents/0,jButton12,5
E:\OOD_Projects\ck-mvn-plugin\Airline-Management-System-master\my\Package\Client.java,my.Package.Client,initComponents/0,jButton11,5
E:\OOD_Projects\ck-mvn-plugin\Airline-Management-System-master\my\Package\Client.java,my.Package.Client,initComponents/0,jLabel10,4
E:\OOD_Projects\ck-mvn-plugin\Airline-Management-System-master\my\Package\Client.java,my.Package.Client,initComponents/0,jLabel11,4
E:\OOD_Projects\ck-mvn-plugin\Airline-Management-System-master\my\Package\Client.java,my.Package.Client,initComponents/0,jLabel12,4
E:\OOD_Projects\ck-mvn-plugin\Airline-Management-System-master\my\Package\Client.java,my.Package.Client,initComponents/0,jButton13,5
E:\OOD_Projects\ck-mvn-plugin\Airline-Management-System-master\my\Package\Client.java,my.Package.Client,initComponents/0,jLabel13,4
E:\OOD_Projects\ck-mvn-plugin\Airline-Management-System-master\my\Package\Client.java,my.Package.Client,initComponents/0,jLabel14,4
E:\OOD_Projects\ck-mvn-plugin\Airline-Management-System-master\my\Package\Client.java,my.Package.Client,initComponents/0,jButton10,5
E:\OOD_Projects\ck-mvn-plugin\Airline-Management-System-master\my\Package\Client.java,my.Package.Client,initComponents/0,jLabel15,4
E:\OOD_Projects\ck-mvn-plugin\Airline-Management-System-master\my\Package\Client.java,my.Package.Client,initComponents/0,age,3
E:\OOD_Projects\ck-mvn-plugin\Airline-Management-System-master\my\Package\Client.java,my.Package.Client,initComponents/0,username,4
E:\OOD_Projects\ck-mvn-plugin\Airline-Management-System-master\my\Package\Client.java,my.Package.Client,initComponents/0,jLabel16,4
E:\OOD_Projects\ck-mvn-plugin\Airline-Management-System-master\my\Package\Client.java,my.Package.Client,jButton11ActionPerformed/1[java.awt.event.ActionEvent],searchData2,1
E:\OOD_Projects\ck-mvn-plugin\Airline-Management-System-master\my\Package\Client.java,my.Package.Client,jButton11ActionPerformed/1[java.awt.event.ActionEvent],obj,2
E:\OOD_Projects\ck-mvn-plugin\Airline-Management-System-master\my\Package\Client.java,my.Package.Client,jButton11ActionPerformed/1[java.awt.event.ActionEvent],arrival1,1
E:\OOD_Projects\ck-mvn-plugin\Airline-Management-System-master\my\Package\Client.java,my.Package.Client,jButton11ActionPerformed/1[java.awt.event.ActionEvent],departure1,1
E:\OOD_Projects\ck-mvn-plugin\Airline-Management-System-master\my\Package\Client.java,my.Package.Client,jButton10ActionPerformed/1[java.awt.event.ActionEvent],stat,1
E:\OOD_Projects\ck-mvn-plugin\Airline-Management-System-master\my\Package\Client.java,my.Package.Client,jButton10ActionPerformed/1[java.awt.event.ActionEvent],arrival1,1
E:\OOD_Projects\ck-mvn-plugin\Airline-Management-System-master\my\Package\Client.java,my.Package.Client,jButton10ActionPerformed/1[java.awt.event.ActionEvent],jButton11,1
E:\OOD_Projects\ck-mvn-plugin\Airline-Management-System-master\my\Package\Client.java,my.Package.Client,jButton10ActionPerformed/1[java.awt.event.ActionEvent],error,2
E:\OOD_Projects\ck-mvn-plugin\Airline-Management-System-master\my\Package\Client.java,my.Package.Client,jButton10ActionPerformed/1[java.awt.event.ActionEvent],idText,1
E:\OOD_Projects\ck-mvn-plugin\Airline-Management-System-master\my\Package\Client.java,my.Package.Client,jButton10ActionPerformed/1[java.awt.event.ActionEvent],departure1,1
E:\OOD_Projects\ck-mvn-plugin\Airline-Management-System-master\my\Package\Client.java,my.Package.Client,searchData2MouseClicked/1[java.awt.event.MouseEvent],searchData2,2
E:\OOD_Projects\ck-mvn-plugin\Airline-Management-System-master\my\Package\Client.java,my.Package.Client,searchData2MouseClicked/1[java.awt.event.MouseEvent],idText,1
E:\OOD_Projects\ck-mvn-plugin\Airline-Management-System-master\my\Package\Client.java,my.Package.Client,jButton8ActionPerformed/1[java.awt.event.ActionEvent],arrival,1
E:\OOD_Projects\ck-mvn-plugin\Airline-Management-System-master\my\Package\Client.java,my.Package.Client,jButton8ActionPerformed/1[java.awt.event.ActionEvent],obj,2
E:\OOD_Projects\ck-mvn-plugin\Airline-Management-System-master\my\Package\Client.java,my.Package.Client,jButton8ActionPerformed/1[java.awt.event.ActionEvent],departure,1
E:\OOD_Projects\ck-mvn-plugin\Airline-Management-System-master\my\Package\Client.java,my.Package.Client,jButton8ActionPerformed/1[java.awt.event.ActionEvent],searchData,1
E:\OOD_Projects\ck-mvn-plugin\Airline-Management-System-master\my\Package\Client.java,my.Package.Client,jButton12ActionPerformed/1[java.awt.event.ActionEvent],bStatus,1
E:\OOD_Projects\ck-mvn-plugin\Airline-Management-System-master\my\Package\Client.java,my.Package.Client,jButton12ActionPerformed/1[java.awt.event.ActionEvent],bDept,1
E:\OOD_Projects\ck-mvn-plugin\Airline-Management-System-master\my\Package\Client.java,my.Package.Client,jButton12ActionPerformed/1[java.awt.event.ActionEvent],bArr,1
E:\OOD_Projects\ck-mvn-plugin\Airline-Management-System-master\my\Package\Client.java,my.Package.Client,jButton12ActionPerformed/1[java.awt.event.ActionEvent],phone,1
E:\OOD_Projects\ck-mvn-plugin\Airline-Management-System-master\my\Package\Client.java,my.Package.Client,jButton12ActionPerformed/1[java.awt.event.ActionEvent],bookSeat,1
E:\OOD_Projects\ck-mvn-plugin\Airline-Management-System-master\my\Package\Client.java,my.Package.Client,jButton12ActionPerformed/1[java.awt.event.ActionEvent],name,1
E:\OOD_Projects\ck-mvn-plugin\Airline-Management-System-master\my\Package\Client.java,my.Package.Client,jButton12ActionPerformed/1[java.awt.event.ActionEvent],bId,1
E:\OOD_Projects\ck-mvn-plugin\Airline-Management-System-master\my\Package\Client.java,my.Package.Client,jButton12ActionPerformed/1[java.awt.event.ActionEvent],age,1
E:\OOD_Projects\ck-mvn-plugin\Airline-Management-System-master\my\Package\Client.java,my.Package.Client,jButton12ActionPerformed/1[java.awt.event.ActionEvent],male,1
E:\OOD_Projects\ck-mvn-plugin\Airline-Management-System-master\my\Package\Client.java,my.Package.Client,jButton1ActionPerformed/1[java.awt.event.ActionEvent],adminPanel,3
E:\OOD_Projects\ck-mvn-plugin\Airline-Management-System-master\my\Package\Client.java,my.Package.Client,jButton1ActionPerformed/1[java.awt.event.ActionEvent],checkReservation,1
E:\OOD_Projects\ck-mvn-plugin\Airline-Management-System-master\my\Package\Client.java,my.Package.Client,jButton1ActionPerformed/1[java.awt.event.ActionEvent],obj,4
E:\OOD_Projects\ck-mvn-plugin\Airline-Management-System-master\my\Package\Client.java,my.Package.Client,jButton1ActionPerformed/1[java.awt.event.ActionEvent],addRemoveFlight,1
E:\OOD_Projects\ck-mvn-plugin\Airline-Management-System-master\my\Package\Client.java,my.Package.Client,jButton1ActionPerformed/1[java.awt.event.ActionEvent],removeFlight,1
E:\OOD_Projects\ck-mvn-plugin\Airline-Management-System-master\my\Package\Client.java,my.Package.Client,jButton1ActionPerformed/1[java.awt.event.ActionEvent],loginScreen,1
E:\OOD_Projects\ck-mvn-plugin\Airline-Management-System-master\my\Package\Client.java,my.Package.Client,jButton13ActionPerformed/1[java.awt.event.ActionEvent],reservationData,1
E:\OOD_Projects\ck-mvn-plugin\Airline-Management-System-master\my\Package\Client.java,my.Package.Client,jButton13ActionPerformed/1[java.awt.event.ActionEvent],cArr,1
E:\OOD_Projects\ck-mvn-plugin\Airline-Management-System-master\my\Package\Client.java,my.Package.Client,jButton13ActionPerformed/1[java.awt.event.ActionEvent],cDept,1
E:\OOD_Projects\ck-mvn-plugin\Airline-Management-System-master\my\Package\Client.java,my.Package.Client,jButton13ActionPerformed/1[java.awt.event.ActionEvent],cId,1
E:\OOD_Projects\ck-mvn-plugin\Airline-Management-System-master\my\Package\Client.java,my.Package.Client,jButton9ActionPerformed/1[java.awt.event.ActionEvent],arr,1
E:\OOD_Projects\ck-mvn-plugin\Airline-Management-System-master\my\Package\Client.java,my.Package.Client,jButton9ActionPerformed/1[java.awt.event.ActionEvent],stat,1
E:\OOD_Projects\ck-mvn-plugin\Airline-Management-System-master\my\Package\Client.java,my.Package.Client,jButton9ActionPerformed/1[java.awt.event.ActionEvent],minInput,1
E:\OOD_Projects\ck-mvn-plugin\Airline-Management-System-master\my\Package\Client.java,my.Package.Client,jButton9ActionPerformed/1[java.awt.event.ActionEvent],idInput,1
E:\OOD_Projects\ck-mvn-plugin\Airline-Management-System-master\my\Package\Client.java,my.Package.Client,jButton9ActionPerformed/1[java.awt.event.ActionEvent],dept,1
E:\OOD_Projects\ck-mvn-plugin\Airline-Management-System-master\my\Package\Client.java,my.Package.Client,jButton9ActionPerformed/1[java.awt.event.ActionEvent],seatInput,1
E:\OOD_Projects\ck-mvn-plugin\Airline-Management-System-master\my\Package\Client.java,my.Package.Client,jButton9ActionPerformed/1[java.awt.event.ActionEvent],hourInput,1
E:\OOD_Projects\ck-mvn-plugin\Airline-Management-System-master\my\Package\Client.java,my.Package.Client,searchDataMouseClicked/1[java.awt.event.MouseEvent],menu,4
E:\OOD_Projects\ck-mvn-plugin\Airline-Management-System-master\my\Package\Client.java,my.Package.Client,jButton2ActionPerformed/1[java.awt.event.ActionEvent],password,1
E:\OOD_Projects\ck-mvn-plugin\Airline-Management-System-master\my\Package\Client.java,my.Package.Client,jButton2ActionPerformed/1[java.awt.event.ActionEvent],obj,4
E:\OOD_Projects\ck-mvn-plugin\Airline-Management-System-master\my\Package\Client.java,my.Package.Client,jButton2ActionPerformed/1[java.awt.event.ActionEvent],loginScreen,1
E:\OOD_Projects\ck-mvn-plugin\Airline-Management-System-master\my\Package\Client.java,my.Package.Client,jButton2ActionPerformed/1[java.awt.event.ActionEvent],username,1
E:\OOD_Projects\ck-mvn-plugin\Airline-Management-System-master\my\Package\Client.java,my.Package.Client,jButton2ActionPerformed/1[java.awt.event.ActionEvent],status,1
E:\OOD_Projects\ck-mvn-plugin\Airline-Management-System-master\source\Flight.java,source.Flight,getSize/0,size,1
E:\OOD_Projects\ck-mvn-plugin\Airline-Management-System-master\source\Flight.java,source.Flight,setId/1[java.lang.String],id,1
E:\OOD_Projects\ck-mvn-plugin\Airline-Management-System-master\source\Flight.java,source.Flight,getId/0,id,1
E:\OOD_Projects\ck-mvn-plugin\Airline-Management-System-master\source\Flight.java,source.Flight,"Flight/6[java.lang.String,int,java.lang.String,java.lang.String,java.util.Calendar,java.util.Calendar]",pas,1
E:\OOD_Projects\ck-mvn-plugin\Airline-Management-System-master\source\Flight.java,source.Flight,"Flight/6[java.lang.String,int,java.lang.String,java.lang.String,java.util.Calendar,java.util.Calendar]",size,2
E:\OOD_Projects\ck-mvn-plugin\Airline-Management-System-master\source\Flight.java,source.Flight,"Flight/6[java.lang.String,int,java.lang.String,java.lang.String,java.util.Calendar,java.util.Calendar]",reservation,2
E:\OOD_Projects\ck-mvn-plugin\Airline-Management-System-master\source\Flight.java,source.Flight,"Flight/6[java.lang.String,int,java.lang.String,java.lang.String,java.util.Calendar,java.util.Calendar]",from,1
E:\OOD_Projects\ck-mvn-plugin\Airline-Management-System-master\source\Flight.java,source.Flight,"Flight/6[java.lang.String,int,java.lang.String,java.lang.String,java.util.Calendar,java.util.Calendar]",arvl,1
E:\OOD_Projects\ck-mvn-plugin\Airline-Management-System-master\source\Flight.java,source.Flight,"Flight/6[java.lang.String,int,java.lang.String,java.lang.String,java.util.Calendar,java.util.Calendar]",id,1
E:\OOD_Projects\ck-mvn-plugin\Airline-Management-System-master\source\Flight.java,source.Flight,"Flight/6[java.lang.String,int,java.lang.String,java.lang.String,java.util.Calendar,java.util.Calendar]",to,1
E:\OOD_Projects\ck-mvn-plugin\Airline-Management-System-master\source\Flight.java,source.Flight,"Flight/6[java.lang.String,int,java.lang.String,java.lang.String,java.util.Calendar,java.util.Calendar]",dept,1
E:\OOD_Projects\ck-mvn-plugin\Airline-Management-System-master\source\Flight.java,source.Flight,getTo/0,to,1
E:\OOD_Projects\ck-mvn-plugin\Airline-Management-System-master\source\Flight.java,source.Flight,getReservation/0,reservation,1
E:\OOD_Projects\ck-mvn-plugin\Airline-Management-System-master\source\Flight.java,source.Flight,getArvl/0,arvl,1
E:\OOD_Projects\ck-mvn-plugin\Airline-Management-System-master\source\Flight.java,source.Flight,setSize/1[int],size,1
E:\OOD_Projects\ck-mvn-plugin\Airline-Management-System-master\source\Flight.java,source.Flight,"setDept/2[int,int]",dept,2
E:\OOD_Projects\ck-mvn-plugin\Airline-Management-System-master\source\Flight.java,source.Flight,"init/7[java.lang.String,java.lang.String,java.util.Calendar,java.lang.String,int,int,int]",pas,1
E:\OOD_Projects\ck-mvn-plugin\Airline-Management-System-master\source\Flight.java,source.Flight,"init/7[java.lang.String,java.lang.String,java.util.Calendar,java.lang.String,int,int,int]",size,3
E:\OOD_Projects\ck-mvn-plugin\Airline-Management-System-master\source\Flight.java,source.Flight,"init/7[java.lang.String,java.lang.String,java.util.Calendar,java.lang.String,int,int,int]",reservation,2
E:\OOD_Projects\ck-mvn-plugin\Airline-Management-System-master\source\Flight.java,source.Flight,"init/7[java.lang.String,java.lang.String,java.util.Calendar,java.lang.String,int,int,int]",arvl,6
E:\OOD_Projects\ck-mvn-plugin\Airline-Management-System-master\source\Flight.java,source.Flight,"init/7[java.lang.String,java.lang.String,java.util.Calendar,java.lang.String,int,int,int]",id,2
E:\OOD_Projects\ck-mvn-plugin\Airline-Management-System-master\source\Flight.java,source.Flight,"init/7[java.lang.String,java.lang.String,java.util.Calendar,java.lang.String,int,int,int]",dept,8
E:\OOD_Projects\ck-mvn-plugin\Airline-Management-System-master\source\Flight.java,source.Flight,getFrom/0,from,1
E:\OOD_Projects\ck-mvn-plugin\Airline-Management-System-master\source\Flight.java,source.Flight,"Flight/7[java.lang.String,java.lang.String,java.util.Calendar,java.lang.String,int,int,int]",id,2
E:\OOD_Projects\ck-mvn-plugin\Airline-Management-System-master\source\Flight.java,source.Flight,setFrom/1[java.lang.String],from,1
E:\OOD_Projects\ck-mvn-plugin\Airline-Management-System-master\source\Flight.java,source.Flight,setTo/1[java.lang.String],to,1
E:\OOD_Projects\ck-mvn-plugin\Airline-Management-System-master\source\Flight.java,source.Flight,setReservation/1[source.Passenger[]],reservation,1
E:\OOD_Projects\ck-mvn-plugin\Airline-Management-System-master\source\Flight.java,source.Flight,"setArvl/2[int,int]",arvl,2
E:\OOD_Projects\ck-mvn-plugin\Airline-Management-System-master\source\Flight.java,source.Flight,init/0,pas,1
E:\OOD_Projects\ck-mvn-plugin\Airline-Management-System-master\source\Flight.java,source.Flight,init/0,size,3
E:\OOD_Projects\ck-mvn-plugin\Airline-Management-System-master\source\Flight.java,source.Flight,init/0,reservation,2
E:\OOD_Projects\ck-mvn-plugin\Airline-Management-System-master\source\Flight.java,source.Flight,init/0,arvl,6
E:\OOD_Projects\ck-mvn-plugin\Airline-Management-System-master\source\Flight.java,source.Flight,init/0,dept,6
E:\OOD_Projects\ck-mvn-plugin\Airline-Management-System-master\source\Flight.java,source.Flight,getDept/0,dept,1
E:\OOD_Projects\ck-mvn-plugin\Airline-Management-System-master\source\Graph.java,source.Graph,"disp3/3[java.lang.String,java.lang.String,javax.swing.table.DefaultTableModel]",count,3
E:\OOD_Projects\ck-mvn-plugin\Airline-Management-System-master\source\Graph.java,source.Graph,"disp3/3[java.lang.String,java.lang.String,javax.swing.table.DefaultTableModel]",cty,5
E:\OOD_Projects\ck-mvn-plugin\Airline-Management-System-master\source\Graph.java,source.Graph,"disp3/3[java.lang.String,java.lang.String,javax.swing.table.DefaultTableModel]",gr,2
E:\OOD_Projects\ck-mvn-plugin\Airline-Management-System-master\source\Graph.java,source.Graph,"cancelSeat/4[java.lang.String,java.lang.String,java.lang.String,java.lang.String]",count,2
E:\OOD_Projects\ck-mvn-plugin\Airline-Management-System-master\source\Graph.java,source.Graph,"cancelSeat/4[java.lang.String,java.lang.String,java.lang.String,java.lang.String]",cty,2
E:\OOD_Projects\ck-mvn-plugin\Airline-Management-System-master\source\Graph.java,source.Graph,"cancelSeat/4[java.lang.String,java.lang.String,java.lang.String,java.lang.String]",gr,3
E:\OOD_Projects\ck-mvn-plugin\Airline-Management-System-master\source\Graph.java,source.Graph,initialize/0,count,2
E:\OOD_Projects\ck-mvn-plugin\Airline-Management-System-master\source\Graph.java,source.Graph,initialize/0,cty,2
E:\OOD_Projects\ck-mvn-plugin\Airline-Management-System-master\source\Graph.java,source.Graph,initialize/0,time,2
E:\OOD_Projects\ck-mvn-plugin\Airline-Management-System-master\source\Graph.java,source.Graph,initialize/0,gr,1
E:\OOD_Projects\ck-mvn-plugin\Airline-Management-System-master\source\Graph.java,source.Graph,"disp2/2[java.lang.String,javax.swing.table.DefaultTableModel]",count,3
E:\OOD_Projects\ck-mvn-plugin\Airline-Management-System-master\source\Graph.java,source.Graph,"disp2/2[java.lang.String,javax.swing.table.DefaultTableModel]",cty,4
E:\OOD_Projects\ck-mvn-plugin\Airline-Management-System-master\source\Graph.java,source.Graph,"disp2/2[java.lang.String,javax.swing.table.DefaultTableModel]",gr,2
E:\OOD_Projects\ck-mvn-plugin\Airline-Management-System-master\source\Graph.java,source.Graph,Graph/0,count,7
E:\OOD_Projects\ck-mvn-plugin\Airline-Management-System-master\source\Graph.java,source.Graph,Graph/0,gr,3
E:\OOD_Projects\ck-mvn-plugin\Airline-Management-System-master\source\Graph.java,source.Graph,Graph/0,time,6
E:\OOD_Projects\ck-mvn-plugin\Airline-Management-System-master\source\Graph.java,source.Graph,set/1[int],time,115
E:\OOD_Projects\ck-mvn-plugin\Airline-Management-System-master\source\Graph.java,source.Graph,"AddFlight/6[java.lang.String,java.lang.String,java.lang.String,int,int,int]",count,3
E:\OOD_Projects\ck-mvn-plugin\Airline-Management-System-master\source\Graph.java,source.Graph,"AddFlight/6[java.lang.String,java.lang.String,java.lang.String,int,int,int]",cty,5
E:\OOD_Projects\ck-mvn-plugin\Airline-Management-System-master\source\Graph.java,source.Graph,"AddFlight/6[java.lang.String,java.lang.String,java.lang.String,int,int,int]",gr,2
E:\OOD_Projects\ck-mvn-plugin\Airline-Management-System-master\source\Graph.java,source.Graph,"AddFlight/6[java.lang.String,java.lang.String,java.lang.String,int,int,int]",time,1
E:\OOD_Projects\ck-mvn-plugin\Airline-Management-System-master\source\Graph.java,source.Graph,"deleteFlight/4[java.lang.String,java.lang.String,java.lang.String,javax.swing.JLabel]",count,2
E:\OOD_Projects\ck-mvn-plugin\Airline-Management-System-master\source\Graph.java,source.Graph,"deleteFlight/4[java.lang.String,java.lang.String,java.lang.String,javax.swing.JLabel]",cty,2
E:\OOD_Projects\ck-mvn-plugin\Airline-Management-System-master\source\Graph.java,source.Graph,"deleteFlight/4[java.lang.String,java.lang.String,java.lang.String,javax.swing.JLabel]",gr,3
E:\OOD_Projects\ck-mvn-plugin\Airline-Management-System-master\source\Graph.java,source.Graph,"bookSeat/7[java.lang.String,java.lang.String,java.lang.String,java.lang.String,int,java.lang.String,java.lang.String]",count,2
E:\OOD_Projects\ck-mvn-plugin\Airline-Management-System-master\source\Graph.java,source.Graph,"bookSeat/7[java.lang.String,java.lang.String,java.lang.String,java.lang.String,int,java.lang.String,java.lang.String]",cty,2
E:\OOD_Projects\ck-mvn-plugin\Airline-Management-System-master\source\Graph.java,source.Graph,"bookSeat/7[java.lang.String,java.lang.String,java.lang.String,java.lang.String,int,java.lang.String,java.lang.String]",gr,3
E:\OOD_Projects\ck-mvn-plugin\Airline-Management-System-master\source\Graph.java,source.Graph,"disp/2[java.lang.String,javax.swing.table.DefaultTableModel]",count,3
E:\OOD_Projects\ck-mvn-plugin\Airline-Management-System-master\source\Graph.java,source.Graph,"disp/2[java.lang.String,javax.swing.table.DefaultTableModel]",cty,5
E:\OOD_Projects\ck-mvn-plugin\Airline-Management-System-master\source\Graph.java,source.Graph,"disp/2[java.lang.String,javax.swing.table.DefaultTableModel]",gr,2
E:\OOD_Projects\ck-mvn-plugin\Airline-Management-System-master\source\Graph.java,source.Graph,enter/0,count,2
E:\OOD_Projects\ck-mvn-plugin\Airline-Management-System-master\source\Graph.java,source.Graph,enter/0,cty,2
E:\OOD_Projects\ck-mvn-plugin\Airline-Management-System-master\source\Graph.java,source.Graph,"getList/4[java.lang.String,java.lang.String,java.lang.String,javax.swing.table.DefaultTableModel]",count,2
E:\OOD_Projects\ck-mvn-plugin\Airline-Management-System-master\source\Graph.java,source.Graph,"getList/4[java.lang.String,java.lang.String,java.lang.String,javax.swing.table.DefaultTableModel]",cty,2
E:\OOD_Projects\ck-mvn-plugin\Airline-Management-System-master\source\Graph.java,source.Graph,"getList/4[java.lang.String,java.lang.String,java.lang.String,javax.swing.table.DefaultTableModel]",gr,2
E:\OOD_Projects\ck-mvn-plugin\Airline-Management-System-master\source\Node.java,source.Node,setnext/1[source.Node],next,1
E:\OOD_Projects\ck-mvn-plugin\Airline-Management-System-master\source\Node.java,source.Node,"Node/7[java.lang.String,java.lang.String,java.util.Calendar,java.lang.String,int,int,int]",next,1
E:\OOD_Projects\ck-mvn-plugin\Airline-Management-System-master\source\Node.java,source.Node,"Node/7[java.lang.String,java.lang.String,java.util.Calendar,java.lang.String,int,int,int]",f,1
E:\OOD_Projects\ck-mvn-plugin\Airline-Management-System-master\source\Node.java,source.Node,getnext/0,next,1
E:\OOD_Projects\ck-mvn-plugin\Airline-Management-System-master\source\Node.java,source.Node,Node/0,next,1
E:\OOD_Projects\ck-mvn-plugin\Airline-Management-System-master\source\Node.java,source.Node,Node/0,f,1
E:\OOD_Projects\ck-mvn-plugin\Airline-Management-System-master\source\Node.java,source.Node,Node/1[source.Flight],next,1
E:\OOD_Projects\ck-mvn-plugin\Airline-Management-System-master\source\Node.java,source.Node,Node/1[source.Flight],f,1
E:\OOD_Projects\ck-mvn-plugin\Airline-Management-System-master\source\LinkedList.java,source.LinkedList,insert/1[source.Node],head,3
E:\OOD_Projects\ck-mvn-plugin\Airline-Management-System-master\source\LinkedList.java,source.LinkedList,delete/1[java.lang.String],head,2
E:\OOD_Projects\ck-mvn-plugin\Airline-Management-System-master\source\LinkedList.java,source.LinkedList,display/1[javax.swing.table.DefaultTableModel],head,2
E:\OOD_Projects\ck-mvn-plugin\Airline-Management-System-master\source\LinkedList.java,source.LinkedList,"insert2/7[java.lang.String,java.lang.String,java.util.Calendar,java.lang.String,int,int,int]",head,3
E:\OOD_Projects\ck-mvn-plugin\Airline-Management-System-master\source\LinkedList.java,source.LinkedList,LinkedList/0,head,1
E:\OOD_Projects\ck-mvn-plugin\Airline-Management-System-master\source\LinkedList.java,source.LinkedList,Search/1[java.util.Date],head,3
E:\OOD_Projects\ck-mvn-plugin\Airline-Management-System-master\source\LinkedList.java,source.LinkedList,"reserveBack/2[java.lang.String,java.lang.String]",head,3
E:\OOD_Projects\ck-mvn-plugin\Airline-Management-System-master\source\LinkedList.java,source.LinkedList,"reserve/5[java.lang.String,java.lang.String,int,java.lang.String,java.lang.String]",head,3
E:\OOD_Projects\ck-mvn-plugin\Airline-Management-System-master\source\LinkedList.java,source.LinkedList,insert/0,head,3
E:\OOD_Projects\ck-mvn-plugin\Airline-Management-System-master\source\LinkedList.java,source.LinkedList,"allPass/2[java.lang.String,javax.swing.table.DefaultTableModel]",head,3
E:\OOD_Projects\ck-mvn-plugin\Airline-Management-System-master\source\arTime.java,source.arTime,arTime/0,a,1
E:\OOD_Projects\ck-mvn-plugin\Airline-Management-System-master\source\arTime.java,source.arTime,getA/0,a,1
E:\OOD_Projects\ck-mvn-plugin\Airline-Management-System-master\my\Package\Client.java,my.Package.Client$Anonymous13,getColumnClass/1[int],types,1
E:\OOD_Projects\ck-mvn-plugin\Airline-Management-System-master\my\Package\Client.java,my.Package.Client$Anonymous13,"isCellEditable/2[int,int]",canEdit,1
E:\OOD_Projects\ck-mvn-plugin\Airline-Management-System-master\my\Package\Client.java,my.Package.Client$Anonymous18,getColumnClass/1[int],types,1
E:\OOD_Projects\ck-mvn-plugin\Airline-Management-System-master\my\Package\Client.java,my.Package.Client$Anonymous18,"isCellEditable/2[int,int]",canEdit,1
E:\OOD_Projects\ck-mvn-plugin\Airline-Management-System-master\my\Package\Client.java,my.Package.Client$Anonymous5,getColumnClass/1[int],types,1
E:\OOD_Projects\ck-mvn-plugin\Airline-Management-System-master\my\Package\Client.java,my.Package.Client$Anonymous5,"isCellEditable/2[int,int]",canEdit,1
