file,class,method,constructor,line,cbo,cboModified,fanin,fanout,wmc,rfc,loc,returnsQty,variablesQty,parametersQty,methodsInvokedQty,methodsInvokedLocalQty,methodsInvokedIndirectLocalQty,loopQty,comparisonsQty,tryCatchQty,parenthesizedExpsQty,stringLiteralsQty,numbersQty,assignmentsQty,mathOperationsQty,maxNestedBlocksQty,anonymousClassesQty,innerClassesQty,lambdasQty,uniqueWordsQty,modifiers,logStatementsQty,hasJavaDoc
E:\OOD_Projects\ck-mvn-plugin\Airline-Management-System-master\source\Passenger.java,source.Passenger,"Passenger/4[java.lang.String,int,java.lang.String,java.lang.String]",true,13,0,1,1,0,1,1,11,0,1,4,1,0,0,0,0,0,0,4,0,5,0,0,0,0,0,14,0,0,false
E:\OOD_Projects\ck-mvn-plugin\Airline-Management-System-master\source\Client1.java,source.Client1,postLog/0,false,91,1,1,0,1,12,7,38,0,2,0,7,1,2,1,2,0,0,9,10,3,0,2,0,0,0,37,9,0,false
E:\OOD_Projects\ck-mvn-plugin\Airline-Management-System-master\source\Client1.java,source.Client1,admn/0,false,63,0,1,1,0,3,4,21,0,6,0,4,0,0,2,0,0,0,5,6,12,5,1,0,0,0,18,9,0,false
E:\OOD_Projects\ck-mvn-plugin\Airline-Management-System-master\source\Client1.java,source.Client1,mainM/0,false,22,2,6,3,3,4,8,24,0,1,0,8,2,1,0,3,0,0,8,4,1,0,1,0,0,0,22,9,0,false
E:\OOD_Projects\ck-mvn-plugin\Airline-Management-System-master\source\Client1.java,source.Client1,main/1[java.lang.String[]],false,182,1,1,0,1,1,1,3,0,0,1,1,1,2,0,0,0,0,0,0,0,0,0,0,0,0,3,9,0,false
E:\OOD_Projects\ck-mvn-plugin\Airline-Management-System-master\source\Client1.java,source.Client1,"logA/2[java.lang.String,java.lang.String]",false,135,0,1,1,0,6,4,26,1,5,2,4,0,0,1,0,0,0,9,2,10,3,2,0,0,0,25,9,0,false
E:\OOD_Projects\ck-mvn-plugin\Airline-Management-System-master\my\Package\Client.java,my.Package.Client$Anonymous11,actionPerformed/1[java.awt.event.ActionEvent],false,407,1,15,0,15,1,1,3,0,0,1,1,0,0,0,0,0,0,0,0,0,0,0,0,0,0,6,1,0,false
E:\OOD_Projects\ck-mvn-plugin\Airline-Management-System-master\my\Package\Client.java,my.Package.Client$Anonymous12,actionPerformed/1[java.awt.event.ActionEvent],false,413,1,15,0,15,1,1,3,0,0,1,1,0,0,0,0,0,0,0,0,0,0,0,0,0,0,6,1,0,false
E:\OOD_Projects\ck-mvn-plugin\Airline-Management-System-master\my\Package\Client.java,my.Package.Client,reservationDataMouseClicked/1[java.awt.event.MouseEvent],false,918,0,2,1,1,1,6,20,0,2,1,6,0,0,0,0,0,0,1,0,2,0,0,1,0,0,25,2,0,false
E:\OOD_Projects\ck-mvn-plugin\Airline-Management-System-master\my\Package\Client.java,my.Package.Client,usernameActionPerformed/1[java.awt.event.ActionEvent],false,750,0,1,1,0,1,0,2,0,0,1,0,0,0,0,0,0,0,0,0,0,0,0,0,0,0,4,2,0,false
E:\OOD_Projects\ck-mvn-plugin\Airline-Management-System-master\my\Package\Client.java,my.Package.Client,minInputActionPerformed/1[java.awt.event.ActionEvent],false,801,0,1,1,0,1,0,2,0,0,1,0,0,0,0,0,0,0,0,0,0,0,0,0,0,0,5,2,0,false
E:\OOD_Projects\ck-mvn-plugin\Airline-Management-System-master\my\Package\Client.java,my.Package.Client,initComponents/0,false,34,0,3,1,2,1,42,303,0,8,0,42,0,0,0,0,0,0,139,209,83,0,0,20,0,0,142,2,0,true
E:\OOD_Projects\ck-mvn-plugin\Airline-Management-System-master\my\Package\Client.java,my.Package.Client,jButton11ActionPerformed/1[java.awt.event.ActionEvent],false,805,1,4,1,3,7,10,18,0,4,1,10,0,0,0,0,0,0,6,1,4,0,1,0,0,0,12,2,0,false
E:\OOD_Projects\ck-mvn-plugin\Airline-Management-System-master\my\Package\Client.java,my.Package.Client,jButton10ActionPerformed/1[java.awt.event.ActionEvent],false,826,1,2,1,1,3,5,11,0,3,1,5,0,0,0,0,0,0,4,0,3,0,2,0,0,0,11,2,0,false
E:\OOD_Projects\ck-mvn-plugin\Airline-Management-System-master\my\Package\Client.java,my.Package.Client,searchData2MouseClicked/1[java.awt.event.MouseEvent],false,878,0,1,1,0,1,4,5,0,2,1,4,0,0,0,0,0,0,0,1,2,0,0,0,0,0,7,2,0,false
E:\OOD_Projects\ck-mvn-plugin\Airline-Management-System-master\my\Package\Client.java,my.Package.Client,jButton8ActionPerformed/1[java.awt.event.ActionEvent],false,770,1,4,1,3,7,10,18,0,4,1,10,0,0,0,0,0,0,6,1,4,0,1,0,0,0,12,2,0,false
E:\OOD_Projects\ck-mvn-plugin\Airline-Management-System-master\my\Package\Client.java,my.Package.Client,arrActionPerformed/1[java.awt.event.ActionEvent],false,791,0,1,1,0,1,0,2,0,0,1,0,0,0,0,0,0,0,0,0,0,0,0,0,0,0,4,2,0,false
E:\OOD_Projects\ck-mvn-plugin\Airline-Management-System-master\my\Package\Client.java,my.Package.Client,cIdActionPerformed/1[java.awt.event.ActionEvent],false,904,0,1,1,0,1,0,2,0,0,1,0,0,0,0,0,0,0,0,0,0,0,0,0,0,0,5,2,0,false
E:\OOD_Projects\ck-mvn-plugin\Airline-Management-System-master\my\Package\Client.java,my.Package.Client,jButton12ActionPerformed/1[java.awt.event.ActionEvent],false,885,1,2,1,1,2,5,11,0,5,1,5,0,0,0,0,0,0,4,0,7,1,1,0,0,0,11,2,0,false
E:\OOD_Projects\ck-mvn-plugin\Airline-Management-System-master\my\Package\Client.java,my.Package.Client,jButton1ActionPerformed/1[java.awt.event.ActionEvent],false,941,0,1,1,0,1,6,11,0,0,1,6,0,0,0,0,0,0,0,0,0,0,0,0,0,0,15,2,0,false
E:\OOD_Projects\ck-mvn-plugin\Airline-Management-System-master\my\Package\Client.java,my.Package.Client,main/1[java.lang.String[]],false,958,1,1,0,1,7,9,30,0,0,1,9,0,0,1,0,1,0,1,0,0,0,3,1,0,0,21,9,0,true
E:\OOD_Projects\ck-mvn-plugin\Airline-Management-System-master\my\Package\Client.java,my.Package.Client,jButton13ActionPerformed/1[java.awt.event.ActionEvent],false,908,1,2,1,1,1,4,8,0,4,1,4,0,0,0,0,0,0,0,1,4,0,0,0,0,0,12,2,0,false
E:\OOD_Projects\ck-mvn-plugin\Airline-Management-System-master\my\Package\Client.java,my.Package.Client,cArrActionPerformed/1[java.awt.event.ActionEvent],false,900,0,1,1,0,1,0,2,0,0,1,0,0,0,0,0,0,0,0,0,0,0,0,0,0,0,5,2,0,false
E:\OOD_Projects\ck-mvn-plugin\Airline-Management-System-master\my\Package\Client.java,my.Package.Client,jButton9ActionPerformed/1[java.awt.event.ActionEvent],false,795,1,2,1,1,1,5,4,0,1,1,5,0,0,0,0,0,0,0,1,1,1,0,0,0,0,6,2,0,false
E:\OOD_Projects\ck-mvn-plugin\Airline-Management-System-master\my\Package\Client.java,my.Package.Client,searchDataMouseClicked/1[java.awt.event.MouseEvent],false,844,0,2,1,1,1,6,29,0,2,1,6,0,0,0,0,0,0,3,0,3,0,0,2,0,0,22,2,0,false
E:\OOD_Projects\ck-mvn-plugin\Airline-Management-System-master\my\Package\Client.java,my.Package.Client,jButton2ActionPerformed/1[java.awt.event.ActionEvent],false,754,1,2,1,1,2,12,14,0,1,1,12,0,0,0,0,0,0,2,1,1,0,1,0,0,0,10,2,0,false
E:\OOD_Projects\ck-mvn-plugin\Airline-Management-System-master\my\Package\Client.java,my.Package.Client,Client/0,true,23,1,2,1,1,1,1,3,0,0,0,1,1,1,0,0,0,0,0,0,0,0,0,0,0,0,6,1,0,true
E:\OOD_Projects\ck-mvn-plugin\Airline-Management-System-master\my\Package\Client.java,my.Package.Client,idTextActionPerformed/1[java.awt.event.ActionEvent],false,840,0,1,1,0,1,0,2,0,0,1,0,0,0,0,0,0,0,0,0,0,0,0,0,0,0,5,2,0,false
E:\OOD_Projects\ck-mvn-plugin\Airline-Management-System-master\my\Package\Client.java,my.Package.Client$Anonymous10,actionPerformed/1[java.awt.event.ActionEvent],false,400,1,15,0,15,1,1,3,0,0,1,1,0,0,0,0,0,0,0,0,0,0,0,0,0,0,6,1,0,false
E:\OOD_Projects\ck-mvn-plugin\Airline-Management-System-master\my\Package\Client.java,my.Package.Client$Anonymous24,run/0,false,985,1,1,0,1,1,2,5,0,0,0,2,0,0,0,0,0,0,0,0,1,0,0,0,0,0,5,1,0,false
E:\OOD_Projects\ck-mvn-plugin\Airline-Management-System-master\source\Flight.java,source.Flight,getSize/0,false,131,0,2,2,0,1,0,3,1,0,0,0,0,0,0,0,0,0,0,0,0,0,0,0,0,0,3,1,0,false
E:\OOD_Projects\ck-mvn-plugin\Airline-Management-System-master\source\Flight.java,source.Flight,setId/1[java.lang.String],false,138,0,2,2,0,1,0,3,0,0,1,0,0,0,0,0,0,0,0,0,1,0,0,0,0,0,4,1,0,false
E:\OOD_Projects\ck-mvn-plugin\Airline-Management-System-master\source\Flight.java,source.Flight,getId/0,false,130,0,5,5,0,1,0,3,1,0,0,0,0,0,0,0,0,0,0,0,0,0,0,0,0,0,3,1,0,false
E:\OOD_Projects\ck-mvn-plugin\Airline-Management-System-master\source\Flight.java,source.Flight,"Flight/6[java.lang.String,int,java.lang.String,java.lang.String,java.util.Calendar,java.util.Calendar]",true,20,1,1,1,0,2,0,11,0,1,6,0,0,0,1,0,0,0,0,2,10,0,1,0,0,0,10,0,0,false
E:\OOD_Projects\ck-mvn-plugin\Airline-Management-System-master\source\Flight.java,source.Flight,Flight/0,true,34,1,2,1,1,1,1,3,0,0,0,1,1,2,0,0,0,0,0,0,0,0,0,0,0,0,1,0,0,false
E:\OOD_Projects\ck-mvn-plugin\Airline-Management-System-master\source\Flight.java,source.Flight,getTo/0,false,133,0,1,1,0,1,0,3,1,0,0,0,0,0,0,0,0,0,0,0,0,0,0,0,0,0,3,1,0,false
E:\OOD_Projects\ck-mvn-plugin\Airline-Management-System-master\source\Flight.java,source.Flight,getReservation/0,false,136,1,0,0,0,1,0,3,1,0,0,0,0,0,0,0,0,0,0,0,0,0,0,0,0,0,3,1,0,false
E:\OOD_Projects\ck-mvn-plugin\Airline-Management-System-master\source\Flight.java,source.Flight,getArvl/0,false,135,0,1,1,0,1,0,3,1,0,0,0,0,0,0,0,0,0,0,0,0,0,0,0,0,0,4,1,0,false
E:\OOD_Projects\ck-mvn-plugin\Airline-Management-System-master\source\Flight.java,source.Flight,setSize/1[int],false,139,0,0,0,0,1,0,3,0,0,1,0,0,0,0,0,0,0,0,0,1,0,0,0,0,0,4,1,0,false
E:\OOD_Projects\ck-mvn-plugin\Airline-Management-System-master\source\Flight.java,source.Flight,"setDept/2[int,int]",false,142,0,0,0,0,1,1,4,0,0,2,1,0,0,0,0,0,0,0,0,0,0,0,0,0,0,3,1,0,false
E:\OOD_Projects\ck-mvn-plugin\Airline-Management-System-master\source\Flight.java,source.Flight,"init/7[java.lang.String,java.lang.String,java.util.Calendar,java.lang.String,int,int,int]",false,90,2,4,1,3,2,8,27,0,2,7,8,3,1,1,0,0,2,5,8,8,2,1,0,0,0,16,1,0,false
E:\OOD_Projects\ck-mvn-plugin\Airline-Management-System-master\source\Flight.java,source.Flight,getFrom/0,false,132,0,1,1,0,1,0,3,1,0,0,0,0,0,0,0,0,0,0,0,0,0,0,0,0,0,3,1,0,false
E:\OOD_Projects\ck-mvn-plugin\Airline-Management-System-master\source\Flight.java,source.Flight,"Flight/7[java.lang.String,java.lang.String,java.util.Calendar,java.lang.String,int,int,int]",true,40,1,2,1,1,1,1,3,0,0,7,1,1,2,0,0,0,0,0,0,0,0,0,0,0,0,2,0,0,false
E:\OOD_Projects\ck-mvn-plugin\Airline-Management-System-master\source\Flight.java,source.Flight,setFrom/1[java.lang.String],false,140,0,2,2,0,1,0,3,0,0,1,0,0,0,0,0,0,0,0,0,1,0,0,0,0,0,4,1,0,false
E:\OOD_Projects\ck-mvn-plugin\Airline-Management-System-master\source\Flight.java,source.Flight,setTo/1[java.lang.String],false,141,0,2,2,0,1,0,3,0,0,1,0,0,0,0,0,0,0,0,0,1,0,0,0,0,0,4,1,0,false
E:\OOD_Projects\ck-mvn-plugin\Airline-Management-System-master\source\Flight.java,source.Flight,setReservation/1[source.Passenger[]],false,143,1,0,0,0,1,0,3,0,0,1,0,0,0,0,0,0,0,0,0,1,0,0,0,0,0,4,1,0,false
E:\OOD_Projects\ck-mvn-plugin\Airline-Management-System-master\source\Flight.java,source.Flight,"setArvl/2[int,int]",false,144,0,0,0,0,1,1,4,0,0,2,1,0,0,0,0,0,0,0,0,0,0,0,0,0,0,3,1,0,false
E:\OOD_Projects\ck-mvn-plugin\Airline-Management-System-master\source\Flight.java,source.Flight,init/0,false,46,2,4,1,3,2,9,36,0,4,0,9,3,1,1,0,0,0,10,8,12,0,1,0,0,0,15,1,0,false
E:\OOD_Projects\ck-mvn-plugin\Airline-Management-System-master\source\Flight.java,source.Flight,getDept/0,false,134,0,5,5,0,1,0,3,1,0,0,0,0,0,0,0,0,0,0,0,0,0,0,0,0,0,4,1,0,false
E:\OOD_Projects\ck-mvn-plugin\Airline-Management-System-master\source\Graph.java,source.Graph,"disp3/3[java.lang.String,java.lang.String,javax.swing.table.DefaultTableModel]",false,298,1,3,2,1,10,3,22,0,5,3,3,0,0,3,4,0,1,7,8,8,3,3,0,0,0,18,1,0,false
E:\OOD_Projects\ck-mvn-plugin\Airline-Management-System-master\source\Graph.java,source.Graph,"cancelSeat/4[java.lang.String,java.lang.String,java.lang.String,java.lang.String]",false,459,1,2,1,1,9,3,30,1,6,4,3,0,0,2,4,0,0,7,6,12,0,2,0,0,0,26,1,0,false
E:\OOD_Projects\ck-mvn-plugin\Airline-Management-System-master\source\Graph.java,source.Graph,initialize/0,false,198,4,5,1,4,5,7,26,0,12,0,7,0,0,3,1,0,1,1,22,18,5,4,0,0,0,17,1,0,false
E:\OOD_Projects\ck-mvn-plugin\Airline-Management-System-master\source\Graph.java,source.Graph,"disp2/2[java.lang.String,javax.swing.table.DefaultTableModel]",false,267,1,3,2,1,7,3,19,0,4,2,3,0,0,3,2,0,1,7,6,5,4,4,0,0,0,11,1,0,false
E:\OOD_Projects\ck-mvn-plugin\Airline-Management-System-master\source\Graph.java,source.Graph,Graph/0,true,17,3,5,0,5,4,4,21,0,2,0,4,2,1,2,1,0,0,0,5,8,0,3,0,0,0,12,0,0,false
E:\OOD_Projects\ck-mvn-plugin\Airline-Management-System-master\source\Graph.java,source.Graph,set/1[int],false,51,1,2,1,1,4,2,123,0,2,1,2,0,0,2,1,0,0,0,341,2,0,3,0,0,0,4,1,0,false
E:\OOD_Projects\ck-mvn-plugin\Airline-Management-System-master\source\Graph.java,source.Graph,"AddFlight/6[java.lang.String,java.lang.String,java.lang.String,int,int,int]",false,334,2,3,1,2,9,4,27,1,6,6,4,0,0,3,3,0,1,9,8,10,2,2,0,0,0,26,1,0,false
E:\OOD_Projects\ck-mvn-plugin\Airline-Management-System-master\source\Graph.java,source.Graph,"deleteFlight/4[java.lang.String,java.lang.String,java.lang.String,javax.swing.JLabel]",false,374,1,2,1,1,9,4,26,0,4,4,4,0,0,2,4,0,0,6,6,7,0,2,0,0,0,24,1,0,false
E:\OOD_Projects\ck-mvn-plugin\Airline-Management-System-master\source\Graph.java,source.Graph,"bookSeat/7[java.lang.String,java.lang.String,java.lang.String,java.lang.String,int,java.lang.String,java.lang.String]",false,418,1,2,1,1,9,3,27,1,6,7,3,0,0,2,4,0,0,6,6,11,0,3,0,0,0,26,1,0,false
E:\OOD_Projects\ck-mvn-plugin\Airline-Management-System-master\source\Graph.java,source.Graph,"disp/2[java.lang.String,javax.swing.table.DefaultTableModel]",false,231,1,3,2,1,7,5,26,1,5,2,5,0,0,3,2,0,1,11,6,6,6,3,0,0,0,19,1,0,false
E:\OOD_Projects\ck-mvn-plugin\Airline-Management-System-master\source\Graph.java,source.Graph,enter/0,false,189,0,1,1,0,2,2,5,0,1,0,2,0,0,1,0,0,0,2,3,1,3,1,0,0,0,5,1,0,false
E:\OOD_Projects\ck-mvn-plugin\Airline-Management-System-master\source\Graph.java,source.Graph,"getList/4[java.lang.String,java.lang.String,java.lang.String,javax.swing.table.DefaultTableModel]",false,503,1,2,1,1,8,3,23,0,5,4,3,0,0,2,3,0,0,5,6,9,0,3,0,0,0,22,1,0,false
E:\OOD_Projects\ck-mvn-plugin\Airline-Management-System-master\source\Node.java,source.Node,setnext/1[source.Node],false,44,1,4,4,0,1,0,3,0,0,1,0,0,0,0,0,0,0,0,0,1,0,0,0,0,0,4,1,0,false
E:\OOD_Projects\ck-mvn-plugin\Airline-Management-System-master\source\Node.java,source.Node,"Node/7[java.lang.String,java.lang.String,java.util.Calendar,java.lang.String,int,int,int]",true,26,1,2,1,1,1,0,4,0,0,7,0,0,0,0,0,0,0,0,0,2,0,0,0,0,0,6,0,0,false
E:\OOD_Projects\ck-mvn-plugin\Airline-Management-System-master\source\Node.java,source.Node,getnext/0,false,36,1,9,9,0,1,0,3,1,0,0,0,0,0,0,0,0,0,0,0,0,0,0,0,0,0,3,1,0,false
E:\OOD_Projects\ck-mvn-plugin\Airline-Management-System-master\source\Node.java,source.Node,Node/0,true,20,1,2,1,1,1,0,4,0,0,0,0,0,0,0,0,0,0,0,0,2,0,0,0,0,0,5,0,0,false
E:\OOD_Projects\ck-mvn-plugin\Airline-Management-System-master\source\Node.java,source.Node,Node/1[source.Flight],true,13,1,1,1,0,1,0,4,0,0,1,0,0,0,0,0,0,0,0,0,2,0,0,0,0,0,6,0,0,false
E:\OOD_Projects\ck-mvn-plugin\Airline-Management-System-master\source\LinkedList.java,source.LinkedList,insert/1[source.Node],false,16,2,4,1,3,6,4,24,0,3,1,4,0,0,1,4,0,2,0,1,7,0,2,0,0,0,9,1,0,false
E:\OOD_Projects\ck-mvn-plugin\Airline-Management-System-master\source\LinkedList.java,source.LinkedList,delete/1[java.lang.String],false,209,2,4,1,3,5,5,14,0,2,1,5,0,0,1,3,0,2,1,0,5,0,3,0,0,0,18,1,0,false
E:\OOD_Projects\ck-mvn-plugin\Airline-Management-System-master\source\LinkedList.java,source.LinkedList,display/1[javax.swing.table.DefaultTableModel],false,126,2,5,3,2,3,4,14,0,2,1,4,1,1,1,2,0,0,1,0,3,0,2,0,0,0,8,1,0,false
E:\OOD_Projects\ck-mvn-plugin\Airline-Management-System-master\source\LinkedList.java,source.LinkedList,"insert2/7[java.lang.String,java.lang.String,java.util.Calendar,java.lang.String,int,int,int]",false,89,2,5,1,4,6,4,25,0,4,7,4,0,0,1,4,0,2,0,1,8,0,2,0,0,0,10,1,0,false
E:\OOD_Projects\ck-mvn-plugin\Airline-Management-System-master\source\LinkedList.java,source.LinkedList,disp/1[source.Node],false,147,2,10,5,5,5,7,20,1,9,1,7,0,0,0,0,0,0,18,4,17,11,1,0,0,0,12,1,0,false
E:\OOD_Projects\ck-mvn-plugin\Airline-Management-System-master\source\LinkedList.java,source.LinkedList,LinkedList/0,true,11,0,1,1,0,1,0,3,0,0,0,0,0,0,0,0,0,0,0,0,1,0,0,0,0,0,4,0,0,false
E:\OOD_Projects\ck-mvn-plugin\Airline-Management-System-master\source\LinkedList.java,source.LinkedList,Search/1[java.util.Date],false,182,3,3,0,3,7,5,16,0,2,1,5,1,1,1,3,0,0,2,0,4,0,4,0,0,0,28,1,0,false
E:\OOD_Projects\ck-mvn-plugin\Airline-Management-System-master\source\LinkedList.java,source.LinkedList,"reserveBack/2[java.lang.String,java.lang.String]",false,288,3,5,1,4,13,7,48,1,8,2,7,1,1,2,4,0,2,12,3,17,3,5,0,0,0,41,1,0,false
E:\OOD_Projects\ck-mvn-plugin\Airline-Management-System-master\source\LinkedList.java,source.LinkedList,"reserve/5[java.lang.String,java.lang.String,int,java.lang.String,java.lang.String]",false,234,4,6,1,5,14,6,33,1,6,5,6,1,1,2,5,0,1,6,3,13,2,5,0,0,0,48,1,0,false
E:\OOD_Projects\ck-mvn-plugin\Airline-Management-System-master\source\LinkedList.java,source.LinkedList,insert/0,false,52,2,4,0,4,6,4,25,0,4,0,4,0,0,1,4,0,2,0,1,8,0,2,0,0,0,9,1,0,false
E:\OOD_Projects\ck-mvn-plugin\Airline-Management-System-master\source\LinkedList.java,source.LinkedList,"allPass/2[java.lang.String,javax.swing.table.DefaultTableModel]",false,359,3,4,1,3,11,6,29,0,6,2,6,1,1,2,4,0,1,8,4,8,2,6,0,0,0,36,1,0,false
E:\OOD_Projects\ck-mvn-plugin\Airline-Management-System-master\my\Package\Client.java,my.Package.Client$Anonymous22,actionPerformed/1[java.awt.event.ActionEvent],false,864,0,15,0,15,1,6,8,0,1,1,6,0,0,0,0,0,0,0,4,1,0,0,0,0,0,6,1,0,false
E:\OOD_Projects\ck-mvn-plugin\Airline-Management-System-master\source\arTime.java,source.arTime,arTime/0,true,8,0,1,1,0,1,1,3,0,0,0,1,0,0,0,0,0,0,0,0,1,0,0,0,0,0,3,0,0,false
E:\OOD_Projects\ck-mvn-plugin\Airline-Management-System-master\source\arTime.java,source.arTime,getA/0,false,13,0,4,4,0,1,0,3,1,0,0,0,0,0,0,0,0,0,0,0,0,0,0,0,0,0,4,1,0,false
E:\OOD_Projects\ck-mvn-plugin\Airline-Management-System-master\my\Package\Client.java,my.Package.Client$Anonymous23,actionPerformed/1[java.awt.event.ActionEvent],false,926,1,15,0,15,1,7,11,0,6,1,7,0,0,0,0,0,0,2,1,7,1,0,0,0,0,13,1,0,false
E:\OOD_Projects\ck-mvn-plugin\Airline-Management-System-master\my\Package\Client.java,my.Package.Client$Anonymous20,actionPerformed/1[java.awt.event.ActionEvent],false,671,1,15,0,15,1,1,3,0,0,1,1,0,0,0,0,0,0,0,0,0,0,0,0,0,0,6,1,0,false
E:\OOD_Projects\ck-mvn-plugin\Airline-Management-System-master\my\Package\Client.java,my.Package.Client$Anonymous21,actionPerformed/1[java.awt.event.ActionEvent],false,852,0,15,0,15,1,5,7,0,1,1,5,0,0,0,0,0,0,0,3,1,0,0,0,0,0,8,1,0,false
E:\OOD_Projects\ck-mvn-plugin\Airline-Management-System-master\my\Package\Client.java,my.Package.Client$Anonymous15,actionPerformed/1[java.awt.event.ActionEvent],false,531,1,15,0,15,1,1,3,0,0,1,1,0,0,0,0,0,0,0,0,0,0,0,0,0,0,6,1,0,false
E:\OOD_Projects\ck-mvn-plugin\Airline-Management-System-master\my\Package\Client.java,my.Package.Client$Anonymous16,actionPerformed/1[java.awt.event.ActionEvent],false,626,1,15,0,15,1,1,3,0,0,1,1,0,0,0,0,0,0,0,0,0,0,0,0,0,0,6,1,0,false
E:\OOD_Projects\ck-mvn-plugin\Airline-Management-System-master\my\Package\Client.java,my.Package.Client$Anonymous13,getColumnClass/1[int],false,435,0,0,0,0,1,0,3,1,0,1,0,0,0,0,0,0,0,0,0,0,0,0,0,0,0,5,1,0,false
E:\OOD_Projects\ck-mvn-plugin\Airline-Management-System-master\my\Package\Client.java,my.Package.Client$Anonymous13,"isCellEditable/2[int,int]",false,439,0,0,0,0,1,0,3,1,0,2,0,0,0,0,0,0,0,0,0,0,0,0,0,0,0,5,1,0,false
E:\OOD_Projects\ck-mvn-plugin\Airline-Management-System-master\my\Package\Client.java,my.Package.Client$Anonymous14,mouseClicked/1[java.awt.event.MouseEvent],false,445,1,3,0,3,1,1,3,0,0,1,1,0,0,0,0,0,0,0,0,0,0,0,0,0,0,6,1,0,false
E:\OOD_Projects\ck-mvn-plugin\Airline-Management-System-master\my\Package\Client.java,my.Package.Client$Anonymous1,actionPerformed/1[java.awt.event.ActionEvent],false,124,1,15,0,15,1,1,3,0,0,1,1,0,0,0,0,0,0,0,0,0,0,0,0,0,0,5,1,0,false
E:\OOD_Projects\ck-mvn-plugin\Airline-Management-System-master\my\Package\Client.java,my.Package.Client$Anonymous19,mouseClicked/1[java.awt.event.MouseEvent],false,663,1,3,0,3,1,1,3,0,0,1,1,0,0,0,0,0,0,0,0,0,0,0,0,0,0,6,1,0,false
E:\OOD_Projects\ck-mvn-plugin\Airline-Management-System-master\my\Package\Client.java,my.Package.Client$Anonymous2,actionPerformed/1[java.awt.event.ActionEvent],false,131,1,15,0,15,1,1,3,0,0,1,1,0,0,0,0,0,0,0,0,0,0,0,0,0,0,6,1,0,false
E:\OOD_Projects\ck-mvn-plugin\Airline-Management-System-master\my\Package\Client.java,my.Package.Client$Anonymous3,actionPerformed/1[java.awt.event.ActionEvent],false,138,1,15,0,15,1,1,3,0,0,1,1,0,0,0,0,0,0,0,0,0,0,0,0,0,0,6,1,0,false
E:\OOD_Projects\ck-mvn-plugin\Airline-Management-System-master\my\Package\Client.java,my.Package.Client$Anonymous17,actionPerformed/1[java.awt.event.ActionEvent],false,634,1,15,0,15,1,1,3,0,0,1,1,0,0,0,0,0,0,0,0,0,0,0,0,0,0,6,1,0,false
E:\OOD_Projects\ck-mvn-plugin\Airline-Management-System-master\my\Package\Client.java,my.Package.Client$Anonymous4,actionPerformed/1[java.awt.event.ActionEvent],false,198,1,15,0,15,1,1,3,0,0,1,1,0,0,0,0,0,0,0,0,0,0,0,0,0,0,6,1,0,false
E:\OOD_Projects\ck-mvn-plugin\Airline-Management-System-master\my\Package\Client.java,my.Package.Client$Anonymous18,getColumnClass/1[int],false,654,0,0,0,0,1,0,3,1,0,1,0,0,0,0,0,0,0,0,0,0,0,0,0,0,0,5,1,0,false
E:\OOD_Projects\ck-mvn-plugin\Airline-Management-System-master\my\Package\Client.java,my.Package.Client$Anonymous18,"isCellEditable/2[int,int]",false,658,0,0,0,0,1,0,3,1,0,2,0,0,0,0,0,0,0,0,0,0,0,0,0,0,0,5,1,0,false
E:\OOD_Projects\ck-mvn-plugin\Airline-Management-System-master\my\Package\Client.java,my.Package.Client$Anonymous5,getColumnClass/1[int],false,229,0,0,0,0,1,0,3,1,0,1,0,0,0,0,0,0,0,0,0,0,0,0,0,0,0,5,1,0,false
E:\OOD_Projects\ck-mvn-plugin\Airline-Management-System-master\my\Package\Client.java,my.Package.Client$Anonymous5,"isCellEditable/2[int,int]",false,233,0,0,0,0,1,0,3,1,0,2,0,0,0,0,0,0,0,0,0,0,0,0,0,0,0,5,1,0,false
E:\OOD_Projects\ck-mvn-plugin\Airline-Management-System-master\my\Package\Client.java,my.Package.Client$Anonymous6,mouseClicked/1[java.awt.event.MouseEvent],false,239,1,3,0,3,1,1,3,0,0,1,1,0,0,0,0,0,0,0,0,0,0,0,0,0,0,6,1,0,false
E:\OOD_Projects\ck-mvn-plugin\Airline-Management-System-master\my\Package\Client.java,my.Package.Client$Anonymous7,actionPerformed/1[java.awt.event.ActionEvent],false,299,1,15,0,15,1,1,3,0,0,1,1,0,0,0,0,0,0,0,0,0,0,0,0,0,0,5,1,0,false
E:\OOD_Projects\ck-mvn-plugin\Airline-Management-System-master\my\Package\Client.java,my.Package.Client$Anonymous8,actionPerformed/1[java.awt.event.ActionEvent],false,306,1,15,0,15,1,1,3,0,0,1,1,0,0,0,0,0,0,0,0,0,0,0,0,0,0,6,1,0,false
E:\OOD_Projects\ck-mvn-plugin\Airline-Management-System-master\my\Package\Client.java,my.Package.Client$Anonymous9,actionPerformed/1[java.awt.event.ActionEvent],false,319,1,15,0,15,1,1,3,0,0,1,1,0,0,0,0,0,0,0,0,0,0,0,0,0,0,6,1,0,false
