file,class,method,variable,usage
E:\OOD_Projects\ck-mvn-plugin\Airline-Management-System-master\source\Passenger.java,source.Passenger,"Passenger/4[java.lang.String,int,java.lang.String,java.lang.String]",p,1
E:\OOD_Projects\ck-mvn-plugin\Airline-Management-System-master\source\Passenger.java,source.Passenger,"Passenger/4[java.lang.String,int,java.lang.String,java.lang.String]",sc,0
E:\OOD_Projects\ck-mvn-plugin\Airline-Management-System-master\source\Passenger.java,source.Passenger,"Passenger/4[java.lang.String,int,java.lang.String,java.lang.String]",a,1
E:\OOD_Projects\ck-mvn-plugin\Airline-Management-System-master\source\Passenger.java,source.Passenger,"Passenger/4[java.lang.String,int,java.lang.String,java.lang.String]",s,1
E:\OOD_Projects\ck-mvn-plugin\Airline-Management-System-master\source\Passenger.java,source.Passenger,"Passenger/4[java.lang.String,int,java.lang.String,java.lang.String]",n,1
E:\OOD_Projects\ck-mvn-plugin\Airline-Management-System-master\source\Client1.java,source.Client1,postLog/0,ch,4
E:\OOD_Projects\ck-mvn-plugin\Airline-Management-System-master\source\Client1.java,source.Client1,postLog/0,cho,2
E:\OOD_Projects\ck-mvn-plugin\Airline-Management-System-master\source\Client1.java,source.Client1,admn/0,p,1
E:\OOD_Projects\ck-mvn-plugin\Airline-Management-System-master\source\Client1.java,source.Client1,admn/0,s,2
E:\OOD_Projects\ck-mvn-plugin\Airline-Management-System-master\source\Client1.java,source.Client1,admn/0,i,9
E:\OOD_Projects\ck-mvn-plugin\Airline-Management-System-master\source\Client1.java,source.Client1,admn/0,adm,3
E:\OOD_Projects\ck-mvn-plugin\Airline-Management-System-master\source\Client1.java,source.Client1,admn/0,pwd,3
E:\OOD_Projects\ck-mvn-plugin\Airline-Management-System-master\source\Client1.java,source.Client1,mainM/0,y,3
E:\OOD_Projects\ck-mvn-plugin\Airline-Management-System-master\source\Client1.java,source.Client1,main/1[java.lang.String[]],args,0
E:\OOD_Projects\ck-mvn-plugin\Airline-Management-System-master\source\Client1.java,source.Client1,"logA/2[java.lang.String,java.lang.String]",found,3
E:\OOD_Projects\ck-mvn-plugin\Airline-Management-System-master\source\Client1.java,source.Client1,"logA/2[java.lang.String,java.lang.String]",name,1
E:\OOD_Projects\ck-mvn-plugin\Airline-Management-System-master\source\Client1.java,source.Client1,"logA/2[java.lang.String,java.lang.String]",fo,4
E:\OOD_Projects\ck-mvn-plugin\Airline-Management-System-master\source\Client1.java,source.Client1,"logA/2[java.lang.String,java.lang.String]",i,5
E:\OOD_Projects\ck-mvn-plugin\Airline-Management-System-master\source\Client1.java,source.Client1,"logA/2[java.lang.String,java.lang.String]",cho,0
E:\OOD_Projects\ck-mvn-plugin\Airline-Management-System-master\source\Client1.java,source.Client1,"logA/2[java.lang.String,java.lang.String]",pwd,1
E:\OOD_Projects\ck-mvn-plugin\Airline-Management-System-master\source\Client1.java,source.Client1,"logA/2[java.lang.String,java.lang.String]",status,4
E:\OOD_Projects\ck-mvn-plugin\Airline-Management-System-master\my\Package\Client.java,my.Package.Client$Anonymous11,actionPerformed/1[java.awt.event.ActionEvent],evt,1
E:\OOD_Projects\ck-mvn-plugin\Airline-Management-System-master\my\Package\Client.java,my.Package.Client$Anonymous12,actionPerformed/1[java.awt.event.ActionEvent],evt,1
E:\OOD_Projects\ck-mvn-plugin\Airline-Management-System-master\my\Package\Client.java,my.Package.Client,reservationDataMouseClicked/1[java.awt.event.MouseEvent],evt,3
E:\OOD_Projects\ck-mvn-plugin\Airline-Management-System-master\my\Package\Client.java,my.Package.Client,reservationDataMouseClicked/1[java.awt.event.MouseEvent],item1,2
E:\OOD_Projects\ck-mvn-plugin\Airline-Management-System-master\my\Package\Client.java,my.Package.Client,reservationDataMouseClicked/1[java.awt.event.MouseEvent],options,2
E:\OOD_Projects\ck-mvn-plugin\Airline-Management-System-master\my\Package\Client.java,my.Package.Client,usernameActionPerformed/1[java.awt.event.ActionEvent],evt,0
E:\OOD_Projects\ck-mvn-plugin\Airline-Management-System-master\my\Package\Client.java,my.Package.Client,minInputActionPerformed/1[java.awt.event.ActionEvent],evt,0
E:\OOD_Projects\ck-mvn-plugin\Airline-Management-System-master\my\Package\Client.java,my.Package.Client,initComponents/0,bookSeatLayout,25
E:\OOD_Projects\ck-mvn-plugin\Airline-Management-System-master\my\Package\Client.java,my.Package.Client,initComponents/0,layout,9
E:\OOD_Projects\ck-mvn-plugin\Airline-Management-System-master\my\Package\Client.java,my.Package.Client,initComponents/0,searchLayout,12
E:\OOD_Projects\ck-mvn-plugin\Airline-Management-System-master\my\Package\Client.java,my.Package.Client,initComponents/0,dispDataLayout,5
E:\OOD_Projects\ck-mvn-plugin\Airline-Management-System-master\my\Package\Client.java,my.Package.Client,initComponents/0,addRemoveFlightLayout,18
E:\OOD_Projects\ck-mvn-plugin\Airline-Management-System-master\my\Package\Client.java,my.Package.Client,initComponents/0,removeFlightLayout,16
E:\OOD_Projects\ck-mvn-plugin\Airline-Management-System-master\my\Package\Client.java,my.Package.Client,initComponents/0,loginScreenLayout,17
E:\OOD_Projects\ck-mvn-plugin\Airline-Management-System-master\my\Package\Client.java,my.Package.Client,initComponents/0,checkReservationLayout,14
E:\OOD_Projects\ck-mvn-plugin\Airline-Management-System-master\my\Package\Client.java,my.Package.Client,jButton11ActionPerformed/1[java.awt.event.ActionEvent],depttext,5
E:\OOD_Projects\ck-mvn-plugin\Airline-Management-System-master\my\Package\Client.java,my.Package.Client,jButton11ActionPerformed/1[java.awt.event.ActionEvent],evt,0
E:\OOD_Projects\ck-mvn-plugin\Airline-Management-System-master\my\Package\Client.java,my.Package.Client,jButton11ActionPerformed/1[java.awt.event.ActionEvent],jb,1
E:\OOD_Projects\ck-mvn-plugin\Airline-Management-System-master\my\Package\Client.java,my.Package.Client,jButton11ActionPerformed/1[java.awt.event.ActionEvent],model,4
E:\OOD_Projects\ck-mvn-plugin\Airline-Management-System-master\my\Package\Client.java,my.Package.Client,jButton11ActionPerformed/1[java.awt.event.ActionEvent],arrtext,5
E:\OOD_Projects\ck-mvn-plugin\Airline-Management-System-master\my\Package\Client.java,my.Package.Client,jButton10ActionPerformed/1[java.awt.event.ActionEvent],depttext,2
E:\OOD_Projects\ck-mvn-plugin\Airline-Management-System-master\my\Package\Client.java,my.Package.Client,jButton10ActionPerformed/1[java.awt.event.ActionEvent],evt,0
E:\OOD_Projects\ck-mvn-plugin\Airline-Management-System-master\my\Package\Client.java,my.Package.Client,jButton10ActionPerformed/1[java.awt.event.ActionEvent],iddata,1
E:\OOD_Projects\ck-mvn-plugin\Airline-Management-System-master\my\Package\Client.java,my.Package.Client,jButton10ActionPerformed/1[java.awt.event.ActionEvent],arrtext,2
E:\OOD_Projects\ck-mvn-plugin\Airline-Management-System-master\my\Package\Client.java,my.Package.Client,searchData2MouseClicked/1[java.awt.event.MouseEvent],evt,0
E:\OOD_Projects\ck-mvn-plugin\Airline-Management-System-master\my\Package\Client.java,my.Package.Client,searchData2MouseClicked/1[java.awt.event.MouseEvent],row,1
E:\OOD_Projects\ck-mvn-plugin\Airline-Management-System-master\my\Package\Client.java,my.Package.Client,searchData2MouseClicked/1[java.awt.event.MouseEvent],id,1
E:\OOD_Projects\ck-mvn-plugin\Airline-Management-System-master\my\Package\Client.java,my.Package.Client,jButton8ActionPerformed/1[java.awt.event.ActionEvent],arr,5
E:\OOD_Projects\ck-mvn-plugin\Airline-Management-System-master\my\Package\Client.java,my.Package.Client,jButton8ActionPerformed/1[java.awt.event.ActionEvent],evt,0
E:\OOD_Projects\ck-mvn-plugin\Airline-Management-System-master\my\Package\Client.java,my.Package.Client,jButton8ActionPerformed/1[java.awt.event.ActionEvent],jb,1
E:\OOD_Projects\ck-mvn-plugin\Airline-Management-System-master\my\Package\Client.java,my.Package.Client,jButton8ActionPerformed/1[java.awt.event.ActionEvent],model,4
E:\OOD_Projects\ck-mvn-plugin\Airline-Management-System-master\my\Package\Client.java,my.Package.Client,jButton8ActionPerformed/1[java.awt.event.ActionEvent],dept,5
E:\OOD_Projects\ck-mvn-plugin\Airline-Management-System-master\my\Package\Client.java,my.Package.Client,arrActionPerformed/1[java.awt.event.ActionEvent],evt,0
E:\OOD_Projects\ck-mvn-plugin\Airline-Management-System-master\my\Package\Client.java,my.Package.Client,cIdActionPerformed/1[java.awt.event.ActionEvent],evt,0
E:\OOD_Projects\ck-mvn-plugin\Airline-Management-System-master\my\Package\Client.java,my.Package.Client,jButton12ActionPerformed/1[java.awt.event.ActionEvent],p,1
E:\OOD_Projects\ck-mvn-plugin\Airline-Management-System-master\my\Package\Client.java,my.Package.Client,jButton12ActionPerformed/1[java.awt.event.ActionEvent],output,3
E:\OOD_Projects\ck-mvn-plugin\Airline-Management-System-master\my\Package\Client.java,my.Package.Client,jButton12ActionPerformed/1[java.awt.event.ActionEvent],a,1
E:\OOD_Projects\ck-mvn-plugin\Airline-Management-System-master\my\Package\Client.java,my.Package.Client,jButton12ActionPerformed/1[java.awt.event.ActionEvent],evt,0
E:\OOD_Projects\ck-mvn-plugin\Airline-Management-System-master\my\Package\Client.java,my.Package.Client,jButton12ActionPerformed/1[java.awt.event.ActionEvent],s,3
E:\OOD_Projects\ck-mvn-plugin\Airline-Management-System-master\my\Package\Client.java,my.Package.Client,jButton12ActionPerformed/1[java.awt.event.ActionEvent],n,1
E:\OOD_Projects\ck-mvn-plugin\Airline-Management-System-master\my\Package\Client.java,my.Package.Client,jButton1ActionPerformed/1[java.awt.event.ActionEvent],evt,0
E:\OOD_Projects\ck-mvn-plugin\Airline-Management-System-master\my\Package\Client.java,my.Package.Client,main/1[java.lang.String[]],args,0
E:\OOD_Projects\ck-mvn-plugin\Airline-Management-System-master\my\Package\Client.java,my.Package.Client,main/1[java.lang.String[]],ex,7
E:\OOD_Projects\ck-mvn-plugin\Airline-Management-System-master\my\Package\Client.java,my.Package.Client,main/1[java.lang.String[]],info,2
E:\OOD_Projects\ck-mvn-plugin\Airline-Management-System-master\my\Package\Client.java,my.Package.Client,jButton13ActionPerformed/1[java.awt.event.ActionEvent],arr,1
E:\OOD_Projects\ck-mvn-plugin\Airline-Management-System-master\my\Package\Client.java,my.Package.Client,jButton13ActionPerformed/1[java.awt.event.ActionEvent],evt,0
E:\OOD_Projects\ck-mvn-plugin\Airline-Management-System-master\my\Package\Client.java,my.Package.Client,jButton13ActionPerformed/1[java.awt.event.ActionEvent],model,2
E:\OOD_Projects\ck-mvn-plugin\Airline-Management-System-master\my\Package\Client.java,my.Package.Client,jButton13ActionPerformed/1[java.awt.event.ActionEvent],dept,1
E:\OOD_Projects\ck-mvn-plugin\Airline-Management-System-master\my\Package\Client.java,my.Package.Client,jButton13ActionPerformed/1[java.awt.event.ActionEvent],id,1
E:\OOD_Projects\ck-mvn-plugin\Airline-Management-System-master\my\Package\Client.java,my.Package.Client,cArrActionPerformed/1[java.awt.event.ActionEvent],evt,0
E:\OOD_Projects\ck-mvn-plugin\Airline-Management-System-master\my\Package\Client.java,my.Package.Client,jButton9ActionPerformed/1[java.awt.event.ActionEvent],output,1
E:\OOD_Projects\ck-mvn-plugin\Airline-Management-System-master\my\Package\Client.java,my.Package.Client,jButton9ActionPerformed/1[java.awt.event.ActionEvent],evt,0
E:\OOD_Projects\ck-mvn-plugin\Airline-Management-System-master\my\Package\Client.java,my.Package.Client,searchDataMouseClicked/1[java.awt.event.MouseEvent],evt,3
E:\OOD_Projects\ck-mvn-plugin\Airline-Management-System-master\my\Package\Client.java,my.Package.Client,searchDataMouseClicked/1[java.awt.event.MouseEvent],item2,2
E:\OOD_Projects\ck-mvn-plugin\Airline-Management-System-master\my\Package\Client.java,my.Package.Client,searchDataMouseClicked/1[java.awt.event.MouseEvent],item1,2
E:\OOD_Projects\ck-mvn-plugin\Airline-Management-System-master\my\Package\Client.java,my.Package.Client,jButton2ActionPerformed/1[java.awt.event.ActionEvent],evt,0
E:\OOD_Projects\ck-mvn-plugin\Airline-Management-System-master\my\Package\Client.java,my.Package.Client,jButton2ActionPerformed/1[java.awt.event.ActionEvent],stat,2
E:\OOD_Projects\ck-mvn-plugin\Airline-Management-System-master\my\Package\Client.java,my.Package.Client,idTextActionPerformed/1[java.awt.event.ActionEvent],evt,0
E:\OOD_Projects\ck-mvn-plugin\Airline-Management-System-master\my\Package\Client.java,my.Package.Client$Anonymous10,actionPerformed/1[java.awt.event.ActionEvent],evt,1
E:\OOD_Projects\ck-mvn-plugin\Airline-Management-System-master\source\Flight.java,source.Flight,setId/1[java.lang.String],i,1
E:\OOD_Projects\ck-mvn-plugin\Airline-Management-System-master\source\Flight.java,source.Flight,"Flight/6[java.lang.String,int,java.lang.String,java.lang.String,java.util.Calendar,java.util.Calendar]",ar,1
E:\OOD_Projects\ck-mvn-plugin\Airline-Management-System-master\source\Flight.java,source.Flight,"Flight/6[java.lang.String,int,java.lang.String,java.lang.String,java.util.Calendar,java.util.Calendar]",t,1
E:\OOD_Projects\ck-mvn-plugin\Airline-Management-System-master\source\Flight.java,source.Flight,"Flight/6[java.lang.String,int,java.lang.String,java.lang.String,java.util.Calendar,java.util.Calendar]",sz,2
E:\OOD_Projects\ck-mvn-plugin\Airline-Management-System-master\source\Flight.java,source.Flight,"Flight/6[java.lang.String,int,java.lang.String,java.lang.String,java.util.Calendar,java.util.Calendar]",idd,1
E:\OOD_Projects\ck-mvn-plugin\Airline-Management-System-master\source\Flight.java,source.Flight,"Flight/6[java.lang.String,int,java.lang.String,java.lang.String,java.util.Calendar,java.util.Calendar]",i,3
E:\OOD_Projects\ck-mvn-plugin\Airline-Management-System-master\source\Flight.java,source.Flight,"Flight/6[java.lang.String,int,java.lang.String,java.lang.String,java.util.Calendar,java.util.Calendar]",fr,1
E:\OOD_Projects\ck-mvn-plugin\Airline-Management-System-master\source\Flight.java,source.Flight,"Flight/6[java.lang.String,int,java.lang.String,java.lang.String,java.util.Calendar,java.util.Calendar]",dep,1
E:\OOD_Projects\ck-mvn-plugin\Airline-Management-System-master\source\Flight.java,source.Flight,setSize/1[int],s,1
E:\OOD_Projects\ck-mvn-plugin\Airline-Management-System-master\source\Flight.java,source.Flight,"setDept/2[int,int]",h,1
E:\OOD_Projects\ck-mvn-plugin\Airline-Management-System-master\source\Flight.java,source.Flight,"setDept/2[int,int]",m,1
E:\OOD_Projects\ck-mvn-plugin\Airline-Management-System-master\source\Flight.java,source.Flight,"init/7[java.lang.String,java.lang.String,java.util.Calendar,java.lang.String,int,int,int]",sc,0
E:\OOD_Projects\ck-mvn-plugin\Airline-Management-System-master\source\Flight.java,source.Flight,"init/7[java.lang.String,java.lang.String,java.util.Calendar,java.lang.String,int,int,int]",a,1
E:\OOD_Projects\ck-mvn-plugin\Airline-Management-System-master\source\Flight.java,source.Flight,"init/7[java.lang.String,java.lang.String,java.util.Calendar,java.lang.String,int,int,int]",art,2
E:\OOD_Projects\ck-mvn-plugin\Airline-Management-System-master\source\Flight.java,source.Flight,"init/7[java.lang.String,java.lang.String,java.util.Calendar,java.lang.String,int,int,int]",min,1
E:\OOD_Projects\ck-mvn-plugin\Airline-Management-System-master\source\Flight.java,source.Flight,"init/7[java.lang.String,java.lang.String,java.util.Calendar,java.lang.String,int,int,int]",d,1
E:\OOD_Projects\ck-mvn-plugin\Airline-Management-System-master\source\Flight.java,source.Flight,"init/7[java.lang.String,java.lang.String,java.util.Calendar,java.lang.String,int,int,int]",i,3
E:\OOD_Projects\ck-mvn-plugin\Airline-Management-System-master\source\Flight.java,source.Flight,"init/7[java.lang.String,java.lang.String,java.util.Calendar,java.lang.String,int,int,int]",hr,1
E:\OOD_Projects\ck-mvn-plugin\Airline-Management-System-master\source\Flight.java,source.Flight,"init/7[java.lang.String,java.lang.String,java.util.Calendar,java.lang.String,int,int,int]",id,1
E:\OOD_Projects\ck-mvn-plugin\Airline-Management-System-master\source\Flight.java,source.Flight,"init/7[java.lang.String,java.lang.String,java.util.Calendar,java.lang.String,int,int,int]",seats,1
E:\OOD_Projects\ck-mvn-plugin\Airline-Management-System-master\source\Flight.java,source.Flight,"Flight/7[java.lang.String,java.lang.String,java.util.Calendar,java.lang.String,int,int,int]",a,1
E:\OOD_Projects\ck-mvn-plugin\Airline-Management-System-master\source\Flight.java,source.Flight,"Flight/7[java.lang.String,java.lang.String,java.util.Calendar,java.lang.String,int,int,int]",art,1
E:\OOD_Projects\ck-mvn-plugin\Airline-Management-System-master\source\Flight.java,source.Flight,"Flight/7[java.lang.String,java.lang.String,java.util.Calendar,java.lang.String,int,int,int]",min,1
E:\OOD_Projects\ck-mvn-plugin\Airline-Management-System-master\source\Flight.java,source.Flight,"Flight/7[java.lang.String,java.lang.String,java.util.Calendar,java.lang.String,int,int,int]",d,1
E:\OOD_Projects\ck-mvn-plugin\Airline-Management-System-master\source\Flight.java,source.Flight,"Flight/7[java.lang.String,java.lang.String,java.util.Calendar,java.lang.String,int,int,int]",hr,1
E:\OOD_Projects\ck-mvn-plugin\Airline-Management-System-master\source\Flight.java,source.Flight,"Flight/7[java.lang.String,java.lang.String,java.util.Calendar,java.lang.String,int,int,int]",id,1
E:\OOD_Projects\ck-mvn-plugin\Airline-Management-System-master\source\Flight.java,source.Flight,"Flight/7[java.lang.String,java.lang.String,java.util.Calendar,java.lang.String,int,int,int]",seats,1
E:\OOD_Projects\ck-mvn-plugin\Airline-Management-System-master\source\Flight.java,source.Flight,setFrom/1[java.lang.String],f,1
E:\OOD_Projects\ck-mvn-plugin\Airline-Management-System-master\source\Flight.java,source.Flight,setTo/1[java.lang.String],t,1
E:\OOD_Projects\ck-mvn-plugin\Airline-Management-System-master\source\Flight.java,source.Flight,setReservation/1[source.Passenger[]],r,1
E:\OOD_Projects\ck-mvn-plugin\Airline-Management-System-master\source\Flight.java,source.Flight,"setArvl/2[int,int]",h,1
E:\OOD_Projects\ck-mvn-plugin\Airline-Management-System-master\source\Flight.java,source.Flight,"setArvl/2[int,int]",m,1
E:\OOD_Projects\ck-mvn-plugin\Airline-Management-System-master\source\Flight.java,source.Flight,init/0,sc,8
E:\OOD_Projects\ck-mvn-plugin\Airline-Management-System-master\source\Flight.java,source.Flight,init/0,min,3
E:\OOD_Projects\ck-mvn-plugin\Airline-Management-System-master\source\Flight.java,source.Flight,init/0,i,3
E:\OOD_Projects\ck-mvn-plugin\Airline-Management-System-master\source\Flight.java,source.Flight,init/0,hr,3
E:\OOD_Projects\ck-mvn-plugin\Airline-Management-System-master\source\Graph.java,source.Graph,"disp3/3[java.lang.String,java.lang.String,javax.swing.table.DefaultTableModel]",ref,6
E:\OOD_Projects\ck-mvn-plugin\Airline-Management-System-master\source\Graph.java,source.Graph,"disp3/3[java.lang.String,java.lang.String,javax.swing.table.DefaultTableModel]",s,3
E:\OOD_Projects\ck-mvn-plugin\Airline-Management-System-master\source\Graph.java,source.Graph,"disp3/3[java.lang.String,java.lang.String,javax.swing.table.DefaultTableModel]",d,1
E:\OOD_Projects\ck-mvn-plugin\Airline-Management-System-master\source\Graph.java,source.Graph,"disp3/3[java.lang.String,java.lang.String,javax.swing.table.DefaultTableModel]",i,14
E:\OOD_Projects\ck-mvn-plugin\Airline-Management-System-master\source\Graph.java,source.Graph,"disp3/3[java.lang.String,java.lang.String,javax.swing.table.DefaultTableModel]",model,1
E:\OOD_Projects\ck-mvn-plugin\Airline-Management-System-master\source\Graph.java,source.Graph,"disp3/3[java.lang.String,java.lang.String,javax.swing.table.DefaultTableModel]",ref1,6
E:\OOD_Projects\ck-mvn-plugin\Airline-Management-System-master\source\Graph.java,source.Graph,"cancelSeat/4[java.lang.String,java.lang.String,java.lang.String,java.lang.String]",arr,1
E:\OOD_Projects\ck-mvn-plugin\Airline-Management-System-master\source\Graph.java,source.Graph,"cancelSeat/4[java.lang.String,java.lang.String,java.lang.String,java.lang.String]",output,3
E:\OOD_Projects\ck-mvn-plugin\Airline-Management-System-master\source\Graph.java,source.Graph,"cancelSeat/4[java.lang.String,java.lang.String,java.lang.String,java.lang.String]",ref,5
E:\OOD_Projects\ck-mvn-plugin\Airline-Management-System-master\source\Graph.java,source.Graph,"cancelSeat/4[java.lang.String,java.lang.String,java.lang.String,java.lang.String]",s,5
E:\OOD_Projects\ck-mvn-plugin\Airline-Management-System-master\source\Graph.java,source.Graph,"cancelSeat/4[java.lang.String,java.lang.String,java.lang.String,java.lang.String]",i,9
E:\OOD_Projects\ck-mvn-plugin\Airline-Management-System-master\source\Graph.java,source.Graph,"cancelSeat/4[java.lang.String,java.lang.String,java.lang.String,java.lang.String]",dept,1
E:\OOD_Projects\ck-mvn-plugin\Airline-Management-System-master\source\Graph.java,source.Graph,"cancelSeat/4[java.lang.String,java.lang.String,java.lang.String,java.lang.String]",id,1
E:\OOD_Projects\ck-mvn-plugin\Airline-Management-System-master\source\Graph.java,source.Graph,"cancelSeat/4[java.lang.String,java.lang.String,java.lang.String,java.lang.String]",ref1,5
E:\OOD_Projects\ck-mvn-plugin\Airline-Management-System-master\source\Graph.java,source.Graph,"cancelSeat/4[java.lang.String,java.lang.String,java.lang.String,java.lang.String]",n,1
E:\OOD_Projects\ck-mvn-plugin\Airline-Management-System-master\source\Graph.java,source.Graph,initialize/0,temp,2
E:\OOD_Projects\ck-mvn-plugin\Airline-Management-System-master\source\Graph.java,source.Graph,initialize/0,v,2
E:\OOD_Projects\ck-mvn-plugin\Airline-Management-System-master\source\Graph.java,source.Graph,initialize/0,x,3
E:\OOD_Projects\ck-mvn-plugin\Airline-Management-System-master\source\Graph.java,source.Graph,initialize/0,y1,2
E:\OOD_Projects\ck-mvn-plugin\Airline-Management-System-master\source\Graph.java,source.Graph,initialize/0,y,2
E:\OOD_Projects\ck-mvn-plugin\Airline-Management-System-master\source\Graph.java,source.Graph,initialize/0,x1,3
E:\OOD_Projects\ck-mvn-plugin\Airline-Management-System-master\source\Graph.java,source.Graph,initialize/0,i,7
E:\OOD_Projects\ck-mvn-plugin\Airline-Management-System-master\source\Graph.java,source.Graph,initialize/0,j,7
E:\OOD_Projects\ck-mvn-plugin\Airline-Management-System-master\source\Graph.java,source.Graph,initialize/0,id,3
E:\OOD_Projects\ck-mvn-plugin\Airline-Management-System-master\source\Graph.java,source.Graph,initialize/0,f1,1
E:\OOD_Projects\ck-mvn-plugin\Airline-Management-System-master\source\Graph.java,source.Graph,initialize/0,d1,2
E:\OOD_Projects\ck-mvn-plugin\Airline-Management-System-master\source\Graph.java,source.Graph,initialize/0,d2,2
E:\OOD_Projects\ck-mvn-plugin\Airline-Management-System-master\source\Graph.java,source.Graph,"disp2/2[java.lang.String,javax.swing.table.DefaultTableModel]",ref,5
E:\OOD_Projects\ck-mvn-plugin\Airline-Management-System-master\source\Graph.java,source.Graph,"disp2/2[java.lang.String,javax.swing.table.DefaultTableModel]",s,1
E:\OOD_Projects\ck-mvn-plugin\Airline-Management-System-master\source\Graph.java,source.Graph,"disp2/2[java.lang.String,javax.swing.table.DefaultTableModel]",i,15
E:\OOD_Projects\ck-mvn-plugin\Airline-Management-System-master\source\Graph.java,source.Graph,"disp2/2[java.lang.String,javax.swing.table.DefaultTableModel]",model,1
E:\OOD_Projects\ck-mvn-plugin\Airline-Management-System-master\source\Graph.java,source.Graph,Graph/0,i,10
E:\OOD_Projects\ck-mvn-plugin\Airline-Management-System-master\source\Graph.java,source.Graph,Graph/0,j,10
E:\OOD_Projects\ck-mvn-plugin\Airline-Management-System-master\source\Graph.java,source.Graph,set/1[int],c,2
E:\OOD_Projects\ck-mvn-plugin\Airline-Management-System-master\source\Graph.java,source.Graph,set/1[int],i,6
E:\OOD_Projects\ck-mvn-plugin\Airline-Management-System-master\source\Graph.java,source.Graph,set/1[int],j,6
E:\OOD_Projects\ck-mvn-plugin\Airline-Management-System-master\source\Graph.java,source.Graph,"AddFlight/6[java.lang.String,java.lang.String,java.lang.String,int,int,int]",arr,1
E:\OOD_Projects\ck-mvn-plugin\Airline-Management-System-master\source\Graph.java,source.Graph,"AddFlight/6[java.lang.String,java.lang.String,java.lang.String,int,int,int]",ref,6
E:\OOD_Projects\ck-mvn-plugin\Airline-Management-System-master\source\Graph.java,source.Graph,"AddFlight/6[java.lang.String,java.lang.String,java.lang.String,int,int,int]",min,1
E:\OOD_Projects\ck-mvn-plugin\Airline-Management-System-master\source\Graph.java,source.Graph,"AddFlight/6[java.lang.String,java.lang.String,java.lang.String,int,int,int]",i,14
E:\OOD_Projects\ck-mvn-plugin\Airline-Management-System-master\source\Graph.java,source.Graph,"AddFlight/6[java.lang.String,java.lang.String,java.lang.String,int,int,int]",hr,1
E:\OOD_Projects\ck-mvn-plugin\Airline-Management-System-master\source\Graph.java,source.Graph,"AddFlight/6[java.lang.String,java.lang.String,java.lang.String,int,int,int]",dept,1
E:\OOD_Projects\ck-mvn-plugin\Airline-Management-System-master\source\Graph.java,source.Graph,"AddFlight/6[java.lang.String,java.lang.String,java.lang.String,int,int,int]",id,1
E:\OOD_Projects\ck-mvn-plugin\Airline-Management-System-master\source\Graph.java,source.Graph,"AddFlight/6[java.lang.String,java.lang.String,java.lang.String,int,int,int]",ref1,6
E:\OOD_Projects\ck-mvn-plugin\Airline-Management-System-master\source\Graph.java,source.Graph,"AddFlight/6[java.lang.String,java.lang.String,java.lang.String,int,int,int]",seats,1
E:\OOD_Projects\ck-mvn-plugin\Airline-Management-System-master\source\Graph.java,source.Graph,"AddFlight/6[java.lang.String,java.lang.String,java.lang.String,int,int,int]",status,3
E:\OOD_Projects\ck-mvn-plugin\Airline-Management-System-master\source\Graph.java,source.Graph,"deleteFlight/4[java.lang.String,java.lang.String,java.lang.String,javax.swing.JLabel]",arr,1
E:\OOD_Projects\ck-mvn-plugin\Airline-Management-System-master\source\Graph.java,source.Graph,"deleteFlight/4[java.lang.String,java.lang.String,java.lang.String,javax.swing.JLabel]",ref,5
E:\OOD_Projects\ck-mvn-plugin\Airline-Management-System-master\source\Graph.java,source.Graph,"deleteFlight/4[java.lang.String,java.lang.String,java.lang.String,javax.swing.JLabel]",s,3
E:\OOD_Projects\ck-mvn-plugin\Airline-Management-System-master\source\Graph.java,source.Graph,"deleteFlight/4[java.lang.String,java.lang.String,java.lang.String,javax.swing.JLabel]",jb,1
E:\OOD_Projects\ck-mvn-plugin\Airline-Management-System-master\source\Graph.java,source.Graph,"deleteFlight/4[java.lang.String,java.lang.String,java.lang.String,javax.swing.JLabel]",i,9
E:\OOD_Projects\ck-mvn-plugin\Airline-Management-System-master\source\Graph.java,source.Graph,"deleteFlight/4[java.lang.String,java.lang.String,java.lang.String,javax.swing.JLabel]",id,1
E:\OOD_Projects\ck-mvn-plugin\Airline-Management-System-master\source\Graph.java,source.Graph,"deleteFlight/4[java.lang.String,java.lang.String,java.lang.String,javax.swing.JLabel]",ref1,5
E:\OOD_Projects\ck-mvn-plugin\Airline-Management-System-master\source\Graph.java,source.Graph,"bookSeat/7[java.lang.String,java.lang.String,java.lang.String,java.lang.String,int,java.lang.String,java.lang.String]",arr,1
E:\OOD_Projects\ck-mvn-plugin\Airline-Management-System-master\source\Graph.java,source.Graph,"bookSeat/7[java.lang.String,java.lang.String,java.lang.String,java.lang.String,int,java.lang.String,java.lang.String]",p,1
E:\OOD_Projects\ck-mvn-plugin\Airline-Management-System-master\source\Graph.java,source.Graph,"bookSeat/7[java.lang.String,java.lang.String,java.lang.String,java.lang.String,int,java.lang.String,java.lang.String]",output,2
E:\OOD_Projects\ck-mvn-plugin\Airline-Management-System-master\source\Graph.java,source.Graph,"bookSeat/7[java.lang.String,java.lang.String,java.lang.String,java.lang.String,int,java.lang.String,java.lang.String]",a,1
E:\OOD_Projects\ck-mvn-plugin\Airline-Management-System-master\source\Graph.java,source.Graph,"bookSeat/7[java.lang.String,java.lang.String,java.lang.String,java.lang.String,int,java.lang.String,java.lang.String]",ref,5
E:\OOD_Projects\ck-mvn-plugin\Airline-Management-System-master\source\Graph.java,source.Graph,"bookSeat/7[java.lang.String,java.lang.String,java.lang.String,java.lang.String,int,java.lang.String,java.lang.String]",s,5
E:\OOD_Projects\ck-mvn-plugin\Airline-Management-System-master\source\Graph.java,source.Graph,"bookSeat/7[java.lang.String,java.lang.String,java.lang.String,java.lang.String,int,java.lang.String,java.lang.String]",sex,1
E:\OOD_Projects\ck-mvn-plugin\Airline-Management-System-master\source\Graph.java,source.Graph,"bookSeat/7[java.lang.String,java.lang.String,java.lang.String,java.lang.String,int,java.lang.String,java.lang.String]",i,9
E:\OOD_Projects\ck-mvn-plugin\Airline-Management-System-master\source\Graph.java,source.Graph,"bookSeat/7[java.lang.String,java.lang.String,java.lang.String,java.lang.String,int,java.lang.String,java.lang.String]",dept,1
E:\OOD_Projects\ck-mvn-plugin\Airline-Management-System-master\source\Graph.java,source.Graph,"bookSeat/7[java.lang.String,java.lang.String,java.lang.String,java.lang.String,int,java.lang.String,java.lang.String]",id,1
E:\OOD_Projects\ck-mvn-plugin\Airline-Management-System-master\source\Graph.java,source.Graph,"bookSeat/7[java.lang.String,java.lang.String,java.lang.String,java.lang.String,int,java.lang.String,java.lang.String]",ref1,5
E:\OOD_Projects\ck-mvn-plugin\Airline-Management-System-master\source\Graph.java,source.Graph,"bookSeat/7[java.lang.String,java.lang.String,java.lang.String,java.lang.String,int,java.lang.String,java.lang.String]",n,1
E:\OOD_Projects\ck-mvn-plugin\Airline-Management-System-master\source\Graph.java,source.Graph,"disp/2[java.lang.String,javax.swing.table.DefaultTableModel]",ref,5
E:\OOD_Projects\ck-mvn-plugin\Airline-Management-System-master\source\Graph.java,source.Graph,"disp/2[java.lang.String,javax.swing.table.DefaultTableModel]",s,1
E:\OOD_Projects\ck-mvn-plugin\Airline-Management-System-master\source\Graph.java,source.Graph,"disp/2[java.lang.String,javax.swing.table.DefaultTableModel]",data,6
E:\OOD_Projects\ck-mvn-plugin\Airline-Management-System-master\source\Graph.java,source.Graph,"disp/2[java.lang.String,javax.swing.table.DefaultTableModel]",i,16
E:\OOD_Projects\ck-mvn-plugin\Airline-Management-System-master\source\Graph.java,source.Graph,"disp/2[java.lang.String,javax.swing.table.DefaultTableModel]",model,1
E:\OOD_Projects\ck-mvn-plugin\Airline-Management-System-master\source\Graph.java,source.Graph,enter/0,i,3
E:\OOD_Projects\ck-mvn-plugin\Airline-Management-System-master\source\Graph.java,source.Graph,"getList/4[java.lang.String,java.lang.String,java.lang.String,javax.swing.table.DefaultTableModel]",arr,1
E:\OOD_Projects\ck-mvn-plugin\Airline-Management-System-master\source\Graph.java,source.Graph,"getList/4[java.lang.String,java.lang.String,java.lang.String,javax.swing.table.DefaultTableModel]",ref,4
E:\OOD_Projects\ck-mvn-plugin\Airline-Management-System-master\source\Graph.java,source.Graph,"getList/4[java.lang.String,java.lang.String,java.lang.String,javax.swing.table.DefaultTableModel]",s,5
E:\OOD_Projects\ck-mvn-plugin\Airline-Management-System-master\source\Graph.java,source.Graph,"getList/4[java.lang.String,java.lang.String,java.lang.String,javax.swing.table.DefaultTableModel]",i,9
E:\OOD_Projects\ck-mvn-plugin\Airline-Management-System-master\source\Graph.java,source.Graph,"getList/4[java.lang.String,java.lang.String,java.lang.String,javax.swing.table.DefaultTableModel]",model,1
E:\OOD_Projects\ck-mvn-plugin\Airline-Management-System-master\source\Graph.java,source.Graph,"getList/4[java.lang.String,java.lang.String,java.lang.String,javax.swing.table.DefaultTableModel]",dept,1
E:\OOD_Projects\ck-mvn-plugin\Airline-Management-System-master\source\Graph.java,source.Graph,"getList/4[java.lang.String,java.lang.String,java.lang.String,javax.swing.table.DefaultTableModel]",id,1
E:\OOD_Projects\ck-mvn-plugin\Airline-Management-System-master\source\Graph.java,source.Graph,"getList/4[java.lang.String,java.lang.String,java.lang.String,javax.swing.table.DefaultTableModel]",ref1,4
E:\OOD_Projects\ck-mvn-plugin\Airline-Management-System-master\source\Node.java,source.Node,setnext/1[source.Node],n,1
E:\OOD_Projects\ck-mvn-plugin\Airline-Management-System-master\source\Node.java,source.Node,"Node/7[java.lang.String,java.lang.String,java.util.Calendar,java.lang.String,int,int,int]",a,1
E:\OOD_Projects\ck-mvn-plugin\Airline-Management-System-master\source\Node.java,source.Node,"Node/7[java.lang.String,java.lang.String,java.util.Calendar,java.lang.String,int,int,int]",art,1
E:\OOD_Projects\ck-mvn-plugin\Airline-Management-System-master\source\Node.java,source.Node,"Node/7[java.lang.String,java.lang.String,java.util.Calendar,java.lang.String,int,int,int]",min,1
E:\OOD_Projects\ck-mvn-plugin\Airline-Management-System-master\source\Node.java,source.Node,"Node/7[java.lang.String,java.lang.String,java.util.Calendar,java.lang.String,int,int,int]",d,1
E:\OOD_Projects\ck-mvn-plugin\Airline-Management-System-master\source\Node.java,source.Node,"Node/7[java.lang.String,java.lang.String,java.util.Calendar,java.lang.String,int,int,int]",hr,1
E:\OOD_Projects\ck-mvn-plugin\Airline-Management-System-master\source\Node.java,source.Node,"Node/7[java.lang.String,java.lang.String,java.util.Calendar,java.lang.String,int,int,int]",id,1
E:\OOD_Projects\ck-mvn-plugin\Airline-Management-System-master\source\Node.java,source.Node,"Node/7[java.lang.String,java.lang.String,java.util.Calendar,java.lang.String,int,int,int]",seats,1
E:\OOD_Projects\ck-mvn-plugin\Airline-Management-System-master\source\Node.java,source.Node,Node/1[source.Flight],f1,1
E:\OOD_Projects\ck-mvn-plugin\Airline-Management-System-master\source\LinkedList.java,source.LinkedList,insert/1[source.Node],p,6
E:\OOD_Projects\ck-mvn-plugin\Airline-Management-System-master\source\LinkedList.java,source.LinkedList,insert/1[source.Node],q,9
E:\OOD_Projects\ck-mvn-plugin\Airline-Management-System-master\source\LinkedList.java,source.LinkedList,insert/1[source.Node],temp,7
E:\OOD_Projects\ck-mvn-plugin\Airline-Management-System-master\source\LinkedList.java,source.LinkedList,insert/1[source.Node],x,1
E:\OOD_Projects\ck-mvn-plugin\Airline-Management-System-master\source\LinkedList.java,source.LinkedList,delete/1[java.lang.String],p,4
E:\OOD_Projects\ck-mvn-plugin\Airline-Management-System-master\source\LinkedList.java,source.LinkedList,delete/1[java.lang.String],q,9
E:\OOD_Projects\ck-mvn-plugin\Airline-Management-System-master\source\LinkedList.java,source.LinkedList,delete/1[java.lang.String],x,1
E:\OOD_Projects\ck-mvn-plugin\Airline-Management-System-master\source\LinkedList.java,source.LinkedList,display/1[javax.swing.table.DefaultTableModel],temp,5
E:\OOD_Projects\ck-mvn-plugin\Airline-Management-System-master\source\LinkedList.java,source.LinkedList,display/1[javax.swing.table.DefaultTableModel],model,1
E:\OOD_Projects\ck-mvn-plugin\Airline-Management-System-master\source\LinkedList.java,source.LinkedList,display/1[javax.swing.table.DefaultTableModel],row,1
E:\OOD_Projects\ck-mvn-plugin\Airline-Management-System-master\source\LinkedList.java,source.LinkedList,"insert2/7[java.lang.String,java.lang.String,java.util.Calendar,java.lang.String,int,int,int]",p,6
E:\OOD_Projects\ck-mvn-plugin\Airline-Management-System-master\source\LinkedList.java,source.LinkedList,"insert2/7[java.lang.String,java.lang.String,java.util.Calendar,java.lang.String,int,int,int]",a,1
E:\OOD_Projects\ck-mvn-plugin\Airline-Management-System-master\source\LinkedList.java,source.LinkedList,"insert2/7[java.lang.String,java.lang.String,java.util.Calendar,java.lang.String,int,int,int]",ar,1
E:\OOD_Projects\ck-mvn-plugin\Airline-Management-System-master\source\LinkedList.java,source.LinkedList,"insert2/7[java.lang.String,java.lang.String,java.util.Calendar,java.lang.String,int,int,int]",q,9
E:\OOD_Projects\ck-mvn-plugin\Airline-Management-System-master\source\LinkedList.java,source.LinkedList,"insert2/7[java.lang.String,java.lang.String,java.util.Calendar,java.lang.String,int,int,int]",temp,8
E:\OOD_Projects\ck-mvn-plugin\Airline-Management-System-master\source\LinkedList.java,source.LinkedList,"insert2/7[java.lang.String,java.lang.String,java.util.Calendar,java.lang.String,int,int,int]",min,1
E:\OOD_Projects\ck-mvn-plugin\Airline-Management-System-master\source\LinkedList.java,source.LinkedList,"insert2/7[java.lang.String,java.lang.String,java.util.Calendar,java.lang.String,int,int,int]",d,1
E:\OOD_Projects\ck-mvn-plugin\Airline-Management-System-master\source\LinkedList.java,source.LinkedList,"insert2/7[java.lang.String,java.lang.String,java.util.Calendar,java.lang.String,int,int,int]",x,1
E:\OOD_Projects\ck-mvn-plugin\Airline-Management-System-master\source\LinkedList.java,source.LinkedList,"insert2/7[java.lang.String,java.lang.String,java.util.Calendar,java.lang.String,int,int,int]",hr,1
E:\OOD_Projects\ck-mvn-plugin\Airline-Management-System-master\source\LinkedList.java,source.LinkedList,"insert2/7[java.lang.String,java.lang.String,java.util.Calendar,java.lang.String,int,int,int]",id,1
E:\OOD_Projects\ck-mvn-plugin\Airline-Management-System-master\source\LinkedList.java,source.LinkedList,"insert2/7[java.lang.String,java.lang.String,java.util.Calendar,java.lang.String,int,int,int]",seats,1
E:\OOD_Projects\ck-mvn-plugin\Airline-Management-System-master\source\LinkedList.java,source.LinkedList,disp/1[source.Node],s3,6
E:\OOD_Projects\ck-mvn-plugin\Airline-Management-System-master\source\LinkedList.java,source.LinkedList,disp/1[source.Node],t4,3
E:\OOD_Projects\ck-mvn-plugin\Airline-Management-System-master\source\LinkedList.java,source.LinkedList,disp/1[source.Node],s4,6
E:\OOD_Projects\ck-mvn-plugin\Airline-Management-System-master\source\LinkedList.java,source.LinkedList,disp/1[source.Node],x,10
E:\OOD_Projects\ck-mvn-plugin\Airline-Management-System-master\source\LinkedList.java,source.LinkedList,disp/1[source.Node],row,1
E:\OOD_Projects\ck-mvn-plugin\Airline-Management-System-master\source\LinkedList.java,source.LinkedList,disp/1[source.Node],t1,3
E:\OOD_Projects\ck-mvn-plugin\Airline-Management-System-master\source\LinkedList.java,source.LinkedList,disp/1[source.Node],s1,6
E:\OOD_Projects\ck-mvn-plugin\Airline-Management-System-master\source\LinkedList.java,source.LinkedList,disp/1[source.Node],t2,3
E:\OOD_Projects\ck-mvn-plugin\Airline-Management-System-master\source\LinkedList.java,source.LinkedList,disp/1[source.Node],s2,6
E:\OOD_Projects\ck-mvn-plugin\Airline-Management-System-master\source\LinkedList.java,source.LinkedList,disp/1[source.Node],t3,3
E:\OOD_Projects\ck-mvn-plugin\Airline-Management-System-master\source\LinkedList.java,source.LinkedList,Search/1[java.util.Date],temp,6
E:\OOD_Projects\ck-mvn-plugin\Airline-Management-System-master\source\LinkedList.java,source.LinkedList,Search/1[java.util.Date],found,3
E:\OOD_Projects\ck-mvn-plugin\Airline-Management-System-master\source\LinkedList.java,source.LinkedList,Search/1[java.util.Date],x,1
E:\OOD_Projects\ck-mvn-plugin\Airline-Management-System-master\source\LinkedList.java,source.LinkedList,"reserveBack/2[java.lang.String,java.lang.String]",output,5
E:\OOD_Projects\ck-mvn-plugin\Airline-Management-System-master\source\LinkedList.java,source.LinkedList,"reserveBack/2[java.lang.String,java.lang.String]",cancel,2
E:\OOD_Projects\ck-mvn-plugin\Airline-Management-System-master\source\LinkedList.java,source.LinkedList,"reserveBack/2[java.lang.String,java.lang.String]",sc,0
E:\OOD_Projects\ck-mvn-plugin\Airline-Management-System-master\source\LinkedList.java,source.LinkedList,"reserveBack/2[java.lang.String,java.lang.String]",temp,12
E:\OOD_Projects\ck-mvn-plugin\Airline-Management-System-master\source\LinkedList.java,source.LinkedList,"reserveBack/2[java.lang.String,java.lang.String]",s,1
E:\OOD_Projects\ck-mvn-plugin\Airline-Management-System-master\source\LinkedList.java,source.LinkedList,"reserveBack/2[java.lang.String,java.lang.String]",found,5
E:\OOD_Projects\ck-mvn-plugin\Airline-Management-System-master\source\LinkedList.java,source.LinkedList,"reserveBack/2[java.lang.String,java.lang.String]",name,2
E:\OOD_Projects\ck-mvn-plugin\Airline-Management-System-master\source\LinkedList.java,source.LinkedList,"reserveBack/2[java.lang.String,java.lang.String]",count,2
E:\OOD_Projects\ck-mvn-plugin\Airline-Management-System-master\source\LinkedList.java,source.LinkedList,"reserveBack/2[java.lang.String,java.lang.String]",i,4
E:\OOD_Projects\ck-mvn-plugin\Airline-Management-System-master\source\LinkedList.java,source.LinkedList,"reserveBack/2[java.lang.String,java.lang.String]",fou,3
E:\OOD_Projects\ck-mvn-plugin\Airline-Management-System-master\source\LinkedList.java,source.LinkedList,"reserve/5[java.lang.String,java.lang.String,int,java.lang.String,java.lang.String]",p,1
E:\OOD_Projects\ck-mvn-plugin\Airline-Management-System-master\source\LinkedList.java,source.LinkedList,"reserve/5[java.lang.String,java.lang.String,int,java.lang.String,java.lang.String]",output,4
E:\OOD_Projects\ck-mvn-plugin\Airline-Management-System-master\source\LinkedList.java,source.LinkedList,"reserve/5[java.lang.String,java.lang.String,int,java.lang.String,java.lang.String]",a,1
E:\OOD_Projects\ck-mvn-plugin\Airline-Management-System-master\source\LinkedList.java,source.LinkedList,"reserve/5[java.lang.String,java.lang.String,int,java.lang.String,java.lang.String]",temp,11
E:\OOD_Projects\ck-mvn-plugin\Airline-Management-System-master\source\LinkedList.java,source.LinkedList,"reserve/5[java.lang.String,java.lang.String,int,java.lang.String,java.lang.String]",s,1
E:\OOD_Projects\ck-mvn-plugin\Airline-Management-System-master\source\LinkedList.java,source.LinkedList,"reserve/5[java.lang.String,java.lang.String,int,java.lang.String,java.lang.String]",found,5
E:\OOD_Projects\ck-mvn-plugin\Airline-Management-System-master\source\LinkedList.java,source.LinkedList,"reserve/5[java.lang.String,java.lang.String,int,java.lang.String,java.lang.String]",sex,1
E:\OOD_Projects\ck-mvn-plugin\Airline-Management-System-master\source\LinkedList.java,source.LinkedList,"reserve/5[java.lang.String,java.lang.String,int,java.lang.String,java.lang.String]",book,3
E:\OOD_Projects\ck-mvn-plugin\Airline-Management-System-master\source\LinkedList.java,source.LinkedList,"reserve/5[java.lang.String,java.lang.String,int,java.lang.String,java.lang.String]",count,2
E:\OOD_Projects\ck-mvn-plugin\Airline-Management-System-master\source\LinkedList.java,source.LinkedList,"reserve/5[java.lang.String,java.lang.String,int,java.lang.String,java.lang.String]",i,5
E:\OOD_Projects\ck-mvn-plugin\Airline-Management-System-master\source\LinkedList.java,source.LinkedList,"reserve/5[java.lang.String,java.lang.String,int,java.lang.String,java.lang.String]",n,1
E:\OOD_Projects\ck-mvn-plugin\Airline-Management-System-master\source\LinkedList.java,source.LinkedList,insert/0,p,6
E:\OOD_Projects\ck-mvn-plugin\Airline-Management-System-master\source\LinkedList.java,source.LinkedList,insert/0,q,9
E:\OOD_Projects\ck-mvn-plugin\Airline-Management-System-master\source\LinkedList.java,source.LinkedList,insert/0,temp,8
E:\OOD_Projects\ck-mvn-plugin\Airline-Management-System-master\source\LinkedList.java,source.LinkedList,insert/0,x,1
E:\OOD_Projects\ck-mvn-plugin\Airline-Management-System-master\source\LinkedList.java,source.LinkedList,"allPass/2[java.lang.String,javax.swing.table.DefaultTableModel]",temp,16
E:\OOD_Projects\ck-mvn-plugin\Airline-Management-System-master\source\LinkedList.java,source.LinkedList,"allPass/2[java.lang.String,javax.swing.table.DefaultTableModel]",s,1
E:\OOD_Projects\ck-mvn-plugin\Airline-Management-System-master\source\LinkedList.java,source.LinkedList,"allPass/2[java.lang.String,javax.swing.table.DefaultTableModel]",found,5
E:\OOD_Projects\ck-mvn-plugin\Airline-Management-System-master\source\LinkedList.java,source.LinkedList,"allPass/2[java.lang.String,javax.swing.table.DefaultTableModel]",book,0
E:\OOD_Projects\ck-mvn-plugin\Airline-Management-System-master\source\LinkedList.java,source.LinkedList,"allPass/2[java.lang.String,javax.swing.table.DefaultTableModel]",count,0
E:\OOD_Projects\ck-mvn-plugin\Airline-Management-System-master\source\LinkedList.java,source.LinkedList,"allPass/2[java.lang.String,javax.swing.table.DefaultTableModel]",i,11
E:\OOD_Projects\ck-mvn-plugin\Airline-Management-System-master\source\LinkedList.java,source.LinkedList,"allPass/2[java.lang.String,javax.swing.table.DefaultTableModel]",model,1
E:\OOD_Projects\ck-mvn-plugin\Airline-Management-System-master\source\LinkedList.java,source.LinkedList,"allPass/2[java.lang.String,javax.swing.table.DefaultTableModel]",row,1
E:\OOD_Projects\ck-mvn-plugin\Airline-Management-System-master\my\Package\Client.java,my.Package.Client$Anonymous22,actionPerformed/1[java.awt.event.ActionEvent],ae,0
E:\OOD_Projects\ck-mvn-plugin\Airline-Management-System-master\my\Package\Client.java,my.Package.Client$Anonymous22,actionPerformed/1[java.awt.event.ActionEvent],row,3
E:\OOD_Projects\ck-mvn-plugin\Airline-Management-System-master\my\Package\Client.java,my.Package.Client$Anonymous23,actionPerformed/1[java.awt.event.ActionEvent],arr,1
E:\OOD_Projects\ck-mvn-plugin\Airline-Management-System-master\my\Package\Client.java,my.Package.Client$Anonymous23,actionPerformed/1[java.awt.event.ActionEvent],ae,0
E:\OOD_Projects\ck-mvn-plugin\Airline-Management-System-master\my\Package\Client.java,my.Package.Client$Anonymous23,actionPerformed/1[java.awt.event.ActionEvent],dept,1
E:\OOD_Projects\ck-mvn-plugin\Airline-Management-System-master\my\Package\Client.java,my.Package.Client$Anonymous23,actionPerformed/1[java.awt.event.ActionEvent],id,1
E:\OOD_Projects\ck-mvn-plugin\Airline-Management-System-master\my\Package\Client.java,my.Package.Client$Anonymous23,actionPerformed/1[java.awt.event.ActionEvent],row,1
E:\OOD_Projects\ck-mvn-plugin\Airline-Management-System-master\my\Package\Client.java,my.Package.Client$Anonymous23,actionPerformed/1[java.awt.event.ActionEvent],cStat,3
E:\OOD_Projects\ck-mvn-plugin\Airline-Management-System-master\my\Package\Client.java,my.Package.Client$Anonymous23,actionPerformed/1[java.awt.event.ActionEvent],n,1
E:\OOD_Projects\ck-mvn-plugin\Airline-Management-System-master\my\Package\Client.java,my.Package.Client$Anonymous20,actionPerformed/1[java.awt.event.ActionEvent],evt,1
E:\OOD_Projects\ck-mvn-plugin\Airline-Management-System-master\my\Package\Client.java,my.Package.Client$Anonymous21,actionPerformed/1[java.awt.event.ActionEvent],ae,0
E:\OOD_Projects\ck-mvn-plugin\Airline-Management-System-master\my\Package\Client.java,my.Package.Client$Anonymous21,actionPerformed/1[java.awt.event.ActionEvent],row,3
E:\OOD_Projects\ck-mvn-plugin\Airline-Management-System-master\my\Package\Client.java,my.Package.Client$Anonymous15,actionPerformed/1[java.awt.event.ActionEvent],evt,1
E:\OOD_Projects\ck-mvn-plugin\Airline-Management-System-master\my\Package\Client.java,my.Package.Client$Anonymous16,actionPerformed/1[java.awt.event.ActionEvent],evt,1
E:\OOD_Projects\ck-mvn-plugin\Airline-Management-System-master\my\Package\Client.java,my.Package.Client$Anonymous13,getColumnClass/1[int],columnIndex,1
E:\OOD_Projects\ck-mvn-plugin\Airline-Management-System-master\my\Package\Client.java,my.Package.Client$Anonymous13,"isCellEditable/2[int,int]",rowIndex,0
E:\OOD_Projects\ck-mvn-plugin\Airline-Management-System-master\my\Package\Client.java,my.Package.Client$Anonymous13,"isCellEditable/2[int,int]",columnIndex,1
E:\OOD_Projects\ck-mvn-plugin\Airline-Management-System-master\my\Package\Client.java,my.Package.Client$Anonymous14,mouseClicked/1[java.awt.event.MouseEvent],evt,1
E:\OOD_Projects\ck-mvn-plugin\Airline-Management-System-master\my\Package\Client.java,my.Package.Client$Anonymous1,actionPerformed/1[java.awt.event.ActionEvent],evt,1
E:\OOD_Projects\ck-mvn-plugin\Airline-Management-System-master\my\Package\Client.java,my.Package.Client$Anonymous19,mouseClicked/1[java.awt.event.MouseEvent],evt,1
E:\OOD_Projects\ck-mvn-plugin\Airline-Management-System-master\my\Package\Client.java,my.Package.Client$Anonymous2,actionPerformed/1[java.awt.event.ActionEvent],evt,1
E:\OOD_Projects\ck-mvn-plugin\Airline-Management-System-master\my\Package\Client.java,my.Package.Client$Anonymous3,actionPerformed/1[java.awt.event.ActionEvent],evt,1
E:\OOD_Projects\ck-mvn-plugin\Airline-Management-System-master\my\Package\Client.java,my.Package.Client$Anonymous17,actionPerformed/1[java.awt.event.ActionEvent],evt,1
E:\OOD_Projects\ck-mvn-plugin\Airline-Management-System-master\my\Package\Client.java,my.Package.Client$Anonymous4,actionPerformed/1[java.awt.event.ActionEvent],evt,1
E:\OOD_Projects\ck-mvn-plugin\Airline-Management-System-master\my\Package\Client.java,my.Package.Client$Anonymous18,getColumnClass/1[int],columnIndex,1
E:\OOD_Projects\ck-mvn-plugin\Airline-Management-System-master\my\Package\Client.java,my.Package.Client$Anonymous18,"isCellEditable/2[int,int]",rowIndex,0
E:\OOD_Projects\ck-mvn-plugin\Airline-Management-System-master\my\Package\Client.java,my.Package.Client$Anonymous18,"isCellEditable/2[int,int]",columnIndex,1
E:\OOD_Projects\ck-mvn-plugin\Airline-Management-System-master\my\Package\Client.java,my.Package.Client$Anonymous5,getColumnClass/1[int],columnIndex,1
E:\OOD_Projects\ck-mvn-plugin\Airline-Management-System-master\my\Package\Client.java,my.Package.Client$Anonymous5,"isCellEditable/2[int,int]",rowIndex,0
E:\OOD_Projects\ck-mvn-plugin\Airline-Management-System-master\my\Package\Client.java,my.Package.Client$Anonymous5,"isCellEditable/2[int,int]",columnIndex,1
E:\OOD_Projects\ck-mvn-plugin\Airline-Management-System-master\my\Package\Client.java,my.Package.Client$Anonymous6,mouseClicked/1[java.awt.event.MouseEvent],evt,1
E:\OOD_Projects\ck-mvn-plugin\Airline-Management-System-master\my\Package\Client.java,my.Package.Client$Anonymous7,actionPerformed/1[java.awt.event.ActionEvent],evt,1
E:\OOD_Projects\ck-mvn-plugin\Airline-Management-System-master\my\Package\Client.java,my.Package.Client$Anonymous8,actionPerformed/1[java.awt.event.ActionEvent],evt,1
E:\OOD_Projects\ck-mvn-plugin\Airline-Management-System-master\my\Package\Client.java,my.Package.Client$Anonymous9,actionPerformed/1[java.awt.event.ActionEvent],evt,1
