file,class,method,variable,usage
E:\OOD_Projects\ck-mvn-plugin\Rabbit-master\src\rabbit\util\EstadoArchivo.java,rabbit.util.EstadoArchivo,setRutaAbsoluta/1[java.lang.String],rutaAbsoluta,2
E:\OOD_Projects\ck-mvn-plugin\Rabbit-master\src\rabbit\util\EstadoArchivo.java,rabbit.util.EstadoArchivo,"EstadoArchivo/2[java.lang.String,java.lang.String]",contenido,3
E:\OOD_Projects\ck-mvn-plugin\Rabbit-master\src\rabbit\util\EstadoArchivo.java,rabbit.util.EstadoArchivo,"EstadoArchivo/2[java.lang.String,java.lang.String]",ruta,1
E:\OOD_Projects\ck-mvn-plugin\Rabbit-master\src\rabbit\util\EstadoArchivo.java,rabbit.util.EstadoArchivo,EstadoArchivo/1[java.lang.String],ruta,1
E:\OOD_Projects\ck-mvn-plugin\Rabbit-master\src\rabbit\util\EstadoArchivo.java,rabbit.util.EstadoArchivo,setActualizado/1[boolean],actualizado,2
E:\OOD_Projects\ck-mvn-plugin\Rabbit-master\src\rabbit\util\EstadoArchivo.java,rabbit.util.EstadoArchivo,setContenido/1[java.lang.String],contenido,2
E:\OOD_Projects\ck-mvn-plugin\Rabbit-master\src\rabbit\ui\CuadroDeDialogo.java,rabbit.ui.CuadroDeDialogo,"CuadroDeDialogo/5[javax.swing.JFrame,java.lang.String,java.lang.String,java.lang.String[],int]",icono,4
E:\OOD_Projects\ck-mvn-plugin\Rabbit-master\src\rabbit\ui\CuadroDeDialogo.java,rabbit.ui.CuadroDeDialogo,"CuadroDeDialogo/5[javax.swing.JFrame,java.lang.String,java.lang.String,java.lang.String[],int]",padre,2
E:\OOD_Projects\ck-mvn-plugin\Rabbit-master\src\rabbit\ui\CuadroDeDialogo.java,rabbit.ui.CuadroDeDialogo,"CuadroDeDialogo/5[javax.swing.JFrame,java.lang.String,java.lang.String,java.lang.String[],int]",opciones,1
E:\OOD_Projects\ck-mvn-plugin\Rabbit-master\src\rabbit\ui\CuadroDeDialogo.java,rabbit.ui.CuadroDeDialogo,"CuadroDeDialogo/5[javax.swing.JFrame,java.lang.String,java.lang.String,java.lang.String[],int]",tipoMens,1
E:\OOD_Projects\ck-mvn-plugin\Rabbit-master\src\rabbit\ui\CuadroDeDialogo.java,rabbit.ui.CuadroDeDialogo,"CuadroDeDialogo/5[javax.swing.JFrame,java.lang.String,java.lang.String,java.lang.String[],int]",titulo,1
E:\OOD_Projects\ck-mvn-plugin\Rabbit-master\src\rabbit\ui\CuadroDeDialogo.java,rabbit.ui.CuadroDeDialogo,"CuadroDeDialogo/5[javax.swing.JFrame,java.lang.String,java.lang.String,java.lang.String[],int]",conf,16
E:\OOD_Projects\ck-mvn-plugin\Rabbit-master\src\rabbit\ui\CuadroDeDialogo.java,rabbit.ui.CuadroDeDialogo,"CuadroDeDialogo/5[javax.swing.JFrame,java.lang.String,java.lang.String,java.lang.String[],int]",mensaje,1
E:\OOD_Projects\ck-mvn-plugin\Rabbit-master\src\rabbit\ui\CuadroDeDialogo.java,rabbit.ui.CuadroDeDialogo,"CuadroDeDialogo/5[javax.swing.JFrame,java.lang.String,java.lang.String,java.lang.String[],int]",mens,1
E:\OOD_Projects\ck-mvn-plugin\Rabbit-master\src\rabbit\ui\CuadroDeDialogo.java,rabbit.ui.CuadroDeDialogo,actionPerformed/1[java.awt.event.ActionEvent],e,1
E:\OOD_Projects\ck-mvn-plugin\Rabbit-master\src\rabbit\ui\CuadroDeDialogo.java,rabbit.ui.CuadroDeDialogo,"mostrar/5[javax.swing.JFrame,java.lang.String,java.lang.String,java.lang.String[],int]",padre,1
E:\OOD_Projects\ck-mvn-plugin\Rabbit-master\src\rabbit\ui\CuadroDeDialogo.java,rabbit.ui.CuadroDeDialogo,"mostrar/5[javax.swing.JFrame,java.lang.String,java.lang.String,java.lang.String[],int]",opciones,1
E:\OOD_Projects\ck-mvn-plugin\Rabbit-master\src\rabbit\ui\CuadroDeDialogo.java,rabbit.ui.CuadroDeDialogo,"mostrar/5[javax.swing.JFrame,java.lang.String,java.lang.String,java.lang.String[],int]",tipoMens,1
E:\OOD_Projects\ck-mvn-plugin\Rabbit-master\src\rabbit\ui\CuadroDeDialogo.java,rabbit.ui.CuadroDeDialogo,"mostrar/5[javax.swing.JFrame,java.lang.String,java.lang.String,java.lang.String[],int]",titulo,1
E:\OOD_Projects\ck-mvn-plugin\Rabbit-master\src\rabbit\ui\CuadroDeDialogo.java,rabbit.ui.CuadroDeDialogo,"mostrar/5[javax.swing.JFrame,java.lang.String,java.lang.String,java.lang.String[],int]",mens,1
E:\OOD_Projects\ck-mvn-plugin\Rabbit-master\src\rabbit\ui\CuadroDeDialogo.java,rabbit.ui.CuadroDeDialogo,panelBotones/1[java.lang.String[]],opciones,2
E:\OOD_Projects\ck-mvn-plugin\Rabbit-master\src\rabbit\ui\CuadroDeDialogo.java,rabbit.ui.CuadroDeDialogo,panelBotones/1[java.lang.String[]],jb,4
E:\OOD_Projects\ck-mvn-plugin\Rabbit-master\src\rabbit\ui\CuadroDeDialogo.java,rabbit.ui.CuadroDeDialogo,panelBotones/1[java.lang.String[]],i,4
E:\OOD_Projects\ck-mvn-plugin\Rabbit-master\src\rabbit\ui\CuadroDeDialogo.java,rabbit.ui.CuadroDeDialogo,panelBotones/1[java.lang.String[]],panel,2
E:\OOD_Projects\ck-mvn-plugin\Rabbit-master\src\rabbit\ui\EditorUI.java,rabbit.ui.EditorUI,actFuentDeTodosLosEditores/0,editorDeTexto,2
E:\OOD_Projects\ck-mvn-plugin\Rabbit-master\src\rabbit\ui\EditorUI.java,rabbit.ui.EditorUI,actFuentDeTodosLosEditores/0,i,3
E:\OOD_Projects\ck-mvn-plugin\Rabbit-master\src\rabbit\ui\EditorUI.java,rabbit.ui.EditorUI,confMenuArchivo/1[javax.swing.JMenu],menu,9
E:\OOD_Projects\ck-mvn-plugin\Rabbit-master\src\rabbit\ui\EditorUI.java,rabbit.ui.EditorUI,confMenuVer/1[javax.swing.JMenu],jmTema,2
E:\OOD_Projects\ck-mvn-plugin\Rabbit-master\src\rabbit\ui\EditorUI.java,rabbit.ui.EditorUI,confMenuVer/1[javax.swing.JMenu],fontSize,3
E:\OOD_Projects\ck-mvn-plugin\Rabbit-master\src\rabbit\ui\EditorUI.java,rabbit.ui.EditorUI,confMenuVer/1[javax.swing.JMenu],menu,9
E:\OOD_Projects\ck-mvn-plugin\Rabbit-master\src\rabbit\ui\EditorUI.java,rabbit.ui.EditorUI,confBarraDeMenu/0,jMenuBar,5
E:\OOD_Projects\ck-mvn-plugin\Rabbit-master\src\rabbit\ui\EditorUI.java,rabbit.ui.EditorUI,confBarraDeMenu/0,jmAyuda,2
E:\OOD_Projects\ck-mvn-plugin\Rabbit-master\src\rabbit\ui\EditorUI.java,rabbit.ui.EditorUI,confBarraDeMenu/0,jmVer,2
E:\OOD_Projects\ck-mvn-plugin\Rabbit-master\src\rabbit\ui\EditorUI.java,rabbit.ui.EditorUI,confBarraDeMenu/0,jmEditar,2
E:\OOD_Projects\ck-mvn-plugin\Rabbit-master\src\rabbit\ui\EditorUI.java,rabbit.ui.EditorUI,confBarraDeMenu/0,jmArchivo,2
E:\OOD_Projects\ck-mvn-plugin\Rabbit-master\src\rabbit\ui\EditorUI.java,rabbit.ui.EditorUI,confMenuEditar/1[javax.swing.JMenu],menu,7
E:\OOD_Projects\ck-mvn-plugin\Rabbit-master\src\rabbit\ui\EditorUI.java,rabbit.ui.EditorUI,confMenuAyuda/1[javax.swing.JMenu],menu,4
E:\OOD_Projects\ck-mvn-plugin\Rabbit-master\src\rabbit\ui\EditorUI.java,rabbit.ui.EditorUI,mostrarDialogoGuardarCambios/1[java.lang.String],nombreArchivo,1
E:\OOD_Projects\ck-mvn-plugin\Rabbit-master\src\rabbit\ui\EditorUI.java,rabbit.ui.EditorUI,mostrarDialogoGuardarCambios/1[java.lang.String],bt,1
E:\OOD_Projects\ck-mvn-plugin\Rabbit-master\src\rabbit\ui\EditorUI.java,rabbit.ui.EditorUI,mostrarDialogoGuardarCambios/1[java.lang.String],message,1
E:\OOD_Projects\ck-mvn-plugin\Rabbit-master\src\rabbit\ui\EditorUI.java,rabbit.ui.EditorUI,mostrarDialogoRecargarArchivo/1[java.lang.String],nombreArchivo,1
E:\OOD_Projects\ck-mvn-plugin\Rabbit-master\src\rabbit\ui\EditorUI.java,rabbit.ui.EditorUI,mostrarDialogoRecargarArchivo/1[java.lang.String],bt,1
E:\OOD_Projects\ck-mvn-plugin\Rabbit-master\src\rabbit\ui\EditorUI.java,rabbit.ui.EditorUI,mostrarDialogoRecargarArchivo/1[java.lang.String],message,1
E:\OOD_Projects\ck-mvn-plugin\Rabbit-master\src\rabbit\ui\EditorUI.java,rabbit.ui.EditorUI,"actualizarMenuItem/2[boolean,boolean]",undo,2
E:\OOD_Projects\ck-mvn-plugin\Rabbit-master\src\rabbit\ui\EditorUI.java,rabbit.ui.EditorUI,"actualizarMenuItem/2[boolean,boolean]",redo,2
E:\OOD_Projects\ck-mvn-plugin\Rabbit-master\src\rabbit\ui\EditorUI.java,rabbit.ui.EditorUI,metodoAbreviadoDeTeclados/0,e,0
E:\OOD_Projects\ck-mvn-plugin\Rabbit-master\src\rabbit\ui\EditorUI.java,rabbit.ui.EditorUI,confBarraDeHerramientas/0,e,9
E:\OOD_Projects\ck-mvn-plugin\Rabbit-master\src\rabbit\ui\EditorUI.java,rabbit.ui.EditorUI,confMenuTema/1[javax.swing.JMenu],nombreTema,10
E:\OOD_Projects\ck-mvn-plugin\Rabbit-master\src\rabbit\ui\EditorUI.java,rabbit.ui.EditorUI,confMenuTema/1[javax.swing.JMenu],menu,10
E:\OOD_Projects\ck-mvn-plugin\Rabbit-master\src\rabbit\ui\EditorUI.java,rabbit.ui.EditorUI,confMenuTema/1[javax.swing.JMenu],menuItem,70
E:\OOD_Projects\ck-mvn-plugin\Rabbit-master\src\rabbit\ui\EditorUI.java,rabbit.ui.EditorUI,confMenuTema/1[javax.swing.JMenu],group,10
E:\OOD_Projects\ck-mvn-plugin\Rabbit-master\src\rabbit\ui\EditorUI.java,rabbit.ui.EditorUI,tabClose/1[rabbit.ui.EditorDeTexto],editor,6
E:\OOD_Projects\ck-mvn-plugin\Rabbit-master\src\rabbit\ui\EditorUI.java,rabbit.ui.EditorUI,insertTab/1[rabbit.ui.EditorDeTexto],editor,2
E:\OOD_Projects\ck-mvn-plugin\Rabbit-master\src\rabbit\ui\EditorUI.java,rabbit.ui.EditorUI,insertTab/1[rabbit.ui.EditorDeTexto],nombreArchivo,1
E:\OOD_Projects\ck-mvn-plugin\Rabbit-master\src\rabbit\ui\EditorUI.java,rabbit.ui.EditorUI,insertTab/1[rabbit.ui.EditorDeTexto],jlCerrar,3
E:\OOD_Projects\ck-mvn-plugin\Rabbit-master\src\rabbit\ui\EditorUI.java,rabbit.ui.EditorUI,insertTab/1[rabbit.ui.EditorDeTexto],jpTab,7
E:\OOD_Projects\ck-mvn-plugin\Rabbit-master\src\rabbit\ui\EditorUI.java,rabbit.ui.EditorUI,recargadoAutomatico/0,textoArhivo,5
E:\OOD_Projects\ck-mvn-plugin\Rabbit-master\src\rabbit\ui\EditorUI.java,rabbit.ui.EditorUI,recargadoAutomatico/0,editor,7
E:\OOD_Projects\ck-mvn-plugin\Rabbit-master\src\rabbit\ui\EditorUI.java,rabbit.ui.EditorUI,recargadoAutomatico/0,textoEditor,2
E:\OOD_Projects\ck-mvn-plugin\Rabbit-master\src\rabbit\ui\EditorUI.java,rabbit.ui.EditorUI,recargadoAutomatico/0,textoArchivoAlSalir,2
E:\OOD_Projects\ck-mvn-plugin\Rabbit-master\src\rabbit\ui\EditorUI.java,rabbit.ui.EditorUI,actTemaDeTodosLosEditores/1[java.lang.String],nombreTema,1
E:\OOD_Projects\ck-mvn-plugin\Rabbit-master\src\rabbit\ui\EditorUI.java,rabbit.ui.EditorUI,actTemaDeTodosLosEditores/1[java.lang.String],editorDeTexto,2
E:\OOD_Projects\ck-mvn-plugin\Rabbit-master\src\rabbit\ui\EditorUI.java,rabbit.ui.EditorUI,actTemaDeTodosLosEditores/1[java.lang.String],i,3
E:\OOD_Projects\ck-mvn-plugin\Rabbit-master\src\rabbit\ui\EditorUI.java,rabbit.ui.EditorUI,"tabUpdate/2[java.lang.String,int]",index,1
E:\OOD_Projects\ck-mvn-plugin\Rabbit-master\src\rabbit\ui\EditorUI.java,rabbit.ui.EditorUI,"tabUpdate/2[java.lang.String,int]",title,1
E:\OOD_Projects\ck-mvn-plugin\Rabbit-master\src\rabbit\ui\EditorUI.java,rabbit.ui.EditorUI,"tabUpdate/2[java.lang.String,int]",panel,1
E:\OOD_Projects\ck-mvn-plugin\Rabbit-master\src\rabbit\ui\EditorUI.java,rabbit.ui.EditorUI,"tabUpdate/2[java.lang.String,int]",jlNombreArchivo,1
E:\OOD_Projects\ck-mvn-plugin\Rabbit-master\src\rabbit\ui\EditorUI.java,rabbit.ui.EditorUI,cerrarPrograma/0,editor,3
E:\OOD_Projects\ck-mvn-plugin\Rabbit-master\src\rabbit\ui\EditorUI.java,rabbit.ui.EditorUI,cerrarPrograma/0,resp,1
E:\OOD_Projects\ck-mvn-plugin\Rabbit-master\src\rabbit\ui\EditorUI.java,rabbit.ui.EditorUI,cerrarPrograma/0,editorDeTexto,4
E:\OOD_Projects\ck-mvn-plugin\Rabbit-master\src\rabbit\ui\EditorUI.java,rabbit.ui.EditorUI,cerrarPrograma/0,i,3
E:\OOD_Projects\ck-mvn-plugin\Rabbit-master\src\rabbit\ui\EditorUI.java,rabbit.ui.EditorUI,cerrarPrograma/0,listArchivosRuta,3
E:\OOD_Projects\ck-mvn-plugin\Rabbit-master\src\rabbit\ui\EditorUI.java,rabbit.ui.EditorUI,cerrarPrograma/0,list,4
E:\OOD_Projects\ck-mvn-plugin\Rabbit-master\src\rabbit\ui\EditorUI.java,rabbit.ui.EditorUI,insertarNuevoEditor/1[rabbit.ui.EditorDeTexto],editor,4
E:\OOD_Projects\ck-mvn-plugin\Rabbit-master\src\rabbit\ui\EditorUI.java,rabbit.ui.EditorUI,insertarNuevoEditor/1[rabbit.ui.EditorDeTexto],index,3
E:\OOD_Projects\ck-mvn-plugin\Rabbit-master\src\rabbit\ui\EditorUI.java,rabbit.ui.EditorUI,restaurarArchivosAbiertos/0,path,3
E:\OOD_Projects\ck-mvn-plugin\Rabbit-master\src\rabbit\ui\EditorUI.java,rabbit.ui.EditorUI,restaurarArchivosAbiertos/0,r,1
E:\OOD_Projects\ck-mvn-plugin\Rabbit-master\src\rabbit\ui\EditorUI.java,rabbit.ui.EditorUI,restaurarArchivosAbiertos/0,listRuta,1
E:\OOD_Projects\ck-mvn-plugin\Rabbit-master\src\rabbit\ui\EditorUI.java,rabbit.ui.EditorUI,nuevoArchivo/0,writer,2
E:\OOD_Projects\ck-mvn-plugin\Rabbit-master\src\rabbit\ui\EditorUI.java,rabbit.ui.EditorUI,abrirArchivo/0,read,4
E:\OOD_Projects\ck-mvn-plugin\Rabbit-master\src\rabbit\ui\EditorUI.java,rabbit.ui.EditorUI,abrirArchivo/0,editorDeTexto,4
E:\OOD_Projects\ck-mvn-plugin\Rabbit-master\src\rabbit\ui\EditorUI.java,rabbit.ui.EditorUI,abrirArchivo/0,i,6
E:\OOD_Projects\ck-mvn-plugin\Rabbit-master\src\rabbit\ui\EditorUI.java,rabbit.ui.EditorUI,abrirArchivo/0,tabCount,2
E:\OOD_Projects\ck-mvn-plugin\Rabbit-master\src\rabbit\ui\EditorUI.java,rabbit.ui.EditorUI,activarMenuItem/1[boolean],fontSize,3
E:\OOD_Projects\ck-mvn-plugin\Rabbit-master\src\rabbit\ui\EditorUI.java,rabbit.ui.EditorUI,activarMenuItem/1[boolean],state,13
E:\OOD_Projects\ck-mvn-plugin\Rabbit-master\src\rabbit\ui\EditorUI.java,rabbit.ui.EditorUI,existeArchivo/0,editor,3
E:\OOD_Projects\ck-mvn-plugin\Rabbit-master\src\rabbit\ui\EditorUI.java,rabbit.ui.EditorUI,existeArchivo/0,i,4
E:\OOD_Projects\ck-mvn-plugin\Rabbit-master\src\rabbit\ui\EditorUI.java,rabbit.ui.EditorUI,existeArchivo/0,tabCount,2
E:\OOD_Projects\ck-mvn-plugin\Rabbit-master\src\rabbit\ui\EditorUI.java,rabbit.ui.EditorUI,cargarDocumentacion/0,e,0
E:\OOD_Projects\ck-mvn-plugin\Rabbit-master\src\rabbit\ui\EditorUI.java,rabbit.ui.EditorUI,guardarArchivo/1[rabbit.ui.EditorDeTexto],editor,2
E:\OOD_Projects\ck-mvn-plugin\Rabbit-master\src\rabbit\ui\EditorUI.java,rabbit.ui.EditorUI,guardarTodo/0,editorDeTexto,4
E:\OOD_Projects\ck-mvn-plugin\Rabbit-master\src\rabbit\ui\EditorUI.java,rabbit.ui.EditorUI,guardarTodo/0,i,3
E:\OOD_Projects\ck-mvn-plugin\Rabbit-master\src\rabbit\io\EscribeArchivo.java,rabbit.io.EscribeArchivo,"guardarArchivoValidarExtension/2[java.io.File,java.lang.String]",r,1
E:\OOD_Projects\ck-mvn-plugin\Rabbit-master\src\rabbit\io\EscribeArchivo.java,rabbit.io.EscribeArchivo,"guardarArchivoValidarExtension/2[java.io.File,java.lang.String]",file,8
E:\OOD_Projects\ck-mvn-plugin\Rabbit-master\src\rabbit\io\EscribeArchivo.java,rabbit.io.EscribeArchivo,"guardarArchivoValidarExtension/2[java.io.File,java.lang.String]",archivo,2
E:\OOD_Projects\ck-mvn-plugin\Rabbit-master\src\rabbit\io\EscribeArchivo.java,rabbit.io.EscribeArchivo,"guardarArchivoValidarExtension/2[java.io.File,java.lang.String]",resp,1
E:\OOD_Projects\ck-mvn-plugin\Rabbit-master\src\rabbit\io\EscribeArchivo.java,rabbit.io.EscribeArchivo,"guardarArchivoValidarExtension/2[java.io.File,java.lang.String]",e,1
E:\OOD_Projects\ck-mvn-plugin\Rabbit-master\src\rabbit\io\EscribeArchivo.java,rabbit.io.EscribeArchivo,"guardarArchivoValidarExtension/2[java.io.File,java.lang.String]",save,5
E:\OOD_Projects\ck-mvn-plugin\Rabbit-master\src\rabbit\io\EscribeArchivo.java,rabbit.io.EscribeArchivo,"guardarArchivoValidarExtension/2[java.io.File,java.lang.String]",text,2
E:\OOD_Projects\ck-mvn-plugin\Rabbit-master\src\rabbit\io\EscribeArchivo.java,rabbit.io.EscribeArchivo,"escribirArchivo/2[java.lang.String,java.lang.String]",ex,1
E:\OOD_Projects\ck-mvn-plugin\Rabbit-master\src\rabbit\io\EscribeArchivo.java,rabbit.io.EscribeArchivo,"escribirArchivo/2[java.lang.String,java.lang.String]",text,1
E:\OOD_Projects\ck-mvn-plugin\Rabbit-master\src\rabbit\io\EscribeArchivo.java,rabbit.io.EscribeArchivo,"escribirArchivo/2[java.lang.String,java.lang.String]",writer,4
E:\OOD_Projects\ck-mvn-plugin\Rabbit-master\src\rabbit\io\EscribeArchivo.java,rabbit.io.EscribeArchivo,"escribirArchivo/2[java.lang.String,java.lang.String]",encoding,1
E:\OOD_Projects\ck-mvn-plugin\Rabbit-master\src\rabbit\io\EscribeArchivo.java,rabbit.io.EscribeArchivo,guardarArchivo/1[java.lang.String],r,1
E:\OOD_Projects\ck-mvn-plugin\Rabbit-master\src\rabbit\io\EscribeArchivo.java,rabbit.io.EscribeArchivo,guardarArchivo/1[java.lang.String],file,3
E:\OOD_Projects\ck-mvn-plugin\Rabbit-master\src\rabbit\io\EscribeArchivo.java,rabbit.io.EscribeArchivo,guardarArchivo/1[java.lang.String],resp,1
E:\OOD_Projects\ck-mvn-plugin\Rabbit-master\src\rabbit\io\EscribeArchivo.java,rabbit.io.EscribeArchivo,guardarArchivo/1[java.lang.String],save,4
E:\OOD_Projects\ck-mvn-plugin\Rabbit-master\src\rabbit\io\EscribeArchivo.java,rabbit.io.EscribeArchivo,guardarArchivo/1[java.lang.String],text,1
E:\OOD_Projects\ck-mvn-plugin\Rabbit-master\src\rabbit\io\EscribeArchivo.java,rabbit.io.EscribeArchivo,EscribeArchivo/1[java.lang.String],text,1
E:\OOD_Projects\ck-mvn-plugin\Rabbit-master\src\rabbit\io\EscribeArchivo.java,rabbit.io.EscribeArchivo,"guardarArchivo/2[java.io.File,java.lang.String]",file,4
E:\OOD_Projects\ck-mvn-plugin\Rabbit-master\src\rabbit\io\EscribeArchivo.java,rabbit.io.EscribeArchivo,"guardarArchivo/2[java.io.File,java.lang.String]",e,1
E:\OOD_Projects\ck-mvn-plugin\Rabbit-master\src\rabbit\io\EscribeArchivo.java,rabbit.io.EscribeArchivo,"guardarArchivo/2[java.io.File,java.lang.String]",text,2
E:\OOD_Projects\ck-mvn-plugin\Rabbit-master\src\rabbit\io\EscribeArchivo.java,rabbit.io.EscribeArchivo,"guardarArchivo/2[java.io.File,java.lang.String]",encoding,1
E:\OOD_Projects\ck-mvn-plugin\Rabbit-master\src\rabbit\io\EscribeArchivo.java,rabbit.io.EscribeArchivo,setFile/1[java.io.File],file,2
E:\OOD_Projects\ck-mvn-plugin\Rabbit-master\src\rabbit\io\EscribeArchivo.java,rabbit.io.EscribeArchivo,EscribeArchivo/1[rabbit.ui.EditorUI],parent,2
E:\OOD_Projects\ck-mvn-plugin\Rabbit-master\src\rabbit\io\EscribeArchivo.java,rabbit.io.EscribeArchivo,mostrarMensajeReemplazarArchivo/1[java.lang.String],bt,1
E:\OOD_Projects\ck-mvn-plugin\Rabbit-master\src\rabbit\io\EscribeArchivo.java,rabbit.io.EscribeArchivo,mostrarMensajeReemplazarArchivo/1[java.lang.String],r,1
E:\OOD_Projects\ck-mvn-plugin\Rabbit-master\src\rabbit\io\EscribeArchivo.java,rabbit.io.EscribeArchivo,mostrarMensajeReemplazarArchivo/1[java.lang.String],nameFile,1
E:\OOD_Projects\ck-mvn-plugin\Rabbit-master\src\rabbit\ui\EditorUI.java,rabbit.ui.EditorUI$EventoDesplazamiento,drop/1[java.awt.dnd.DropTargetDropEvent],file,4
E:\OOD_Projects\ck-mvn-plugin\Rabbit-master\src\rabbit\ui\EditorUI.java,rabbit.ui.EditorUI$EventoDesplazamiento,drop/1[java.awt.dnd.DropTargetDropEvent],ex,1
E:\OOD_Projects\ck-mvn-plugin\Rabbit-master\src\rabbit\ui\EditorUI.java,rabbit.ui.EditorUI$EventoDesplazamiento,drop/1[java.awt.dnd.DropTargetDropEvent],e,2
E:\OOD_Projects\ck-mvn-plugin\Rabbit-master\src\rabbit\ui\EditorUI.java,rabbit.ui.EditorUI$EventoDesplazamiento,drop/1[java.awt.dnd.DropTargetDropEvent],editorDeTexto,4
E:\OOD_Projects\ck-mvn-plugin\Rabbit-master\src\rabbit\ui\EditorUI.java,rabbit.ui.EditorUI$EventoDesplazamiento,drop/1[java.awt.dnd.DropTargetDropEvent],i,6
E:\OOD_Projects\ck-mvn-plugin\Rabbit-master\src\rabbit\ui\EditorUI.java,rabbit.ui.EditorUI$EventoDesplazamiento,drop/1[java.awt.dnd.DropTargetDropEvent],k,4
E:\OOD_Projects\ck-mvn-plugin\Rabbit-master\src\rabbit\ui\EditorUI.java,rabbit.ui.EditorUI$EventoDesplazamiento,drop/1[java.awt.dnd.DropTargetDropEvent],list,3
E:\OOD_Projects\ck-mvn-plugin\Rabbit-master\src\rabbit\ui\EditorUI.java,rabbit.ui.EditorUI$EventoDesplazamiento,drop/1[java.awt.dnd.DropTargetDropEvent],tabCount,2
E:\OOD_Projects\ck-mvn-plugin\Rabbit-master\src\rabbit\ui\AcercaDeRabbit.java,rabbit.ui.AcercaDeRabbit,AcercaDeRabbit/1[javax.swing.JFrame],conf,16
E:\OOD_Projects\ck-mvn-plugin\Rabbit-master\src\rabbit\ui\AcercaDeRabbit.java,rabbit.ui.AcercaDeRabbit,AcercaDeRabbit/1[javax.swing.JFrame],frame,2
E:\OOD_Projects\ck-mvn-plugin\Rabbit-master\src\rabbit\ui\AcercaDeRabbit.java,rabbit.ui.AcercaDeRabbit,panelTitulo/0,jlNombreProg,2
E:\OOD_Projects\ck-mvn-plugin\Rabbit-master\src\rabbit\ui\AcercaDeRabbit.java,rabbit.ui.AcercaDeRabbit,panelTitulo/0,panel,3
E:\OOD_Projects\ck-mvn-plugin\Rabbit-master\src\rabbit\ui\DialogoGuardarVarios.java,rabbit.ui.DialogoGuardarVarios$Anonymous1,windowClosing/1[java.awt.event.WindowEvent],e,0
E:\OOD_Projects\ck-mvn-plugin\Rabbit-master\src\rabbit\ui\EditorUI.java,rabbit.ui.EditorUI$EventosMenuItem,actionPerformed/1[java.awt.event.ActionEvent],editor,12
E:\OOD_Projects\ck-mvn-plugin\Rabbit-master\src\rabbit\ui\EditorUI.java,rabbit.ui.EditorUI$EventosMenuItem,actionPerformed/1[java.awt.event.ActionEvent],escribe,4
E:\OOD_Projects\ck-mvn-plugin\Rabbit-master\src\rabbit\ui\EditorUI.java,rabbit.ui.EditorUI$EventosMenuItem,actionPerformed/1[java.awt.event.ActionEvent],e,4
E:\OOD_Projects\ck-mvn-plugin\Rabbit-master\src\rabbit\ui\EditorUI.java,rabbit.ui.EditorUI$EventosMenuItem,actionPerformed/1[java.awt.event.ActionEvent],est,2
E:\OOD_Projects\ck-mvn-plugin\Rabbit-master\src\rabbit\ui\EditorUI.java,rabbit.ui.EditorUI$EventosMenuItem,actionPerformed/1[java.awt.event.ActionEvent],editorDeTexto,2
E:\OOD_Projects\ck-mvn-plugin\Rabbit-master\src\rabbit\ui\EditorUI.java,rabbit.ui.EditorUI$EventosMenuItem,actionPerformed/1[java.awt.event.ActionEvent],i,7
E:\OOD_Projects\ck-mvn-plugin\Rabbit-master\src\rabbit\ui\EditorUI.java,rabbit.ui.EditorUI$EventosMenuItem,actionPerformed/1[java.awt.event.ActionEvent],state,2
E:\OOD_Projects\ck-mvn-plugin\Rabbit-master\src\rabbit\ui\EditorUI.java,rabbit.ui.EditorUI$EventosMenuItem,actionPerformed/1[java.awt.event.ActionEvent],panel,1
E:\OOD_Projects\ck-mvn-plugin\Rabbit-master\src\rabbit\ui\EditorUI.java,rabbit.ui.EditorUI$EventosMenuItem,actionPerformed/1[java.awt.event.ActionEvent],value,2
E:\OOD_Projects\ck-mvn-plugin\Rabbit-master\src\rabbit\ui\EditorUI.java,rabbit.ui.EditorUI$Anonymous1,stateChanged/1[javax.swing.event.ChangeEvent],e,0
E:\OOD_Projects\ck-mvn-plugin\Rabbit-master\src\rabbit\ui\DialogoGuardarVarios.java,rabbit.ui.DialogoGuardarVarios,"DialogoGuardarVarios/2[javax.swing.JFrame,java.util.List<rabbit.ui.EditorDeTexto>]",parent,3
E:\OOD_Projects\ck-mvn-plugin\Rabbit-master\src\rabbit\ui\DialogoGuardarVarios.java,rabbit.ui.DialogoGuardarVarios,"DialogoGuardarVarios/2[javax.swing.JFrame,java.util.List<rabbit.ui.EditorDeTexto>]",listModel,1
E:\OOD_Projects\ck-mvn-plugin\Rabbit-master\src\rabbit\ui\DialogoGuardarVarios.java,rabbit.ui.DialogoGuardarVarios,"DialogoGuardarVarios/2[javax.swing.JFrame,java.util.List<rabbit.ui.EditorDeTexto>]",editor,1
E:\OOD_Projects\ck-mvn-plugin\Rabbit-master\src\rabbit\ui\DialogoGuardarVarios.java,rabbit.ui.DialogoGuardarVarios,"DialogoGuardarVarios/2[javax.swing.JFrame,java.util.List<rabbit.ui.EditorDeTexto>]",listArchivos,2
E:\OOD_Projects\ck-mvn-plugin\Rabbit-master\src\rabbit\ui\DialogoGuardarVarios.java,rabbit.ui.DialogoGuardarVarios,"DialogoGuardarVarios/2[javax.swing.JFrame,java.util.List<rabbit.ui.EditorDeTexto>]",conf,22
E:\OOD_Projects\ck-mvn-plugin\Rabbit-master\src\rabbit\ui\DialogoGuardarVarios.java,rabbit.ui.DialogoGuardarVarios,"mostrarDialogo/2[javax.swing.JFrame,java.util.List<rabbit.ui.EditorDeTexto>]",parent,1
E:\OOD_Projects\ck-mvn-plugin\Rabbit-master\src\rabbit\ui\DialogoGuardarVarios.java,rabbit.ui.DialogoGuardarVarios,"mostrarDialogo/2[javax.swing.JFrame,java.util.List<rabbit.ui.EditorDeTexto>]",listArchivos,1
E:\OOD_Projects\ck-mvn-plugin\Rabbit-master\src\rabbit\ui\DialogoGuardarVarios.java,rabbit.ui.DialogoGuardarVarios,actionPerformed/1[java.awt.event.ActionEvent],editor,4
E:\OOD_Projects\ck-mvn-plugin\Rabbit-master\src\rabbit\ui\DialogoGuardarVarios.java,rabbit.ui.DialogoGuardarVarios,actionPerformed/1[java.awt.event.ActionEvent],e,3
E:\OOD_Projects\ck-mvn-plugin\Rabbit-master\src\rabbit\ui\DialogoGuardarVarios.java,rabbit.ui.DialogoGuardarVarios,actionPerformed/1[java.awt.event.ActionEvent],i,3
E:\OOD_Projects\ck-mvn-plugin\Rabbit-master\src\rabbit\ui\DialogoGuardarVarios.java,rabbit.ui.DialogoGuardarVarios,actionPerformed/1[java.awt.event.ActionEvent],cantItemSelec,2
E:\OOD_Projects\ck-mvn-plugin\Rabbit-master\src\rabbit\ui\EditorUI.java,rabbit.ui.EditorUI$EventosBarraHerr,actionPerformed/1[java.awt.event.ActionEvent],editor,5
E:\OOD_Projects\ck-mvn-plugin\Rabbit-master\src\rabbit\ui\EditorUI.java,rabbit.ui.EditorUI$EventosBarraHerr,actionPerformed/1[java.awt.event.ActionEvent],e,9
E:\OOD_Projects\ck-mvn-plugin\Rabbit-master\src\rabbit\ui\EditorUI.java,rabbit.ui.EditorUI$Anonymous3,mouseEntered/1[java.awt.event.MouseEvent],e,0
E:\OOD_Projects\ck-mvn-plugin\Rabbit-master\src\rabbit\ui\EditorUI.java,rabbit.ui.EditorUI$Anonymous3,mouseExited/1[java.awt.event.MouseEvent],e,0
E:\OOD_Projects\ck-mvn-plugin\Rabbit-master\src\rabbit\ui\EditorUI.java,rabbit.ui.EditorUI$Anonymous3,mouseClicked/1[java.awt.event.MouseEvent],jlCerrar,1
E:\OOD_Projects\ck-mvn-plugin\Rabbit-master\src\rabbit\ui\EditorUI.java,rabbit.ui.EditorUI$Anonymous3,mouseClicked/1[java.awt.event.MouseEvent],e,2
E:\OOD_Projects\ck-mvn-plugin\Rabbit-master\src\rabbit\ui\EditorUI.java,rabbit.ui.EditorUI$Anonymous3,mouseClicked/1[java.awt.event.MouseEvent],editorDeTexto,3
E:\OOD_Projects\ck-mvn-plugin\Rabbit-master\src\rabbit\ui\EditorUI.java,rabbit.ui.EditorUI$Anonymous3,mouseClicked/1[java.awt.event.MouseEvent],i,3
E:\OOD_Projects\ck-mvn-plugin\Rabbit-master\src\rabbit\io\FiltroDeArchivo.java,rabbit.io.FiltroDeArchivo,accept/1[java.io.File],path,1
E:\OOD_Projects\ck-mvn-plugin\Rabbit-master\src\rabbit\io\FiltroDeArchivo.java,rabbit.io.FiltroDeArchivo,accept/1[java.io.File],f,2
E:\OOD_Projects\ck-mvn-plugin\Rabbit-master\src\rabbit\ui\EditorDeTexto.java,rabbit.ui.EditorDeTexto$Anonymous1,caretUpdate/1[javax.swing.event.CaretEvent],e,0
E:\OOD_Projects\ck-mvn-plugin\Rabbit-master\src\rabbit\ui\EditorDeTexto.java,rabbit.ui.EditorDeTexto$Anonymous2,undoableEditHappened/1[javax.swing.event.UndoableEditEvent],e,0
E:\OOD_Projects\ck-mvn-plugin\Rabbit-master\src\rabbit\io\ConfDeUsuario.java,rabbit.io.ConfDeUsuario,getInt/1[java.lang.String],defaultValue,1
E:\OOD_Projects\ck-mvn-plugin\Rabbit-master\src\rabbit\io\ConfDeUsuario.java,rabbit.io.ConfDeUsuario,getInt/1[java.lang.String],key,2
E:\OOD_Projects\ck-mvn-plugin\Rabbit-master\src\rabbit\io\ConfDeUsuario.java,rabbit.io.ConfDeUsuario,"putInt/2[java.lang.String,int]",value,1
E:\OOD_Projects\ck-mvn-plugin\Rabbit-master\src\rabbit\io\ConfDeUsuario.java,rabbit.io.ConfDeUsuario,"putInt/2[java.lang.String,int]",key,1
E:\OOD_Projects\ck-mvn-plugin\Rabbit-master\src\rabbit\io\ConfDeUsuario.java,rabbit.io.ConfDeUsuario,getRutasDeArchivos/0,file,2
E:\OOD_Projects\ck-mvn-plugin\Rabbit-master\src\rabbit\io\ConfDeUsuario.java,rabbit.io.ConfDeUsuario,getRutasDeArchivos/0,ruta,3
E:\OOD_Projects\ck-mvn-plugin\Rabbit-master\src\rabbit\io\ConfDeUsuario.java,rabbit.io.ConfDeUsuario,getRutasDeArchivos/0,e,1
E:\OOD_Projects\ck-mvn-plugin\Rabbit-master\src\rabbit\io\ConfDeUsuario.java,rabbit.io.ConfDeUsuario,getRutasDeArchivos/0,reader,1
E:\OOD_Projects\ck-mvn-plugin\Rabbit-master\src\rabbit\io\ConfDeUsuario.java,rabbit.io.ConfDeUsuario,getRutasDeArchivos/0,list,2
E:\OOD_Projects\ck-mvn-plugin\Rabbit-master\src\rabbit\io\ConfDeUsuario.java,rabbit.io.ConfDeUsuario,"putString/2[java.lang.String,java.lang.String]",value,1
E:\OOD_Projects\ck-mvn-plugin\Rabbit-master\src\rabbit\io\ConfDeUsuario.java,rabbit.io.ConfDeUsuario,"putString/2[java.lang.String,java.lang.String]",key,1
E:\OOD_Projects\ck-mvn-plugin\Rabbit-master\src\rabbit\io\ConfDeUsuario.java,rabbit.io.ConfDeUsuario,"putBoolean/2[java.lang.String,boolean]",value,1
E:\OOD_Projects\ck-mvn-plugin\Rabbit-master\src\rabbit\io\ConfDeUsuario.java,rabbit.io.ConfDeUsuario,"putBoolean/2[java.lang.String,boolean]",key,1
E:\OOD_Projects\ck-mvn-plugin\Rabbit-master\src\rabbit\io\ConfDeUsuario.java,rabbit.io.ConfDeUsuario,putRutasDeArchivos/1[java.util.List<java.lang.String>],file,2
E:\OOD_Projects\ck-mvn-plugin\Rabbit-master\src\rabbit\io\ConfDeUsuario.java,rabbit.io.ConfDeUsuario,putRutasDeArchivos/1[java.util.List<java.lang.String>],ruta,2
E:\OOD_Projects\ck-mvn-plugin\Rabbit-master\src\rabbit\io\ConfDeUsuario.java,rabbit.io.ConfDeUsuario,putRutasDeArchivos/1[java.util.List<java.lang.String>],e,3
E:\OOD_Projects\ck-mvn-plugin\Rabbit-master\src\rabbit\io\ConfDeUsuario.java,rabbit.io.ConfDeUsuario,putRutasDeArchivos/1[java.util.List<java.lang.String>],fileWriter,4
E:\OOD_Projects\ck-mvn-plugin\Rabbit-master\src\rabbit\io\ConfDeUsuario.java,rabbit.io.ConfDeUsuario,putRutasDeArchivos/1[java.util.List<java.lang.String>],i,4
E:\OOD_Projects\ck-mvn-plugin\Rabbit-master\src\rabbit\io\ConfDeUsuario.java,rabbit.io.ConfDeUsuario,putRutasDeArchivos/1[java.util.List<java.lang.String>],listArchivosRuta,3
E:\OOD_Projects\ck-mvn-plugin\Rabbit-master\src\rabbit\io\ConfDeUsuario.java,rabbit.io.ConfDeUsuario,getBoolean/1[java.lang.String],key,1
E:\OOD_Projects\ck-mvn-plugin\Rabbit-master\src\rabbit\io\ConfDeUsuario.java,rabbit.io.ConfDeUsuario,getString/1[java.lang.String],defaultValue,1
E:\OOD_Projects\ck-mvn-plugin\Rabbit-master\src\rabbit\io\ConfDeUsuario.java,rabbit.io.ConfDeUsuario,getString/1[java.lang.String],key,2
E:\OOD_Projects\ck-mvn-plugin\Rabbit-master\src\rabbit\ui\EditorUI.java,rabbit.ui.EditorUI$EventosDeVentana,windowDeactivated/1[java.awt.event.WindowEvent],estadoArch,6
E:\OOD_Projects\ck-mvn-plugin\Rabbit-master\src\rabbit\ui\EditorUI.java,rabbit.ui.EditorUI$EventosDeVentana,windowDeactivated/1[java.awt.event.WindowEvent],contenido,2
E:\OOD_Projects\ck-mvn-plugin\Rabbit-master\src\rabbit\ui\EditorUI.java,rabbit.ui.EditorUI$EventosDeVentana,windowDeactivated/1[java.awt.event.WindowEvent],e,0
E:\OOD_Projects\ck-mvn-plugin\Rabbit-master\src\rabbit\ui\EditorUI.java,rabbit.ui.EditorUI$EventosDeVentana,windowDeactivated/1[java.awt.event.WindowEvent],editorDeTexto,6
E:\OOD_Projects\ck-mvn-plugin\Rabbit-master\src\rabbit\ui\EditorUI.java,rabbit.ui.EditorUI$EventosDeVentana,windowDeactivated/1[java.awt.event.WindowEvent],i,3
E:\OOD_Projects\ck-mvn-plugin\Rabbit-master\src\rabbit\ui\EditorUI.java,rabbit.ui.EditorUI$EventosDeVentana,windowDeactivated/1[java.awt.event.WindowEvent],tabCount,2
E:\OOD_Projects\ck-mvn-plugin\Rabbit-master\src\rabbit\ui\EditorUI.java,rabbit.ui.EditorUI$EventosDeVentana,windowActivated/1[java.awt.event.WindowEvent],e,0
E:\OOD_Projects\ck-mvn-plugin\Rabbit-master\src\rabbit\ui\EditorUI.java,rabbit.ui.EditorUI$EventosDeVentana,windowClosing/1[java.awt.event.WindowEvent],e,0
E:\OOD_Projects\ck-mvn-plugin\Rabbit-master\src\rabbit\ui\CuadroDeDialogo.java,rabbit.ui.CuadroDeDialogo$Anonymous1,windowClosing/1[java.awt.event.WindowEvent],e,0
E:\OOD_Projects\ck-mvn-plugin\Rabbit-master\src\rabbit\ui\EditorDeTexto.java,rabbit.ui.EditorDeTexto,habilitarGuiasDeIdentacion/1[boolean],state,1
E:\OOD_Projects\ck-mvn-plugin\Rabbit-master\src\rabbit\ui\EditorDeTexto.java,rabbit.ui.EditorDeTexto,"EditorDeTexto/2[java.io.File,rabbit.ui.EditorUI]",file,1
E:\OOD_Projects\ck-mvn-plugin\Rabbit-master\src\rabbit\ui\EditorDeTexto.java,rabbit.ui.EditorDeTexto,"EditorDeTexto/2[java.io.File,rabbit.ui.EditorUI]",editorUI,1
E:\OOD_Projects\ck-mvn-plugin\Rabbit-master\src\rabbit\ui\EditorDeTexto.java,rabbit.ui.EditorDeTexto,setText/1[java.lang.String],text,2
E:\OOD_Projects\ck-mvn-plugin\Rabbit-master\src\rabbit\ui\EditorDeTexto.java,rabbit.ui.EditorDeTexto,setText/1[java.lang.String],caretPos,2
E:\OOD_Projects\ck-mvn-plugin\Rabbit-master\src\rabbit\ui\EditorDeTexto.java,rabbit.ui.EditorDeTexto,getCodeTemplate/0,ct,1
E:\OOD_Projects\ck-mvn-plugin\Rabbit-master\src\rabbit\ui\EditorDeTexto.java,rabbit.ui.EditorDeTexto,habilitarNumLineas/1[boolean],state,1
E:\OOD_Projects\ck-mvn-plugin\Rabbit-master\src\rabbit\ui\EditorDeTexto.java,rabbit.ui.EditorDeTexto,setFile/1[java.io.File],file,2
E:\OOD_Projects\ck-mvn-plugin\Rabbit-master\src\rabbit\ui\EditorDeTexto.java,rabbit.ui.EditorDeTexto,archivoModifRetornaContenido/0,textGuardado,2
E:\OOD_Projects\ck-mvn-plugin\Rabbit-master\src\rabbit\ui\EditorDeTexto.java,rabbit.ui.EditorDeTexto,archivoModifRetornaContenido/0,textEditor,1
E:\OOD_Projects\ck-mvn-plugin\Rabbit-master\src\rabbit\ui\EditorDeTexto.java,rabbit.ui.EditorDeTexto,archivoModificado/0,textGuardado,1
E:\OOD_Projects\ck-mvn-plugin\Rabbit-master\src\rabbit\ui\EditorDeTexto.java,rabbit.ui.EditorDeTexto,"EditorDeTexto/3[java.io.File,int,rabbit.ui.EditorUI]",atmf,1
E:\OOD_Projects\ck-mvn-plugin\Rabbit-master\src\rabbit\ui\EditorDeTexto.java,rabbit.ui.EditorDeTexto,"EditorDeTexto/3[java.io.File,int,rabbit.ui.EditorUI]",ct,1
E:\OOD_Projects\ck-mvn-plugin\Rabbit-master\src\rabbit\ui\EditorDeTexto.java,rabbit.ui.EditorDeTexto,"EditorDeTexto/3[java.io.File,int,rabbit.ui.EditorUI]",file,3
E:\OOD_Projects\ck-mvn-plugin\Rabbit-master\src\rabbit\ui\EditorDeTexto.java,rabbit.ui.EditorDeTexto,"EditorDeTexto/3[java.io.File,int,rabbit.ui.EditorUI]",editorUI,2
E:\OOD_Projects\ck-mvn-plugin\Rabbit-master\src\rabbit\ui\EditorDeTexto.java,rabbit.ui.EditorDeTexto,"EditorDeTexto/3[java.io.File,int,rabbit.ui.EditorUI]",ks,1
E:\OOD_Projects\ck-mvn-plugin\Rabbit-master\src\rabbit\ui\EditorDeTexto.java,rabbit.ui.EditorDeTexto,"EditorDeTexto/3[java.io.File,int,rabbit.ui.EditorUI]",conf,10
E:\OOD_Projects\ck-mvn-plugin\Rabbit-master\src\rabbit\ui\EditorDeTexto.java,rabbit.ui.EditorDeTexto,"EditorDeTexto/3[java.io.File,int,rabbit.ui.EditorUI]",poscCursor,1
E:\OOD_Projects\ck-mvn-plugin\Rabbit-master\src\rabbit\ui\EditorDeTexto.java,rabbit.ui.EditorDeTexto,"EditorDeTexto/3[java.io.File,int,rabbit.ui.EditorUI]",map,1
E:\OOD_Projects\ck-mvn-plugin\Rabbit-master\src\rabbit\ui\EditorDeTexto.java,rabbit.ui.EditorDeTexto,"EditorDeTexto/3[java.io.File,int,rabbit.ui.EditorUI]",ctm,1
E:\OOD_Projects\ck-mvn-plugin\Rabbit-master\src\rabbit\ui\EditorDeTexto.java,rabbit.ui.EditorDeTexto,"EditorDeTexto/3[java.io.File,int,rabbit.ui.EditorUI]",actionName,1
E:\OOD_Projects\ck-mvn-plugin\Rabbit-master\src\rabbit\ui\EditorDeTexto.java,rabbit.ui.EditorDeTexto,equals/1[java.lang.Object],o,2
E:\OOD_Projects\ck-mvn-plugin\Rabbit-master\src\rabbit\ui\EditorDeTexto.java,rabbit.ui.EditorDeTexto,actualizarFuente/0,font,2
E:\OOD_Projects\ck-mvn-plugin\Rabbit-master\src\rabbit\ui\EditorDeTexto.java,rabbit.ui.EditorDeTexto,actualizarTema/1[java.lang.String],nombreTema,1
E:\OOD_Projects\ck-mvn-plugin\Rabbit-master\src\rabbit\ui\EditorDeTexto.java,rabbit.ui.EditorDeTexto,actualizarTema/1[java.lang.String],ex,1
E:\OOD_Projects\ck-mvn-plugin\Rabbit-master\src\rabbit\ui\EditorDeTexto.java,rabbit.ui.EditorDeTexto,actualizarTema/1[java.lang.String],in,1
E:\OOD_Projects\ck-mvn-plugin\Rabbit-master\src\rabbit\ui\EditorDeTexto.java,rabbit.ui.EditorDeTexto,actualizarTema/1[java.lang.String],theme,1
E:\OOD_Projects\ck-mvn-plugin\Rabbit-master\src\rabbit\ui\EditorDeTexto.java,rabbit.ui.EditorDeTexto,actualizarPosCursor/1[int],jlPosCursor,1
E:\OOD_Projects\ck-mvn-plugin\Rabbit-master\src\rabbit\ui\EditorDeTexto.java,rabbit.ui.EditorDeTexto,actualizarPosCursor/1[int],caretPosc,2
E:\OOD_Projects\ck-mvn-plugin\Rabbit-master\src\rabbit\ui\EditorDeTexto.java,rabbit.ui.EditorDeTexto,actualizarPosCursor/1[int],ex,1
E:\OOD_Projects\ck-mvn-plugin\Rabbit-master\src\rabbit\ui\EditorDeTexto.java,rabbit.ui.EditorDeTexto,actualizarPosCursor/1[int],fila,3
E:\OOD_Projects\ck-mvn-plugin\Rabbit-master\src\rabbit\ui\EditorDeTexto.java,rabbit.ui.EditorDeTexto,actualizarPosCursor/1[int],colum,2
E:\OOD_Projects\ck-mvn-plugin\Rabbit-master\src\rabbit\io\LeerArchivo.java,rabbit.io.LeerArchivo,setText/1[java.lang.String],text,2
E:\OOD_Projects\ck-mvn-plugin\Rabbit-master\src\rabbit\io\LeerArchivo.java,rabbit.io.LeerArchivo,leer/1[java.io.File],file,2
E:\OOD_Projects\ck-mvn-plugin\Rabbit-master\src\rabbit\io\LeerArchivo.java,rabbit.io.LeerArchivo,leer/1[java.io.File],$char,2
E:\OOD_Projects\ck-mvn-plugin\Rabbit-master\src\rabbit\io\LeerArchivo.java,rabbit.io.LeerArchivo,leer/1[java.io.File],e,1
E:\OOD_Projects\ck-mvn-plugin\Rabbit-master\src\rabbit\io\LeerArchivo.java,rabbit.io.LeerArchivo,leer/1[java.io.File],reader,4
E:\OOD_Projects\ck-mvn-plugin\Rabbit-master\src\rabbit\io\LeerArchivo.java,rabbit.io.LeerArchivo,leer/1[java.io.File],text,2
E:\OOD_Projects\ck-mvn-plugin\Rabbit-master\src\rabbit\io\LeerArchivo.java,rabbit.io.LeerArchivo,leer/1[java.io.File],encoding,1
E:\OOD_Projects\ck-mvn-plugin\Rabbit-master\src\rabbit\io\LeerArchivo.java,rabbit.io.LeerArchivo,setFile/1[java.io.File],file,2
E:\OOD_Projects\ck-mvn-plugin\Rabbit-master\src\rabbit\io\LeerArchivo.java,rabbit.io.LeerArchivo,LeerArchivo/1[rabbit.ui.EditorUI],parent,1
E:\OOD_Projects\ck-mvn-plugin\Rabbit-master\src\rabbit\io\LeerArchivo.java,rabbit.io.LeerArchivo,LeerArchivo/1[rabbit.ui.EditorUI],resp,1
E:\OOD_Projects\ck-mvn-plugin\Rabbit-master\src\rabbit\io\LeerArchivo.java,rabbit.io.LeerArchivo,LeerArchivo/1[rabbit.ui.EditorUI],open,4
E:\OOD_Projects\ck-mvn-plugin\Rabbit-master\src\rabbit\ui\Main.java,rabbit.ui.Main,main/1[java.lang.String[]],args,0
E:\OOD_Projects\ck-mvn-plugin\Rabbit-master\src\rabbit\ui\SLTokenMaker.java,rabbit.ui.SLTokenMaker,"addToken/3[int,int,int]",start,2
E:\OOD_Projects\ck-mvn-plugin\Rabbit-master\src\rabbit\ui\SLTokenMaker.java,rabbit.ui.SLTokenMaker,"addToken/3[int,int,int]",end,1
E:\OOD_Projects\ck-mvn-plugin\Rabbit-master\src\rabbit\ui\SLTokenMaker.java,rabbit.ui.SLTokenMaker,"addToken/3[int,int,int]",tokenType,1
E:\OOD_Projects\ck-mvn-plugin\Rabbit-master\src\rabbit\ui\SLTokenMaker.java,rabbit.ui.SLTokenMaker,"addToken/3[int,int,int]",so,1
E:\OOD_Projects\ck-mvn-plugin\Rabbit-master\src\rabbit\ui\SLTokenMaker.java,rabbit.ui.SLTokenMaker,zzUnpackAttribute/0,result,2
E:\OOD_Projects\ck-mvn-plugin\Rabbit-master\src\rabbit\ui\SLTokenMaker.java,rabbit.ui.SLTokenMaker,zzUnpackAttribute/0,offset,2
E:\OOD_Projects\ck-mvn-plugin\Rabbit-master\src\rabbit\ui\SLTokenMaker.java,rabbit.ui.SLTokenMaker,yylex/0,temp,3
E:\OOD_Projects\ck-mvn-plugin\Rabbit-master\src\rabbit\ui\SLTokenMaker.java,rabbit.ui.SLTokenMaker,yylex/0,zzCurrentPosL,7
E:\OOD_Projects\ck-mvn-plugin\Rabbit-master\src\rabbit\ui\SLTokenMaker.java,rabbit.ui.SLTokenMaker,yylex/0,zzMarkedPosL,6
E:\OOD_Projects\ck-mvn-plugin\Rabbit-master\src\rabbit\ui\SLTokenMaker.java,rabbit.ui.SLTokenMaker,yylex/0,zzEndReadL,2
E:\OOD_Projects\ck-mvn-plugin\Rabbit-master\src\rabbit\ui\SLTokenMaker.java,rabbit.ui.SLTokenMaker,yylex/0,zzAction,5
E:\OOD_Projects\ck-mvn-plugin\Rabbit-master\src\rabbit\ui\SLTokenMaker.java,rabbit.ui.SLTokenMaker,yylex/0,zzAttrL,1
E:\OOD_Projects\ck-mvn-plugin\Rabbit-master\src\rabbit\ui\SLTokenMaker.java,rabbit.ui.SLTokenMaker,yylex/0,zzRowMapL,1
E:\OOD_Projects\ck-mvn-plugin\Rabbit-master\src\rabbit\ui\SLTokenMaker.java,rabbit.ui.SLTokenMaker,yylex/0,zzCMapL,1
E:\OOD_Projects\ck-mvn-plugin\Rabbit-master\src\rabbit\ui\SLTokenMaker.java,rabbit.ui.SLTokenMaker,yylex/0,zzAttributes,2
E:\OOD_Projects\ck-mvn-plugin\Rabbit-master\src\rabbit\ui\SLTokenMaker.java,rabbit.ui.SLTokenMaker,yylex/0,zzInput,6
E:\OOD_Projects\ck-mvn-plugin\Rabbit-master\src\rabbit\ui\SLTokenMaker.java,rabbit.ui.SLTokenMaker,yylex/0,zzTransL,1
E:\OOD_Projects\ck-mvn-plugin\Rabbit-master\src\rabbit\ui\SLTokenMaker.java,rabbit.ui.SLTokenMaker,yylex/0,zzBufferL,3
E:\OOD_Projects\ck-mvn-plugin\Rabbit-master\src\rabbit\ui\SLTokenMaker.java,rabbit.ui.SLTokenMaker,yylex/0,zzNext,2
E:\OOD_Projects\ck-mvn-plugin\Rabbit-master\src\rabbit\ui\SLTokenMaker.java,rabbit.ui.SLTokenMaker,yylex/0,eof,1
E:\OOD_Projects\ck-mvn-plugin\Rabbit-master\src\rabbit\ui\SLTokenMaker.java,rabbit.ui.SLTokenMaker,yybegin/1[int],newState,1
E:\OOD_Projects\ck-mvn-plugin\Rabbit-master\src\rabbit\ui\SLTokenMaker.java,rabbit.ui.SLTokenMaker,yyreset/1[java.io.Reader],reader,1
E:\OOD_Projects\ck-mvn-plugin\Rabbit-master\src\rabbit\ui\SLTokenMaker.java,rabbit.ui.SLTokenMaker,"zzUnpackAction/3[java.lang.String,int,int[]]",result,1
E:\OOD_Projects\ck-mvn-plugin\Rabbit-master\src\rabbit\ui\SLTokenMaker.java,rabbit.ui.SLTokenMaker,"zzUnpackAction/3[java.lang.String,int,int[]]",offset,1
E:\OOD_Projects\ck-mvn-plugin\Rabbit-master\src\rabbit\ui\SLTokenMaker.java,rabbit.ui.SLTokenMaker,"zzUnpackAction/3[java.lang.String,int,int[]]",count,1
E:\OOD_Projects\ck-mvn-plugin\Rabbit-master\src\rabbit\ui\SLTokenMaker.java,rabbit.ui.SLTokenMaker,"zzUnpackAction/3[java.lang.String,int,int[]]",i,3
E:\OOD_Projects\ck-mvn-plugin\Rabbit-master\src\rabbit\ui\SLTokenMaker.java,rabbit.ui.SLTokenMaker,"zzUnpackAction/3[java.lang.String,int,int[]]",j,2
E:\OOD_Projects\ck-mvn-plugin\Rabbit-master\src\rabbit\ui\SLTokenMaker.java,rabbit.ui.SLTokenMaker,"zzUnpackAction/3[java.lang.String,int,int[]]",packed,3
E:\OOD_Projects\ck-mvn-plugin\Rabbit-master\src\rabbit\ui\SLTokenMaker.java,rabbit.ui.SLTokenMaker,"zzUnpackAction/3[java.lang.String,int,int[]]",l,1
E:\OOD_Projects\ck-mvn-plugin\Rabbit-master\src\rabbit\ui\SLTokenMaker.java,rabbit.ui.SLTokenMaker,"zzUnpackAction/3[java.lang.String,int,int[]]",value,1
E:\OOD_Projects\ck-mvn-plugin\Rabbit-master\src\rabbit\ui\SLTokenMaker.java,rabbit.ui.SLTokenMaker,"getTokenList/3[javax.swing.text.Segment,int,int]",startOffset,1
E:\OOD_Projects\ck-mvn-plugin\Rabbit-master\src\rabbit\ui\SLTokenMaker.java,rabbit.ui.SLTokenMaker,"getTokenList/3[javax.swing.text.Segment,int,int]",text,3
E:\OOD_Projects\ck-mvn-plugin\Rabbit-master\src\rabbit\ui\SLTokenMaker.java,rabbit.ui.SLTokenMaker,"getTokenList/3[javax.swing.text.Segment,int,int]",state,3
E:\OOD_Projects\ck-mvn-plugin\Rabbit-master\src\rabbit\ui\SLTokenMaker.java,rabbit.ui.SLTokenMaker,"getTokenList/3[javax.swing.text.Segment,int,int]",initialTokenType,1
E:\OOD_Projects\ck-mvn-plugin\Rabbit-master\src\rabbit\ui\SLTokenMaker.java,rabbit.ui.SLTokenMaker,"getTokenList/3[javax.swing.text.Segment,int,int]",ioe,1
E:\OOD_Projects\ck-mvn-plugin\Rabbit-master\src\rabbit\ui\SLTokenMaker.java,rabbit.ui.SLTokenMaker,SLTokenMaker/1[java.io.Reader],in,1
E:\OOD_Projects\ck-mvn-plugin\Rabbit-master\src\rabbit\ui\SLTokenMaker.java,rabbit.ui.SLTokenMaker,yypushback/1[int],number,2
E:\OOD_Projects\ck-mvn-plugin\Rabbit-master\src\rabbit\ui\SLTokenMaker.java,rabbit.ui.SLTokenMaker,getShouldIndentNextLineAfter/1[rabbit.ui.Token],t,10
E:\OOD_Projects\ck-mvn-plugin\Rabbit-master\src\rabbit\ui\SLTokenMaker.java,rabbit.ui.SLTokenMaker,getShouldIndentNextLineAfter/1[rabbit.ui.Token],ch,2
E:\OOD_Projects\ck-mvn-plugin\Rabbit-master\src\rabbit\ui\SLTokenMaker.java,rabbit.ui.SLTokenMaker,getLineCommentStartAndEnd/1[int],languageIndex,0
E:\OOD_Projects\ck-mvn-plugin\Rabbit-master\src\rabbit\ui\SLTokenMaker.java,rabbit.ui.SLTokenMaker,SLTokenMaker/1[java.io.InputStream],in,1
E:\OOD_Projects\ck-mvn-plugin\Rabbit-master\src\rabbit\ui\SLTokenMaker.java,rabbit.ui.SLTokenMaker,zzUnpackAction/0,result,2
E:\OOD_Projects\ck-mvn-plugin\Rabbit-master\src\rabbit\ui\SLTokenMaker.java,rabbit.ui.SLTokenMaker,zzUnpackAction/0,offset,2
E:\OOD_Projects\ck-mvn-plugin\Rabbit-master\src\rabbit\ui\SLTokenMaker.java,rabbit.ui.SLTokenMaker,"zzUnpackRowMap/3[java.lang.String,int,int[]]",result,1
E:\OOD_Projects\ck-mvn-plugin\Rabbit-master\src\rabbit\ui\SLTokenMaker.java,rabbit.ui.SLTokenMaker,"zzUnpackRowMap/3[java.lang.String,int,int[]]",high,1
E:\OOD_Projects\ck-mvn-plugin\Rabbit-master\src\rabbit\ui\SLTokenMaker.java,rabbit.ui.SLTokenMaker,"zzUnpackRowMap/3[java.lang.String,int,int[]]",offset,1
E:\OOD_Projects\ck-mvn-plugin\Rabbit-master\src\rabbit\ui\SLTokenMaker.java,rabbit.ui.SLTokenMaker,"zzUnpackRowMap/3[java.lang.String,int,int[]]",i,3
E:\OOD_Projects\ck-mvn-plugin\Rabbit-master\src\rabbit\ui\SLTokenMaker.java,rabbit.ui.SLTokenMaker,"zzUnpackRowMap/3[java.lang.String,int,int[]]",j,2
E:\OOD_Projects\ck-mvn-plugin\Rabbit-master\src\rabbit\ui\SLTokenMaker.java,rabbit.ui.SLTokenMaker,"zzUnpackRowMap/3[java.lang.String,int,int[]]",packed,3
E:\OOD_Projects\ck-mvn-plugin\Rabbit-master\src\rabbit\ui\SLTokenMaker.java,rabbit.ui.SLTokenMaker,"zzUnpackRowMap/3[java.lang.String,int,int[]]",l,1
E:\OOD_Projects\ck-mvn-plugin\Rabbit-master\src\rabbit\ui\SLTokenMaker.java,rabbit.ui.SLTokenMaker,zzUnpackCMap/1[java.lang.String],count,1
E:\OOD_Projects\ck-mvn-plugin\Rabbit-master\src\rabbit\ui\SLTokenMaker.java,rabbit.ui.SLTokenMaker,zzUnpackCMap/1[java.lang.String],i,3
E:\OOD_Projects\ck-mvn-plugin\Rabbit-master\src\rabbit\ui\SLTokenMaker.java,rabbit.ui.SLTokenMaker,zzUnpackCMap/1[java.lang.String],j,1
E:\OOD_Projects\ck-mvn-plugin\Rabbit-master\src\rabbit\ui\SLTokenMaker.java,rabbit.ui.SLTokenMaker,zzUnpackCMap/1[java.lang.String],packed,2
E:\OOD_Projects\ck-mvn-plugin\Rabbit-master\src\rabbit\ui\SLTokenMaker.java,rabbit.ui.SLTokenMaker,zzUnpackCMap/1[java.lang.String],map,2
E:\OOD_Projects\ck-mvn-plugin\Rabbit-master\src\rabbit\ui\SLTokenMaker.java,rabbit.ui.SLTokenMaker,zzUnpackCMap/1[java.lang.String],value,1
E:\OOD_Projects\ck-mvn-plugin\Rabbit-master\src\rabbit\ui\SLTokenMaker.java,rabbit.ui.SLTokenMaker,zzUnpackTrans/0,result,2
E:\OOD_Projects\ck-mvn-plugin\Rabbit-master\src\rabbit\ui\SLTokenMaker.java,rabbit.ui.SLTokenMaker,zzUnpackTrans/0,offset,2
E:\OOD_Projects\ck-mvn-plugin\Rabbit-master\src\rabbit\ui\SLTokenMaker.java,rabbit.ui.SLTokenMaker,addToken/1[int],tokenType,1
E:\OOD_Projects\ck-mvn-plugin\Rabbit-master\src\rabbit\ui\SLTokenMaker.java,rabbit.ui.SLTokenMaker,"zzUnpackAttribute/3[java.lang.String,int,int[]]",result,1
E:\OOD_Projects\ck-mvn-plugin\Rabbit-master\src\rabbit\ui\SLTokenMaker.java,rabbit.ui.SLTokenMaker,"zzUnpackAttribute/3[java.lang.String,int,int[]]",offset,1
E:\OOD_Projects\ck-mvn-plugin\Rabbit-master\src\rabbit\ui\SLTokenMaker.java,rabbit.ui.SLTokenMaker,"zzUnpackAttribute/3[java.lang.String,int,int[]]",count,1
E:\OOD_Projects\ck-mvn-plugin\Rabbit-master\src\rabbit\ui\SLTokenMaker.java,rabbit.ui.SLTokenMaker,"zzUnpackAttribute/3[java.lang.String,int,int[]]",i,3
E:\OOD_Projects\ck-mvn-plugin\Rabbit-master\src\rabbit\ui\SLTokenMaker.java,rabbit.ui.SLTokenMaker,"zzUnpackAttribute/3[java.lang.String,int,int[]]",j,2
E:\OOD_Projects\ck-mvn-plugin\Rabbit-master\src\rabbit\ui\SLTokenMaker.java,rabbit.ui.SLTokenMaker,"zzUnpackAttribute/3[java.lang.String,int,int[]]",packed,3
E:\OOD_Projects\ck-mvn-plugin\Rabbit-master\src\rabbit\ui\SLTokenMaker.java,rabbit.ui.SLTokenMaker,"zzUnpackAttribute/3[java.lang.String,int,int[]]",l,1
E:\OOD_Projects\ck-mvn-plugin\Rabbit-master\src\rabbit\ui\SLTokenMaker.java,rabbit.ui.SLTokenMaker,"zzUnpackAttribute/3[java.lang.String,int,int[]]",value,1
E:\OOD_Projects\ck-mvn-plugin\Rabbit-master\src\rabbit\ui\SLTokenMaker.java,rabbit.ui.SLTokenMaker,yycharat/1[int],pos,1
E:\OOD_Projects\ck-mvn-plugin\Rabbit-master\src\rabbit\ui\SLTokenMaker.java,rabbit.ui.SLTokenMaker,zzUnpackRowMap/0,result,2
E:\OOD_Projects\ck-mvn-plugin\Rabbit-master\src\rabbit\ui\SLTokenMaker.java,rabbit.ui.SLTokenMaker,zzUnpackRowMap/0,offset,2
E:\OOD_Projects\ck-mvn-plugin\Rabbit-master\src\rabbit\ui\SLTokenMaker.java,rabbit.ui.SLTokenMaker,"zzUnpackTrans/3[java.lang.String,int,int[]]",result,1
E:\OOD_Projects\ck-mvn-plugin\Rabbit-master\src\rabbit\ui\SLTokenMaker.java,rabbit.ui.SLTokenMaker,"zzUnpackTrans/3[java.lang.String,int,int[]]",offset,1
E:\OOD_Projects\ck-mvn-plugin\Rabbit-master\src\rabbit\ui\SLTokenMaker.java,rabbit.ui.SLTokenMaker,"zzUnpackTrans/3[java.lang.String,int,int[]]",count,1
E:\OOD_Projects\ck-mvn-plugin\Rabbit-master\src\rabbit\ui\SLTokenMaker.java,rabbit.ui.SLTokenMaker,"zzUnpackTrans/3[java.lang.String,int,int[]]",i,3
E:\OOD_Projects\ck-mvn-plugin\Rabbit-master\src\rabbit\ui\SLTokenMaker.java,rabbit.ui.SLTokenMaker,"zzUnpackTrans/3[java.lang.String,int,int[]]",j,2
E:\OOD_Projects\ck-mvn-plugin\Rabbit-master\src\rabbit\ui\SLTokenMaker.java,rabbit.ui.SLTokenMaker,"zzUnpackTrans/3[java.lang.String,int,int[]]",packed,3
E:\OOD_Projects\ck-mvn-plugin\Rabbit-master\src\rabbit\ui\SLTokenMaker.java,rabbit.ui.SLTokenMaker,"zzUnpackTrans/3[java.lang.String,int,int[]]",l,1
E:\OOD_Projects\ck-mvn-plugin\Rabbit-master\src\rabbit\ui\SLTokenMaker.java,rabbit.ui.SLTokenMaker,"zzUnpackTrans/3[java.lang.String,int,int[]]",value,2
E:\OOD_Projects\ck-mvn-plugin\Rabbit-master\src\rabbit\ui\SLTokenMaker.java,rabbit.ui.SLTokenMaker,zzScanError/1[int],e,0
E:\OOD_Projects\ck-mvn-plugin\Rabbit-master\src\rabbit\ui\SLTokenMaker.java,rabbit.ui.SLTokenMaker,zzScanError/1[int],errorCode,1
E:\OOD_Projects\ck-mvn-plugin\Rabbit-master\src\rabbit\ui\SLTokenMaker.java,rabbit.ui.SLTokenMaker,zzScanError/1[int],message,3
E:\OOD_Projects\ck-mvn-plugin\Rabbit-master\src\rabbit\ui\SLTokenMaker.java,rabbit.ui.SLTokenMaker,"addToken/6[char[],int,int,int,int,boolean]",hyperlink,1
E:\OOD_Projects\ck-mvn-plugin\Rabbit-master\src\rabbit\ui\SLTokenMaker.java,rabbit.ui.SLTokenMaker,"addToken/6[char[],int,int,int,int,boolean]",startOffset,1
E:\OOD_Projects\ck-mvn-plugin\Rabbit-master\src\rabbit\ui\SLTokenMaker.java,rabbit.ui.SLTokenMaker,"addToken/6[char[],int,int,int,int,boolean]",array,1
E:\OOD_Projects\ck-mvn-plugin\Rabbit-master\src\rabbit\ui\SLTokenMaker.java,rabbit.ui.SLTokenMaker,"addToken/6[char[],int,int,int,int,boolean]",start,1
E:\OOD_Projects\ck-mvn-plugin\Rabbit-master\src\rabbit\ui\SLTokenMaker.java,rabbit.ui.SLTokenMaker,"addToken/6[char[],int,int,int,int,boolean]",end,1
E:\OOD_Projects\ck-mvn-plugin\Rabbit-master\src\rabbit\ui\SLTokenMaker.java,rabbit.ui.SLTokenMaker,"addToken/6[char[],int,int,int,int,boolean]",tokenType,1
E:\OOD_Projects\ck-mvn-plugin\Rabbit-master\src\rabbit\ui\SLTokenMaker.java,rabbit.ui.SLTokenMaker,"addHyperlinkToken/3[int,int,int]",start,2
E:\OOD_Projects\ck-mvn-plugin\Rabbit-master\src\rabbit\ui\SLTokenMaker.java,rabbit.ui.SLTokenMaker,"addHyperlinkToken/3[int,int,int]",end,1
E:\OOD_Projects\ck-mvn-plugin\Rabbit-master\src\rabbit\ui\SLTokenMaker.java,rabbit.ui.SLTokenMaker,"addHyperlinkToken/3[int,int,int]",tokenType,1
E:\OOD_Projects\ck-mvn-plugin\Rabbit-master\src\rabbit\ui\SLTokenMaker.java,rabbit.ui.SLTokenMaker,"addHyperlinkToken/3[int,int,int]",so,1
