file,class,method,variable,usage
E:\OOD_Projects\ck-mvn-plugin\dummyBookMyShow-main\src\main\java\com\dummy\bookmyshow\entity\ScreenPk.java,com.dummy.bookmyshow.entity.ScreenPk,setMovieId/1[java.lang.String],movieId,3
E:\OOD_Projects\ck-mvn-plugin\dummyBookMyShow-main\src\main\java\com\dummy\bookmyshow\entity\ScreenPk.java,com.dummy.bookmyshow.entity.ScreenPk,setStartsAt/1[java.lang.String],startsAt,3
E:\OOD_Projects\ck-mvn-plugin\dummyBookMyShow-main\src\main\java\com\dummy\bookmyshow\entity\ScreenPk.java,com.dummy.bookmyshow.entity.ScreenPk,getTheaterId/0,theaterId,1
E:\OOD_Projects\ck-mvn-plugin\dummyBookMyShow-main\src\main\java\com\dummy\bookmyshow\entity\ScreenPk.java,com.dummy.bookmyshow.entity.ScreenPk,getStartsAt/0,startsAt,1
E:\OOD_Projects\ck-mvn-plugin\dummyBookMyShow-main\src\main\java\com\dummy\bookmyshow\entity\ScreenPk.java,com.dummy.bookmyshow.entity.ScreenPk,setTheaterId/1[java.lang.String],theaterId,3
E:\OOD_Projects\ck-mvn-plugin\dummyBookMyShow-main\src\main\java\com\dummy\bookmyshow\entity\ScreenPk.java,com.dummy.bookmyshow.entity.ScreenPk,getMovieId/0,movieId,1
E:\OOD_Projects\ck-mvn-plugin\dummyBookMyShow-main\src\main\java\com\dummy\bookmyshow\controller\UrlController.java,com.dummy.bookmyshow.controller.UrlController,convertLongUrlToShort/1[com.dummy.bookmyshow.entity.Url],service,1
E:\OOD_Projects\ck-mvn-plugin\dummyBookMyShow-main\src\main\java\com\dummy\bookmyshow\controller\UrlController.java,com.dummy.bookmyshow.controller.UrlController,convertLongUrlToShort/1[com.dummy.bookmyshow.entity.Url],LOGGER,1
E:\OOD_Projects\ck-mvn-plugin\dummyBookMyShow-main\src\main\java\com\dummy\bookmyshow\controller\UrlController.java,com.dummy.bookmyshow.controller.UrlController,convertLongUrlToShort/1[com.dummy.bookmyshow.entity.Url],responseParser,1
E:\OOD_Projects\ck-mvn-plugin\dummyBookMyShow-main\src\main\java\com\dummy\bookmyshow\controller\UrlController.java,com.dummy.bookmyshow.controller.UrlController,convertshortToLong/1[java.lang.String],service,1
E:\OOD_Projects\ck-mvn-plugin\dummyBookMyShow-main\src\main\java\com\dummy\bookmyshow\controller\UrlController.java,com.dummy.bookmyshow.controller.UrlController,convertshortToLong/1[java.lang.String],LOGGER,1
E:\OOD_Projects\ck-mvn-plugin\dummyBookMyShow-main\src\main\java\com\dummy\bookmyshow\controller\UrlController.java,com.dummy.bookmyshow.controller.UrlController,convertshortToLong/1[java.lang.String],responseParser,1
E:\OOD_Projects\ck-mvn-plugin\dummyBookMyShow-main\src\main\java\com\dummy\bookmyshow\controller\ScreenController.java,com.dummy.bookmyshow.controller.ScreenController,registerScreen/1[com.dummy.bookmyshow.entity.Screen],screenRepo,1
E:\OOD_Projects\ck-mvn-plugin\dummyBookMyShow-main\src\main\java\com\dummy\bookmyshow\controller\ScreenController.java,com.dummy.bookmyshow.controller.ScreenController,registerScreen/1[com.dummy.bookmyshow.entity.Screen],LOGGER,4
E:\OOD_Projects\ck-mvn-plugin\dummyBookMyShow-main\src\main\java\com\dummy\bookmyshow\controller\ScreenController.java,com.dummy.bookmyshow.controller.ScreenController,registerScreen/1[com.dummy.bookmyshow.entity.Screen],responseParser,3
E:\OOD_Projects\ck-mvn-plugin\dummyBookMyShow-main\src\main\java\com\dummy\bookmyshow\controller\ScreenController.java,com.dummy.bookmyshow.controller.ScreenController,validateInput/1[com.dummy.bookmyshow.entity.Screen],theaterRepo,1
E:\OOD_Projects\ck-mvn-plugin\dummyBookMyShow-main\src\main\java\com\dummy\bookmyshow\controller\ScreenController.java,com.dummy.bookmyshow.controller.ScreenController,validateInput/1[com.dummy.bookmyshow.entity.Screen],movieRepo,1
E:\OOD_Projects\ck-mvn-plugin\dummyBookMyShow-main\src\main\java\com\dummy\bookmyshow\controller\ScreenController.java,com.dummy.bookmyshow.controller.ScreenController,validateInput/1[com.dummy.bookmyshow.entity.Screen],LOGGER,1
E:\OOD_Projects\ck-mvn-plugin\dummyBookMyShow-main\src\main\java\com\dummy\bookmyshow\entity\SeatMatrixPk.java,com.dummy.bookmyshow.entity.SeatMatrixPk,getScreenStartsAt/0,screenStartsAt,1
E:\OOD_Projects\ck-mvn-plugin\dummyBookMyShow-main\src\main\java\com\dummy\bookmyshow\entity\SeatMatrixPk.java,com.dummy.bookmyshow.entity.SeatMatrixPk,getTheaterId/0,theaterId,1
E:\OOD_Projects\ck-mvn-plugin\dummyBookMyShow-main\src\main\java\com\dummy\bookmyshow\entity\SeatMatrixPk.java,com.dummy.bookmyshow.entity.SeatMatrixPk,setTheaterId/1[java.lang.String],theaterId,3
E:\OOD_Projects\ck-mvn-plugin\dummyBookMyShow-main\src\main\java\com\dummy\bookmyshow\entity\SeatMatrixPk.java,com.dummy.bookmyshow.entity.SeatMatrixPk,getMovieId/0,movieId,1
E:\OOD_Projects\ck-mvn-plugin\dummyBookMyShow-main\src\main\java\com\dummy\bookmyshow\entity\SeatMatrixPk.java,com.dummy.bookmyshow.entity.SeatMatrixPk,setScreenStartsAt/1[java.lang.String],screenStartsAt,3
E:\OOD_Projects\ck-mvn-plugin\dummyBookMyShow-main\src\main\java\com\dummy\bookmyshow\entity\SeatMatrixPk.java,com.dummy.bookmyshow.entity.SeatMatrixPk,getSeatNumber/0,seatNumber,1
E:\OOD_Projects\ck-mvn-plugin\dummyBookMyShow-main\src\main\java\com\dummy\bookmyshow\entity\SeatMatrixPk.java,com.dummy.bookmyshow.entity.SeatMatrixPk,setMovieId/1[java.lang.String],movieId,3
E:\OOD_Projects\ck-mvn-plugin\dummyBookMyShow-main\src\main\java\com\dummy\bookmyshow\entity\SeatMatrixPk.java,com.dummy.bookmyshow.entity.SeatMatrixPk,setSeatNumber/1[java.lang.String],seatNumber,3
E:\OOD_Projects\ck-mvn-plugin\dummyBookMyShow-main\src\main\java\com\dummy\bookmyshow\entity\SeatMatrixPk.java,com.dummy.bookmyshow.entity.SeatMatrixPk,toString/0,theaterId,1
E:\OOD_Projects\ck-mvn-plugin\dummyBookMyShow-main\src\main\java\com\dummy\bookmyshow\entity\SeatMatrixPk.java,com.dummy.bookmyshow.entity.SeatMatrixPk,toString/0,movieId,1
E:\OOD_Projects\ck-mvn-plugin\dummyBookMyShow-main\src\main\java\com\dummy\bookmyshow\entity\SeatMatrixPk.java,com.dummy.bookmyshow.entity.SeatMatrixPk,toString/0,screenStartsAt,1
E:\OOD_Projects\ck-mvn-plugin\dummyBookMyShow-main\src\main\java\com\dummy\bookmyshow\entity\SeatMatrixPk.java,com.dummy.bookmyshow.entity.SeatMatrixPk,toString/0,seatNumber,1
E:\OOD_Projects\ck-mvn-plugin\dummyBookMyShow-main\src\main\java\com\dummy\bookmyshow\service\impl\UrlServiceImpl.java,com.dummy.bookmyshow.service.impl.UrlServiceImpl,getOriginalUrl/1[java.lang.String],urlRepository,1
E:\OOD_Projects\ck-mvn-plugin\dummyBookMyShow-main\src\main\java\com\dummy\bookmyshow\service\impl\UrlServiceImpl.java,com.dummy.bookmyshow.service.impl.UrlServiceImpl,convertBase64ToDecimal/1[java.lang.String],allowedCharString,1
E:\OOD_Projects\ck-mvn-plugin\dummyBookMyShow-main\src\main\java\com\dummy\bookmyshow\service\impl\UrlServiceImpl.java,com.dummy.bookmyshow.service.impl.UrlServiceImpl,convertToShortUrl/1[com.dummy.bookmyshow.entity.Url],urlRepository,1
E:\OOD_Projects\ck-mvn-plugin\dummyBookMyShow-main\src\main\java\com\dummy\bookmyshow\service\impl\UrlServiceImpl.java,com.dummy.bookmyshow.service.impl.UrlServiceImpl,convertToShortUrl/1[long],allowedChars,2
E:\OOD_Projects\ck-mvn-plugin\dummyBookMyShow-main\src\main\java\com\dummy\bookmyshow\security\CustomUserDetailService.java,com.dummy.bookmyshow.security.CustomUserDetailService,loadUserByUsername/1[java.lang.String],userRepository,1
E:\OOD_Projects\ck-mvn-plugin\dummyBookMyShow-main\src\main\java\com\dummy\bookmyshow\security\JwtFilter.java,com.dummy.bookmyshow.security.JwtFilter,"doFilterInternal/3[com.dummy.bookmyshow.security.HttpServletRequest,com.dummy.bookmyshow.security.HttpServletResponse,com.dummy.bookmyshow.security.FilterChain]",jwtUtils,2
E:\OOD_Projects\ck-mvn-plugin\dummyBookMyShow-main\src\main\java\com\dummy\bookmyshow\security\JwtFilter.java,com.dummy.bookmyshow.security.JwtFilter,"doFilterInternal/3[com.dummy.bookmyshow.security.HttpServletRequest,com.dummy.bookmyshow.security.HttpServletResponse,com.dummy.bookmyshow.security.FilterChain]",customUserDetailService,1
E:\OOD_Projects\ck-mvn-plugin\dummyBookMyShow-main\src\main\java\com\dummy\bookmyshow\service\impl\GenericServiceImpl.java,com.dummy.bookmyshow.service.impl.GenericServiceImpl,doPayment/1[com.dummy.bookmyshow.entity.Booking],paymentRepository,1
E:\OOD_Projects\ck-mvn-plugin\dummyBookMyShow-main\src\main\java\com\dummy\bookmyshow\service\impl\GenericServiceImpl.java,com.dummy.bookmyshow.service.impl.GenericServiceImpl,doPayment/1[com.dummy.bookmyshow.entity.Booking],LOGGER,1
E:\OOD_Projects\ck-mvn-plugin\dummyBookMyShow-main\src\main\java\com\dummy\bookmyshow\service\impl\GenericServiceImpl.java,com.dummy.bookmyshow.service.impl.GenericServiceImpl,getAvailableMovies/1[java.lang.String],movieRepo,1
E:\OOD_Projects\ck-mvn-plugin\dummyBookMyShow-main\src\main\java\com\dummy\bookmyshow\service\impl\GenericServiceImpl.java,com.dummy.bookmyshow.service.impl.GenericServiceImpl,getAvailableMovies/1[java.lang.String],LOGGER,3
E:\OOD_Projects\ck-mvn-plugin\dummyBookMyShow-main\src\main\java\com\dummy\bookmyshow\service\impl\GenericServiceImpl.java,com.dummy.bookmyshow.service.impl.GenericServiceImpl,"bookSeats/2[java.util.List<com.dummy.bookmyshow.entity.SeatMatrix>,java.lang.String]",bookingRepository,3
E:\OOD_Projects\ck-mvn-plugin\dummyBookMyShow-main\src\main\java\com\dummy\bookmyshow\service\impl\GenericServiceImpl.java,com.dummy.bookmyshow.service.impl.GenericServiceImpl,"bookSeats/2[java.util.List<com.dummy.bookmyshow.entity.SeatMatrix>,java.lang.String]",LOGGER,6
E:\OOD_Projects\ck-mvn-plugin\dummyBookMyShow-main\src\main\java\com\dummy\bookmyshow\service\impl\GenericServiceImpl.java,com.dummy.bookmyshow.service.impl.GenericServiceImpl,"bookSeats/2[java.util.List<com.dummy.bookmyshow.entity.SeatMatrix>,java.lang.String]",userRepository,1
E:\OOD_Projects\ck-mvn-plugin\dummyBookMyShow-main\src\main\java\com\dummy\bookmyshow\service\impl\GenericServiceImpl.java,com.dummy.bookmyshow.service.impl.GenericServiceImpl,"bookSeats/2[java.util.List<com.dummy.bookmyshow.entity.SeatMatrix>,java.lang.String]",matrixRepository,2
E:\OOD_Projects\ck-mvn-plugin\dummyBookMyShow-main\src\main\java\com\dummy\bookmyshow\service\impl\GenericServiceImpl.java,com.dummy.bookmyshow.service.impl.GenericServiceImpl,"makeReturnedData/2[com.dummy.bookmyshow.entity.Booking,com.dummy.bookmyshow.entity.User]",theaterRepo,1
E:\OOD_Projects\ck-mvn-plugin\dummyBookMyShow-main\src\main\java\com\dummy\bookmyshow\service\impl\GenericServiceImpl.java,com.dummy.bookmyshow.service.impl.GenericServiceImpl,"makeReturnedData/2[com.dummy.bookmyshow.entity.Booking,com.dummy.bookmyshow.entity.User]",movieRepo,1
E:\OOD_Projects\ck-mvn-plugin\dummyBookMyShow-main\src\main\java\com\dummy\bookmyshow\service\impl\GenericServiceImpl.java,com.dummy.bookmyshow.service.impl.GenericServiceImpl,getSupportedCities/0,theaterRepo,1
E:\OOD_Projects\ck-mvn-plugin\dummyBookMyShow-main\src\main\java\com\dummy\bookmyshow\service\impl\GenericServiceImpl.java,com.dummy.bookmyshow.service.impl.GenericServiceImpl,"sendNotification/2[com.dummy.bookmyshow.entity.Booking,com.dummy.bookmyshow.entity.User]",notificationRepo,1
E:\OOD_Projects\ck-mvn-plugin\dummyBookMyShow-main\src\main\java\com\dummy\bookmyshow\service\impl\GenericServiceImpl.java,com.dummy.bookmyshow.service.impl.GenericServiceImpl,"sendNotification/2[com.dummy.bookmyshow.entity.Booking,com.dummy.bookmyshow.entity.User]",DO_NOT_REPLY_DUMMY_BMS_COM,1
E:\OOD_Projects\ck-mvn-plugin\dummyBookMyShow-main\src\main\java\com\dummy\bookmyshow\service\impl\GenericServiceImpl.java,com.dummy.bookmyshow.service.impl.GenericServiceImpl,"getSeatMatrix/3[java.lang.String,java.lang.String,java.lang.String]",LOGGER,3
E:\OOD_Projects\ck-mvn-plugin\dummyBookMyShow-main\src\main\java\com\dummy\bookmyshow\service\impl\GenericServiceImpl.java,com.dummy.bookmyshow.service.impl.GenericServiceImpl,"getSeatMatrix/3[java.lang.String,java.lang.String,java.lang.String]",matrixRepository,1
E:\OOD_Projects\ck-mvn-plugin\dummyBookMyShow-main\src\main\java\com\dummy\bookmyshow\service\impl\GenericServiceImpl.java,com.dummy.bookmyshow.service.impl.GenericServiceImpl,"getScreensShowingMovie/3[java.lang.String,java.lang.String,java.lang.String]",screenRepo,1
E:\OOD_Projects\ck-mvn-plugin\dummyBookMyShow-main\src\main\java\com\dummy\bookmyshow\service\impl\GenericServiceImpl.java,com.dummy.bookmyshow.service.impl.GenericServiceImpl,"getScreensShowingMovie/3[java.lang.String,java.lang.String,java.lang.String]",theaterRepo,1
E:\OOD_Projects\ck-mvn-plugin\dummyBookMyShow-main\src\main\java\com\dummy\bookmyshow\service\impl\GenericServiceImpl.java,com.dummy.bookmyshow.service.impl.GenericServiceImpl,"getScreensShowingMovie/3[java.lang.String,java.lang.String,java.lang.String]",LOGGER,3
E:\OOD_Projects\ck-mvn-plugin\dummyBookMyShow-main\src\main\java\com\dummy\bookmyshow\service\impl\GenericServiceImpl.java,com.dummy.bookmyshow.service.impl.GenericServiceImpl,"setTinyUrl/3[com.dummy.bookmyshow.entity.Notification,com.dummy.bookmyshow.entity.Booking,java.lang.String]",urlService,1
E:\OOD_Projects\ck-mvn-plugin\dummyBookMyShow-main\src\main\java\com\dummy\bookmyshow\security\AuthRequest.java,com.dummy.bookmyshow.security.AuthRequest,getUsername/0,username,1
E:\OOD_Projects\ck-mvn-plugin\dummyBookMyShow-main\src\main\java\com\dummy\bookmyshow\security\AuthRequest.java,com.dummy.bookmyshow.security.AuthRequest,getPassword/0,password,1
E:\OOD_Projects\ck-mvn-plugin\dummyBookMyShow-main\src\main\java\com\dummy\bookmyshow\security\AuthRequest.java,com.dummy.bookmyshow.security.AuthRequest,toString/0,password,1
E:\OOD_Projects\ck-mvn-plugin\dummyBookMyShow-main\src\main\java\com\dummy\bookmyshow\security\AuthRequest.java,com.dummy.bookmyshow.security.AuthRequest,toString/0,username,1
E:\OOD_Projects\ck-mvn-plugin\dummyBookMyShow-main\src\main\java\com\dummy\bookmyshow\security\AuthRequest.java,com.dummy.bookmyshow.security.AuthRequest,setPassword/1[java.lang.String],password,3
E:\OOD_Projects\ck-mvn-plugin\dummyBookMyShow-main\src\main\java\com\dummy\bookmyshow\security\AuthRequest.java,com.dummy.bookmyshow.security.AuthRequest,setUsername/1[java.lang.String],username,3
E:\OOD_Projects\ck-mvn-plugin\dummyBookMyShow-main\src\main\java\com\dummy\bookmyshow\service\impl\CastServiceImpl.java,com.dummy.bookmyshow.service.impl.CastServiceImpl,findByMovieId/1[java.lang.String],castRepo,1
E:\OOD_Projects\ck-mvn-plugin\dummyBookMyShow-main\src\main\java\com\dummy\bookmyshow\service\impl\CastServiceImpl.java,com.dummy.bookmyshow.service.impl.CastServiceImpl,findByMovieId/1[java.lang.String],LOGGER,3
E:\OOD_Projects\ck-mvn-plugin\dummyBookMyShow-main\src\main\java\com\dummy\bookmyshow\entity\Url.java,com.dummy.bookmyshow.entity.Url,getOriginalUrl/0,originalUrl,1
E:\OOD_Projects\ck-mvn-plugin\dummyBookMyShow-main\src\main\java\com\dummy\bookmyshow\entity\Url.java,com.dummy.bookmyshow.entity.Url,setOriginalUrl/1[java.lang.String],originalUrl,3
E:\OOD_Projects\ck-mvn-plugin\dummyBookMyShow-main\src\main\java\com\dummy\bookmyshow\entity\Url.java,com.dummy.bookmyshow.entity.Url,toString/0,id,1
E:\OOD_Projects\ck-mvn-plugin\dummyBookMyShow-main\src\main\java\com\dummy\bookmyshow\entity\Url.java,com.dummy.bookmyshow.entity.Url,toString/0,originalUrl,1
E:\OOD_Projects\ck-mvn-plugin\dummyBookMyShow-main\src\main\java\com\dummy\bookmyshow\entity\Url.java,com.dummy.bookmyshow.entity.Url,toString/0,createdOn,1
E:\OOD_Projects\ck-mvn-plugin\dummyBookMyShow-main\src\main\java\com\dummy\bookmyshow\entity\Url.java,com.dummy.bookmyshow.entity.Url,getId/0,id,1
E:\OOD_Projects\ck-mvn-plugin\dummyBookMyShow-main\src\main\java\com\dummy\bookmyshow\entity\Url.java,com.dummy.bookmyshow.entity.Url,getCreatedOn/0,createdOn,1
E:\OOD_Projects\ck-mvn-plugin\dummyBookMyShow-main\src\main\java\com\dummy\bookmyshow\entity\Url.java,com.dummy.bookmyshow.entity.Url,setCreatedOn/1[java.time.LocalDateTime],createdOn,3
E:\OOD_Projects\ck-mvn-plugin\dummyBookMyShow-main\src\main\java\com\dummy\bookmyshow\entity\Url.java,com.dummy.bookmyshow.entity.Url,setId/1[java.lang.Long],id,3
E:\OOD_Projects\ck-mvn-plugin\dummyBookMyShow-main\src\main\java\com\dummy\bookmyshow\controller\MovieController.java,com.dummy.bookmyshow.controller.MovieController,validateInput/1[com.dummy.bookmyshow.entity.Movie],theaterRepo,1
E:\OOD_Projects\ck-mvn-plugin\dummyBookMyShow-main\src\main\java\com\dummy\bookmyshow\controller\MovieController.java,com.dummy.bookmyshow.controller.MovieController,validateInput/1[com.dummy.bookmyshow.entity.Movie],LOGGER,1
E:\OOD_Projects\ck-mvn-plugin\dummyBookMyShow-main\src\main\java\com\dummy\bookmyshow\controller\MovieController.java,com.dummy.bookmyshow.controller.MovieController,registerMovie/1[com.dummy.bookmyshow.entity.Movie],movieRepo,1
E:\OOD_Projects\ck-mvn-plugin\dummyBookMyShow-main\src\main\java\com\dummy\bookmyshow\controller\MovieController.java,com.dummy.bookmyshow.controller.MovieController,registerMovie/1[com.dummy.bookmyshow.entity.Movie],LOGGER,5
E:\OOD_Projects\ck-mvn-plugin\dummyBookMyShow-main\src\main\java\com\dummy\bookmyshow\controller\MovieController.java,com.dummy.bookmyshow.controller.MovieController,registerMovie/1[com.dummy.bookmyshow.entity.Movie],responseParser,3
E:\OOD_Projects\ck-mvn-plugin\dummyBookMyShow-main\src\main\java\com\dummy\bookmyshow\entity\SeatMatrix.java,com.dummy.bookmyshow.entity.SeatMatrix,getPrice/0,price,1
E:\OOD_Projects\ck-mvn-plugin\dummyBookMyShow-main\src\main\java\com\dummy\bookmyshow\entity\SeatMatrix.java,com.dummy.bookmyshow.entity.SeatMatrix,toString/0,seatType,1
E:\OOD_Projects\ck-mvn-plugin\dummyBookMyShow-main\src\main\java\com\dummy\bookmyshow\entity\SeatMatrix.java,com.dummy.bookmyshow.entity.SeatMatrix,toString/0,booked,1
E:\OOD_Projects\ck-mvn-plugin\dummyBookMyShow-main\src\main\java\com\dummy\bookmyshow\entity\SeatMatrix.java,com.dummy.bookmyshow.entity.SeatMatrix,toString/0,deleted,1
E:\OOD_Projects\ck-mvn-plugin\dummyBookMyShow-main\src\main\java\com\dummy\bookmyshow\entity\SeatMatrix.java,com.dummy.bookmyshow.entity.SeatMatrix,toString/0,price,1
E:\OOD_Projects\ck-mvn-plugin\dummyBookMyShow-main\src\main\java\com\dummy\bookmyshow\entity\SeatMatrix.java,com.dummy.bookmyshow.entity.SeatMatrix,toString/0,updatedOn,1
E:\OOD_Projects\ck-mvn-plugin\dummyBookMyShow-main\src\main\java\com\dummy\bookmyshow\entity\SeatMatrix.java,com.dummy.bookmyshow.entity.SeatMatrix,toString/0,createdOn,1
E:\OOD_Projects\ck-mvn-plugin\dummyBookMyShow-main\src\main\java\com\dummy\bookmyshow\entity\SeatMatrix.java,com.dummy.bookmyshow.entity.SeatMatrix,toString/0,primaryKey,1
E:\OOD_Projects\ck-mvn-plugin\dummyBookMyShow-main\src\main\java\com\dummy\bookmyshow\entity\SeatMatrix.java,com.dummy.bookmyshow.entity.SeatMatrix,setBooked/1[boolean],booked,3
E:\OOD_Projects\ck-mvn-plugin\dummyBookMyShow-main\src\main\java\com\dummy\bookmyshow\entity\SeatMatrix.java,com.dummy.bookmyshow.entity.SeatMatrix,getPrimaryKey/0,primaryKey,1
E:\OOD_Projects\ck-mvn-plugin\dummyBookMyShow-main\src\main\java\com\dummy\bookmyshow\entity\SeatMatrix.java,com.dummy.bookmyshow.entity.SeatMatrix,getUpdatedOn/0,updatedOn,1
E:\OOD_Projects\ck-mvn-plugin\dummyBookMyShow-main\src\main\java\com\dummy\bookmyshow\entity\SeatMatrix.java,com.dummy.bookmyshow.entity.SeatMatrix,setPrimaryKey/1[com.dummy.bookmyshow.entity.SeatMatrixPk],primaryKey,3
E:\OOD_Projects\ck-mvn-plugin\dummyBookMyShow-main\src\main\java\com\dummy\bookmyshow\entity\SeatMatrix.java,com.dummy.bookmyshow.entity.SeatMatrix,setUpdatedOn/1[java.time.LocalDateTime],updatedOn,3
E:\OOD_Projects\ck-mvn-plugin\dummyBookMyShow-main\src\main\java\com\dummy\bookmyshow\entity\SeatMatrix.java,com.dummy.bookmyshow.entity.SeatMatrix,getDeleted/0,deleted,1
E:\OOD_Projects\ck-mvn-plugin\dummyBookMyShow-main\src\main\java\com\dummy\bookmyshow\entity\SeatMatrix.java,com.dummy.bookmyshow.entity.SeatMatrix,getCreatedOn/0,createdOn,1
E:\OOD_Projects\ck-mvn-plugin\dummyBookMyShow-main\src\main\java\com\dummy\bookmyshow\entity\SeatMatrix.java,com.dummy.bookmyshow.entity.SeatMatrix,setPrice/1[int],price,3
E:\OOD_Projects\ck-mvn-plugin\dummyBookMyShow-main\src\main\java\com\dummy\bookmyshow\entity\SeatMatrix.java,com.dummy.bookmyshow.entity.SeatMatrix,getSeatType/0,seatType,1
E:\OOD_Projects\ck-mvn-plugin\dummyBookMyShow-main\src\main\java\com\dummy\bookmyshow\entity\SeatMatrix.java,com.dummy.bookmyshow.entity.SeatMatrix,isBooked/0,booked,1
E:\OOD_Projects\ck-mvn-plugin\dummyBookMyShow-main\src\main\java\com\dummy\bookmyshow\entity\SeatMatrix.java,com.dummy.bookmyshow.entity.SeatMatrix,setSeatType/1[com.dummy.bookmyshow.enums.SeatType],seatType,3
E:\OOD_Projects\ck-mvn-plugin\dummyBookMyShow-main\src\main\java\com\dummy\bookmyshow\entity\SeatMatrix.java,com.dummy.bookmyshow.entity.SeatMatrix,setDeleted/1[java.time.LocalDateTime],deleted,3
E:\OOD_Projects\ck-mvn-plugin\dummyBookMyShow-main\src\main\java\com\dummy\bookmyshow\entity\SeatMatrix.java,com.dummy.bookmyshow.entity.SeatMatrix,setCreatedOn/1[java.time.LocalDateTime],createdOn,3
E:\OOD_Projects\ck-mvn-plugin\dummyBookMyShow-main\src\main\java\com\dummy\bookmyshow\security\JwtUtils.java,com.dummy.bookmyshow.security.JwtUtils,"createToken/2[java.util.Map<java.lang.String,java.lang.Object>,java.lang.String]",secret,1
E:\OOD_Projects\ck-mvn-plugin\dummyBookMyShow-main\src\main\java\com\dummy\bookmyshow\security\JwtUtils.java,com.dummy.bookmyshow.security.JwtUtils,extractAllClaims/1[java.lang.String],secret,1
E:\OOD_Projects\ck-mvn-plugin\dummyBookMyShow-main\src\main\java\com\dummy\bookmyshow\controller\CastController.java,com.dummy.bookmyshow.controller.CastController,addCast/1[java.lang.String],castService,1
E:\OOD_Projects\ck-mvn-plugin\dummyBookMyShow-main\src\main\java\com\dummy\bookmyshow\controller\CastController.java,com.dummy.bookmyshow.controller.CastController,addCast/1[java.lang.String],LOGGER,4
E:\OOD_Projects\ck-mvn-plugin\dummyBookMyShow-main\src\main\java\com\dummy\bookmyshow\controller\CastController.java,com.dummy.bookmyshow.controller.CastController,addCast/1[java.lang.String],responseParser,2
E:\OOD_Projects\ck-mvn-plugin\dummyBookMyShow-main\src\main\java\com\dummy\bookmyshow\controller\CastController.java,com.dummy.bookmyshow.controller.CastController,addCast/1[java.util.List<com.dummy.bookmyshow.entity.Cast>],movieRepo,2
E:\OOD_Projects\ck-mvn-plugin\dummyBookMyShow-main\src\main\java\com\dummy\bookmyshow\controller\CastController.java,com.dummy.bookmyshow.controller.CastController,addCast/1[java.util.List<com.dummy.bookmyshow.entity.Cast>],castRepo,1
E:\OOD_Projects\ck-mvn-plugin\dummyBookMyShow-main\src\main\java\com\dummy\bookmyshow\controller\CastController.java,com.dummy.bookmyshow.controller.CastController,addCast/1[java.util.List<com.dummy.bookmyshow.entity.Cast>],LOGGER,7
E:\OOD_Projects\ck-mvn-plugin\dummyBookMyShow-main\src\main\java\com\dummy\bookmyshow\controller\CastController.java,com.dummy.bookmyshow.controller.CastController,addCast/1[java.util.List<com.dummy.bookmyshow.entity.Cast>],responseParser,3
E:\OOD_Projects\ck-mvn-plugin\dummyBookMyShow-main\src\main\java\com\dummy\bookmyshow\controller\CastController.java,com.dummy.bookmyshow.controller.CastController,validateInput/1[com.dummy.bookmyshow.entity.Cast],movieRepo,1
E:\OOD_Projects\ck-mvn-plugin\dummyBookMyShow-main\src\main\java\com\dummy\bookmyshow\controller\CastController.java,com.dummy.bookmyshow.controller.CastController,validateInput/1[com.dummy.bookmyshow.entity.Cast],LOGGER,1
E:\OOD_Projects\ck-mvn-plugin\dummyBookMyShow-main\src\main\java\com\dummy\bookmyshow\entity\Cast.java,com.dummy.bookmyshow.entity.Cast,getId/0,id,1
E:\OOD_Projects\ck-mvn-plugin\dummyBookMyShow-main\src\main\java\com\dummy\bookmyshow\entity\Cast.java,com.dummy.bookmyshow.entity.Cast,getMovieId/0,movieId,1
E:\OOD_Projects\ck-mvn-plugin\dummyBookMyShow-main\src\main\java\com\dummy\bookmyshow\entity\Cast.java,com.dummy.bookmyshow.entity.Cast,toString/0,characterName,1
E:\OOD_Projects\ck-mvn-plugin\dummyBookMyShow-main\src\main\java\com\dummy\bookmyshow\entity\Cast.java,com.dummy.bookmyshow.entity.Cast,toString/0,movieId,1
E:\OOD_Projects\ck-mvn-plugin\dummyBookMyShow-main\src\main\java\com\dummy\bookmyshow\entity\Cast.java,com.dummy.bookmyshow.entity.Cast,toString/0,id,1
E:\OOD_Projects\ck-mvn-plugin\dummyBookMyShow-main\src\main\java\com\dummy\bookmyshow\entity\Cast.java,com.dummy.bookmyshow.entity.Cast,toString/0,characterOccupation,1
E:\OOD_Projects\ck-mvn-plugin\dummyBookMyShow-main\src\main\java\com\dummy\bookmyshow\entity\Cast.java,com.dummy.bookmyshow.entity.Cast,toString/0,castDetails,1
E:\OOD_Projects\ck-mvn-plugin\dummyBookMyShow-main\src\main\java\com\dummy\bookmyshow\entity\Cast.java,com.dummy.bookmyshow.entity.Cast,setMovieId/1[java.lang.String],movieId,3
E:\OOD_Projects\ck-mvn-plugin\dummyBookMyShow-main\src\main\java\com\dummy\bookmyshow\entity\Cast.java,com.dummy.bookmyshow.entity.Cast,getCharacterOccupation/0,characterOccupation,1
E:\OOD_Projects\ck-mvn-plugin\dummyBookMyShow-main\src\main\java\com\dummy\bookmyshow\entity\Cast.java,com.dummy.bookmyshow.entity.Cast,setId/1[java.lang.Long],id,3
E:\OOD_Projects\ck-mvn-plugin\dummyBookMyShow-main\src\main\java\com\dummy\bookmyshow\entity\Cast.java,com.dummy.bookmyshow.entity.Cast,getCharacterName/0,characterName,1
E:\OOD_Projects\ck-mvn-plugin\dummyBookMyShow-main\src\main\java\com\dummy\bookmyshow\entity\Cast.java,com.dummy.bookmyshow.entity.Cast,getCastDetails/0,castDetails,1
E:\OOD_Projects\ck-mvn-plugin\dummyBookMyShow-main\src\main\java\com\dummy\bookmyshow\entity\Cast.java,com.dummy.bookmyshow.entity.Cast,setCharacterOccupation/1[java.lang.String],characterOccupation,3
E:\OOD_Projects\ck-mvn-plugin\dummyBookMyShow-main\src\main\java\com\dummy\bookmyshow\entity\Cast.java,com.dummy.bookmyshow.entity.Cast,setCastDetails/1[java.lang.String],castDetails,3
E:\OOD_Projects\ck-mvn-plugin\dummyBookMyShow-main\src\main\java\com\dummy\bookmyshow\entity\Cast.java,com.dummy.bookmyshow.entity.Cast,setCharacterName/1[java.lang.String],characterName,3
E:\OOD_Projects\ck-mvn-plugin\dummyBookMyShow-main\src\main\java\com\dummy\bookmyshow\BookmyshowApplication.java,com.dummy.bookmyshow.BookmyshowApplication,initUsers/0,LOGGER,2
E:\OOD_Projects\ck-mvn-plugin\dummyBookMyShow-main\src\main\java\com\dummy\bookmyshow\BookmyshowApplication.java,com.dummy.bookmyshow.BookmyshowApplication,initUsers/0,userRepository,1
E:\OOD_Projects\ck-mvn-plugin\dummyBookMyShow-main\src\main\java\com\dummy\bookmyshow\util\ResponseParser.java,com.dummy.bookmyshow.util.ResponseParser,getDeveloperMessage/0,developerMessage,1
E:\OOD_Projects\ck-mvn-plugin\dummyBookMyShow-main\src\main\java\com\dummy\bookmyshow\util\ResponseParser.java,com.dummy.bookmyshow.util.ResponseParser,toString/0,userMessage,1
E:\OOD_Projects\ck-mvn-plugin\dummyBookMyShow-main\src\main\java\com\dummy\bookmyshow\util\ResponseParser.java,com.dummy.bookmyshow.util.ResponseParser,toString/0,developerMessage,1
E:\OOD_Projects\ck-mvn-plugin\dummyBookMyShow-main\src\main\java\com\dummy\bookmyshow\util\ResponseParser.java,com.dummy.bookmyshow.util.ResponseParser,toString/0,statusCode,1
E:\OOD_Projects\ck-mvn-plugin\dummyBookMyShow-main\src\main\java\com\dummy\bookmyshow\util\ResponseParser.java,com.dummy.bookmyshow.util.ResponseParser,"build/3[int,java.lang.String,java.lang.String]",userMessage,4
E:\OOD_Projects\ck-mvn-plugin\dummyBookMyShow-main\src\main\java\com\dummy\bookmyshow\util\ResponseParser.java,com.dummy.bookmyshow.util.ResponseParser,"build/3[int,java.lang.String,java.lang.String]",developerMessage,4
E:\OOD_Projects\ck-mvn-plugin\dummyBookMyShow-main\src\main\java\com\dummy\bookmyshow\util\ResponseParser.java,com.dummy.bookmyshow.util.ResponseParser,"build/3[int,java.lang.String,java.lang.String]",statusCode,4
E:\OOD_Projects\ck-mvn-plugin\dummyBookMyShow-main\src\main\java\com\dummy\bookmyshow\util\ResponseParser.java,com.dummy.bookmyshow.util.ResponseParser,getStatusCode/0,statusCode,1
E:\OOD_Projects\ck-mvn-plugin\dummyBookMyShow-main\src\main\java\com\dummy\bookmyshow\util\ResponseParser.java,com.dummy.bookmyshow.util.ResponseParser,getUserMessage/0,userMessage,1
E:\OOD_Projects\ck-mvn-plugin\dummyBookMyShow-main\src\main\java\com\dummy\bookmyshow\util\ResponseParser.java,com.dummy.bookmyshow.util.ResponseParser,setUserMessage/1[java.lang.String],userMessage,3
E:\OOD_Projects\ck-mvn-plugin\dummyBookMyShow-main\src\main\java\com\dummy\bookmyshow\util\ResponseParser.java,com.dummy.bookmyshow.util.ResponseParser,setStatusCode/1[int],statusCode,3
E:\OOD_Projects\ck-mvn-plugin\dummyBookMyShow-main\src\main\java\com\dummy\bookmyshow\util\ResponseParser.java,com.dummy.bookmyshow.util.ResponseParser,setDeveloperMessage/1[java.lang.String],developerMessage,3
E:\OOD_Projects\ck-mvn-plugin\dummyBookMyShow-main\src\main\java\com\dummy\bookmyshow\entity\Movie.java,com.dummy.bookmyshow.entity.Movie,setType/1[java.lang.String],type,3
E:\OOD_Projects\ck-mvn-plugin\dummyBookMyShow-main\src\main\java\com\dummy\bookmyshow\entity\Movie.java,com.dummy.bookmyshow.entity.Movie,setReleaseYear/1[java.lang.String],releaseYear,3
E:\OOD_Projects\ck-mvn-plugin\dummyBookMyShow-main\src\main\java\com\dummy\bookmyshow\entity\Movie.java,com.dummy.bookmyshow.entity.Movie,setUpdatedOn/1[java.time.LocalDateTime],updatedOn,3
E:\OOD_Projects\ck-mvn-plugin\dummyBookMyShow-main\src\main\java\com\dummy\bookmyshow\entity\Movie.java,com.dummy.bookmyshow.entity.Movie,setRating/1[java.lang.String],rating,3
E:\OOD_Projects\ck-mvn-plugin\dummyBookMyShow-main\src\main\java\com\dummy\bookmyshow\entity\Movie.java,com.dummy.bookmyshow.entity.Movie,getCreatedOn/0,createdOn,1
E:\OOD_Projects\ck-mvn-plugin\dummyBookMyShow-main\src\main\java\com\dummy\bookmyshow\entity\Movie.java,com.dummy.bookmyshow.entity.Movie,getActiveDateEnd/0,activeDateEnd,1
E:\OOD_Projects\ck-mvn-plugin\dummyBookMyShow-main\src\main\java\com\dummy\bookmyshow\entity\Movie.java,com.dummy.bookmyshow.entity.Movie,getType/0,type,1
E:\OOD_Projects\ck-mvn-plugin\dummyBookMyShow-main\src\main\java\com\dummy\bookmyshow\entity\Movie.java,com.dummy.bookmyshow.entity.Movie,getPlot/0,plot,1
E:\OOD_Projects\ck-mvn-plugin\dummyBookMyShow-main\src\main\java\com\dummy\bookmyshow\entity\Movie.java,com.dummy.bookmyshow.entity.Movie,getCastId/0,castId,1
E:\OOD_Projects\ck-mvn-plugin\dummyBookMyShow-main\src\main\java\com\dummy\bookmyshow\entity\Movie.java,com.dummy.bookmyshow.entity.Movie,setDuration/1[java.lang.String],duration,3
E:\OOD_Projects\ck-mvn-plugin\dummyBookMyShow-main\src\main\java\com\dummy\bookmyshow\entity\Movie.java,com.dummy.bookmyshow.entity.Movie,getTrailerUrl/0,trailerUrl,1
E:\OOD_Projects\ck-mvn-plugin\dummyBookMyShow-main\src\main\java\com\dummy\bookmyshow\entity\Movie.java,com.dummy.bookmyshow.entity.Movie,setLanguage/1[com.dummy.bookmyshow.enums.Language],language,3
E:\OOD_Projects\ck-mvn-plugin\dummyBookMyShow-main\src\main\java\com\dummy\bookmyshow\entity\Movie.java,com.dummy.bookmyshow.entity.Movie,setActiveDateStart/1[java.time.LocalDateTime],activeDateStart,3
E:\OOD_Projects\ck-mvn-plugin\dummyBookMyShow-main\src\main\java\com\dummy\bookmyshow\entity\Movie.java,com.dummy.bookmyshow.entity.Movie,getUpdatedOn/0,updatedOn,1
E:\OOD_Projects\ck-mvn-plugin\dummyBookMyShow-main\src\main\java\com\dummy\bookmyshow\entity\Movie.java,com.dummy.bookmyshow.entity.Movie,setDirector/1[java.lang.String],director,3
E:\OOD_Projects\ck-mvn-plugin\dummyBookMyShow-main\src\main\java\com\dummy\bookmyshow\entity\Movie.java,com.dummy.bookmyshow.entity.Movie,setActiveDateEnd/1[java.time.LocalDateTime],activeDateEnd,3
E:\OOD_Projects\ck-mvn-plugin\dummyBookMyShow-main\src\main\java\com\dummy\bookmyshow\entity\Movie.java,com.dummy.bookmyshow.entity.Movie,getLanguage/0,language,1
E:\OOD_Projects\ck-mvn-plugin\dummyBookMyShow-main\src\main\java\com\dummy\bookmyshow\entity\Movie.java,com.dummy.bookmyshow.entity.Movie,toString/0,theaterId,1
E:\OOD_Projects\ck-mvn-plugin\dummyBookMyShow-main\src\main\java\com\dummy\bookmyshow\entity\Movie.java,com.dummy.bookmyshow.entity.Movie,toString/0,castId,1
E:\OOD_Projects\ck-mvn-plugin\dummyBookMyShow-main\src\main\java\com\dummy\bookmyshow\entity\Movie.java,com.dummy.bookmyshow.entity.Movie,toString/0,director,1
E:\OOD_Projects\ck-mvn-plugin\dummyBookMyShow-main\src\main\java\com\dummy\bookmyshow\entity\Movie.java,com.dummy.bookmyshow.entity.Movie,toString/0,rating,1
E:\OOD_Projects\ck-mvn-plugin\dummyBookMyShow-main\src\main\java\com\dummy\bookmyshow\entity\Movie.java,com.dummy.bookmyshow.entity.Movie,toString/0,movieId,1
E:\OOD_Projects\ck-mvn-plugin\dummyBookMyShow-main\src\main\java\com\dummy\bookmyshow\entity\Movie.java,com.dummy.bookmyshow.entity.Movie,toString/0,language,1
E:\OOD_Projects\ck-mvn-plugin\dummyBookMyShow-main\src\main\java\com\dummy\bookmyshow\entity\Movie.java,com.dummy.bookmyshow.entity.Movie,toString/0,updatedOn,1
E:\OOD_Projects\ck-mvn-plugin\dummyBookMyShow-main\src\main\java\com\dummy\bookmyshow\entity\Movie.java,com.dummy.bookmyshow.entity.Movie,toString/0,type,1
E:\OOD_Projects\ck-mvn-plugin\dummyBookMyShow-main\src\main\java\com\dummy\bookmyshow\entity\Movie.java,com.dummy.bookmyshow.entity.Movie,toString/0,trailerUrl,1
E:\OOD_Projects\ck-mvn-plugin\dummyBookMyShow-main\src\main\java\com\dummy\bookmyshow\entity\Movie.java,com.dummy.bookmyshow.entity.Movie,toString/0,createdOn,1
E:\OOD_Projects\ck-mvn-plugin\dummyBookMyShow-main\src\main\java\com\dummy\bookmyshow\entity\Movie.java,com.dummy.bookmyshow.entity.Movie,toString/0,duration,1
E:\OOD_Projects\ck-mvn-plugin\dummyBookMyShow-main\src\main\java\com\dummy\bookmyshow\entity\Movie.java,com.dummy.bookmyshow.entity.Movie,toString/0,deleted,1
E:\OOD_Projects\ck-mvn-plugin\dummyBookMyShow-main\src\main\java\com\dummy\bookmyshow\entity\Movie.java,com.dummy.bookmyshow.entity.Movie,toString/0,posterUrl,1
E:\OOD_Projects\ck-mvn-plugin\dummyBookMyShow-main\src\main\java\com\dummy\bookmyshow\entity\Movie.java,com.dummy.bookmyshow.entity.Movie,toString/0,activeDateStart,1
E:\OOD_Projects\ck-mvn-plugin\dummyBookMyShow-main\src\main\java\com\dummy\bookmyshow\entity\Movie.java,com.dummy.bookmyshow.entity.Movie,toString/0,plot,1
E:\OOD_Projects\ck-mvn-plugin\dummyBookMyShow-main\src\main\java\com\dummy\bookmyshow\entity\Movie.java,com.dummy.bookmyshow.entity.Movie,toString/0,name,1
E:\OOD_Projects\ck-mvn-plugin\dummyBookMyShow-main\src\main\java\com\dummy\bookmyshow\entity\Movie.java,com.dummy.bookmyshow.entity.Movie,toString/0,releaseYear,1
E:\OOD_Projects\ck-mvn-plugin\dummyBookMyShow-main\src\main\java\com\dummy\bookmyshow\entity\Movie.java,com.dummy.bookmyshow.entity.Movie,toString/0,activeDateEnd,1
E:\OOD_Projects\ck-mvn-plugin\dummyBookMyShow-main\src\main\java\com\dummy\bookmyshow\entity\Movie.java,com.dummy.bookmyshow.entity.Movie,setCastId/1[java.lang.String],castId,3
E:\OOD_Projects\ck-mvn-plugin\dummyBookMyShow-main\src\main\java\com\dummy\bookmyshow\entity\Movie.java,com.dummy.bookmyshow.entity.Movie,setPlot/1[java.lang.String],plot,3
E:\OOD_Projects\ck-mvn-plugin\dummyBookMyShow-main\src\main\java\com\dummy\bookmyshow\entity\Movie.java,com.dummy.bookmyshow.entity.Movie,setTheaterId/1[java.lang.String],theaterId,3
E:\OOD_Projects\ck-mvn-plugin\dummyBookMyShow-main\src\main\java\com\dummy\bookmyshow\entity\Movie.java,com.dummy.bookmyshow.entity.Movie,setCreatedOn/1[java.time.LocalDateTime],createdOn,3
E:\OOD_Projects\ck-mvn-plugin\dummyBookMyShow-main\src\main\java\com\dummy\bookmyshow\entity\Movie.java,com.dummy.bookmyshow.entity.Movie,setDeleted/1[java.time.LocalDateTime],deleted,3
E:\OOD_Projects\ck-mvn-plugin\dummyBookMyShow-main\src\main\java\com\dummy\bookmyshow\entity\Movie.java,com.dummy.bookmyshow.entity.Movie,getActiveDateStart/0,activeDateStart,1
E:\OOD_Projects\ck-mvn-plugin\dummyBookMyShow-main\src\main\java\com\dummy\bookmyshow\entity\Movie.java,com.dummy.bookmyshow.entity.Movie,getName/0,name,1
E:\OOD_Projects\ck-mvn-plugin\dummyBookMyShow-main\src\main\java\com\dummy\bookmyshow\entity\Movie.java,com.dummy.bookmyshow.entity.Movie,setName/1[java.lang.String],name,3
E:\OOD_Projects\ck-mvn-plugin\dummyBookMyShow-main\src\main\java\com\dummy\bookmyshow\entity\Movie.java,com.dummy.bookmyshow.entity.Movie,setPosterUrl/1[java.lang.String],posterUrl,3
E:\OOD_Projects\ck-mvn-plugin\dummyBookMyShow-main\src\main\java\com\dummy\bookmyshow\entity\Movie.java,com.dummy.bookmyshow.entity.Movie,getPosterUrl/0,posterUrl,1
E:\OOD_Projects\ck-mvn-plugin\dummyBookMyShow-main\src\main\java\com\dummy\bookmyshow\entity\Movie.java,com.dummy.bookmyshow.entity.Movie,getDirector/0,director,1
E:\OOD_Projects\ck-mvn-plugin\dummyBookMyShow-main\src\main\java\com\dummy\bookmyshow\entity\Movie.java,com.dummy.bookmyshow.entity.Movie,getReleaseYear/0,releaseYear,1
E:\OOD_Projects\ck-mvn-plugin\dummyBookMyShow-main\src\main\java\com\dummy\bookmyshow\entity\Movie.java,com.dummy.bookmyshow.entity.Movie,getMovieId/0,movieId,1
E:\OOD_Projects\ck-mvn-plugin\dummyBookMyShow-main\src\main\java\com\dummy\bookmyshow\entity\Movie.java,com.dummy.bookmyshow.entity.Movie,getRating/0,rating,1
E:\OOD_Projects\ck-mvn-plugin\dummyBookMyShow-main\src\main\java\com\dummy\bookmyshow\entity\Movie.java,com.dummy.bookmyshow.entity.Movie,setTrailerUrl/1[java.lang.String],trailerUrl,3
E:\OOD_Projects\ck-mvn-plugin\dummyBookMyShow-main\src\main\java\com\dummy\bookmyshow\entity\Movie.java,com.dummy.bookmyshow.entity.Movie,setMovieId/1[java.lang.String],movieId,3
E:\OOD_Projects\ck-mvn-plugin\dummyBookMyShow-main\src\main\java\com\dummy\bookmyshow\entity\Movie.java,com.dummy.bookmyshow.entity.Movie,getTheaterId/0,theaterId,1
E:\OOD_Projects\ck-mvn-plugin\dummyBookMyShow-main\src\main\java\com\dummy\bookmyshow\entity\Movie.java,com.dummy.bookmyshow.entity.Movie,getDuration/0,duration,1
E:\OOD_Projects\ck-mvn-plugin\dummyBookMyShow-main\src\main\java\com\dummy\bookmyshow\entity\Movie.java,com.dummy.bookmyshow.entity.Movie,getDeleted/0,deleted,1
E:\OOD_Projects\ck-mvn-plugin\dummyBookMyShow-main\src\main\java\com\dummy\bookmyshow\entity\User.java,com.dummy.bookmyshow.entity.User,setLastName/1[java.lang.String],lastName,3
E:\OOD_Projects\ck-mvn-plugin\dummyBookMyShow-main\src\main\java\com\dummy\bookmyshow\entity\User.java,com.dummy.bookmyshow.entity.User,setUserType/1[com.dummy.bookmyshow.enums.UserType],userType,3
E:\OOD_Projects\ck-mvn-plugin\dummyBookMyShow-main\src\main\java\com\dummy\bookmyshow\entity\User.java,com.dummy.bookmyshow.entity.User,getUserName/0,userName,1
E:\OOD_Projects\ck-mvn-plugin\dummyBookMyShow-main\src\main\java\com\dummy\bookmyshow\entity\User.java,com.dummy.bookmyshow.entity.User,getAuthentication/0,authentication,1
E:\OOD_Projects\ck-mvn-plugin\dummyBookMyShow-main\src\main\java\com\dummy\bookmyshow\entity\User.java,com.dummy.bookmyshow.entity.User,getUserType/0,userType,1
E:\OOD_Projects\ck-mvn-plugin\dummyBookMyShow-main\src\main\java\com\dummy\bookmyshow\entity\User.java,com.dummy.bookmyshow.entity.User,getUpdatedOn/0,updatedOn,1
E:\OOD_Projects\ck-mvn-plugin\dummyBookMyShow-main\src\main\java\com\dummy\bookmyshow\entity\User.java,com.dummy.bookmyshow.entity.User,toString/0,firstName,1
E:\OOD_Projects\ck-mvn-plugin\dummyBookMyShow-main\src\main\java\com\dummy\bookmyshow\entity\User.java,com.dummy.bookmyshow.entity.User,toString/0,lastName,1
E:\OOD_Projects\ck-mvn-plugin\dummyBookMyShow-main\src\main\java\com\dummy\bookmyshow\entity\User.java,com.dummy.bookmyshow.entity.User,toString/0,deleted,1
E:\OOD_Projects\ck-mvn-plugin\dummyBookMyShow-main\src\main\java\com\dummy\bookmyshow\entity\User.java,com.dummy.bookmyshow.entity.User,toString/0,mobileNumber,1
E:\OOD_Projects\ck-mvn-plugin\dummyBookMyShow-main\src\main\java\com\dummy\bookmyshow\entity\User.java,com.dummy.bookmyshow.entity.User,toString/0,userType,1
E:\OOD_Projects\ck-mvn-plugin\dummyBookMyShow-main\src\main\java\com\dummy\bookmyshow\entity\User.java,com.dummy.bookmyshow.entity.User,toString/0,updatedOn,1
E:\OOD_Projects\ck-mvn-plugin\dummyBookMyShow-main\src\main\java\com\dummy\bookmyshow\entity\User.java,com.dummy.bookmyshow.entity.User,toString/0,userName,1
E:\OOD_Projects\ck-mvn-plugin\dummyBookMyShow-main\src\main\java\com\dummy\bookmyshow\entity\User.java,com.dummy.bookmyshow.entity.User,toString/0,createdOn,1
E:\OOD_Projects\ck-mvn-plugin\dummyBookMyShow-main\src\main\java\com\dummy\bookmyshow\entity\User.java,com.dummy.bookmyshow.entity.User,toString/0,email,1
E:\OOD_Projects\ck-mvn-plugin\dummyBookMyShow-main\src\main\java\com\dummy\bookmyshow\entity\User.java,com.dummy.bookmyshow.entity.User,toString/0,authentication,1
E:\OOD_Projects\ck-mvn-plugin\dummyBookMyShow-main\src\main\java\com\dummy\bookmyshow\entity\User.java,com.dummy.bookmyshow.entity.User,getFirstName/0,firstName,1
E:\OOD_Projects\ck-mvn-plugin\dummyBookMyShow-main\src\main\java\com\dummy\bookmyshow\entity\User.java,com.dummy.bookmyshow.entity.User,setAuthentication/1[java.lang.String],authentication,3
E:\OOD_Projects\ck-mvn-plugin\dummyBookMyShow-main\src\main\java\com\dummy\bookmyshow\entity\User.java,com.dummy.bookmyshow.entity.User,getEmail/0,email,1
E:\OOD_Projects\ck-mvn-plugin\dummyBookMyShow-main\src\main\java\com\dummy\bookmyshow\entity\User.java,com.dummy.bookmyshow.entity.User,setFirstName/1[java.lang.String],firstName,3
E:\OOD_Projects\ck-mvn-plugin\dummyBookMyShow-main\src\main\java\com\dummy\bookmyshow\entity\User.java,com.dummy.bookmyshow.entity.User,getDeleted/0,deleted,1
E:\OOD_Projects\ck-mvn-plugin\dummyBookMyShow-main\src\main\java\com\dummy\bookmyshow\entity\User.java,com.dummy.bookmyshow.entity.User,setCreatedOn/1[java.time.LocalDateTime],createdOn,3
E:\OOD_Projects\ck-mvn-plugin\dummyBookMyShow-main\src\main\java\com\dummy\bookmyshow\entity\User.java,com.dummy.bookmyshow.entity.User,getMobileNumber/0,mobileNumber,1
E:\OOD_Projects\ck-mvn-plugin\dummyBookMyShow-main\src\main\java\com\dummy\bookmyshow\entity\User.java,com.dummy.bookmyshow.entity.User,setEmail/1[java.lang.String],email,3
E:\OOD_Projects\ck-mvn-plugin\dummyBookMyShow-main\src\main\java\com\dummy\bookmyshow\entity\User.java,com.dummy.bookmyshow.entity.User,setUpdatedOn/1[java.time.LocalDateTime],updatedOn,3
E:\OOD_Projects\ck-mvn-plugin\dummyBookMyShow-main\src\main\java\com\dummy\bookmyshow\entity\User.java,com.dummy.bookmyshow.entity.User,getCreatedOn/0,createdOn,1
E:\OOD_Projects\ck-mvn-plugin\dummyBookMyShow-main\src\main\java\com\dummy\bookmyshow\entity\User.java,com.dummy.bookmyshow.entity.User,getLastName/0,lastName,1
E:\OOD_Projects\ck-mvn-plugin\dummyBookMyShow-main\src\main\java\com\dummy\bookmyshow\entity\User.java,com.dummy.bookmyshow.entity.User,setMobileNumber/1[java.lang.String],mobileNumber,3
E:\OOD_Projects\ck-mvn-plugin\dummyBookMyShow-main\src\main\java\com\dummy\bookmyshow\entity\User.java,com.dummy.bookmyshow.entity.User,setDeleted/1[java.time.LocalDateTime],deleted,3
E:\OOD_Projects\ck-mvn-plugin\dummyBookMyShow-main\src\main\java\com\dummy\bookmyshow\entity\User.java,com.dummy.bookmyshow.entity.User,setUserName/1[java.lang.String],userName,3
E:\OOD_Projects\ck-mvn-plugin\dummyBookMyShow-main\src\main\java\com\dummy\bookmyshow\controller\UserController.java,com.dummy.bookmyshow.controller.UserController,validateInput/1[com.dummy.bookmyshow.entity.User],VALID_EMAIL_ADDRESS_REGEX,1
E:\OOD_Projects\ck-mvn-plugin\dummyBookMyShow-main\src\main\java\com\dummy\bookmyshow\controller\UserController.java,com.dummy.bookmyshow.controller.UserController,validateInput/1[com.dummy.bookmyshow.entity.User],LOGGER,3
E:\OOD_Projects\ck-mvn-plugin\dummyBookMyShow-main\src\main\java\com\dummy\bookmyshow\controller\UserController.java,com.dummy.bookmyshow.controller.UserController,getUserDetails/1[java.lang.String],userReposiitory,1
E:\OOD_Projects\ck-mvn-plugin\dummyBookMyShow-main\src\main\java\com\dummy\bookmyshow\controller\UserController.java,com.dummy.bookmyshow.controller.UserController,getUserDetails/1[java.lang.String],LOGGER,4
E:\OOD_Projects\ck-mvn-plugin\dummyBookMyShow-main\src\main\java\com\dummy\bookmyshow\controller\UserController.java,com.dummy.bookmyshow.controller.UserController,getUserDetails/1[java.lang.String],responseParser,1
E:\OOD_Projects\ck-mvn-plugin\dummyBookMyShow-main\src\main\java\com\dummy\bookmyshow\controller\UserController.java,com.dummy.bookmyshow.controller.UserController,getToken/1[com.dummy.bookmyshow.security.AuthRequest],authenticationManager,1
E:\OOD_Projects\ck-mvn-plugin\dummyBookMyShow-main\src\main\java\com\dummy\bookmyshow\controller\UserController.java,com.dummy.bookmyshow.controller.UserController,getToken/1[com.dummy.bookmyshow.security.AuthRequest],jwtUtils,1
E:\OOD_Projects\ck-mvn-plugin\dummyBookMyShow-main\src\main\java\com\dummy\bookmyshow\controller\UserController.java,com.dummy.bookmyshow.controller.UserController,getToken/1[com.dummy.bookmyshow.security.AuthRequest],LOGGER,4
E:\OOD_Projects\ck-mvn-plugin\dummyBookMyShow-main\src\main\java\com\dummy\bookmyshow\controller\UserController.java,com.dummy.bookmyshow.controller.UserController,addUser/1[com.dummy.bookmyshow.entity.User],userReposiitory,1
E:\OOD_Projects\ck-mvn-plugin\dummyBookMyShow-main\src\main\java\com\dummy\bookmyshow\controller\UserController.java,com.dummy.bookmyshow.controller.UserController,addUser/1[com.dummy.bookmyshow.entity.User],LOGGER,5
E:\OOD_Projects\ck-mvn-plugin\dummyBookMyShow-main\src\main\java\com\dummy\bookmyshow\controller\UserController.java,com.dummy.bookmyshow.controller.UserController,addUser/1[com.dummy.bookmyshow.entity.User],responseParser,3
E:\OOD_Projects\ck-mvn-plugin\dummyBookMyShow-main\src\main\java\com\dummy\bookmyshow\entity\Offer.java,com.dummy.bookmyshow.entity.Offer,getValidStart/0,validStart,1
E:\OOD_Projects\ck-mvn-plugin\dummyBookMyShow-main\src\main\java\com\dummy\bookmyshow\entity\Offer.java,com.dummy.bookmyshow.entity.Offer,setValidEnd/1[java.time.LocalDateTime],validEnd,3
E:\OOD_Projects\ck-mvn-plugin\dummyBookMyShow-main\src\main\java\com\dummy\bookmyshow\entity\Offer.java,com.dummy.bookmyshow.entity.Offer,setCode/1[java.lang.String],code,3
E:\OOD_Projects\ck-mvn-plugin\dummyBookMyShow-main\src\main\java\com\dummy\bookmyshow\entity\Offer.java,com.dummy.bookmyshow.entity.Offer,getValidEnd/0,validEnd,1
E:\OOD_Projects\ck-mvn-plugin\dummyBookMyShow-main\src\main\java\com\dummy\bookmyshow\entity\Offer.java,com.dummy.bookmyshow.entity.Offer,getAmountLess/0,amountLess,1
E:\OOD_Projects\ck-mvn-plugin\dummyBookMyShow-main\src\main\java\com\dummy\bookmyshow\entity\Offer.java,com.dummy.bookmyshow.entity.Offer,setAmountLess/1[int],amountLess,3
E:\OOD_Projects\ck-mvn-plugin\dummyBookMyShow-main\src\main\java\com\dummy\bookmyshow\entity\Offer.java,com.dummy.bookmyshow.entity.Offer,getUpdatedOn/0,updatedOn,1
E:\OOD_Projects\ck-mvn-plugin\dummyBookMyShow-main\src\main\java\com\dummy\bookmyshow\entity\Offer.java,com.dummy.bookmyshow.entity.Offer,getCode/0,code,1
E:\OOD_Projects\ck-mvn-plugin\dummyBookMyShow-main\src\main\java\com\dummy\bookmyshow\entity\Offer.java,com.dummy.bookmyshow.entity.Offer,getDescription/0,description,1
E:\OOD_Projects\ck-mvn-plugin\dummyBookMyShow-main\src\main\java\com\dummy\bookmyshow\entity\Offer.java,com.dummy.bookmyshow.entity.Offer,setUpdatedOn/1[java.time.LocalDateTime],updatedOn,3
E:\OOD_Projects\ck-mvn-plugin\dummyBookMyShow-main\src\main\java\com\dummy\bookmyshow\entity\Offer.java,com.dummy.bookmyshow.entity.Offer,getDeleted/0,deleted,1
E:\OOD_Projects\ck-mvn-plugin\dummyBookMyShow-main\src\main\java\com\dummy\bookmyshow\entity\Offer.java,com.dummy.bookmyshow.entity.Offer,getCreatedOn/0,createdOn,1
E:\OOD_Projects\ck-mvn-plugin\dummyBookMyShow-main\src\main\java\com\dummy\bookmyshow\entity\Offer.java,com.dummy.bookmyshow.entity.Offer,setValidStart/1[java.time.LocalDateTime],validStart,3
E:\OOD_Projects\ck-mvn-plugin\dummyBookMyShow-main\src\main\java\com\dummy\bookmyshow\entity\Offer.java,com.dummy.bookmyshow.entity.Offer,setDescription/1[java.lang.String],description,3
E:\OOD_Projects\ck-mvn-plugin\dummyBookMyShow-main\src\main\java\com\dummy\bookmyshow\entity\Offer.java,com.dummy.bookmyshow.entity.Offer,setDeleted/1[java.time.LocalDateTime],deleted,3
E:\OOD_Projects\ck-mvn-plugin\dummyBookMyShow-main\src\main\java\com\dummy\bookmyshow\entity\Offer.java,com.dummy.bookmyshow.entity.Offer,toString/0,code,1
E:\OOD_Projects\ck-mvn-plugin\dummyBookMyShow-main\src\main\java\com\dummy\bookmyshow\entity\Offer.java,com.dummy.bookmyshow.entity.Offer,toString/0,deleted,1
E:\OOD_Projects\ck-mvn-plugin\dummyBookMyShow-main\src\main\java\com\dummy\bookmyshow\entity\Offer.java,com.dummy.bookmyshow.entity.Offer,toString/0,validStart,1
E:\OOD_Projects\ck-mvn-plugin\dummyBookMyShow-main\src\main\java\com\dummy\bookmyshow\entity\Offer.java,com.dummy.bookmyshow.entity.Offer,toString/0,validEnd,1
E:\OOD_Projects\ck-mvn-plugin\dummyBookMyShow-main\src\main\java\com\dummy\bookmyshow\entity\Offer.java,com.dummy.bookmyshow.entity.Offer,toString/0,description,1
E:\OOD_Projects\ck-mvn-plugin\dummyBookMyShow-main\src\main\java\com\dummy\bookmyshow\entity\Offer.java,com.dummy.bookmyshow.entity.Offer,toString/0,id,1
E:\OOD_Projects\ck-mvn-plugin\dummyBookMyShow-main\src\main\java\com\dummy\bookmyshow\entity\Offer.java,com.dummy.bookmyshow.entity.Offer,toString/0,updatedOn,1
E:\OOD_Projects\ck-mvn-plugin\dummyBookMyShow-main\src\main\java\com\dummy\bookmyshow\entity\Offer.java,com.dummy.bookmyshow.entity.Offer,toString/0,createdOn,1
E:\OOD_Projects\ck-mvn-plugin\dummyBookMyShow-main\src\main\java\com\dummy\bookmyshow\entity\Offer.java,com.dummy.bookmyshow.entity.Offer,toString/0,amountLess,1
E:\OOD_Projects\ck-mvn-plugin\dummyBookMyShow-main\src\main\java\com\dummy\bookmyshow\entity\Offer.java,com.dummy.bookmyshow.entity.Offer,setId/1[java.lang.Long],id,3
E:\OOD_Projects\ck-mvn-plugin\dummyBookMyShow-main\src\main\java\com\dummy\bookmyshow\entity\Offer.java,com.dummy.bookmyshow.entity.Offer,getId/0,id,1
E:\OOD_Projects\ck-mvn-plugin\dummyBookMyShow-main\src\main\java\com\dummy\bookmyshow\entity\Offer.java,com.dummy.bookmyshow.entity.Offer,setCreatedOn/1[java.time.LocalDateTime],createdOn,3
E:\OOD_Projects\ck-mvn-plugin\dummyBookMyShow-main\.mvn\wrapper\MavenWrapperDownloader.java,MavenWrapperDownloader,main/1[java.lang.String[]],DEFAULT_DOWNLOAD_URL,1
E:\OOD_Projects\ck-mvn-plugin\dummyBookMyShow-main\.mvn\wrapper\MavenWrapperDownloader.java,MavenWrapperDownloader,main/1[java.lang.String[]],MAVEN_WRAPPER_JAR_PATH,1
E:\OOD_Projects\ck-mvn-plugin\dummyBookMyShow-main\.mvn\wrapper\MavenWrapperDownloader.java,MavenWrapperDownloader,main/1[java.lang.String[]],PROPERTY_NAME_WRAPPER_URL,1
E:\OOD_Projects\ck-mvn-plugin\dummyBookMyShow-main\.mvn\wrapper\MavenWrapperDownloader.java,MavenWrapperDownloader,main/1[java.lang.String[]],MAVEN_WRAPPER_PROPERTIES_PATH,2
E:\OOD_Projects\ck-mvn-plugin\dummyBookMyShow-main\src\main\java\com\dummy\bookmyshow\entity\Screen.java,com.dummy.bookmyshow.entity.Screen,setEndsAt/1[java.lang.String],endsAt,3
E:\OOD_Projects\ck-mvn-plugin\dummyBookMyShow-main\src\main\java\com\dummy\bookmyshow\entity\Screen.java,com.dummy.bookmyshow.entity.Screen,setScreenDetails/1[com.dummy.bookmyshow.entity.ScreenPk],screenDetails,3
E:\OOD_Projects\ck-mvn-plugin\dummyBookMyShow-main\src\main\java\com\dummy\bookmyshow\entity\Screen.java,com.dummy.bookmyshow.entity.Screen,getScreenDetails/0,screenDetails,1
E:\OOD_Projects\ck-mvn-plugin\dummyBookMyShow-main\src\main\java\com\dummy\bookmyshow\entity\Screen.java,com.dummy.bookmyshow.entity.Screen,getEndsAt/0,endsAt,1
E:\OOD_Projects\ck-mvn-plugin\dummyBookMyShow-main\src\main\java\com\dummy\bookmyshow\entity\Screen.java,com.dummy.bookmyshow.entity.Screen,toString/0,screenDetails,1
E:\OOD_Projects\ck-mvn-plugin\dummyBookMyShow-main\src\main\java\com\dummy\bookmyshow\entity\Screen.java,com.dummy.bookmyshow.entity.Screen,toString/0,endsAt,1
E:\OOD_Projects\ck-mvn-plugin\dummyBookMyShow-main\src\main\java\com\dummy\bookmyshow\entity\Theater.java,com.dummy.bookmyshow.entity.Theater,getCountry/0,country,1
E:\OOD_Projects\ck-mvn-plugin\dummyBookMyShow-main\src\main\java\com\dummy\bookmyshow\entity\Theater.java,com.dummy.bookmyshow.entity.Theater,getUpdatedOn/0,updatedOn,1
E:\OOD_Projects\ck-mvn-plugin\dummyBookMyShow-main\src\main\java\com\dummy\bookmyshow\entity\Theater.java,com.dummy.bookmyshow.entity.Theater,setAddress/1[java.lang.String],address,3
E:\OOD_Projects\ck-mvn-plugin\dummyBookMyShow-main\src\main\java\com\dummy\bookmyshow\entity\Theater.java,com.dummy.bookmyshow.entity.Theater,getName/0,name,1
E:\OOD_Projects\ck-mvn-plugin\dummyBookMyShow-main\src\main\java\com\dummy\bookmyshow\entity\Theater.java,com.dummy.bookmyshow.entity.Theater,"Theater/7[java.lang.String,java.lang.String,java.lang.String,java.lang.String,java.lang.String,java.lang.String,java.lang.String]",country,3
E:\OOD_Projects\ck-mvn-plugin\dummyBookMyShow-main\src\main\java\com\dummy\bookmyshow\entity\Theater.java,com.dummy.bookmyshow.entity.Theater,"Theater/7[java.lang.String,java.lang.String,java.lang.String,java.lang.String,java.lang.String,java.lang.String,java.lang.String]",address,3
E:\OOD_Projects\ck-mvn-plugin\dummyBookMyShow-main\src\main\java\com\dummy\bookmyshow\entity\Theater.java,com.dummy.bookmyshow.entity.Theater,"Theater/7[java.lang.String,java.lang.String,java.lang.String,java.lang.String,java.lang.String,java.lang.String,java.lang.String]",languages,3
E:\OOD_Projects\ck-mvn-plugin\dummyBookMyShow-main\src\main\java\com\dummy\bookmyshow\entity\Theater.java,com.dummy.bookmyshow.entity.Theater,"Theater/7[java.lang.String,java.lang.String,java.lang.String,java.lang.String,java.lang.String,java.lang.String,java.lang.String]",city,3
E:\OOD_Projects\ck-mvn-plugin\dummyBookMyShow-main\src\main\java\com\dummy\bookmyshow\entity\Theater.java,com.dummy.bookmyshow.entity.Theater,"Theater/7[java.lang.String,java.lang.String,java.lang.String,java.lang.String,java.lang.String,java.lang.String,java.lang.String]",theaterId,3
E:\OOD_Projects\ck-mvn-plugin\dummyBookMyShow-main\src\main\java\com\dummy\bookmyshow\entity\Theater.java,com.dummy.bookmyshow.entity.Theater,"Theater/7[java.lang.String,java.lang.String,java.lang.String,java.lang.String,java.lang.String,java.lang.String,java.lang.String]",name,3
E:\OOD_Projects\ck-mvn-plugin\dummyBookMyShow-main\src\main\java\com\dummy\bookmyshow\entity\Theater.java,com.dummy.bookmyshow.entity.Theater,"Theater/7[java.lang.String,java.lang.String,java.lang.String,java.lang.String,java.lang.String,java.lang.String,java.lang.String]",userName,3
E:\OOD_Projects\ck-mvn-plugin\dummyBookMyShow-main\src\main\java\com\dummy\bookmyshow\entity\Theater.java,com.dummy.bookmyshow.entity.Theater,getTheaterId/0,theaterId,1
E:\OOD_Projects\ck-mvn-plugin\dummyBookMyShow-main\src\main\java\com\dummy\bookmyshow\entity\Theater.java,com.dummy.bookmyshow.entity.Theater,getCity/0,city,1
E:\OOD_Projects\ck-mvn-plugin\dummyBookMyShow-main\src\main\java\com\dummy\bookmyshow\entity\Theater.java,com.dummy.bookmyshow.entity.Theater,setCity/1[java.lang.String],city,3
E:\OOD_Projects\ck-mvn-plugin\dummyBookMyShow-main\src\main\java\com\dummy\bookmyshow\entity\Theater.java,com.dummy.bookmyshow.entity.Theater,toString/0,country,1
E:\OOD_Projects\ck-mvn-plugin\dummyBookMyShow-main\src\main\java\com\dummy\bookmyshow\entity\Theater.java,com.dummy.bookmyshow.entity.Theater,toString/0,address,1
E:\OOD_Projects\ck-mvn-plugin\dummyBookMyShow-main\src\main\java\com\dummy\bookmyshow\entity\Theater.java,com.dummy.bookmyshow.entity.Theater,toString/0,deleted,1
E:\OOD_Projects\ck-mvn-plugin\dummyBookMyShow-main\src\main\java\com\dummy\bookmyshow\entity\Theater.java,com.dummy.bookmyshow.entity.Theater,toString/0,languages,1
E:\OOD_Projects\ck-mvn-plugin\dummyBookMyShow-main\src\main\java\com\dummy\bookmyshow\entity\Theater.java,com.dummy.bookmyshow.entity.Theater,toString/0,city,1
E:\OOD_Projects\ck-mvn-plugin\dummyBookMyShow-main\src\main\java\com\dummy\bookmyshow\entity\Theater.java,com.dummy.bookmyshow.entity.Theater,toString/0,theaterId,1
E:\OOD_Projects\ck-mvn-plugin\dummyBookMyShow-main\src\main\java\com\dummy\bookmyshow\entity\Theater.java,com.dummy.bookmyshow.entity.Theater,toString/0,name,1
E:\OOD_Projects\ck-mvn-plugin\dummyBookMyShow-main\src\main\java\com\dummy\bookmyshow\entity\Theater.java,com.dummy.bookmyshow.entity.Theater,toString/0,updatedOn,1
E:\OOD_Projects\ck-mvn-plugin\dummyBookMyShow-main\src\main\java\com\dummy\bookmyshow\entity\Theater.java,com.dummy.bookmyshow.entity.Theater,toString/0,userName,1
E:\OOD_Projects\ck-mvn-plugin\dummyBookMyShow-main\src\main\java\com\dummy\bookmyshow\entity\Theater.java,com.dummy.bookmyshow.entity.Theater,toString/0,createdOn,1
E:\OOD_Projects\ck-mvn-plugin\dummyBookMyShow-main\src\main\java\com\dummy\bookmyshow\entity\Theater.java,com.dummy.bookmyshow.entity.Theater,setCountry/1[java.lang.String],country,3
E:\OOD_Projects\ck-mvn-plugin\dummyBookMyShow-main\src\main\java\com\dummy\bookmyshow\entity\Theater.java,com.dummy.bookmyshow.entity.Theater,setLanguages/1[java.lang.String],languages,3
E:\OOD_Projects\ck-mvn-plugin\dummyBookMyShow-main\src\main\java\com\dummy\bookmyshow\entity\Theater.java,com.dummy.bookmyshow.entity.Theater,getDeleted/0,deleted,1
E:\OOD_Projects\ck-mvn-plugin\dummyBookMyShow-main\src\main\java\com\dummy\bookmyshow\entity\Theater.java,com.dummy.bookmyshow.entity.Theater,setCreatedOn/1[java.time.LocalDateTime],createdOn,3
E:\OOD_Projects\ck-mvn-plugin\dummyBookMyShow-main\src\main\java\com\dummy\bookmyshow\entity\Theater.java,com.dummy.bookmyshow.entity.Theater,setUpdatedOn/1[java.time.LocalDateTime],updatedOn,3
E:\OOD_Projects\ck-mvn-plugin\dummyBookMyShow-main\src\main\java\com\dummy\bookmyshow\entity\Theater.java,com.dummy.bookmyshow.entity.Theater,setName/1[java.lang.String],name,3
E:\OOD_Projects\ck-mvn-plugin\dummyBookMyShow-main\src\main\java\com\dummy\bookmyshow\entity\Theater.java,com.dummy.bookmyshow.entity.Theater,getCreatedOn/0,createdOn,1
E:\OOD_Projects\ck-mvn-plugin\dummyBookMyShow-main\src\main\java\com\dummy\bookmyshow\entity\Theater.java,com.dummy.bookmyshow.entity.Theater,setUserName/1[java.lang.String],userName,3
E:\OOD_Projects\ck-mvn-plugin\dummyBookMyShow-main\src\main\java\com\dummy\bookmyshow\entity\Theater.java,com.dummy.bookmyshow.entity.Theater,getUserName/0,userName,1
E:\OOD_Projects\ck-mvn-plugin\dummyBookMyShow-main\src\main\java\com\dummy\bookmyshow\entity\Theater.java,com.dummy.bookmyshow.entity.Theater,getLanguages/0,languages,1
E:\OOD_Projects\ck-mvn-plugin\dummyBookMyShow-main\src\main\java\com\dummy\bookmyshow\entity\Theater.java,com.dummy.bookmyshow.entity.Theater,setTheaterId/1[java.lang.String],theaterId,3
E:\OOD_Projects\ck-mvn-plugin\dummyBookMyShow-main\src\main\java\com\dummy\bookmyshow\entity\Theater.java,com.dummy.bookmyshow.entity.Theater,setDeleted/1[java.time.LocalDateTime],deleted,3
E:\OOD_Projects\ck-mvn-plugin\dummyBookMyShow-main\src\main\java\com\dummy\bookmyshow\entity\Theater.java,com.dummy.bookmyshow.entity.Theater,getAddress/0,address,1
E:\OOD_Projects\ck-mvn-plugin\dummyBookMyShow-main\src\main\java\com\dummy\bookmyshow\security\SecurityConfig.java,com.dummy.bookmyshow.security.SecurityConfig,configure/1[com.dummy.bookmyshow.security.HttpSecurity],jwtFilter,1
E:\OOD_Projects\ck-mvn-plugin\dummyBookMyShow-main\src\main\java\com\dummy\bookmyshow\security\SecurityConfig.java,com.dummy.bookmyshow.security.SecurityConfig,configure/1[com.dummy.bookmyshow.security.AuthenticationManagerBuilder],customuserDetailService,1
E:\OOD_Projects\ck-mvn-plugin\dummyBookMyShow-main\src\main\java\com\dummy\bookmyshow\entity\Booking.java,com.dummy.bookmyshow.entity.Booking,setUserId/1[java.lang.String],userId,3
E:\OOD_Projects\ck-mvn-plugin\dummyBookMyShow-main\src\main\java\com\dummy\bookmyshow\entity\Booking.java,com.dummy.bookmyshow.entity.Booking,setMovieId/1[java.lang.String],movieId,3
E:\OOD_Projects\ck-mvn-plugin\dummyBookMyShow-main\src\main\java\com\dummy\bookmyshow\entity\Booking.java,com.dummy.bookmyshow.entity.Booking,setBookingId/1[java.lang.Long],bookingId,3
E:\OOD_Projects\ck-mvn-plugin\dummyBookMyShow-main\src\main\java\com\dummy\bookmyshow\entity\Booking.java,com.dummy.bookmyshow.entity.Booking,setTheaterId/1[java.lang.String],theaterId,3
E:\OOD_Projects\ck-mvn-plugin\dummyBookMyShow-main\src\main\java\com\dummy\bookmyshow\entity\Booking.java,com.dummy.bookmyshow.entity.Booking,setPaymentId/1[java.util.UUID],paymentId,3
E:\OOD_Projects\ck-mvn-plugin\dummyBookMyShow-main\src\main\java\com\dummy\bookmyshow\entity\Booking.java,com.dummy.bookmyshow.entity.Booking,getNotificationId/0,notificationId,1
E:\OOD_Projects\ck-mvn-plugin\dummyBookMyShow-main\src\main\java\com\dummy\bookmyshow\entity\Booking.java,com.dummy.bookmyshow.entity.Booking,getCreatedOn/0,createdOn,1
E:\OOD_Projects\ck-mvn-plugin\dummyBookMyShow-main\src\main\java\com\dummy\bookmyshow\entity\Booking.java,com.dummy.bookmyshow.entity.Booking,toString/0,seatNumbers,1
E:\OOD_Projects\ck-mvn-plugin\dummyBookMyShow-main\src\main\java\com\dummy\bookmyshow\entity\Booking.java,com.dummy.bookmyshow.entity.Booking,toString/0,deleted,1
E:\OOD_Projects\ck-mvn-plugin\dummyBookMyShow-main\src\main\java\com\dummy\bookmyshow\entity\Booking.java,com.dummy.bookmyshow.entity.Booking,toString/0,totalPrice,1
E:\OOD_Projects\ck-mvn-plugin\dummyBookMyShow-main\src\main\java\com\dummy\bookmyshow\entity\Booking.java,com.dummy.bookmyshow.entity.Booking,toString/0,theaterId,1
E:\OOD_Projects\ck-mvn-plugin\dummyBookMyShow-main\src\main\java\com\dummy\bookmyshow\entity\Booking.java,com.dummy.bookmyshow.entity.Booking,toString/0,paymentId,1
E:\OOD_Projects\ck-mvn-plugin\dummyBookMyShow-main\src\main\java\com\dummy\bookmyshow\entity\Booking.java,com.dummy.bookmyshow.entity.Booking,toString/0,movieId,1
E:\OOD_Projects\ck-mvn-plugin\dummyBookMyShow-main\src\main\java\com\dummy\bookmyshow\entity\Booking.java,com.dummy.bookmyshow.entity.Booking,toString/0,notificationId,1
E:\OOD_Projects\ck-mvn-plugin\dummyBookMyShow-main\src\main\java\com\dummy\bookmyshow\entity\Booking.java,com.dummy.bookmyshow.entity.Booking,toString/0,updatedOn,1
E:\OOD_Projects\ck-mvn-plugin\dummyBookMyShow-main\src\main\java\com\dummy\bookmyshow\entity\Booking.java,com.dummy.bookmyshow.entity.Booking,toString/0,userId,1
E:\OOD_Projects\ck-mvn-plugin\dummyBookMyShow-main\src\main\java\com\dummy\bookmyshow\entity\Booking.java,com.dummy.bookmyshow.entity.Booking,toString/0,createdOn,1
E:\OOD_Projects\ck-mvn-plugin\dummyBookMyShow-main\src\main\java\com\dummy\bookmyshow\entity\Booking.java,com.dummy.bookmyshow.entity.Booking,toString/0,bookingId,1
E:\OOD_Projects\ck-mvn-plugin\dummyBookMyShow-main\src\main\java\com\dummy\bookmyshow\entity\Booking.java,com.dummy.bookmyshow.entity.Booking,toString/0,seatBooked,1
E:\OOD_Projects\ck-mvn-plugin\dummyBookMyShow-main\src\main\java\com\dummy\bookmyshow\entity\Booking.java,com.dummy.bookmyshow.entity.Booking,getUpdatedOn/0,updatedOn,1
E:\OOD_Projects\ck-mvn-plugin\dummyBookMyShow-main\src\main\java\com\dummy\bookmyshow\entity\Booking.java,com.dummy.bookmyshow.entity.Booking,setDeleted/1[java.time.LocalDateTime],deleted,3
E:\OOD_Projects\ck-mvn-plugin\dummyBookMyShow-main\src\main\java\com\dummy\bookmyshow\entity\Booking.java,com.dummy.bookmyshow.entity.Booking,setSeatBooked/1[int],seatBooked,3
E:\OOD_Projects\ck-mvn-plugin\dummyBookMyShow-main\src\main\java\com\dummy\bookmyshow\entity\Booking.java,com.dummy.bookmyshow.entity.Booking,getTheaterId/0,theaterId,1
E:\OOD_Projects\ck-mvn-plugin\dummyBookMyShow-main\src\main\java\com\dummy\bookmyshow\entity\Booking.java,com.dummy.bookmyshow.entity.Booking,getPaymentId/0,paymentId,1
E:\OOD_Projects\ck-mvn-plugin\dummyBookMyShow-main\src\main\java\com\dummy\bookmyshow\entity\Booking.java,com.dummy.bookmyshow.entity.Booking,getBookingId/0,bookingId,1
E:\OOD_Projects\ck-mvn-plugin\dummyBookMyShow-main\src\main\java\com\dummy\bookmyshow\entity\Booking.java,com.dummy.bookmyshow.entity.Booking,setSeatNumbers/1[java.lang.String],seatNumbers,3
E:\OOD_Projects\ck-mvn-plugin\dummyBookMyShow-main\src\main\java\com\dummy\bookmyshow\entity\Booking.java,com.dummy.bookmyshow.entity.Booking,setCreatedOn/1[java.time.LocalDateTime],createdOn,3
E:\OOD_Projects\ck-mvn-plugin\dummyBookMyShow-main\src\main\java\com\dummy\bookmyshow\entity\Booking.java,com.dummy.bookmyshow.entity.Booking,getTotalPrice/0,totalPrice,1
E:\OOD_Projects\ck-mvn-plugin\dummyBookMyShow-main\src\main\java\com\dummy\bookmyshow\entity\Booking.java,com.dummy.bookmyshow.entity.Booking,getSeatNumbers/0,seatNumbers,1
E:\OOD_Projects\ck-mvn-plugin\dummyBookMyShow-main\src\main\java\com\dummy\bookmyshow\entity\Booking.java,com.dummy.bookmyshow.entity.Booking,getMovieId/0,movieId,1
E:\OOD_Projects\ck-mvn-plugin\dummyBookMyShow-main\src\main\java\com\dummy\bookmyshow\entity\Booking.java,com.dummy.bookmyshow.entity.Booking,getUserId/0,userId,1
E:\OOD_Projects\ck-mvn-plugin\dummyBookMyShow-main\src\main\java\com\dummy\bookmyshow\entity\Booking.java,com.dummy.bookmyshow.entity.Booking,setNotificationId/1[java.util.UUID],notificationId,3
E:\OOD_Projects\ck-mvn-plugin\dummyBookMyShow-main\src\main\java\com\dummy\bookmyshow\entity\Booking.java,com.dummy.bookmyshow.entity.Booking,setTotalPrice/1[int],totalPrice,3
E:\OOD_Projects\ck-mvn-plugin\dummyBookMyShow-main\src\main\java\com\dummy\bookmyshow\entity\Booking.java,com.dummy.bookmyshow.entity.Booking,getDeleted/0,deleted,1
E:\OOD_Projects\ck-mvn-plugin\dummyBookMyShow-main\src\main\java\com\dummy\bookmyshow\entity\Booking.java,com.dummy.bookmyshow.entity.Booking,getSeatBooked/0,seatBooked,1
E:\OOD_Projects\ck-mvn-plugin\dummyBookMyShow-main\src\main\java\com\dummy\bookmyshow\entity\Booking.java,com.dummy.bookmyshow.entity.Booking,setUpdatedOn/1[java.time.LocalDateTime],updatedOn,3
E:\OOD_Projects\ck-mvn-plugin\dummyBookMyShow-main\src\main\java\com\dummy\bookmyshow\entity\Notification.java,com.dummy.bookmyshow.entity.Notification,getSendTime/0,sendTime,1
E:\OOD_Projects\ck-mvn-plugin\dummyBookMyShow-main\src\main\java\com\dummy\bookmyshow\entity\Notification.java,com.dummy.bookmyshow.entity.Notification,setCreatedOn/1[java.time.LocalDateTime],createdOn,3
E:\OOD_Projects\ck-mvn-plugin\dummyBookMyShow-main\src\main\java\com\dummy\bookmyshow\entity\Notification.java,com.dummy.bookmyshow.entity.Notification,getReceiverMobileNo/0,receiverMobileNo,1
E:\OOD_Projects\ck-mvn-plugin\dummyBookMyShow-main\src\main\java\com\dummy\bookmyshow\entity\Notification.java,com.dummy.bookmyshow.entity.Notification,getCreatedOn/0,createdOn,1
E:\OOD_Projects\ck-mvn-plugin\dummyBookMyShow-main\src\main\java\com\dummy\bookmyshow\entity\Notification.java,com.dummy.bookmyshow.entity.Notification,getId/0,id,1
E:\OOD_Projects\ck-mvn-plugin\dummyBookMyShow-main\src\main\java\com\dummy\bookmyshow\entity\Notification.java,com.dummy.bookmyshow.entity.Notification,getTinyUrl/0,tinyUrl,1
E:\OOD_Projects\ck-mvn-plugin\dummyBookMyShow-main\src\main\java\com\dummy\bookmyshow\entity\Notification.java,com.dummy.bookmyshow.entity.Notification,setStatus/1[com.dummy.bookmyshow.enums.Status],status,3
E:\OOD_Projects\ck-mvn-plugin\dummyBookMyShow-main\src\main\java\com\dummy\bookmyshow\entity\Notification.java,com.dummy.bookmyshow.entity.Notification,setSenderEmail/1[java.lang.String],senderEmail,3
E:\OOD_Projects\ck-mvn-plugin\dummyBookMyShow-main\src\main\java\com\dummy\bookmyshow\entity\Notification.java,com.dummy.bookmyshow.entity.Notification,setUpdatedOn/1[java.time.LocalDateTime],updatedOn,3
E:\OOD_Projects\ck-mvn-plugin\dummyBookMyShow-main\src\main\java\com\dummy\bookmyshow\entity\Notification.java,com.dummy.bookmyshow.entity.Notification,setTinyUrl/1[java.lang.String],tinyUrl,3
E:\OOD_Projects\ck-mvn-plugin\dummyBookMyShow-main\src\main\java\com\dummy\bookmyshow\entity\Notification.java,com.dummy.bookmyshow.entity.Notification,toString/0,receiverType,1
E:\OOD_Projects\ck-mvn-plugin\dummyBookMyShow-main\src\main\java\com\dummy\bookmyshow\entity\Notification.java,com.dummy.bookmyshow.entity.Notification,toString/0,senderEmail,1
E:\OOD_Projects\ck-mvn-plugin\dummyBookMyShow-main\src\main\java\com\dummy\bookmyshow\entity\Notification.java,com.dummy.bookmyshow.entity.Notification,toString/0,tinyUrl,1
E:\OOD_Projects\ck-mvn-plugin\dummyBookMyShow-main\src\main\java\com\dummy\bookmyshow\entity\Notification.java,com.dummy.bookmyshow.entity.Notification,toString/0,id,1
E:\OOD_Projects\ck-mvn-plugin\dummyBookMyShow-main\src\main\java\com\dummy\bookmyshow\entity\Notification.java,com.dummy.bookmyshow.entity.Notification,toString/0,receiverMobileNo,1
E:\OOD_Projects\ck-mvn-plugin\dummyBookMyShow-main\src\main\java\com\dummy\bookmyshow\entity\Notification.java,com.dummy.bookmyshow.entity.Notification,toString/0,updatedOn,1
E:\OOD_Projects\ck-mvn-plugin\dummyBookMyShow-main\src\main\java\com\dummy\bookmyshow\entity\Notification.java,com.dummy.bookmyshow.entity.Notification,toString/0,createdOn,1
E:\OOD_Projects\ck-mvn-plugin\dummyBookMyShow-main\src\main\java\com\dummy\bookmyshow\entity\Notification.java,com.dummy.bookmyshow.entity.Notification,toString/0,bookingId,1
E:\OOD_Projects\ck-mvn-plugin\dummyBookMyShow-main\src\main\java\com\dummy\bookmyshow\entity\Notification.java,com.dummy.bookmyshow.entity.Notification,toString/0,receiverEmail,1
E:\OOD_Projects\ck-mvn-plugin\dummyBookMyShow-main\src\main\java\com\dummy\bookmyshow\entity\Notification.java,com.dummy.bookmyshow.entity.Notification,toString/0,status,1
E:\OOD_Projects\ck-mvn-plugin\dummyBookMyShow-main\src\main\java\com\dummy\bookmyshow\entity\Notification.java,com.dummy.bookmyshow.entity.Notification,toString/0,sendTime,1
E:\OOD_Projects\ck-mvn-plugin\dummyBookMyShow-main\src\main\java\com\dummy\bookmyshow\entity\Notification.java,com.dummy.bookmyshow.entity.Notification,getUpdatedOn/0,updatedOn,1
E:\OOD_Projects\ck-mvn-plugin\dummyBookMyShow-main\src\main\java\com\dummy\bookmyshow\entity\Notification.java,com.dummy.bookmyshow.entity.Notification,setReceiverEmail/1[java.lang.String],receiverEmail,3
E:\OOD_Projects\ck-mvn-plugin\dummyBookMyShow-main\src\main\java\com\dummy\bookmyshow\entity\Notification.java,com.dummy.bookmyshow.entity.Notification,getReceiverEmail/0,receiverEmail,1
E:\OOD_Projects\ck-mvn-plugin\dummyBookMyShow-main\src\main\java\com\dummy\bookmyshow\entity\Notification.java,com.dummy.bookmyshow.entity.Notification,getBookingId/0,bookingId,1
E:\OOD_Projects\ck-mvn-plugin\dummyBookMyShow-main\src\main\java\com\dummy\bookmyshow\entity\Notification.java,com.dummy.bookmyshow.entity.Notification,setReceiverType/1[com.dummy.bookmyshow.enums.NotificationType],receiverType,3
E:\OOD_Projects\ck-mvn-plugin\dummyBookMyShow-main\src\main\java\com\dummy\bookmyshow\entity\Notification.java,com.dummy.bookmyshow.entity.Notification,getSenderEmail/0,senderEmail,1
E:\OOD_Projects\ck-mvn-plugin\dummyBookMyShow-main\src\main\java\com\dummy\bookmyshow\entity\Notification.java,com.dummy.bookmyshow.entity.Notification,setId/1[java.util.UUID],id,3
E:\OOD_Projects\ck-mvn-plugin\dummyBookMyShow-main\src\main\java\com\dummy\bookmyshow\entity\Notification.java,com.dummy.bookmyshow.entity.Notification,getReceiverType/0,receiverType,1
E:\OOD_Projects\ck-mvn-plugin\dummyBookMyShow-main\src\main\java\com\dummy\bookmyshow\entity\Notification.java,com.dummy.bookmyshow.entity.Notification,setSendTime/1[java.time.LocalDateTime],sendTime,3
E:\OOD_Projects\ck-mvn-plugin\dummyBookMyShow-main\src\main\java\com\dummy\bookmyshow\entity\Notification.java,com.dummy.bookmyshow.entity.Notification,setReceiverMobileNo/1[java.lang.String],receiverMobileNo,3
E:\OOD_Projects\ck-mvn-plugin\dummyBookMyShow-main\src\main\java\com\dummy\bookmyshow\entity\Notification.java,com.dummy.bookmyshow.entity.Notification,setBookingId/1[long],bookingId,3
E:\OOD_Projects\ck-mvn-plugin\dummyBookMyShow-main\src\main\java\com\dummy\bookmyshow\entity\Notification.java,com.dummy.bookmyshow.entity.Notification,getStatus/0,status,1
E:\OOD_Projects\ck-mvn-plugin\dummyBookMyShow-main\src\main\java\com\dummy\bookmyshow\entity\Payment.java,com.dummy.bookmyshow.entity.Payment,setBookingId/1[java.lang.Long],bookingId,3
E:\OOD_Projects\ck-mvn-plugin\dummyBookMyShow-main\src\main\java\com\dummy\bookmyshow\entity\Payment.java,com.dummy.bookmyshow.entity.Payment,toString/0,amount,1
E:\OOD_Projects\ck-mvn-plugin\dummyBookMyShow-main\src\main\java\com\dummy\bookmyshow\entity\Payment.java,com.dummy.bookmyshow.entity.Payment,toString/0,deleted,1
E:\OOD_Projects\ck-mvn-plugin\dummyBookMyShow-main\src\main\java\com\dummy\bookmyshow\entity\Payment.java,com.dummy.bookmyshow.entity.Payment,toString/0,method,1
E:\OOD_Projects\ck-mvn-plugin\dummyBookMyShow-main\src\main\java\com\dummy\bookmyshow\entity\Payment.java,com.dummy.bookmyshow.entity.Payment,toString/0,id,1
E:\OOD_Projects\ck-mvn-plugin\dummyBookMyShow-main\src\main\java\com\dummy\bookmyshow\entity\Payment.java,com.dummy.bookmyshow.entity.Payment,toString/0,updatedOn,1
E:\OOD_Projects\ck-mvn-plugin\dummyBookMyShow-main\src\main\java\com\dummy\bookmyshow\entity\Payment.java,com.dummy.bookmyshow.entity.Payment,toString/0,sourceDetails,1
E:\OOD_Projects\ck-mvn-plugin\dummyBookMyShow-main\src\main\java\com\dummy\bookmyshow\entity\Payment.java,com.dummy.bookmyshow.entity.Payment,toString/0,createdOn,1
E:\OOD_Projects\ck-mvn-plugin\dummyBookMyShow-main\src\main\java\com\dummy\bookmyshow\entity\Payment.java,com.dummy.bookmyshow.entity.Payment,toString/0,bookingId,1
E:\OOD_Projects\ck-mvn-plugin\dummyBookMyShow-main\src\main\java\com\dummy\bookmyshow\entity\Payment.java,com.dummy.bookmyshow.entity.Payment,toString/0,status,1
E:\OOD_Projects\ck-mvn-plugin\dummyBookMyShow-main\src\main\java\com\dummy\bookmyshow\entity\Payment.java,com.dummy.bookmyshow.entity.Payment,getBookingId/0,bookingId,1
E:\OOD_Projects\ck-mvn-plugin\dummyBookMyShow-main\src\main\java\com\dummy\bookmyshow\entity\Payment.java,com.dummy.bookmyshow.entity.Payment,getStatus/0,status,1
E:\OOD_Projects\ck-mvn-plugin\dummyBookMyShow-main\src\main\java\com\dummy\bookmyshow\entity\Payment.java,com.dummy.bookmyshow.entity.Payment,getUpdatedOn/0,updatedOn,1
E:\OOD_Projects\ck-mvn-plugin\dummyBookMyShow-main\src\main\java\com\dummy\bookmyshow\entity\Payment.java,com.dummy.bookmyshow.entity.Payment,setAmount/1[int],amount,3
E:\OOD_Projects\ck-mvn-plugin\dummyBookMyShow-main\src\main\java\com\dummy\bookmyshow\entity\Payment.java,com.dummy.bookmyshow.entity.Payment,getId/0,id,1
E:\OOD_Projects\ck-mvn-plugin\dummyBookMyShow-main\src\main\java\com\dummy\bookmyshow\entity\Payment.java,com.dummy.bookmyshow.entity.Payment,setId/1[java.util.UUID],id,3
E:\OOD_Projects\ck-mvn-plugin\dummyBookMyShow-main\src\main\java\com\dummy\bookmyshow\entity\Payment.java,com.dummy.bookmyshow.entity.Payment,setMethod/1[com.dummy.bookmyshow.enums.PaymentMethod],method,3
E:\OOD_Projects\ck-mvn-plugin\dummyBookMyShow-main\src\main\java\com\dummy\bookmyshow\entity\Payment.java,com.dummy.bookmyshow.entity.Payment,getSourceDetails/0,sourceDetails,1
E:\OOD_Projects\ck-mvn-plugin\dummyBookMyShow-main\src\main\java\com\dummy\bookmyshow\entity\Payment.java,com.dummy.bookmyshow.entity.Payment,setStatus/1[com.dummy.bookmyshow.enums.Status],status,3
E:\OOD_Projects\ck-mvn-plugin\dummyBookMyShow-main\src\main\java\com\dummy\bookmyshow\entity\Payment.java,com.dummy.bookmyshow.entity.Payment,setUpdatedOn/1[java.time.LocalDateTime],updatedOn,3
E:\OOD_Projects\ck-mvn-plugin\dummyBookMyShow-main\src\main\java\com\dummy\bookmyshow\entity\Payment.java,com.dummy.bookmyshow.entity.Payment,getDeleted/0,deleted,1
E:\OOD_Projects\ck-mvn-plugin\dummyBookMyShow-main\src\main\java\com\dummy\bookmyshow\entity\Payment.java,com.dummy.bookmyshow.entity.Payment,getCreatedOn/0,createdOn,1
E:\OOD_Projects\ck-mvn-plugin\dummyBookMyShow-main\src\main\java\com\dummy\bookmyshow\entity\Payment.java,com.dummy.bookmyshow.entity.Payment,setCreatedOn/1[java.time.LocalDateTime],createdOn,3
E:\OOD_Projects\ck-mvn-plugin\dummyBookMyShow-main\src\main\java\com\dummy\bookmyshow\entity\Payment.java,com.dummy.bookmyshow.entity.Payment,getMethod/0,method,1
E:\OOD_Projects\ck-mvn-plugin\dummyBookMyShow-main\src\main\java\com\dummy\bookmyshow\entity\Payment.java,com.dummy.bookmyshow.entity.Payment,setSourceDetails/1[java.lang.String],sourceDetails,3
E:\OOD_Projects\ck-mvn-plugin\dummyBookMyShow-main\src\main\java\com\dummy\bookmyshow\entity\Payment.java,com.dummy.bookmyshow.entity.Payment,getAmount/0,amount,1
E:\OOD_Projects\ck-mvn-plugin\dummyBookMyShow-main\src\main\java\com\dummy\bookmyshow\entity\Payment.java,com.dummy.bookmyshow.entity.Payment,setDeleted/1[java.time.LocalDateTime],deleted,3
E:\OOD_Projects\ck-mvn-plugin\dummyBookMyShow-main\src\main\java\com\dummy\bookmyshow\controller\GenericController.java,com.dummy.bookmyshow.controller.GenericController,"getScreensShowingMovie/3[java.lang.String,java.lang.String,java.lang.String]",LOGGER,4
E:\OOD_Projects\ck-mvn-plugin\dummyBookMyShow-main\src\main\java\com\dummy\bookmyshow\controller\GenericController.java,com.dummy.bookmyshow.controller.GenericController,"getScreensShowingMovie/3[java.lang.String,java.lang.String,java.lang.String]",genericService,1
E:\OOD_Projects\ck-mvn-plugin\dummyBookMyShow-main\src\main\java\com\dummy\bookmyshow\controller\GenericController.java,com.dummy.bookmyshow.controller.GenericController,"getScreensShowingMovie/3[java.lang.String,java.lang.String,java.lang.String]",responseParser,2
E:\OOD_Projects\ck-mvn-plugin\dummyBookMyShow-main\src\main\java\com\dummy\bookmyshow\controller\GenericController.java,com.dummy.bookmyshow.controller.GenericController,getMoviesByCity/1[java.lang.String],LOGGER,4
E:\OOD_Projects\ck-mvn-plugin\dummyBookMyShow-main\src\main\java\com\dummy\bookmyshow\controller\GenericController.java,com.dummy.bookmyshow.controller.GenericController,getMoviesByCity/1[java.lang.String],genericService,1
E:\OOD_Projects\ck-mvn-plugin\dummyBookMyShow-main\src\main\java\com\dummy\bookmyshow\controller\GenericController.java,com.dummy.bookmyshow.controller.GenericController,getMoviesByCity/1[java.lang.String],responseParser,2
E:\OOD_Projects\ck-mvn-plugin\dummyBookMyShow-main\src\main\java\com\dummy\bookmyshow\controller\GenericController.java,com.dummy.bookmyshow.controller.GenericController,getSupportedCities/0,LOGGER,4
E:\OOD_Projects\ck-mvn-plugin\dummyBookMyShow-main\src\main\java\com\dummy\bookmyshow\controller\GenericController.java,com.dummy.bookmyshow.controller.GenericController,getSupportedCities/0,genericService,1
E:\OOD_Projects\ck-mvn-plugin\dummyBookMyShow-main\src\main\java\com\dummy\bookmyshow\controller\GenericController.java,com.dummy.bookmyshow.controller.GenericController,getSupportedCities/0,responseParser,2
E:\OOD_Projects\ck-mvn-plugin\dummyBookMyShow-main\src\main\java\com\dummy\bookmyshow\controller\GenericController.java,com.dummy.bookmyshow.controller.GenericController,"getAvailabilityOnAScreen/3[java.lang.String,java.lang.String,java.lang.String]",LOGGER,3
E:\OOD_Projects\ck-mvn-plugin\dummyBookMyShow-main\src\main\java\com\dummy\bookmyshow\controller\GenericController.java,com.dummy.bookmyshow.controller.GenericController,"getAvailabilityOnAScreen/3[java.lang.String,java.lang.String,java.lang.String]",genericService,1
E:\OOD_Projects\ck-mvn-plugin\dummyBookMyShow-main\src\main\java\com\dummy\bookmyshow\controller\GenericController.java,com.dummy.bookmyshow.controller.GenericController,"getAvailabilityOnAScreen/3[java.lang.String,java.lang.String,java.lang.String]",responseParser,2
E:\OOD_Projects\ck-mvn-plugin\dummyBookMyShow-main\src\main\java\com\dummy\bookmyshow\controller\GenericController.java,com.dummy.bookmyshow.controller.GenericController,"bookSeats/2[java.util.List<com.dummy.bookmyshow.entity.SeatMatrix>,java.lang.String]",LOGGER,4
E:\OOD_Projects\ck-mvn-plugin\dummyBookMyShow-main\src\main\java\com\dummy\bookmyshow\controller\GenericController.java,com.dummy.bookmyshow.controller.GenericController,"bookSeats/2[java.util.List<com.dummy.bookmyshow.entity.SeatMatrix>,java.lang.String]",genericService,1
E:\OOD_Projects\ck-mvn-plugin\dummyBookMyShow-main\src\main\java\com\dummy\bookmyshow\controller\GenericController.java,com.dummy.bookmyshow.controller.GenericController,"bookSeats/2[java.util.List<com.dummy.bookmyshow.entity.SeatMatrix>,java.lang.String]",responseParser,2
E:\OOD_Projects\ck-mvn-plugin\dummyBookMyShow-main\src\main\java\com\dummy\bookmyshow\controller\TheaterController.java,com.dummy.bookmyshow.controller.TheaterController,registerMovie/1[com.dummy.bookmyshow.entity.Theater],theaterRepo,1
E:\OOD_Projects\ck-mvn-plugin\dummyBookMyShow-main\src\main\java\com\dummy\bookmyshow\controller\TheaterController.java,com.dummy.bookmyshow.controller.TheaterController,registerMovie/1[com.dummy.bookmyshow.entity.Theater],LOGGER,5
E:\OOD_Projects\ck-mvn-plugin\dummyBookMyShow-main\src\main\java\com\dummy\bookmyshow\controller\TheaterController.java,com.dummy.bookmyshow.controller.TheaterController,registerMovie/1[com.dummy.bookmyshow.entity.Theater],responseParser,3
E:\OOD_Projects\ck-mvn-plugin\dummyBookMyShow-main\src\main\java\com\dummy\bookmyshow\controller\TheaterController.java,com.dummy.bookmyshow.controller.TheaterController,validateInput/1[com.dummy.bookmyshow.entity.Theater],userRepo,1
E:\OOD_Projects\ck-mvn-plugin\dummyBookMyShow-main\src\main\java\com\dummy\bookmyshow\controller\TheaterController.java,com.dummy.bookmyshow.controller.TheaterController,validateInput/1[com.dummy.bookmyshow.entity.Theater],LOGGER,1
E:\OOD_Projects\ck-mvn-plugin\dummyBookMyShow-main\src\main\java\com\dummy\bookmyshow\controller\SeatMatrixController.java,com.dummy.bookmyshow.controller.SeatMatrixController,addSeatMatrix/1[java.util.List<com.dummy.bookmyshow.entity.SeatMatrix>],LOGGER,4
E:\OOD_Projects\ck-mvn-plugin\dummyBookMyShow-main\src\main\java\com\dummy\bookmyshow\controller\SeatMatrixController.java,com.dummy.bookmyshow.controller.SeatMatrixController,addSeatMatrix/1[java.util.List<com.dummy.bookmyshow.entity.SeatMatrix>],responseParser,3
E:\OOD_Projects\ck-mvn-plugin\dummyBookMyShow-main\src\main\java\com\dummy\bookmyshow\controller\SeatMatrixController.java,com.dummy.bookmyshow.controller.SeatMatrixController,addSeatMatrix/1[java.util.List<com.dummy.bookmyshow.entity.SeatMatrix>],seatMatrixRepo,1
E:\OOD_Projects\ck-mvn-plugin\dummyBookMyShow-main\src\main\java\com\dummy\bookmyshow\controller\SeatMatrixController.java,com.dummy.bookmyshow.controller.SeatMatrixController,validateInput/1[java.util.List<com.dummy.bookmyshow.entity.SeatMatrix>],LOGGER,1
E:\OOD_Projects\ck-mvn-plugin\dummyBookMyShow-main\src\main\java\com\dummy\bookmyshow\controller\SeatMatrixController.java,com.dummy.bookmyshow.controller.SeatMatrixController,addDefaultSeatMatrix/1[com.dummy.bookmyshow.entity.SeatMatrix],LOGGER,3
E:\OOD_Projects\ck-mvn-plugin\dummyBookMyShow-main\src\main\java\com\dummy\bookmyshow\controller\SeatMatrixController.java,com.dummy.bookmyshow.controller.SeatMatrixController,addDefaultSeatMatrix/1[com.dummy.bookmyshow.entity.SeatMatrix],DEFAULT_SEAT_PRICE,1
E:\OOD_Projects\ck-mvn-plugin\dummyBookMyShow-main\src\main\java\com\dummy\bookmyshow\controller\SeatMatrixController.java,com.dummy.bookmyshow.controller.SeatMatrixController,addDefaultSeatMatrix/1[com.dummy.bookmyshow.entity.SeatMatrix],DEFAULT_SEAT_COUNT,3
E:\OOD_Projects\ck-mvn-plugin\dummyBookMyShow-main\src\main\java\com\dummy\bookmyshow\controller\SeatMatrixController.java,com.dummy.bookmyshow.controller.SeatMatrixController,addDefaultSeatMatrix/1[com.dummy.bookmyshow.entity.SeatMatrix],responseParser,3
E:\OOD_Projects\ck-mvn-plugin\dummyBookMyShow-main\src\main\java\com\dummy\bookmyshow\controller\SeatMatrixController.java,com.dummy.bookmyshow.controller.SeatMatrixController,addDefaultSeatMatrix/1[com.dummy.bookmyshow.entity.SeatMatrix],seatMatrixRepo,1
