file,class,method,constructor,line,cbo,cboModified,fanin,fanout,wmc,rfc,loc,returnsQty,variablesQty,parametersQty,methodsInvokedQty,methodsInvokedLocalQty,methodsInvokedIndirectLocalQty,loopQty,comparisonsQty,tryCatchQty,parenthesizedExpsQty,stringLiteralsQty,numbersQty,assignmentsQty,mathOperationsQty,maxNestedBlocksQty,anonymousClassesQty,innerClassesQty,lambdasQty,uniqueWordsQty,modifiers,logStatementsQty,hasJavaDoc
E:\OOD_Projects\ck-mvn-plugin\dummyBookMyShow-main\src\main\java\com\dummy\bookmyshow\entity\ScreenPk.java,com.dummy.bookmyshow.entity.ScreenPk,setMovieId/1[java.lang.String],false,34,0,0,0,0,1,0,3,0,0,1,0,0,0,0,0,0,0,0,0,1,0,0,0,0,0,4,1,0,false
E:\OOD_Projects\ck-mvn-plugin\dummyBookMyShow-main\src\main\java\com\dummy\bookmyshow\entity\ScreenPk.java,com.dummy.bookmyshow.entity.ScreenPk,setStartsAt/1[java.lang.String],false,42,0,0,0,0,1,0,3,0,0,1,0,0,0,0,0,0,0,0,0,1,0,0,0,0,0,4,1,0,false
E:\OOD_Projects\ck-mvn-plugin\dummyBookMyShow-main\src\main\java\com\dummy\bookmyshow\entity\ScreenPk.java,com.dummy.bookmyshow.entity.ScreenPk,getTheaterId/0,false,22,0,1,1,0,1,0,3,1,0,0,0,0,0,0,0,0,0,0,0,0,0,0,0,0,0,4,1,0,false
E:\OOD_Projects\ck-mvn-plugin\dummyBookMyShow-main\src\main\java\com\dummy\bookmyshow\entity\ScreenPk.java,com.dummy.bookmyshow.entity.ScreenPk,getStartsAt/0,false,38,0,1,1,0,1,0,3,1,0,0,0,0,0,0,0,0,0,0,0,0,0,0,0,0,0,4,1,0,false
E:\OOD_Projects\ck-mvn-plugin\dummyBookMyShow-main\src\main\java\com\dummy\bookmyshow\entity\ScreenPk.java,com.dummy.bookmyshow.entity.ScreenPk,setTheaterId/1[java.lang.String],false,26,0,0,0,0,1,0,3,0,0,1,0,0,0,0,0,0,0,0,0,1,0,0,0,0,0,4,1,0,false
E:\OOD_Projects\ck-mvn-plugin\dummyBookMyShow-main\src\main\java\com\dummy\bookmyshow\entity\ScreenPk.java,com.dummy.bookmyshow.entity.ScreenPk,getMovieId/0,false,30,0,1,1,0,1,0,3,1,0,0,0,0,0,0,0,0,0,0,0,0,0,0,0,0,0,4,1,0,false
E:\OOD_Projects\ck-mvn-plugin\dummyBookMyShow-main\src\main\java\com\dummy\bookmyshow\controller\UrlController.java,com.dummy.bookmyshow.controller.UrlController,convertLongUrlToShort/1[com.dummy.bookmyshow.entity.Url],false,42,7,3,0,3,2,8,13,2,2,1,8,0,0,0,0,1,0,7,0,2,2,1,0,0,0,21,1,1,true
E:\OOD_Projects\ck-mvn-plugin\dummyBookMyShow-main\src\main\java\com\dummy\bookmyshow\controller\UrlController.java,com.dummy.bookmyshow.controller.UrlController,convertshortToLong/1[java.lang.String],false,63,6,2,0,2,2,9,14,2,2,1,9,0,0,0,0,1,0,6,1,3,1,1,0,0,0,19,1,1,true
E:\OOD_Projects\ck-mvn-plugin\dummyBookMyShow-main\src\main\java\com\dummy\bookmyshow\controller\ScreenController.java,com.dummy.bookmyshow.controller.ScreenController,registerScreen/1[com.dummy.bookmyshow.entity.Screen],false,53,6,3,0,3,3,8,17,3,0,1,8,1,1,0,0,1,0,9,0,0,3,1,0,0,0,41,1,4,true
E:\OOD_Projects\ck-mvn-plugin\dummyBookMyShow-main\src\main\java\com\dummy\bookmyshow\controller\ScreenController.java,com.dummy.bookmyshow.controller.ScreenController,validateInput/1[com.dummy.bookmyshow.entity.Screen],false,76,4,6,1,5,4,14,17,0,2,1,14,0,0,0,2,1,0,7,0,2,0,1,0,0,0,29,2,1,false
E:\OOD_Projects\ck-mvn-plugin\dummyBookMyShow-main\src\main\java\com\dummy\bookmyshow\entity\SeatMatrixPk.java,com.dummy.bookmyshow.entity.SeatMatrixPk,getScreenStartsAt/0,false,41,0,3,3,0,1,0,3,1,0,0,0,0,0,0,0,0,0,0,0,0,0,0,0,0,0,5,1,0,false
E:\OOD_Projects\ck-mvn-plugin\dummyBookMyShow-main\src\main\java\com\dummy\bookmyshow\entity\SeatMatrixPk.java,com.dummy.bookmyshow.entity.SeatMatrixPk,getTheaterId/0,false,33,0,4,4,0,1,0,3,1,0,0,0,0,0,0,0,0,0,0,0,0,0,0,0,0,0,4,1,0,false
E:\OOD_Projects\ck-mvn-plugin\dummyBookMyShow-main\src\main\java\com\dummy\bookmyshow\entity\SeatMatrixPk.java,com.dummy.bookmyshow.entity.SeatMatrixPk,setTheaterId/1[java.lang.String],false,37,0,1,1,0,1,0,3,0,0,1,0,0,0,0,0,0,0,0,0,1,0,0,0,0,0,4,1,0,false
E:\OOD_Projects\ck-mvn-plugin\dummyBookMyShow-main\src\main\java\com\dummy\bookmyshow\entity\SeatMatrixPk.java,com.dummy.bookmyshow.entity.SeatMatrixPk,getMovieId/0,false,25,0,4,4,0,1,0,3,1,0,0,0,0,0,0,0,0,0,0,0,0,0,0,0,0,0,4,1,0,false
E:\OOD_Projects\ck-mvn-plugin\dummyBookMyShow-main\src\main\java\com\dummy\bookmyshow\entity\SeatMatrixPk.java,com.dummy.bookmyshow.entity.SeatMatrixPk,setScreenStartsAt/1[java.lang.String],false,45,0,1,1,0,1,0,3,0,0,1,0,0,0,0,0,0,0,0,0,1,0,0,0,0,0,5,1,0,false
E:\OOD_Projects\ck-mvn-plugin\dummyBookMyShow-main\src\main\java\com\dummy\bookmyshow\entity\SeatMatrixPk.java,com.dummy.bookmyshow.entity.SeatMatrixPk,getSeatNumber/0,false,49,0,3,3,0,1,0,3,1,0,0,0,0,0,0,0,0,0,0,0,0,0,0,0,0,0,4,1,0,false
E:\OOD_Projects\ck-mvn-plugin\dummyBookMyShow-main\src\main\java\com\dummy\bookmyshow\entity\SeatMatrixPk.java,com.dummy.bookmyshow.entity.SeatMatrixPk,setMovieId/1[java.lang.String],false,29,0,1,1,0,1,0,3,0,0,1,0,0,0,0,0,0,0,0,0,1,0,0,0,0,0,4,1,0,false
E:\OOD_Projects\ck-mvn-plugin\dummyBookMyShow-main\src\main\java\com\dummy\bookmyshow\entity\SeatMatrixPk.java,com.dummy.bookmyshow.entity.SeatMatrixPk,setSeatNumber/1[java.lang.String],false,53,0,1,1,0,1,0,3,0,0,1,0,0,0,0,0,0,0,0,0,1,0,0,0,0,0,4,1,0,false
E:\OOD_Projects\ck-mvn-plugin\dummyBookMyShow-main\src\main\java\com\dummy\bookmyshow\entity\SeatMatrixPk.java,com.dummy.bookmyshow.entity.SeatMatrixPk,toString/0,false,58,0,0,0,0,1,0,3,1,0,0,0,0,0,0,0,0,0,5,0,0,1,0,0,0,0,10,1,0,false
E:\OOD_Projects\ck-mvn-plugin\dummyBookMyShow-main\src\main\java\com\dummy\bookmyshow\repository\CastRepository.java,com.dummy.bookmyshow.repository.CastRepository,getCastByMovieId/1[java.lang.String],false,14,3,1,1,0,1,0,1,0,0,1,0,0,0,0,0,0,0,2,0,0,0,0,0,0,0,12,0,0,false
E:\OOD_Projects\ck-mvn-plugin\dummyBookMyShow-main\src\main\java\com\dummy\bookmyshow\service\impl\UrlServiceImpl.java,com.dummy.bookmyshow.service.impl.UrlServiceImpl,getOriginalUrl/1[java.lang.String],false,66,3,4,1,3,2,4,9,1,3,1,4,1,1,0,1,0,0,1,0,3,0,1,0,0,0,31,1,0,true
E:\OOD_Projects\ck-mvn-plugin\dummyBookMyShow-main\src\main\java\com\dummy\bookmyshow\service\impl\UrlServiceImpl.java,com.dummy.bookmyshow.service.impl.UrlServiceImpl,convertBase64ToDecimal/1[java.lang.String],false,77,0,1,1,0,2,4,11,1,4,1,4,0,0,1,0,0,0,0,4,5,2,1,0,0,0,10,2,0,false
E:\OOD_Projects\ck-mvn-plugin\dummyBookMyShow-main\src\main\java\com\dummy\bookmyshow\service\impl\UrlServiceImpl.java,com.dummy.bookmyshow.service.impl.UrlServiceImpl,convertToShortUrl/1[com.dummy.bookmyshow.entity.Url],false,30,2,5,2,3,1,5,6,1,2,1,5,1,1,0,0,0,0,0,0,2,0,0,0,0,0,35,1,0,true
E:\OOD_Projects\ck-mvn-plugin\dummyBookMyShow-main\src\main\java\com\dummy\bookmyshow\service\impl\UrlServiceImpl.java,com.dummy.bookmyshow.service.impl.UrlServiceImpl,convertToShortUrl/1[long],false,44,0,1,1,0,3,4,12,2,2,1,4,0,0,1,1,0,0,0,3,3,2,1,0,0,0,15,2,0,true
E:\OOD_Projects\ck-mvn-plugin\dummyBookMyShow-main\src\test\java\com\dummy\bookmyshow\BookmyshowApplicationTests.java,com.dummy.bookmyshow.BookmyshowApplicationTests,contextLoads/0,false,10,1,0,0,0,1,0,2,0,0,0,0,0,0,0,0,0,0,0,0,0,0,0,0,0,0,2,0,0,false
E:\OOD_Projects\ck-mvn-plugin\dummyBookMyShow-main\src\main\java\com\dummy\bookmyshow\security\CustomUserDetailService.java,com.dummy.bookmyshow.security.CustomUserDetailService,loadUserByUsername/1[java.lang.String],false,21,5,4,1,3,1,3,4,1,1,1,3,0,0,0,0,0,0,0,0,1,0,0,0,0,0,10,1,0,false
E:\OOD_Projects\ck-mvn-plugin\dummyBookMyShow-main\src\main\java\com\dummy\bookmyshow\repository\ScreenRepository.java,com.dummy.bookmyshow.repository.ScreenRepository,"findScreenByTheaterIdAndMovieId/2[java.lang.String,java.lang.String]",false,16,3,1,1,0,1,0,1,0,0,2,0,0,0,0,0,0,0,3,0,0,0,0,0,0,0,17,0,0,false
E:\OOD_Projects\ck-mvn-plugin\dummyBookMyShow-main\src\main\java\com\dummy\bookmyshow\security\JwtFilter.java,com.dummy.bookmyshow.security.JwtFilter,"doFilterInternal/3[com.dummy.bookmyshow.security.HttpServletRequest,com.dummy.bookmyshow.security.HttpServletResponse,com.dummy.bookmyshow.security.FilterChain]",false,28,8,3,0,3,6,13,18,0,5,3,13,0,0,0,3,0,0,2,1,7,0,2,0,0,0,27,4,0,false
E:\OOD_Projects\ck-mvn-plugin\dummyBookMyShow-main\src\main\java\com\dummy\bookmyshow\service\impl\GenericServiceImpl.java,com.dummy.bookmyshow.service.impl.GenericServiceImpl,doPayment/1[com.dummy.bookmyshow.entity.Booking],false,302,2,10,1,9,1,11,12,1,2,1,11,0,0,0,0,0,0,2,0,2,0,0,0,0,0,10,2,1,false
E:\OOD_Projects\ck-mvn-plugin\dummyBookMyShow-main\src\main\java\com\dummy\bookmyshow\service\impl\GenericServiceImpl.java,com.dummy.bookmyshow.service.impl.GenericServiceImpl,getAvailableMovies/1[java.lang.String],false,83,5,6,1,5,2,10,18,1,5,1,10,0,0,1,0,0,0,8,0,5,3,1,0,0,0,34,1,3,true
E:\OOD_Projects\ck-mvn-plugin\dummyBookMyShow-main\src\main\java\com\dummy\bookmyshow\service\impl\GenericServiceImpl.java,com.dummy.bookmyshow.service.impl.GenericServiceImpl,"bookSeats/2[java.util.List<com.dummy.bookmyshow.entity.SeatMatrix>,java.lang.String]",false,197,10,27,1,26,6,36,46,1,10,2,36,3,2,1,2,0,1,11,4,12,6,3,0,0,0,124,1,6,true
E:\OOD_Projects\ck-mvn-plugin\dummyBookMyShow-main\src\main\java\com\dummy\bookmyshow\service\impl\GenericServiceImpl.java,com.dummy.bookmyshow.service.impl.GenericServiceImpl,"makeReturnedData/2[com.dummy.bookmyshow.entity.Booking,com.dummy.bookmyshow.entity.User]",false,267,6,11,1,10,3,13,24,1,9,2,13,0,0,0,2,0,0,13,0,9,3,1,0,0,0,30,2,0,false
E:\OOD_Projects\ck-mvn-plugin\dummyBookMyShow-main\src\main\java\com\dummy\bookmyshow\service\impl\GenericServiceImpl.java,com.dummy.bookmyshow.service.impl.GenericServiceImpl,getSupportedCities/0,false,72,1,2,1,1,1,1,3,1,0,0,1,0,0,0,0,0,0,0,0,0,0,0,0,0,0,3,1,0,false
E:\OOD_Projects\ck-mvn-plugin\dummyBookMyShow-main\src\main\java\com\dummy\bookmyshow\service\impl\GenericServiceImpl.java,com.dummy.bookmyshow.service.impl.GenericServiceImpl,"sendNotification/2[com.dummy.bookmyshow.entity.Booking,com.dummy.bookmyshow.entity.User]",false,319,4,15,1,14,1,15,14,1,2,2,15,1,1,0,0,0,0,0,0,2,0,0,0,0,0,25,2,0,false
E:\OOD_Projects\ck-mvn-plugin\dummyBookMyShow-main\src\main\java\com\dummy\bookmyshow\service\impl\GenericServiceImpl.java,com.dummy.bookmyshow.service.impl.GenericServiceImpl,"getSeatMatrix/3[java.lang.String,java.lang.String,java.lang.String]",false,149,6,8,1,7,3,14,20,1,5,3,14,0,0,1,0,0,0,17,0,5,3,2,0,0,0,32,1,3,true
E:\OOD_Projects\ck-mvn-plugin\dummyBookMyShow-main\src\main\java\com\dummy\bookmyshow\service\impl\GenericServiceImpl.java,com.dummy.bookmyshow.service.impl.GenericServiceImpl,"getScreensShowingMovie/3[java.lang.String,java.lang.String,java.lang.String]",false,115,7,4,1,3,3,7,19,1,7,3,7,0,0,2,0,0,0,7,0,7,3,2,0,0,0,47,1,3,true
E:\OOD_Projects\ck-mvn-plugin\dummyBookMyShow-main\src\main\java\com\dummy\bookmyshow\service\impl\GenericServiceImpl.java,com.dummy.bookmyshow.service.impl.GenericServiceImpl,"setTinyUrl/3[com.dummy.bookmyshow.entity.Notification,com.dummy.bookmyshow.entity.Booking,java.lang.String]",false,334,4,8,1,7,1,7,8,0,3,3,7,0,0,0,0,0,0,3,0,3,1,0,0,0,0,14,2,0,false
E:\OOD_Projects\ck-mvn-plugin\dummyBookMyShow-main\src\main\java\com\dummy\bookmyshow\security\AuthRequest.java,com.dummy.bookmyshow.security.AuthRequest,getUsername/0,false,12,0,1,1,0,1,0,3,1,0,0,0,0,0,0,0,0,0,0,0,0,0,0,0,0,0,3,1,0,false
E:\OOD_Projects\ck-mvn-plugin\dummyBookMyShow-main\src\main\java\com\dummy\bookmyshow\security\AuthRequest.java,com.dummy.bookmyshow.security.AuthRequest,getPassword/0,false,20,0,1,1,0,1,0,3,1,0,0,0,0,0,0,0,0,0,0,0,0,0,0,0,0,0,3,1,0,false
E:\OOD_Projects\ck-mvn-plugin\dummyBookMyShow-main\src\main\java\com\dummy\bookmyshow\security\AuthRequest.java,com.dummy.bookmyshow.security.AuthRequest,toString/0,false,29,0,0,0,0,1,0,3,1,0,0,0,0,0,0,0,0,0,3,0,0,1,0,0,0,0,4,1,0,false
E:\OOD_Projects\ck-mvn-plugin\dummyBookMyShow-main\src\main\java\com\dummy\bookmyshow\security\AuthRequest.java,com.dummy.bookmyshow.security.AuthRequest,setPassword/1[java.lang.String],false,24,0,0,0,0,1,0,3,0,0,1,0,0,0,0,0,0,0,0,0,1,0,0,0,0,0,3,1,0,false
E:\OOD_Projects\ck-mvn-plugin\dummyBookMyShow-main\src\main\java\com\dummy\bookmyshow\security\AuthRequest.java,com.dummy.bookmyshow.security.AuthRequest,setUsername/1[java.lang.String],false,16,0,0,0,0,1,0,3,0,0,1,0,0,0,0,0,0,0,0,0,1,0,0,0,0,0,3,1,0,false
E:\OOD_Projects\ck-mvn-plugin\dummyBookMyShow-main\src\main\java\com\dummy\bookmyshow\service\impl\CastServiceImpl.java,com.dummy.bookmyshow.service.impl.CastServiceImpl,findByMovieId/1[java.lang.String],false,30,5,2,1,1,2,5,14,1,5,1,5,0,0,1,0,0,0,4,0,5,3,1,0,0,0,40,1,3,true
E:\OOD_Projects\ck-mvn-plugin\dummyBookMyShow-main\src\main\java\com\dummy\bookmyshow\entity\Url.java,com.dummy.bookmyshow.entity.Url,getOriginalUrl/0,false,38,0,2,2,0,1,0,3,1,0,0,0,0,0,0,0,0,0,0,0,0,0,0,0,0,0,4,1,0,false
E:\OOD_Projects\ck-mvn-plugin\dummyBookMyShow-main\src\main\java\com\dummy\bookmyshow\entity\Url.java,com.dummy.bookmyshow.entity.Url,setOriginalUrl/1[java.lang.String],false,42,0,1,1,0,1,0,3,0,0,1,0,0,0,0,0,0,0,0,0,1,0,0,0,0,0,4,1,0,false
E:\OOD_Projects\ck-mvn-plugin\dummyBookMyShow-main\src\main\java\com\dummy\bookmyshow\entity\Url.java,com.dummy.bookmyshow.entity.Url,toString/0,false,55,0,0,0,0,1,0,3,1,0,0,0,0,0,0,0,0,0,4,0,0,1,0,0,0,0,7,1,0,false
E:\OOD_Projects\ck-mvn-plugin\dummyBookMyShow-main\src\main\java\com\dummy\bookmyshow\entity\Url.java,com.dummy.bookmyshow.entity.Url,getId/0,false,30,0,1,1,0,1,0,3,1,0,0,0,0,0,0,0,0,0,0,0,0,0,0,0,0,0,4,1,0,false
E:\OOD_Projects\ck-mvn-plugin\dummyBookMyShow-main\src\main\java\com\dummy\bookmyshow\entity\Url.java,com.dummy.bookmyshow.entity.Url,getCreatedOn/0,false,46,0,0,0,0,1,0,3,1,0,0,0,0,0,0,0,0,0,0,0,0,0,0,0,0,0,7,1,0,false
E:\OOD_Projects\ck-mvn-plugin\dummyBookMyShow-main\src\main\java\com\dummy\bookmyshow\entity\Url.java,com.dummy.bookmyshow.entity.Url,setCreatedOn/1[java.time.LocalDateTime],false,50,0,2,2,0,1,0,3,0,0,1,0,0,0,0,0,0,0,0,0,1,0,0,0,0,0,7,1,0,false
E:\OOD_Projects\ck-mvn-plugin\dummyBookMyShow-main\src\main\java\com\dummy\bookmyshow\entity\Url.java,com.dummy.bookmyshow.entity.Url,setId/1[java.lang.Long],false,34,0,0,0,0,1,0,3,0,0,1,0,0,0,0,0,0,0,0,0,1,0,0,0,0,0,4,1,0,false
E:\OOD_Projects\ck-mvn-plugin\dummyBookMyShow-main\src\main\java\com\dummy\bookmyshow\controller\MovieController.java,com.dummy.bookmyshow.controller.MovieController,validateInput/1[com.dummy.bookmyshow.entity.Movie],false,75,2,11,1,10,3,20,21,0,1,1,20,0,0,0,1,1,0,12,0,1,0,1,0,0,0,32,2,1,false
E:\OOD_Projects\ck-mvn-plugin\dummyBookMyShow-main\src\main\java\com\dummy\bookmyshow\controller\MovieController.java,com.dummy.bookmyshow.controller.MovieController,registerMovie/1[com.dummy.bookmyshow.entity.Movie],false,47,6,6,0,6,3,13,22,3,2,1,13,1,1,0,0,1,0,13,0,2,7,1,0,0,0,39,1,5,true
E:\OOD_Projects\ck-mvn-plugin\dummyBookMyShow-main\src\main\java\com\dummy\bookmyshow\repository\TheaterRepository.java,com.dummy.bookmyshow.repository.TheaterRepository,"getScreensShowingMovie/2[java.lang.String,java.lang.String]",false,17,3,1,1,0,1,0,1,0,0,2,0,0,0,0,0,0,0,3,0,0,0,0,0,0,0,12,0,0,false
E:\OOD_Projects\ck-mvn-plugin\dummyBookMyShow-main\src\main\java\com\dummy\bookmyshow\repository\TheaterRepository.java,com.dummy.bookmyshow.repository.TheaterRepository,getSupportdCities/0,false,14,1,1,1,0,1,0,1,0,0,0,0,0,0,0,0,0,0,1,0,0,0,0,0,0,0,8,0,0,false
E:\OOD_Projects\ck-mvn-plugin\dummyBookMyShow-main\src\main\java\com\dummy\bookmyshow\entity\SeatMatrix.java,com.dummy.bookmyshow.entity.SeatMatrix,getPrice/0,false,101,0,2,2,0,1,0,3,1,0,0,0,0,0,0,0,0,0,0,0,0,0,0,0,0,0,3,1,0,false
E:\OOD_Projects\ck-mvn-plugin\dummyBookMyShow-main\src\main\java\com\dummy\bookmyshow\entity\SeatMatrix.java,com.dummy.bookmyshow.entity.SeatMatrix,toString/0,false,110,0,0,0,0,1,0,3,1,0,0,0,0,0,0,0,0,0,8,0,0,1,0,0,0,0,12,1,0,false
E:\OOD_Projects\ck-mvn-plugin\dummyBookMyShow-main\src\main\java\com\dummy\bookmyshow\entity\SeatMatrix.java,com.dummy.bookmyshow.entity.SeatMatrix,setBooked/1[boolean],false,65,0,2,2,0,1,0,3,0,0,1,0,0,0,0,0,0,0,0,0,1,0,0,0,0,0,3,1,0,false
E:\OOD_Projects\ck-mvn-plugin\dummyBookMyShow-main\src\main\java\com\dummy\bookmyshow\entity\SeatMatrix.java,com.dummy.bookmyshow.entity.SeatMatrix,getPrimaryKey/0,false,53,1,4,4,0,1,0,3,1,0,0,0,0,0,0,0,0,0,0,0,0,0,0,0,0,0,7,1,0,false
E:\OOD_Projects\ck-mvn-plugin\dummyBookMyShow-main\src\main\java\com\dummy\bookmyshow\entity\SeatMatrix.java,com.dummy.bookmyshow.entity.SeatMatrix,getUpdatedOn/0,false,85,0,0,0,0,1,0,3,1,0,0,0,0,0,0,0,0,0,0,0,0,0,0,0,0,0,7,1,0,false
E:\OOD_Projects\ck-mvn-plugin\dummyBookMyShow-main\src\main\java\com\dummy\bookmyshow\entity\SeatMatrix.java,com.dummy.bookmyshow.entity.SeatMatrix,setPrimaryKey/1[com.dummy.bookmyshow.entity.SeatMatrixPk],false,57,1,1,1,0,1,0,3,0,0,1,0,0,0,0,0,0,0,0,0,1,0,0,0,0,0,7,1,0,false
E:\OOD_Projects\ck-mvn-plugin\dummyBookMyShow-main\src\main\java\com\dummy\bookmyshow\entity\SeatMatrix.java,com.dummy.bookmyshow.entity.SeatMatrix,setUpdatedOn/1[java.time.LocalDateTime],false,89,0,0,0,0,1,0,3,0,0,1,0,0,0,0,0,0,0,0,0,1,0,0,0,0,0,7,1,0,false
E:\OOD_Projects\ck-mvn-plugin\dummyBookMyShow-main\src\main\java\com\dummy\bookmyshow\entity\SeatMatrix.java,com.dummy.bookmyshow.entity.SeatMatrix,getDeleted/0,false,93,0,0,0,0,1,0,3,1,0,0,0,0,0,0,0,0,0,0,0,0,0,0,0,0,0,6,1,0,false
E:\OOD_Projects\ck-mvn-plugin\dummyBookMyShow-main\src\main\java\com\dummy\bookmyshow\entity\SeatMatrix.java,com.dummy.bookmyshow.entity.SeatMatrix,getCreatedOn/0,false,77,0,1,1,0,1,0,3,1,0,0,0,0,0,0,0,0,0,0,0,0,0,0,0,0,0,7,1,0,false
E:\OOD_Projects\ck-mvn-plugin\dummyBookMyShow-main\src\main\java\com\dummy\bookmyshow\entity\SeatMatrix.java,com.dummy.bookmyshow.entity.SeatMatrix,setPrice/1[int],false,105,0,1,1,0,1,0,3,0,0,1,0,0,0,0,0,0,0,0,0,1,0,0,0,0,0,3,1,0,false
E:\OOD_Projects\ck-mvn-plugin\dummyBookMyShow-main\src\main\java\com\dummy\bookmyshow\entity\SeatMatrix.java,com.dummy.bookmyshow.entity.SeatMatrix,getSeatType/0,false,69,1,1,1,0,1,0,3,1,0,0,0,0,0,0,0,0,0,0,0,0,0,0,0,0,0,4,1,0,false
E:\OOD_Projects\ck-mvn-plugin\dummyBookMyShow-main\src\main\java\com\dummy\bookmyshow\entity\SeatMatrix.java,com.dummy.bookmyshow.entity.SeatMatrix,isBooked/0,false,61,0,1,1,0,1,0,3,1,0,0,0,0,0,0,0,0,0,0,0,0,0,0,0,0,0,3,1,0,false
E:\OOD_Projects\ck-mvn-plugin\dummyBookMyShow-main\src\main\java\com\dummy\bookmyshow\entity\SeatMatrix.java,com.dummy.bookmyshow.entity.SeatMatrix,setSeatType/1[com.dummy.bookmyshow.enums.SeatType],false,73,1,1,1,0,1,0,3,0,0,1,0,0,0,0,0,0,0,0,0,1,0,0,0,0,0,4,1,0,false
E:\OOD_Projects\ck-mvn-plugin\dummyBookMyShow-main\src\main\java\com\dummy\bookmyshow\entity\SeatMatrix.java,com.dummy.bookmyshow.entity.SeatMatrix,setDeleted/1[java.time.LocalDateTime],false,97,0,0,0,0,1,0,3,0,0,1,0,0,0,0,0,0,0,0,0,1,0,0,0,0,0,6,1,0,false
E:\OOD_Projects\ck-mvn-plugin\dummyBookMyShow-main\src\main\java\com\dummy\bookmyshow\entity\SeatMatrix.java,com.dummy.bookmyshow.entity.SeatMatrix,setCreatedOn/1[java.time.LocalDateTime],false,81,0,1,1,0,1,0,3,0,0,1,0,0,0,0,0,0,0,0,0,1,0,0,0,0,0,7,1,0,false
E:\OOD_Projects\ck-mvn-plugin\dummyBookMyShow-main\src\main\java\com\dummy\bookmyshow\SwaggerConfig.java,com.dummy.bookmyshow.SwaggerConfig,api/0,false,15,2,0,0,0,1,5,3,1,0,0,5,0,0,0,0,0,0,0,0,0,0,0,0,0,0,2,1,0,false
E:\OOD_Projects\ck-mvn-plugin\dummyBookMyShow-main\src\main\java\com\dummy\bookmyshow\security\JwtUtils.java,com.dummy.bookmyshow.security.JwtUtils,extractExpiration/1[java.lang.String],false,23,1,2,1,1,1,1,3,1,0,1,1,0,0,0,0,0,0,0,0,0,0,0,0,0,0,5,1,0,false
E:\OOD_Projects\ck-mvn-plugin\dummyBookMyShow-main\src\main\java\com\dummy\bookmyshow\security\JwtUtils.java,com.dummy.bookmyshow.security.JwtUtils,"validateToken/2[java.lang.String,com.dummy.bookmyshow.security.UserDetails]",false,51,2,3,1,2,1,4,4,1,1,2,4,2,2,0,0,0,1,0,0,1,0,0,0,0,0,11,1,0,false
E:\OOD_Projects\ck-mvn-plugin\dummyBookMyShow-main\src\main\java\com\dummy\bookmyshow\security\JwtUtils.java,com.dummy.bookmyshow.security.JwtUtils,"createToken/2[java.util.Map<java.lang.String,java.lang.Object>,java.lang.String]",false,44,0,1,1,0,1,8,3,1,0,2,8,0,0,0,0,0,0,0,1,0,1,0,0,0,0,7,2,0,false
E:\OOD_Projects\ck-mvn-plugin\dummyBookMyShow-main\src\main\java\com\dummy\bookmyshow\security\JwtUtils.java,com.dummy.bookmyshow.security.JwtUtils,generateToken/1[java.lang.String],false,39,1,2,1,1,1,1,4,1,1,1,1,1,1,0,0,0,0,0,0,1,0,0,0,0,0,5,1,0,false
E:\OOD_Projects\ck-mvn-plugin\dummyBookMyShow-main\src\main\java\com\dummy\bookmyshow\security\JwtUtils.java,com.dummy.bookmyshow.security.JwtUtils,isTokenExpired/1[java.lang.String],false,35,1,2,1,1,1,2,3,1,0,1,2,1,1,0,0,0,0,0,0,0,0,0,0,0,0,8,2,0,false
E:\OOD_Projects\ck-mvn-plugin\dummyBookMyShow-main\src\main\java\com\dummy\bookmyshow\security\JwtUtils.java,com.dummy.bookmyshow.security.JwtUtils,"extractClaim/2[java.lang.String,java.util.function.Function<com.dummy.bookmyshow.security.Claims,T>]",false,27,3,1,0,1,1,2,4,1,1,2,2,1,1,0,0,0,0,0,0,1,0,0,0,0,0,8,1,0,false
E:\OOD_Projects\ck-mvn-plugin\dummyBookMyShow-main\src\main\java\com\dummy\bookmyshow\security\JwtUtils.java,com.dummy.bookmyshow.security.JwtUtils,extractUsername/1[java.lang.String],false,19,1,3,2,1,1,1,3,1,0,1,1,0,0,0,0,0,0,0,0,0,0,0,0,0,0,4,1,0,false
E:\OOD_Projects\ck-mvn-plugin\dummyBookMyShow-main\src\main\java\com\dummy\bookmyshow\security\JwtUtils.java,com.dummy.bookmyshow.security.JwtUtils,extractAllClaims/1[java.lang.String],false,31,1,1,1,0,1,4,3,1,0,1,4,0,0,0,0,0,0,0,0,0,0,0,0,0,0,5,2,0,false
E:\OOD_Projects\ck-mvn-plugin\dummyBookMyShow-main\src\main\java\com\dummy\bookmyshow\controller\CastController.java,com.dummy.bookmyshow.controller.CastController,addCast/1[java.lang.String],false,102,6,2,0,2,3,7,16,3,1,1,7,0,0,0,0,1,0,8,0,1,4,1,0,0,0,34,1,4,true
E:\OOD_Projects\ck-mvn-plugin\dummyBookMyShow-main\src\main\java\com\dummy\bookmyshow\controller\CastController.java,com.dummy.bookmyshow.controller.CastController,addCast/1[java.util.List<com.dummy.bookmyshow.entity.Cast>],false,57,7,6,0,6,5,15,29,3,2,1,15,1,1,1,1,1,0,15,0,2,6,3,0,0,0,59,1,7,true
E:\OOD_Projects\ck-mvn-plugin\dummyBookMyShow-main\src\main\java\com\dummy\bookmyshow\controller\CastController.java,com.dummy.bookmyshow.controller.CastController,validateInput/1[com.dummy.bookmyshow.entity.Cast],false,125,2,5,1,4,3,11,15,0,1,1,11,0,0,0,1,1,0,6,0,1,0,1,0,0,0,30,2,1,true
E:\OOD_Projects\ck-mvn-plugin\dummyBookMyShow-main\src\main\java\com\dummy\bookmyshow\entity\Cast.java,com.dummy.bookmyshow.entity.Cast,getId/0,false,35,0,0,0,0,1,0,3,1,0,0,0,0,0,0,0,0,0,0,0,0,0,0,0,0,0,4,1,0,false
E:\OOD_Projects\ck-mvn-plugin\dummyBookMyShow-main\src\main\java\com\dummy\bookmyshow\entity\Cast.java,com.dummy.bookmyshow.entity.Cast,getMovieId/0,false,43,0,2,2,0,1,0,3,1,0,0,0,0,0,0,0,0,0,0,0,0,0,0,0,0,0,4,1,0,false
E:\OOD_Projects\ck-mvn-plugin\dummyBookMyShow-main\src\main\java\com\dummy\bookmyshow\entity\Cast.java,com.dummy.bookmyshow.entity.Cast,toString/0,false,76,0,0,0,0,1,0,3,1,0,0,0,0,0,0,0,0,0,6,0,0,1,0,0,0,0,10,1,0,false
E:\OOD_Projects\ck-mvn-plugin\dummyBookMyShow-main\src\main\java\com\dummy\bookmyshow\entity\Cast.java,com.dummy.bookmyshow.entity.Cast,setMovieId/1[java.lang.String],false,47,0,0,0,0,1,0,3,0,0,1,0,0,0,0,0,0,0,0,0,1,0,0,0,0,0,4,1,0,false
E:\OOD_Projects\ck-mvn-plugin\dummyBookMyShow-main\src\main\java\com\dummy\bookmyshow\entity\Cast.java,com.dummy.bookmyshow.entity.Cast,getCharacterOccupation/0,false,59,0,1,1,0,1,0,3,1,0,0,0,0,0,0,0,0,0,0,0,0,0,0,0,0,0,4,1,0,false
E:\OOD_Projects\ck-mvn-plugin\dummyBookMyShow-main\src\main\java\com\dummy\bookmyshow\entity\Cast.java,com.dummy.bookmyshow.entity.Cast,setId/1[java.lang.Long],false,39,0,0,0,0,1,0,3,0,0,1,0,0,0,0,0,0,0,0,0,1,0,0,0,0,0,4,1,0,false
E:\OOD_Projects\ck-mvn-plugin\dummyBookMyShow-main\src\main\java\com\dummy\bookmyshow\entity\Cast.java,com.dummy.bookmyshow.entity.Cast,getCharacterName/0,false,51,0,1,1,0,1,0,3,1,0,0,0,0,0,0,0,0,0,0,0,0,0,0,0,0,0,4,1,0,false
E:\OOD_Projects\ck-mvn-plugin\dummyBookMyShow-main\src\main\java\com\dummy\bookmyshow\entity\Cast.java,com.dummy.bookmyshow.entity.Cast,getCastDetails/0,false,67,0,1,1,0,1,0,3,1,0,0,0,0,0,0,0,0,0,0,0,0,0,0,0,0,0,4,1,0,false
E:\OOD_Projects\ck-mvn-plugin\dummyBookMyShow-main\src\main\java\com\dummy\bookmyshow\entity\Cast.java,com.dummy.bookmyshow.entity.Cast,setCharacterOccupation/1[java.lang.String],false,63,0,0,0,0,1,0,3,0,0,1,0,0,0,0,0,0,0,0,0,1,0,0,0,0,0,4,1,0,false
E:\OOD_Projects\ck-mvn-plugin\dummyBookMyShow-main\src\main\java\com\dummy\bookmyshow\entity\Cast.java,com.dummy.bookmyshow.entity.Cast,setCastDetails/1[java.lang.String],false,71,0,0,0,0,1,0,3,0,0,1,0,0,0,0,0,0,0,0,0,1,0,0,0,0,0,4,1,0,false
E:\OOD_Projects\ck-mvn-plugin\dummyBookMyShow-main\src\main\java\com\dummy\bookmyshow\entity\Cast.java,com.dummy.bookmyshow.entity.Cast,setCharacterName/1[java.lang.String],false,55,0,0,0,0,1,0,3,0,0,1,0,0,0,0,0,0,0,0,0,1,0,0,0,0,0,4,1,0,false
E:\OOD_Projects\ck-mvn-plugin\dummyBookMyShow-main\src\main\java\com\dummy\bookmyshow\BookmyshowApplication.java,com.dummy.bookmyshow.BookmyshowApplication,main/1[java.lang.String[]],false,30,1,0,0,0,1,1,3,0,0,1,1,0,0,0,0,0,0,0,0,0,0,0,0,0,0,2,9,0,false
E:\OOD_Projects\ck-mvn-plugin\dummyBookMyShow-main\src\main\java\com\dummy\bookmyshow\BookmyshowApplication.java,com.dummy.bookmyshow.BookmyshowApplication,initUsers/0,false,38,2,8,0,8,1,10,24,0,3,0,10,0,0,0,0,0,0,14,0,3,0,0,0,0,0,13,1,2,true
E:\OOD_Projects\ck-mvn-plugin\dummyBookMyShow-main\src\main\java\com\dummy\bookmyshow\util\ResponseParser.java,com.dummy.bookmyshow.util.ResponseParser,getDeveloperMessage/0,false,46,0,0,0,0,1,0,3,1,0,0,0,0,0,0,0,0,0,0,0,0,0,0,0,0,0,4,1,0,false
E:\OOD_Projects\ck-mvn-plugin\dummyBookMyShow-main\src\main\java\com\dummy\bookmyshow\util\ResponseParser.java,com.dummy.bookmyshow.util.ResponseParser,toString/0,false,62,0,0,0,0,1,0,3,1,0,0,0,0,0,0,0,0,0,4,0,0,1,0,0,0,0,7,1,0,false
E:\OOD_Projects\ck-mvn-plugin\dummyBookMyShow-main\src\main\java\com\dummy\bookmyshow\util\ResponseParser.java,com.dummy.bookmyshow.util.ResponseParser,"build/3[int,java.lang.String,java.lang.String]",false,31,1,16,16,0,1,0,6,1,0,3,0,0,0,0,0,0,0,0,0,3,0,0,0,0,0,12,1,0,true
E:\OOD_Projects\ck-mvn-plugin\dummyBookMyShow-main\src\main\java\com\dummy\bookmyshow\util\ResponseParser.java,com.dummy.bookmyshow.util.ResponseParser,getStatusCode/0,false,38,0,0,0,0,1,0,3,1,0,0,0,0,0,0,0,0,0,0,0,0,0,0,0,0,0,4,1,0,false
E:\OOD_Projects\ck-mvn-plugin\dummyBookMyShow-main\src\main\java\com\dummy\bookmyshow\util\ResponseParser.java,com.dummy.bookmyshow.util.ResponseParser,getUserMessage/0,false,54,0,0,0,0,1,0,3,1,0,0,0,0,0,0,0,0,0,0,0,0,0,0,0,0,0,4,1,0,false
E:\OOD_Projects\ck-mvn-plugin\dummyBookMyShow-main\src\main\java\com\dummy\bookmyshow\util\ResponseParser.java,com.dummy.bookmyshow.util.ResponseParser,setUserMessage/1[java.lang.String],false,58,0,0,0,0,1,0,3,0,0,1,0,0,0,0,0,0,0,0,0,1,0,0,0,0,0,4,1,0,false
E:\OOD_Projects\ck-mvn-plugin\dummyBookMyShow-main\src\main\java\com\dummy\bookmyshow\util\ResponseParser.java,com.dummy.bookmyshow.util.ResponseParser,setStatusCode/1[int],false,42,0,0,0,0,1,0,3,0,0,1,0,0,0,0,0,0,0,0,0,1,0,0,0,0,0,4,1,0,false
E:\OOD_Projects\ck-mvn-plugin\dummyBookMyShow-main\src\main\java\com\dummy\bookmyshow\util\ResponseParser.java,com.dummy.bookmyshow.util.ResponseParser,setDeveloperMessage/1[java.lang.String],false,50,0,0,0,0,1,0,3,0,0,1,0,0,0,0,0,0,0,0,0,1,0,0,0,0,0,4,1,0,false
E:\OOD_Projects\ck-mvn-plugin\dummyBookMyShow-main\src\main\java\com\dummy\bookmyshow\repository\MovieRepository.java,com.dummy.bookmyshow.repository.MovieRepository,getAvailableMovies/1[java.lang.String],false,17,3,1,1,0,1,0,1,0,0,1,0,0,0,0,0,0,0,2,0,0,0,0,0,0,0,14,0,0,false
E:\OOD_Projects\ck-mvn-plugin\dummyBookMyShow-main\src\main\java\com\dummy\bookmyshow\entity\Movie.java,com.dummy.bookmyshow.entity.Movie,setType/1[java.lang.String],false,109,0,0,0,0,1,0,3,0,0,1,0,0,0,0,0,0,0,0,0,1,0,0,0,0,0,3,1,0,false
E:\OOD_Projects\ck-mvn-plugin\dummyBookMyShow-main\src\main\java\com\dummy\bookmyshow\entity\Movie.java,com.dummy.bookmyshow.entity.Movie,setReleaseYear/1[java.lang.String],false,149,0,0,0,0,1,0,3,0,0,1,0,0,0,0,0,0,0,0,0,1,0,0,0,0,0,4,1,0,false
E:\OOD_Projects\ck-mvn-plugin\dummyBookMyShow-main\src\main\java\com\dummy\bookmyshow\entity\Movie.java,com.dummy.bookmyshow.entity.Movie,setUpdatedOn/1[java.time.LocalDateTime],false,205,0,1,1,0,1,0,3,0,0,1,0,0,0,0,0,0,0,0,0,1,0,0,0,0,0,7,1,0,false
E:\OOD_Projects\ck-mvn-plugin\dummyBookMyShow-main\src\main\java\com\dummy\bookmyshow\entity\Movie.java,com.dummy.bookmyshow.entity.Movie,setRating/1[java.lang.String],false,133,0,0,0,0,1,0,3,0,0,1,0,0,0,0,0,0,0,0,0,1,0,0,0,0,0,3,1,0,false
E:\OOD_Projects\ck-mvn-plugin\dummyBookMyShow-main\src\main\java\com\dummy\bookmyshow\entity\Movie.java,com.dummy.bookmyshow.entity.Movie,getCreatedOn/0,false,193,0,1,1,0,1,0,3,1,0,0,0,0,0,0,0,0,0,0,0,0,0,0,0,0,0,7,1,0,false
E:\OOD_Projects\ck-mvn-plugin\dummyBookMyShow-main\src\main\java\com\dummy\bookmyshow\entity\Movie.java,com.dummy.bookmyshow.entity.Movie,getActiveDateEnd/0,false,161,0,2,2,0,1,0,3,1,0,0,0,0,0,0,0,0,0,0,0,0,0,0,0,0,0,7,1,0,false
E:\OOD_Projects\ck-mvn-plugin\dummyBookMyShow-main\src\main\java\com\dummy\bookmyshow\entity\Movie.java,com.dummy.bookmyshow.entity.Movie,getType/0,false,105,0,1,1,0,1,0,3,1,0,0,0,0,0,0,0,0,0,0,0,0,0,0,0,0,0,3,1,0,false
E:\OOD_Projects\ck-mvn-plugin\dummyBookMyShow-main\src\main\java\com\dummy\bookmyshow\entity\Movie.java,com.dummy.bookmyshow.entity.Movie,getPlot/0,false,225,0,0,0,0,1,0,3,1,0,0,0,0,0,0,0,0,0,0,0,0,0,0,0,0,0,3,1,0,false
E:\OOD_Projects\ck-mvn-plugin\dummyBookMyShow-main\src\main\java\com\dummy\bookmyshow\entity\Movie.java,com.dummy.bookmyshow.entity.Movie,getCastId/0,false,137,0,0,0,0,1,0,3,1,0,0,0,0,0,0,0,0,0,0,0,0,0,0,0,0,0,4,1,0,false
E:\OOD_Projects\ck-mvn-plugin\dummyBookMyShow-main\src\main\java\com\dummy\bookmyshow\entity\Movie.java,com.dummy.bookmyshow.entity.Movie,setDuration/1[java.lang.String],false,189,0,0,0,0,1,0,3,0,0,1,0,0,0,0,0,0,0,0,0,1,0,0,0,0,0,3,1,0,false
E:\OOD_Projects\ck-mvn-plugin\dummyBookMyShow-main\src\main\java\com\dummy\bookmyshow\entity\Movie.java,com.dummy.bookmyshow.entity.Movie,getTrailerUrl/0,false,169,0,1,1,0,1,0,3,1,0,0,0,0,0,0,0,0,0,0,0,0,0,0,0,0,0,4,1,0,false
E:\OOD_Projects\ck-mvn-plugin\dummyBookMyShow-main\src\main\java\com\dummy\bookmyshow\entity\Movie.java,com.dummy.bookmyshow.entity.Movie,setLanguage/1[com.dummy.bookmyshow.enums.Language],false,117,1,0,0,0,1,0,3,0,0,1,0,0,0,0,0,0,0,0,0,1,0,0,0,0,0,3,1,0,false
E:\OOD_Projects\ck-mvn-plugin\dummyBookMyShow-main\src\main\java\com\dummy\bookmyshow\entity\Movie.java,com.dummy.bookmyshow.entity.Movie,setActiveDateStart/1[java.time.LocalDateTime],false,157,0,0,0,0,1,0,3,0,0,1,0,0,0,0,0,0,0,0,0,1,0,0,0,0,0,7,1,0,false
E:\OOD_Projects\ck-mvn-plugin\dummyBookMyShow-main\src\main\java\com\dummy\bookmyshow\entity\Movie.java,com.dummy.bookmyshow.entity.Movie,getUpdatedOn/0,false,201,0,1,1,0,1,0,3,1,0,0,0,0,0,0,0,0,0,0,0,0,0,0,0,0,0,7,1,0,false
E:\OOD_Projects\ck-mvn-plugin\dummyBookMyShow-main\src\main\java\com\dummy\bookmyshow\entity\Movie.java,com.dummy.bookmyshow.entity.Movie,setDirector/1[java.lang.String],false,221,0,0,0,0,1,0,3,0,0,1,0,0,0,0,0,0,0,0,0,1,0,0,0,0,0,3,1,0,false
E:\OOD_Projects\ck-mvn-plugin\dummyBookMyShow-main\src\main\java\com\dummy\bookmyshow\entity\Movie.java,com.dummy.bookmyshow.entity.Movie,setActiveDateEnd/1[java.time.LocalDateTime],false,165,0,0,0,0,1,0,3,0,0,1,0,0,0,0,0,0,0,0,0,1,0,0,0,0,0,7,1,0,false
E:\OOD_Projects\ck-mvn-plugin\dummyBookMyShow-main\src\main\java\com\dummy\bookmyshow\entity\Movie.java,com.dummy.bookmyshow.entity.Movie,getLanguage/0,false,113,1,1,1,0,1,0,3,1,0,0,0,0,0,0,0,0,0,0,0,0,0,0,0,0,0,3,1,0,false
E:\OOD_Projects\ck-mvn-plugin\dummyBookMyShow-main\src\main\java\com\dummy\bookmyshow\entity\Movie.java,com.dummy.bookmyshow.entity.Movie,toString/0,false,234,0,1,1,0,1,0,3,1,0,0,0,0,0,0,0,0,0,19,0,0,1,0,0,0,0,26,1,0,false
E:\OOD_Projects\ck-mvn-plugin\dummyBookMyShow-main\src\main\java\com\dummy\bookmyshow\entity\Movie.java,com.dummy.bookmyshow.entity.Movie,setCastId/1[java.lang.String],false,141,0,1,1,0,1,0,3,0,0,1,0,0,0,0,0,0,0,0,0,1,0,0,0,0,0,4,1,0,false
E:\OOD_Projects\ck-mvn-plugin\dummyBookMyShow-main\src\main\java\com\dummy\bookmyshow\entity\Movie.java,com.dummy.bookmyshow.entity.Movie,setPlot/1[java.lang.String],false,229,0,0,0,0,1,0,3,0,0,1,0,0,0,0,0,0,0,0,0,1,0,0,0,0,0,3,1,0,false
E:\OOD_Projects\ck-mvn-plugin\dummyBookMyShow-main\src\main\java\com\dummy\bookmyshow\entity\Movie.java,com.dummy.bookmyshow.entity.Movie,setTheaterId/1[java.lang.String],false,125,0,0,0,0,1,0,3,0,0,1,0,0,0,0,0,0,0,0,0,1,0,0,0,0,0,4,1,0,false
E:\OOD_Projects\ck-mvn-plugin\dummyBookMyShow-main\src\main\java\com\dummy\bookmyshow\entity\Movie.java,com.dummy.bookmyshow.entity.Movie,setCreatedOn/1[java.time.LocalDateTime],false,197,0,1,1,0,1,0,3,0,0,1,0,0,0,0,0,0,0,0,0,1,0,0,0,0,0,7,1,0,false
E:\OOD_Projects\ck-mvn-plugin\dummyBookMyShow-main\src\main\java\com\dummy\bookmyshow\entity\Movie.java,com.dummy.bookmyshow.entity.Movie,setDeleted/1[java.time.LocalDateTime],false,213,0,0,0,0,1,0,3,0,0,1,0,0,0,0,0,0,0,0,0,1,0,0,0,0,0,6,1,0,false
E:\OOD_Projects\ck-mvn-plugin\dummyBookMyShow-main\src\main\java\com\dummy\bookmyshow\entity\Movie.java,com.dummy.bookmyshow.entity.Movie,getActiveDateStart/0,false,153,0,2,2,0,1,0,3,1,0,0,0,0,0,0,0,0,0,0,0,0,0,0,0,0,0,7,1,0,false
E:\OOD_Projects\ck-mvn-plugin\dummyBookMyShow-main\src\main\java\com\dummy\bookmyshow\entity\Movie.java,com.dummy.bookmyshow.entity.Movie,getName/0,false,97,0,4,4,0,1,0,3,1,0,0,0,0,0,0,0,0,0,0,0,0,0,0,0,0,0,3,1,0,false
E:\OOD_Projects\ck-mvn-plugin\dummyBookMyShow-main\src\main\java\com\dummy\bookmyshow\entity\Movie.java,com.dummy.bookmyshow.entity.Movie,setName/1[java.lang.String],false,101,0,0,0,0,1,0,3,0,0,1,0,0,0,0,0,0,0,0,0,1,0,0,0,0,0,3,1,0,false
E:\OOD_Projects\ck-mvn-plugin\dummyBookMyShow-main\src\main\java\com\dummy\bookmyshow\entity\Movie.java,com.dummy.bookmyshow.entity.Movie,setPosterUrl/1[java.lang.String],false,181,0,0,0,0,1,0,3,0,0,1,0,0,0,0,0,0,0,0,0,1,0,0,0,0,0,4,1,0,false
E:\OOD_Projects\ck-mvn-plugin\dummyBookMyShow-main\src\main\java\com\dummy\bookmyshow\entity\Movie.java,com.dummy.bookmyshow.entity.Movie,getPosterUrl/0,false,177,0,1,1,0,1,0,3,1,0,0,0,0,0,0,0,0,0,0,0,0,0,0,0,0,0,4,1,0,false
E:\OOD_Projects\ck-mvn-plugin\dummyBookMyShow-main\src\main\java\com\dummy\bookmyshow\entity\Movie.java,com.dummy.bookmyshow.entity.Movie,getDirector/0,false,217,0,0,0,0,1,0,3,1,0,0,0,0,0,0,0,0,0,0,0,0,0,0,0,0,0,3,1,0,false
E:\OOD_Projects\ck-mvn-plugin\dummyBookMyShow-main\src\main\java\com\dummy\bookmyshow\entity\Movie.java,com.dummy.bookmyshow.entity.Movie,getReleaseYear/0,false,145,0,1,1,0,1,0,3,1,0,0,0,0,0,0,0,0,0,0,0,0,0,0,0,0,0,4,1,0,false
E:\OOD_Projects\ck-mvn-plugin\dummyBookMyShow-main\src\main\java\com\dummy\bookmyshow\entity\Movie.java,com.dummy.bookmyshow.entity.Movie,getMovieId/0,false,89,0,0,0,0,1,0,3,1,0,0,0,0,0,0,0,0,0,0,0,0,0,0,0,0,0,4,1,0,false
E:\OOD_Projects\ck-mvn-plugin\dummyBookMyShow-main\src\main\java\com\dummy\bookmyshow\entity\Movie.java,com.dummy.bookmyshow.entity.Movie,getRating/0,false,129,0,0,0,0,1,0,3,1,0,0,0,0,0,0,0,0,0,0,0,0,0,0,0,0,0,3,1,0,false
E:\OOD_Projects\ck-mvn-plugin\dummyBookMyShow-main\src\main\java\com\dummy\bookmyshow\entity\Movie.java,com.dummy.bookmyshow.entity.Movie,setTrailerUrl/1[java.lang.String],false,173,0,0,0,0,1,0,3,0,0,1,0,0,0,0,0,0,0,0,0,1,0,0,0,0,0,4,1,0,false
E:\OOD_Projects\ck-mvn-plugin\dummyBookMyShow-main\src\main\java\com\dummy\bookmyshow\entity\Movie.java,com.dummy.bookmyshow.entity.Movie,setMovieId/1[java.lang.String],false,93,0,1,1,0,1,0,3,0,0,1,0,0,0,0,0,0,0,0,0,1,0,0,0,0,0,4,1,0,false
E:\OOD_Projects\ck-mvn-plugin\dummyBookMyShow-main\src\main\java\com\dummy\bookmyshow\entity\Movie.java,com.dummy.bookmyshow.entity.Movie,getTheaterId/0,false,121,0,1,1,0,1,0,3,1,0,0,0,0,0,0,0,0,0,0,0,0,0,0,0,0,0,4,1,0,false
E:\OOD_Projects\ck-mvn-plugin\dummyBookMyShow-main\src\main\java\com\dummy\bookmyshow\entity\Movie.java,com.dummy.bookmyshow.entity.Movie,getDuration/0,false,185,0,1,1,0,1,0,3,1,0,0,0,0,0,0,0,0,0,0,0,0,0,0,0,0,0,3,1,0,false
E:\OOD_Projects\ck-mvn-plugin\dummyBookMyShow-main\src\main\java\com\dummy\bookmyshow\entity\Movie.java,com.dummy.bookmyshow.entity.Movie,getDeleted/0,false,209,0,0,0,0,1,0,3,1,0,0,0,0,0,0,0,0,0,0,0,0,0,0,0,0,0,6,1,0,false
E:\OOD_Projects\ck-mvn-plugin\dummyBookMyShow-main\src\main\java\com\dummy\bookmyshow\entity\User.java,com.dummy.bookmyshow.entity.User,setLastName/1[java.lang.String],false,75,0,1,1,0,1,0,3,0,0,1,0,0,0,0,0,0,0,0,0,1,0,0,0,0,0,4,1,0,false
E:\OOD_Projects\ck-mvn-plugin\dummyBookMyShow-main\src\main\java\com\dummy\bookmyshow\entity\User.java,com.dummy.bookmyshow.entity.User,setUserType/1[com.dummy.bookmyshow.enums.UserType],false,91,1,2,2,0,1,0,3,0,0,1,0,0,0,0,0,0,0,0,0,1,0,0,0,0,0,4,1,0,false
E:\OOD_Projects\ck-mvn-plugin\dummyBookMyShow-main\src\main\java\com\dummy\bookmyshow\entity\User.java,com.dummy.bookmyshow.entity.User,getUserName/0,false,103,0,2,2,0,1,0,3,1,0,0,0,0,0,0,0,0,0,0,0,0,0,0,0,0,0,4,1,0,false
E:\OOD_Projects\ck-mvn-plugin\dummyBookMyShow-main\src\main\java\com\dummy\bookmyshow\entity\User.java,com.dummy.bookmyshow.entity.User,getAuthentication/0,false,111,0,2,2,0,1,0,3,1,0,0,0,0,0,0,0,0,0,0,0,0,0,0,0,0,0,3,1,0,false
E:\OOD_Projects\ck-mvn-plugin\dummyBookMyShow-main\src\main\java\com\dummy\bookmyshow\entity\User.java,com.dummy.bookmyshow.entity.User,getUserType/0,false,87,1,2,2,0,1,0,3,1,0,0,0,0,0,0,0,0,0,0,0,0,0,0,0,0,0,4,1,0,false
E:\OOD_Projects\ck-mvn-plugin\dummyBookMyShow-main\src\main\java\com\dummy\bookmyshow\entity\User.java,com.dummy.bookmyshow.entity.User,getUpdatedOn/0,false,127,0,0,0,0,1,0,3,1,0,0,0,0,0,0,0,0,0,0,0,0,0,0,0,0,0,7,1,0,false
E:\OOD_Projects\ck-mvn-plugin\dummyBookMyShow-main\src\main\java\com\dummy\bookmyshow\entity\User.java,com.dummy.bookmyshow.entity.User,toString/0,false,144,0,2,2,0,1,0,3,1,0,0,0,0,0,0,0,0,0,11,0,0,1,0,0,0,0,15,1,0,false
E:\OOD_Projects\ck-mvn-plugin\dummyBookMyShow-main\src\main\java\com\dummy\bookmyshow\entity\User.java,com.dummy.bookmyshow.entity.User,getFirstName/0,false,63,0,3,3,0,1,0,3,1,0,0,0,0,0,0,0,0,0,0,0,0,0,0,0,0,0,4,1,0,false
E:\OOD_Projects\ck-mvn-plugin\dummyBookMyShow-main\src\main\java\com\dummy\bookmyshow\entity\User.java,com.dummy.bookmyshow.entity.User,setAuthentication/1[java.lang.String],false,115,0,1,1,0,1,0,3,0,0,1,0,0,0,0,0,0,0,0,0,1,0,0,0,0,0,3,1,0,false
E:\OOD_Projects\ck-mvn-plugin\dummyBookMyShow-main\src\main\java\com\dummy\bookmyshow\entity\User.java,com.dummy.bookmyshow.entity.User,getEmail/0,false,95,0,2,2,0,1,0,3,1,0,0,0,0,0,0,0,0,0,0,0,0,0,0,0,0,0,3,1,0,false
E:\OOD_Projects\ck-mvn-plugin\dummyBookMyShow-main\src\main\java\com\dummy\bookmyshow\entity\User.java,com.dummy.bookmyshow.entity.User,setFirstName/1[java.lang.String],false,67,0,1,1,0,1,0,3,0,0,1,0,0,0,0,0,0,0,0,0,1,0,0,0,0,0,4,1,0,false
E:\OOD_Projects\ck-mvn-plugin\dummyBookMyShow-main\src\main\java\com\dummy\bookmyshow\entity\User.java,com.dummy.bookmyshow.entity.User,getDeleted/0,false,135,0,0,0,0,1,0,3,1,0,0,0,0,0,0,0,0,0,0,0,0,0,0,0,0,0,6,1,0,false
E:\OOD_Projects\ck-mvn-plugin\dummyBookMyShow-main\src\main\java\com\dummy\bookmyshow\entity\User.java,com.dummy.bookmyshow.entity.User,setCreatedOn/1[java.time.LocalDateTime],false,123,0,1,1,0,1,0,3,0,0,1,0,0,0,0,0,0,0,0,0,1,0,0,0,0,0,7,1,0,false
E:\OOD_Projects\ck-mvn-plugin\dummyBookMyShow-main\src\main\java\com\dummy\bookmyshow\entity\User.java,com.dummy.bookmyshow.entity.User,getMobileNumber/0,false,79,0,3,3,0,1,0,3,1,0,0,0,0,0,0,0,0,0,0,0,0,0,0,0,0,0,4,1,0,false
E:\OOD_Projects\ck-mvn-plugin\dummyBookMyShow-main\src\main\java\com\dummy\bookmyshow\entity\User.java,com.dummy.bookmyshow.entity.User,setEmail/1[java.lang.String],false,99,0,1,1,0,1,0,3,0,0,1,0,0,0,0,0,0,0,0,0,1,0,0,0,0,0,3,1,0,false
E:\OOD_Projects\ck-mvn-plugin\dummyBookMyShow-main\src\main\java\com\dummy\bookmyshow\entity\User.java,com.dummy.bookmyshow.entity.User,setUpdatedOn/1[java.time.LocalDateTime],false,131,0,0,0,0,1,0,3,0,0,1,0,0,0,0,0,0,0,0,0,1,0,0,0,0,0,7,1,0,false
E:\OOD_Projects\ck-mvn-plugin\dummyBookMyShow-main\src\main\java\com\dummy\bookmyshow\entity\User.java,com.dummy.bookmyshow.entity.User,getCreatedOn/0,false,119,0,0,0,0,1,0,3,1,0,0,0,0,0,0,0,0,0,0,0,0,0,0,0,0,0,7,1,0,false
E:\OOD_Projects\ck-mvn-plugin\dummyBookMyShow-main\src\main\java\com\dummy\bookmyshow\entity\User.java,com.dummy.bookmyshow.entity.User,getLastName/0,false,71,0,3,3,0,1,0,3,1,0,0,0,0,0,0,0,0,0,0,0,0,0,0,0,0,0,4,1,0,false
E:\OOD_Projects\ck-mvn-plugin\dummyBookMyShow-main\src\main\java\com\dummy\bookmyshow\entity\User.java,com.dummy.bookmyshow.entity.User,setMobileNumber/1[java.lang.String],false,83,0,1,1,0,1,0,3,0,0,1,0,0,0,0,0,0,0,0,0,1,0,0,0,0,0,4,1,0,false
E:\OOD_Projects\ck-mvn-plugin\dummyBookMyShow-main\src\main\java\com\dummy\bookmyshow\entity\User.java,com.dummy.bookmyshow.entity.User,setDeleted/1[java.time.LocalDateTime],false,139,0,0,0,0,1,0,3,0,0,1,0,0,0,0,0,0,0,0,0,1,0,0,0,0,0,6,1,0,false
E:\OOD_Projects\ck-mvn-plugin\dummyBookMyShow-main\src\main\java\com\dummy\bookmyshow\entity\User.java,com.dummy.bookmyshow.entity.User,setUserName/1[java.lang.String],false,107,0,2,2,0,1,0,3,0,0,1,0,0,0,0,0,0,0,0,0,1,0,0,0,0,0,4,1,0,false
E:\OOD_Projects\ck-mvn-plugin\dummyBookMyShow-main\src\main\java\com\dummy\bookmyshow\repository\SeatMatrixRepository.java,com.dummy.bookmyshow.repository.SeatMatrixRepository,"getSeatMatrixForscreen/3[java.lang.String,java.lang.String,java.lang.String]",false,16,3,1,1,0,1,0,1,0,0,3,0,0,0,0,0,0,0,4,0,0,0,0,0,0,0,21,0,0,false
E:\OOD_Projects\ck-mvn-plugin\dummyBookMyShow-main\src\main\java\com\dummy\bookmyshow\controller\UserController.java,com.dummy.bookmyshow.controller.UserController,getUserName/1[com.dummy.bookmyshow.entity.User],false,186,1,4,1,3,1,3,3,1,0,1,3,0,0,0,0,0,1,0,0,0,1,0,0,0,0,4,2,0,true
E:\OOD_Projects\ck-mvn-plugin\dummyBookMyShow-main\src\main\java\com\dummy\bookmyshow\controller\UserController.java,com.dummy.bookmyshow.controller.UserController,validateInput/1[com.dummy.bookmyshow.entity.User],false,148,1,8,1,7,5,21,33,0,3,1,21,0,0,0,1,1,1,17,1,3,0,2,0,0,0,33,2,3,true
E:\OOD_Projects\ck-mvn-plugin\dummyBookMyShow-main\src\main\java\com\dummy\bookmyshow\controller\UserController.java,com.dummy.bookmyshow.controller.UserController,getUserDetails/1[java.lang.String],false,60,7,3,0,3,2,7,15,2,3,1,7,0,0,0,0,1,0,7,0,3,3,1,0,0,0,21,1,4,true
E:\OOD_Projects\ck-mvn-plugin\dummyBookMyShow-main\src\main\java\com\dummy\bookmyshow\controller\UserController.java,com.dummy.bookmyshow.controller.UserController,getToken/1[com.dummy.bookmyshow.security.AuthRequest],false,121,7,3,0,3,2,10,20,2,2,1,10,0,0,0,0,1,0,14,0,2,4,1,0,0,0,32,1,4,true
E:\OOD_Projects\ck-mvn-plugin\dummyBookMyShow-main\src\main\java\com\dummy\bookmyshow\controller\UserController.java,com.dummy.bookmyshow.controller.UserController,addUser/1[com.dummy.bookmyshow.entity.User],false,86,6,7,0,7,3,15,23,3,2,1,15,2,1,0,0,1,0,12,0,2,7,1,0,0,0,34,1,5,true
E:\OOD_Projects\ck-mvn-plugin\dummyBookMyShow-main\src\main\java\com\dummy\bookmyshow\entity\Offer.java,com.dummy.bookmyshow.entity.Offer,getValidStart/0,false,93,0,0,0,0,1,0,3,1,0,0,0,0,0,0,0,0,0,0,0,0,0,0,0,0,0,7,1,0,false
E:\OOD_Projects\ck-mvn-plugin\dummyBookMyShow-main\src\main\java\com\dummy\bookmyshow\entity\Offer.java,com.dummy.bookmyshow.entity.Offer,setValidEnd/1[java.time.LocalDateTime],false,105,0,0,0,0,1,0,3,0,0,1,0,0,0,0,0,0,0,0,0,1,0,0,0,0,0,7,1,0,false
E:\OOD_Projects\ck-mvn-plugin\dummyBookMyShow-main\src\main\java\com\dummy\bookmyshow\entity\Offer.java,com.dummy.bookmyshow.entity.Offer,setCode/1[java.lang.String],false,73,0,0,0,0,1,0,3,0,0,1,0,0,0,0,0,0,0,0,0,1,0,0,0,0,0,3,1,0,false
E:\OOD_Projects\ck-mvn-plugin\dummyBookMyShow-main\src\main\java\com\dummy\bookmyshow\entity\Offer.java,com.dummy.bookmyshow.entity.Offer,getValidEnd/0,false,101,0,0,0,0,1,0,3,1,0,0,0,0,0,0,0,0,0,0,0,0,0,0,0,0,0,7,1,0,false
E:\OOD_Projects\ck-mvn-plugin\dummyBookMyShow-main\src\main\java\com\dummy\bookmyshow\entity\Offer.java,com.dummy.bookmyshow.entity.Offer,getAmountLess/0,false,77,0,0,0,0,1,0,3,1,0,0,0,0,0,0,0,0,0,0,0,0,0,0,0,0,0,4,1,0,false
E:\OOD_Projects\ck-mvn-plugin\dummyBookMyShow-main\src\main\java\com\dummy\bookmyshow\entity\Offer.java,com.dummy.bookmyshow.entity.Offer,setAmountLess/1[int],false,81,0,0,0,0,1,0,3,0,0,1,0,0,0,0,0,0,0,0,0,1,0,0,0,0,0,4,1,0,false
E:\OOD_Projects\ck-mvn-plugin\dummyBookMyShow-main\src\main\java\com\dummy\bookmyshow\entity\Offer.java,com.dummy.bookmyshow.entity.Offer,getUpdatedOn/0,false,117,0,0,0,0,1,0,3,1,0,0,0,0,0,0,0,0,0,0,0,0,0,0,0,0,0,7,1,0,false
E:\OOD_Projects\ck-mvn-plugin\dummyBookMyShow-main\src\main\java\com\dummy\bookmyshow\entity\Offer.java,com.dummy.bookmyshow.entity.Offer,getCode/0,false,69,0,0,0,0,1,0,3,1,0,0,0,0,0,0,0,0,0,0,0,0,0,0,0,0,0,3,1,0,false
E:\OOD_Projects\ck-mvn-plugin\dummyBookMyShow-main\src\main\java\com\dummy\bookmyshow\entity\Offer.java,com.dummy.bookmyshow.entity.Offer,getDescription/0,false,85,0,0,0,0,1,0,3,1,0,0,0,0,0,0,0,0,0,0,0,0,0,0,0,0,0,3,1,0,false
E:\OOD_Projects\ck-mvn-plugin\dummyBookMyShow-main\src\main\java\com\dummy\bookmyshow\entity\Offer.java,com.dummy.bookmyshow.entity.Offer,setUpdatedOn/1[java.time.LocalDateTime],false,121,0,0,0,0,1,0,3,0,0,1,0,0,0,0,0,0,0,0,0,1,0,0,0,0,0,7,1,0,false
E:\OOD_Projects\ck-mvn-plugin\dummyBookMyShow-main\src\main\java\com\dummy\bookmyshow\entity\Offer.java,com.dummy.bookmyshow.entity.Offer,getDeleted/0,false,125,0,0,0,0,1,0,3,1,0,0,0,0,0,0,0,0,0,0,0,0,0,0,0,0,0,6,1,0,false
E:\OOD_Projects\ck-mvn-plugin\dummyBookMyShow-main\src\main\java\com\dummy\bookmyshow\entity\Offer.java,com.dummy.bookmyshow.entity.Offer,getCreatedOn/0,false,109,0,0,0,0,1,0,3,1,0,0,0,0,0,0,0,0,0,0,0,0,0,0,0,0,0,7,1,0,false
E:\OOD_Projects\ck-mvn-plugin\dummyBookMyShow-main\src\main\java\com\dummy\bookmyshow\entity\Offer.java,com.dummy.bookmyshow.entity.Offer,setValidStart/1[java.time.LocalDateTime],false,97,0,0,0,0,1,0,3,0,0,1,0,0,0,0,0,0,0,0,0,1,0,0,0,0,0,7,1,0,false
E:\OOD_Projects\ck-mvn-plugin\dummyBookMyShow-main\src\main\java\com\dummy\bookmyshow\entity\Offer.java,com.dummy.bookmyshow.entity.Offer,setDescription/1[java.lang.String],false,89,0,0,0,0,1,0,3,0,0,1,0,0,0,0,0,0,0,0,0,1,0,0,0,0,0,3,1,0,false
E:\OOD_Projects\ck-mvn-plugin\dummyBookMyShow-main\src\main\java\com\dummy\bookmyshow\entity\Offer.java,com.dummy.bookmyshow.entity.Offer,setDeleted/1[java.time.LocalDateTime],false,129,0,0,0,0,1,0,3,0,0,1,0,0,0,0,0,0,0,0,0,1,0,0,0,0,0,6,1,0,false
E:\OOD_Projects\ck-mvn-plugin\dummyBookMyShow-main\src\main\java\com\dummy\bookmyshow\entity\Offer.java,com.dummy.bookmyshow.entity.Offer,toString/0,false,134,0,0,0,0,1,0,3,1,0,0,0,0,0,0,0,0,0,10,0,0,1,0,0,0,0,14,1,0,false
E:\OOD_Projects\ck-mvn-plugin\dummyBookMyShow-main\src\main\java\com\dummy\bookmyshow\entity\Offer.java,com.dummy.bookmyshow.entity.Offer,setId/1[java.lang.Long],false,65,0,0,0,0,1,0,3,0,0,1,0,0,0,0,0,0,0,0,0,1,0,0,0,0,0,4,1,0,false
E:\OOD_Projects\ck-mvn-plugin\dummyBookMyShow-main\src\main\java\com\dummy\bookmyshow\entity\Offer.java,com.dummy.bookmyshow.entity.Offer,getId/0,false,61,0,0,0,0,1,0,3,1,0,0,0,0,0,0,0,0,0,0,0,0,0,0,0,0,0,4,1,0,false
E:\OOD_Projects\ck-mvn-plugin\dummyBookMyShow-main\src\main\java\com\dummy\bookmyshow\entity\Offer.java,com.dummy.bookmyshow.entity.Offer,setCreatedOn/1[java.time.LocalDateTime],false,113,0,0,0,0,1,0,3,0,0,1,0,0,0,0,0,0,0,0,0,1,0,0,0,0,0,7,1,0,false
E:\OOD_Projects\ck-mvn-plugin\dummyBookMyShow-main\.mvn\wrapper\MavenWrapperDownloader.java,MavenWrapperDownloader,main/1[java.lang.String[]],false,48,1,1,0,1,8,11,46,0,6,1,11,1,1,0,1,3,0,10,3,8,5,4,0,0,0,43,9,0,false
E:\OOD_Projects\ck-mvn-plugin\dummyBookMyShow-main\.mvn\wrapper\MavenWrapperDownloader.java,MavenWrapperDownloader,"downloadFileFromURL/2[java.lang.String,java.io.File]",false,97,1,2,1,1,3,9,19,0,5,2,9,0,0,0,2,0,0,4,1,5,0,1,1,0,0,25,10,0,false
E:\OOD_Projects\ck-mvn-plugin\dummyBookMyShow-main\src\main\java\com\dummy\bookmyshow\repository\UserRepository.java,com.dummy.bookmyshow.repository.UserRepository,findUserByUserName/1[java.lang.String],false,13,3,4,4,0,1,0,1,0,0,1,0,0,0,0,0,0,0,2,0,0,0,0,0,0,0,10,0,0,false
E:\OOD_Projects\ck-mvn-plugin\dummyBookMyShow-main\src\main\java\com\dummy\bookmyshow\entity\Screen.java,com.dummy.bookmyshow.entity.Screen,setEndsAt/1[java.lang.String],false,33,0,0,0,0,1,0,3,0,0,1,0,0,0,0,0,0,0,0,0,1,0,0,0,0,0,4,1,0,false
E:\OOD_Projects\ck-mvn-plugin\dummyBookMyShow-main\src\main\java\com\dummy\bookmyshow\entity\Screen.java,com.dummy.bookmyshow.entity.Screen,setScreenDetails/1[com.dummy.bookmyshow.entity.ScreenPk],false,25,1,0,0,0,1,0,3,0,0,1,0,0,0,0,0,0,0,0,0,1,0,0,0,0,0,5,1,0,false
E:\OOD_Projects\ck-mvn-plugin\dummyBookMyShow-main\src\main\java\com\dummy\bookmyshow\entity\Screen.java,com.dummy.bookmyshow.entity.Screen,getScreenDetails/0,false,21,1,1,1,0,1,0,3,1,0,0,0,0,0,0,0,0,0,0,0,0,0,0,0,0,0,5,1,0,false
E:\OOD_Projects\ck-mvn-plugin\dummyBookMyShow-main\src\main\java\com\dummy\bookmyshow\entity\Screen.java,com.dummy.bookmyshow.entity.Screen,getEndsAt/0,false,29,0,1,1,0,1,0,3,1,0,0,0,0,0,0,0,0,0,0,0,0,0,0,0,0,0,4,1,0,false
E:\OOD_Projects\ck-mvn-plugin\dummyBookMyShow-main\src\main\java\com\dummy\bookmyshow\entity\Screen.java,com.dummy.bookmyshow.entity.Screen,toString/0,false,38,0,1,1,0,1,0,3,1,0,0,0,0,0,0,0,0,0,3,0,0,1,0,0,0,0,6,1,0,false
E:\OOD_Projects\ck-mvn-plugin\dummyBookMyShow-main\src\main\java\com\dummy\bookmyshow\entity\Theater.java,com.dummy.bookmyshow.entity.Theater,getCountry/0,false,95,0,1,1,0,1,0,3,1,0,0,0,0,0,0,0,0,0,0,0,0,0,0,0,0,0,3,1,0,false
E:\OOD_Projects\ck-mvn-plugin\dummyBookMyShow-main\src\main\java\com\dummy\bookmyshow\entity\Theater.java,com.dummy.bookmyshow.entity.Theater,Theater/0,true,58,0,0,0,0,1,0,2,0,0,0,0,0,0,0,0,0,0,0,0,0,0,0,0,0,0,1,1,0,false
E:\OOD_Projects\ck-mvn-plugin\dummyBookMyShow-main\src\main\java\com\dummy\bookmyshow\entity\Theater.java,com.dummy.bookmyshow.entity.Theater,getUpdatedOn/0,false,127,0,0,0,0,1,0,3,1,0,0,0,0,0,0,0,0,0,0,0,0,0,0,0,0,0,7,1,0,false
E:\OOD_Projects\ck-mvn-plugin\dummyBookMyShow-main\src\main\java\com\dummy\bookmyshow\entity\Theater.java,com.dummy.bookmyshow.entity.Theater,setAddress/1[java.lang.String],false,83,0,0,0,0,1,0,3,0,0,1,0,0,0,0,0,0,0,0,0,1,0,0,0,0,0,3,1,0,false
E:\OOD_Projects\ck-mvn-plugin\dummyBookMyShow-main\src\main\java\com\dummy\bookmyshow\entity\Theater.java,com.dummy.bookmyshow.entity.Theater,getName/0,false,103,0,3,3,0,1,0,3,1,0,0,0,0,0,0,0,0,0,0,0,0,0,0,0,0,0,3,1,0,false
E:\OOD_Projects\ck-mvn-plugin\dummyBookMyShow-main\src\main\java\com\dummy\bookmyshow\entity\Theater.java,com.dummy.bookmyshow.entity.Theater,"Theater/7[java.lang.String,java.lang.String,java.lang.String,java.lang.String,java.lang.String,java.lang.String,java.lang.String]",true,60,0,0,0,0,1,0,10,0,0,7,0,0,0,0,0,0,0,0,0,7,0,0,0,0,0,10,1,0,false
E:\OOD_Projects\ck-mvn-plugin\dummyBookMyShow-main\src\main\java\com\dummy\bookmyshow\entity\Theater.java,com.dummy.bookmyshow.entity.Theater,getTheaterId/0,false,71,0,1,1,0,1,0,3,1,0,0,0,0,0,0,0,0,0,0,0,0,0,0,0,0,0,4,1,0,false
E:\OOD_Projects\ck-mvn-plugin\dummyBookMyShow-main\src\main\java\com\dummy\bookmyshow\entity\Theater.java,com.dummy.bookmyshow.entity.Theater,getCity/0,false,87,0,1,1,0,1,0,3,1,0,0,0,0,0,0,0,0,0,0,0,0,0,0,0,0,0,3,1,0,false
E:\OOD_Projects\ck-mvn-plugin\dummyBookMyShow-main\src\main\java\com\dummy\bookmyshow\entity\Theater.java,com.dummy.bookmyshow.entity.Theater,setCity/1[java.lang.String],false,91,0,0,0,0,1,0,3,0,0,1,0,0,0,0,0,0,0,0,0,1,0,0,0,0,0,3,1,0,false
E:\OOD_Projects\ck-mvn-plugin\dummyBookMyShow-main\src\main\java\com\dummy\bookmyshow\entity\Theater.java,com.dummy.bookmyshow.entity.Theater,toString/0,false,152,0,1,1,0,1,0,3,1,0,0,0,0,0,0,0,0,0,11,0,0,1,0,0,0,0,15,1,0,false
E:\OOD_Projects\ck-mvn-plugin\dummyBookMyShow-main\src\main\java\com\dummy\bookmyshow\entity\Theater.java,com.dummy.bookmyshow.entity.Theater,setCountry/1[java.lang.String],false,99,0,0,0,0,1,0,3,0,0,1,0,0,0,0,0,0,0,0,0,1,0,0,0,0,0,3,1,0,false
E:\OOD_Projects\ck-mvn-plugin\dummyBookMyShow-main\src\main\java\com\dummy\bookmyshow\entity\Theater.java,com.dummy.bookmyshow.entity.Theater,setLanguages/1[java.lang.String],false,115,0,0,0,0,1,0,3,0,0,1,0,0,0,0,0,0,0,0,0,1,0,0,0,0,0,3,1,0,false
E:\OOD_Projects\ck-mvn-plugin\dummyBookMyShow-main\src\main\java\com\dummy\bookmyshow\entity\Theater.java,com.dummy.bookmyshow.entity.Theater,getDeleted/0,false,135,0,0,0,0,1,0,3,1,0,0,0,0,0,0,0,0,0,0,0,0,0,0,0,0,0,6,1,0,false
E:\OOD_Projects\ck-mvn-plugin\dummyBookMyShow-main\src\main\java\com\dummy\bookmyshow\entity\Theater.java,com.dummy.bookmyshow.entity.Theater,setCreatedOn/1[java.time.LocalDateTime],false,123,0,1,1,0,1,0,3,0,0,1,0,0,0,0,0,0,0,0,0,1,0,0,0,0,0,7,1,0,false
E:\OOD_Projects\ck-mvn-plugin\dummyBookMyShow-main\src\main\java\com\dummy\bookmyshow\entity\Theater.java,com.dummy.bookmyshow.entity.Theater,setUpdatedOn/1[java.time.LocalDateTime],false,131,0,0,0,0,1,0,3,0,0,1,0,0,0,0,0,0,0,0,0,1,0,0,0,0,0,7,1,0,false
E:\OOD_Projects\ck-mvn-plugin\dummyBookMyShow-main\src\main\java\com\dummy\bookmyshow\entity\Theater.java,com.dummy.bookmyshow.entity.Theater,setName/1[java.lang.String],false,107,0,0,0,0,1,0,3,0,0,1,0,0,0,0,0,0,0,0,0,1,0,0,0,0,0,3,1,0,false
E:\OOD_Projects\ck-mvn-plugin\dummyBookMyShow-main\src\main\java\com\dummy\bookmyshow\entity\Theater.java,com.dummy.bookmyshow.entity.Theater,getCreatedOn/0,false,119,0,0,0,0,1,0,3,1,0,0,0,0,0,0,0,0,0,0,0,0,0,0,0,0,0,7,1,0,false
E:\OOD_Projects\ck-mvn-plugin\dummyBookMyShow-main\src\main\java\com\dummy\bookmyshow\entity\Theater.java,com.dummy.bookmyshow.entity.Theater,setUserName/1[java.lang.String],false,147,0,0,0,0,1,0,3,0,0,1,0,0,0,0,0,0,0,0,0,1,0,0,0,0,0,4,1,0,false
E:\OOD_Projects\ck-mvn-plugin\dummyBookMyShow-main\src\main\java\com\dummy\bookmyshow\entity\Theater.java,com.dummy.bookmyshow.entity.Theater,getUserName/0,false,143,0,1,1,0,1,0,3,1,0,0,0,0,0,0,0,0,0,0,0,0,0,0,0,0,0,4,1,0,false
E:\OOD_Projects\ck-mvn-plugin\dummyBookMyShow-main\src\main\java\com\dummy\bookmyshow\entity\Theater.java,com.dummy.bookmyshow.entity.Theater,getLanguages/0,false,111,0,1,1,0,1,0,3,1,0,0,0,0,0,0,0,0,0,0,0,0,0,0,0,0,0,3,1,0,false
E:\OOD_Projects\ck-mvn-plugin\dummyBookMyShow-main\src\main\java\com\dummy\bookmyshow\entity\Theater.java,com.dummy.bookmyshow.entity.Theater,setTheaterId/1[java.lang.String],false,75,0,1,1,0,1,0,3,0,0,1,0,0,0,0,0,0,0,0,0,1,0,0,0,0,0,4,1,0,false
E:\OOD_Projects\ck-mvn-plugin\dummyBookMyShow-main\src\main\java\com\dummy\bookmyshow\entity\Theater.java,com.dummy.bookmyshow.entity.Theater,setDeleted/1[java.time.LocalDateTime],false,139,0,0,0,0,1,0,3,0,0,1,0,0,0,0,0,0,0,0,0,1,0,0,0,0,0,6,1,0,false
E:\OOD_Projects\ck-mvn-plugin\dummyBookMyShow-main\src\main\java\com\dummy\bookmyshow\entity\Theater.java,com.dummy.bookmyshow.entity.Theater,getAddress/0,false,79,0,2,2,0,1,0,3,1,0,0,0,0,0,0,0,0,0,0,0,0,0,0,0,0,0,3,1,0,false
E:\OOD_Projects\ck-mvn-plugin\dummyBookMyShow-main\src\main\java\com\dummy\bookmyshow\security\SecurityConfig.java,com.dummy.bookmyshow.security.SecurityConfig,passwordEncoder/0,false,34,2,0,0,0,1,1,3,1,0,0,1,0,0,0,0,0,0,1,0,0,0,0,0,0,0,3,1,0,false
E:\OOD_Projects\ck-mvn-plugin\dummyBookMyShow-main\src\main\java\com\dummy\bookmyshow\security\SecurityConfig.java,com.dummy.bookmyshow.security.SecurityConfig,authenticationManagerBean/0,false,40,2,0,0,0,1,1,3,1,0,0,1,0,0,0,0,0,0,0,0,0,0,0,0,0,0,6,1,0,false
E:\OOD_Projects\ck-mvn-plugin\dummyBookMyShow-main\src\main\java\com\dummy\bookmyshow\security\SecurityConfig.java,com.dummy.bookmyshow.security.SecurityConfig,configure/1[com.dummy.bookmyshow.security.HttpSecurity],false,45,2,0,0,0,1,9,4,0,0,1,9,0,0,0,0,0,0,6,0,0,0,0,0,0,0,9,4,0,false
E:\OOD_Projects\ck-mvn-plugin\dummyBookMyShow-main\src\main\java\com\dummy\bookmyshow\security\SecurityConfig.java,com.dummy.bookmyshow.security.SecurityConfig,configure/1[com.dummy.bookmyshow.security.AuthenticationManagerBuilder],false,28,1,0,0,0,1,1,3,0,0,1,1,0,0,0,0,0,0,0,0,0,0,0,0,0,0,9,4,0,false
E:\OOD_Projects\ck-mvn-plugin\dummyBookMyShow-main\src\main\java\com\dummy\bookmyshow\entity\Booking.java,com.dummy.bookmyshow.entity.Booking,setUserId/1[java.lang.String],false,80,0,1,1,0,1,0,3,0,0,1,0,0,0,0,0,0,0,0,0,1,0,0,0,0,0,4,1,0,false
E:\OOD_Projects\ck-mvn-plugin\dummyBookMyShow-main\src\main\java\com\dummy\bookmyshow\entity\Booking.java,com.dummy.bookmyshow.entity.Booking,setMovieId/1[java.lang.String],false,104,0,1,1,0,1,0,3,0,0,1,0,0,0,0,0,0,0,0,0,1,0,0,0,0,0,4,1,0,false
E:\OOD_Projects\ck-mvn-plugin\dummyBookMyShow-main\src\main\java\com\dummy\bookmyshow\entity\Booking.java,com.dummy.bookmyshow.entity.Booking,setBookingId/1[java.lang.Long],false,72,0,0,0,0,1,0,3,0,0,1,0,0,0,0,0,0,0,0,0,1,0,0,0,0,0,5,1,0,false
E:\OOD_Projects\ck-mvn-plugin\dummyBookMyShow-main\src\main\java\com\dummy\bookmyshow\entity\Booking.java,com.dummy.bookmyshow.entity.Booking,setTheaterId/1[java.lang.String],false,88,0,1,1,0,1,0,3,0,0,1,0,0,0,0,0,0,0,0,0,1,0,0,0,0,0,4,1,0,false
E:\OOD_Projects\ck-mvn-plugin\dummyBookMyShow-main\src\main\java\com\dummy\bookmyshow\entity\Booking.java,com.dummy.bookmyshow.entity.Booking,setPaymentId/1[java.util.UUID],false,96,0,1,1,0,1,0,3,0,0,1,0,0,0,0,0,0,0,0,0,1,0,0,0,0,0,7,1,0,false
E:\OOD_Projects\ck-mvn-plugin\dummyBookMyShow-main\src\main\java\com\dummy\bookmyshow\entity\Booking.java,com.dummy.bookmyshow.entity.Booking,getNotificationId/0,false,108,0,0,0,0,1,0,3,1,0,0,0,0,0,0,0,0,0,0,0,0,0,0,0,0,0,7,1,0,false
E:\OOD_Projects\ck-mvn-plugin\dummyBookMyShow-main\src\main\java\com\dummy\bookmyshow\entity\Booking.java,com.dummy.bookmyshow.entity.Booking,getCreatedOn/0,false,124,0,0,0,0,1,0,3,1,0,0,0,0,0,0,0,0,0,0,0,0,0,0,0,0,0,7,1,0,false
E:\OOD_Projects\ck-mvn-plugin\dummyBookMyShow-main\src\main\java\com\dummy\bookmyshow\entity\Booking.java,com.dummy.bookmyshow.entity.Booking,toString/0,false,165,0,0,0,0,1,0,3,1,0,0,0,0,0,0,0,0,0,13,0,0,1,0,0,0,0,18,1,0,false
E:\OOD_Projects\ck-mvn-plugin\dummyBookMyShow-main\src\main\java\com\dummy\bookmyshow\entity\Booking.java,com.dummy.bookmyshow.entity.Booking,getUpdatedOn/0,false,132,0,0,0,0,1,0,3,1,0,0,0,0,0,0,0,0,0,0,0,0,0,0,0,0,0,7,1,0,false
E:\OOD_Projects\ck-mvn-plugin\dummyBookMyShow-main\src\main\java\com\dummy\bookmyshow\entity\Booking.java,com.dummy.bookmyshow.entity.Booking,setDeleted/1[java.time.LocalDateTime],false,144,0,0,0,0,1,0,3,0,0,1,0,0,0,0,0,0,0,0,0,1,0,0,0,0,0,6,1,0,false
E:\OOD_Projects\ck-mvn-plugin\dummyBookMyShow-main\src\main\java\com\dummy\bookmyshow\entity\Booking.java,com.dummy.bookmyshow.entity.Booking,setSeatBooked/1[int],false,152,0,1,1,0,1,0,3,0,0,1,0,0,0,0,0,0,0,0,0,1,0,0,0,0,0,4,1,0,false
E:\OOD_Projects\ck-mvn-plugin\dummyBookMyShow-main\src\main\java\com\dummy\bookmyshow\entity\Booking.java,com.dummy.bookmyshow.entity.Booking,getTheaterId/0,false,84,0,1,1,0,1,0,3,1,0,0,0,0,0,0,0,0,0,0,0,0,0,0,0,0,0,4,1,0,false
E:\OOD_Projects\ck-mvn-plugin\dummyBookMyShow-main\src\main\java\com\dummy\bookmyshow\entity\Booking.java,com.dummy.bookmyshow.entity.Booking,getPaymentId/0,false,92,0,0,0,0,1,0,3,1,0,0,0,0,0,0,0,0,0,0,0,0,0,0,0,0,0,7,1,0,false
E:\OOD_Projects\ck-mvn-plugin\dummyBookMyShow-main\src\main\java\com\dummy\bookmyshow\entity\Booking.java,com.dummy.bookmyshow.entity.Booking,getBookingId/0,false,68,0,2,2,0,1,0,3,1,0,0,0,0,0,0,0,0,0,0,0,0,0,0,0,0,0,5,1,0,false
E:\OOD_Projects\ck-mvn-plugin\dummyBookMyShow-main\src\main\java\com\dummy\bookmyshow\entity\Booking.java,com.dummy.bookmyshow.entity.Booking,setSeatNumbers/1[java.lang.String],false,160,0,1,1,0,1,0,3,0,0,1,0,0,0,0,0,0,0,0,0,1,0,0,0,0,0,4,1,0,false
E:\OOD_Projects\ck-mvn-plugin\dummyBookMyShow-main\src\main\java\com\dummy\bookmyshow\entity\Booking.java,com.dummy.bookmyshow.entity.Booking,setCreatedOn/1[java.time.LocalDateTime],false,128,0,1,1,0,1,0,3,0,0,1,0,0,0,0,0,0,0,0,0,1,0,0,0,0,0,7,1,0,false
E:\OOD_Projects\ck-mvn-plugin\dummyBookMyShow-main\src\main\java\com\dummy\bookmyshow\entity\Booking.java,com.dummy.bookmyshow.entity.Booking,getTotalPrice/0,false,116,0,3,3,0,1,0,3,1,0,0,0,0,0,0,0,0,0,0,0,0,0,0,0,0,0,4,1,0,false
E:\OOD_Projects\ck-mvn-plugin\dummyBookMyShow-main\src\main\java\com\dummy\bookmyshow\entity\Booking.java,com.dummy.bookmyshow.entity.Booking,getSeatNumbers/0,false,156,0,1,1,0,1,0,3,1,0,0,0,0,0,0,0,0,0,0,0,0,0,0,0,0,0,4,1,0,false
E:\OOD_Projects\ck-mvn-plugin\dummyBookMyShow-main\src\main\java\com\dummy\bookmyshow\entity\Booking.java,com.dummy.bookmyshow.entity.Booking,getMovieId/0,false,100,0,1,1,0,1,0,3,1,0,0,0,0,0,0,0,0,0,0,0,0,0,0,0,0,0,4,1,0,false
E:\OOD_Projects\ck-mvn-plugin\dummyBookMyShow-main\src\main\java\com\dummy\bookmyshow\entity\Booking.java,com.dummy.bookmyshow.entity.Booking,getUserId/0,false,76,0,2,2,0,1,0,3,1,0,0,0,0,0,0,0,0,0,0,0,0,0,0,0,0,0,4,1,0,false
E:\OOD_Projects\ck-mvn-plugin\dummyBookMyShow-main\src\main\java\com\dummy\bookmyshow\entity\Booking.java,com.dummy.bookmyshow.entity.Booking,setNotificationId/1[java.util.UUID],false,112,0,1,1,0,1,0,3,0,0,1,0,0,0,0,0,0,0,0,0,1,0,0,0,0,0,7,1,0,false
E:\OOD_Projects\ck-mvn-plugin\dummyBookMyShow-main\src\main\java\com\dummy\bookmyshow\entity\Booking.java,com.dummy.bookmyshow.entity.Booking,setTotalPrice/1[int],false,120,0,1,1,0,1,0,3,0,0,1,0,0,0,0,0,0,0,0,0,1,0,0,0,0,0,4,1,0,false
E:\OOD_Projects\ck-mvn-plugin\dummyBookMyShow-main\src\main\java\com\dummy\bookmyshow\entity\Booking.java,com.dummy.bookmyshow.entity.Booking,getDeleted/0,false,140,0,0,0,0,1,0,3,1,0,0,0,0,0,0,0,0,0,0,0,0,0,0,0,0,0,6,1,0,false
E:\OOD_Projects\ck-mvn-plugin\dummyBookMyShow-main\src\main\java\com\dummy\bookmyshow\entity\Booking.java,com.dummy.bookmyshow.entity.Booking,getSeatBooked/0,false,148,0,1,1,0,1,0,3,1,0,0,0,0,0,0,0,0,0,0,0,0,0,0,0,0,0,4,1,0,false
E:\OOD_Projects\ck-mvn-plugin\dummyBookMyShow-main\src\main\java\com\dummy\bookmyshow\entity\Booking.java,com.dummy.bookmyshow.entity.Booking,setUpdatedOn/1[java.time.LocalDateTime],false,136,0,1,1,0,1,0,3,0,0,1,0,0,0,0,0,0,0,0,0,1,0,0,0,0,0,7,1,0,false
E:\OOD_Projects\ck-mvn-plugin\dummyBookMyShow-main\src\main\java\com\dummy\bookmyshow\entity\Notification.java,com.dummy.bookmyshow.entity.Notification,getSendTime/0,false,156,0,0,0,0,1,0,3,1,0,0,0,0,0,0,0,0,0,0,0,0,0,0,0,0,0,6,1,0,false
E:\OOD_Projects\ck-mvn-plugin\dummyBookMyShow-main\src\main\java\com\dummy\bookmyshow\entity\Notification.java,com.dummy.bookmyshow.entity.Notification,setCreatedOn/1[java.time.LocalDateTime],false,171,0,1,1,0,1,0,3,0,0,1,0,0,0,0,0,0,0,0,0,1,0,0,0,0,0,7,1,0,false
E:\OOD_Projects\ck-mvn-plugin\dummyBookMyShow-main\src\main\java\com\dummy\bookmyshow\entity\Notification.java,com.dummy.bookmyshow.entity.Notification,getReceiverMobileNo/0,false,116,0,0,0,0,1,0,3,1,0,0,0,0,0,0,0,0,0,0,0,0,0,0,0,0,0,5,1,0,false
E:\OOD_Projects\ck-mvn-plugin\dummyBookMyShow-main\src\main\java\com\dummy\bookmyshow\entity\Notification.java,com.dummy.bookmyshow.entity.Notification,getCreatedOn/0,false,166,0,0,0,0,1,0,3,1,0,0,0,0,0,0,0,0,0,0,0,0,0,0,0,0,0,7,1,0,false
E:\OOD_Projects\ck-mvn-plugin\dummyBookMyShow-main\src\main\java\com\dummy\bookmyshow\entity\Notification.java,com.dummy.bookmyshow.entity.Notification,getId/0,false,76,0,1,1,0,1,0,3,1,0,0,0,0,0,0,0,0,0,0,0,0,0,0,0,0,0,6,1,0,false
E:\OOD_Projects\ck-mvn-plugin\dummyBookMyShow-main\src\main\java\com\dummy\bookmyshow\entity\Notification.java,com.dummy.bookmyshow.entity.Notification,getTinyUrl/0,false,146,0,0,0,0,1,0,3,1,0,0,0,0,0,0,0,0,0,0,0,0,0,0,0,0,0,4,1,0,false
E:\OOD_Projects\ck-mvn-plugin\dummyBookMyShow-main\src\main\java\com\dummy\bookmyshow\entity\Notification.java,com.dummy.bookmyshow.entity.Notification,setStatus/1[com.dummy.bookmyshow.enums.Status],false,101,1,1,1,0,1,0,3,0,0,1,0,0,0,0,0,0,0,0,0,1,0,0,0,0,0,3,1,0,false
E:\OOD_Projects\ck-mvn-plugin\dummyBookMyShow-main\src\main\java\com\dummy\bookmyshow\entity\Notification.java,com.dummy.bookmyshow.entity.Notification,setSenderEmail/1[java.lang.String],false,141,0,1,1,0,1,0,3,0,0,1,0,0,0,0,0,0,0,0,0,1,0,0,0,0,0,4,1,0,false
E:\OOD_Projects\ck-mvn-plugin\dummyBookMyShow-main\src\main\java\com\dummy\bookmyshow\entity\Notification.java,com.dummy.bookmyshow.entity.Notification,setUpdatedOn/1[java.time.LocalDateTime],false,181,0,0,0,0,1,0,3,0,0,1,0,0,0,0,0,0,0,0,0,1,0,0,0,0,0,7,1,0,false
E:\OOD_Projects\ck-mvn-plugin\dummyBookMyShow-main\src\main\java\com\dummy\bookmyshow\entity\Notification.java,com.dummy.bookmyshow.entity.Notification,setTinyUrl/1[java.lang.String],false,151,0,1,1,0,1,0,3,0,0,1,0,0,0,0,0,0,0,0,0,1,0,0,0,0,0,4,1,0,false
E:\OOD_Projects\ck-mvn-plugin\dummyBookMyShow-main\src\main\java\com\dummy\bookmyshow\entity\Notification.java,com.dummy.bookmyshow.entity.Notification,toString/0,false,187,0,0,0,0,1,0,3,1,0,0,0,0,0,0,0,0,0,12,0,0,1,0,0,0,0,19,1,0,false
E:\OOD_Projects\ck-mvn-plugin\dummyBookMyShow-main\src\main\java\com\dummy\bookmyshow\entity\Notification.java,com.dummy.bookmyshow.entity.Notification,getUpdatedOn/0,false,176,0,0,0,0,1,0,3,1,0,0,0,0,0,0,0,0,0,0,0,0,0,0,0,0,0,7,1,0,false
E:\OOD_Projects\ck-mvn-plugin\dummyBookMyShow-main\src\main\java\com\dummy\bookmyshow\entity\Notification.java,com.dummy.bookmyshow.entity.Notification,setReceiverEmail/1[java.lang.String],false,111,0,1,1,0,1,0,3,0,0,1,0,0,0,0,0,0,0,0,0,1,0,0,0,0,0,4,1,0,false
E:\OOD_Projects\ck-mvn-plugin\dummyBookMyShow-main\src\main\java\com\dummy\bookmyshow\entity\Notification.java,com.dummy.bookmyshow.entity.Notification,getReceiverEmail/0,false,106,0,0,0,0,1,0,3,1,0,0,0,0,0,0,0,0,0,0,0,0,0,0,0,0,0,4,1,0,false
E:\OOD_Projects\ck-mvn-plugin\dummyBookMyShow-main\src\main\java\com\dummy\bookmyshow\entity\Notification.java,com.dummy.bookmyshow.entity.Notification,getBookingId/0,false,86,0,0,0,0,1,0,3,1,0,0,0,0,0,0,0,0,0,0,0,0,0,0,0,0,0,4,1,0,false
E:\OOD_Projects\ck-mvn-plugin\dummyBookMyShow-main\src\main\java\com\dummy\bookmyshow\entity\Notification.java,com.dummy.bookmyshow.entity.Notification,setReceiverType/1[com.dummy.bookmyshow.enums.NotificationType],false,131,1,1,1,0,1,0,3,0,0,1,0,0,0,0,0,0,0,0,0,1,0,0,0,0,0,5,1,0,false
E:\OOD_Projects\ck-mvn-plugin\dummyBookMyShow-main\src\main\java\com\dummy\bookmyshow\entity\Notification.java,com.dummy.bookmyshow.entity.Notification,getSenderEmail/0,false,136,0,0,0,0,1,0,3,1,0,0,0,0,0,0,0,0,0,0,0,0,0,0,0,0,0,4,1,0,false
E:\OOD_Projects\ck-mvn-plugin\dummyBookMyShow-main\src\main\java\com\dummy\bookmyshow\entity\Notification.java,com.dummy.bookmyshow.entity.Notification,setId/1[java.util.UUID],false,81,0,0,0,0,1,0,3,0,0,1,0,0,0,0,0,0,0,0,0,1,0,0,0,0,0,6,1,0,false
E:\OOD_Projects\ck-mvn-plugin\dummyBookMyShow-main\src\main\java\com\dummy\bookmyshow\entity\Notification.java,com.dummy.bookmyshow.entity.Notification,getReceiverType/0,false,126,1,0,0,0,1,0,3,1,0,0,0,0,0,0,0,0,0,0,0,0,0,0,0,0,0,5,1,0,false
E:\OOD_Projects\ck-mvn-plugin\dummyBookMyShow-main\src\main\java\com\dummy\bookmyshow\entity\Notification.java,com.dummy.bookmyshow.entity.Notification,setSendTime/1[java.time.LocalDateTime],false,161,0,1,1,0,1,0,3,0,0,1,0,0,0,0,0,0,0,0,0,1,0,0,0,0,0,6,1,0,false
E:\OOD_Projects\ck-mvn-plugin\dummyBookMyShow-main\src\main\java\com\dummy\bookmyshow\entity\Notification.java,com.dummy.bookmyshow.entity.Notification,setReceiverMobileNo/1[java.lang.String],false,121,0,1,1,0,1,0,3,0,0,1,0,0,0,0,0,0,0,0,0,1,0,0,0,0,0,5,1,0,false
E:\OOD_Projects\ck-mvn-plugin\dummyBookMyShow-main\src\main\java\com\dummy\bookmyshow\entity\Notification.java,com.dummy.bookmyshow.entity.Notification,setBookingId/1[long],false,91,0,1,1,0,1,0,3,0,0,1,0,0,0,0,0,0,0,0,0,1,0,0,0,0,0,4,1,0,false
E:\OOD_Projects\ck-mvn-plugin\dummyBookMyShow-main\src\main\java\com\dummy\bookmyshow\entity\Notification.java,com.dummy.bookmyshow.entity.Notification,getStatus/0,false,96,1,0,0,0,1,0,3,1,0,0,0,0,0,0,0,0,0,0,0,0,0,0,0,0,0,3,1,0,false
E:\OOD_Projects\ck-mvn-plugin\dummyBookMyShow-main\src\main\java\com\dummy\bookmyshow\entity\Payment.java,com.dummy.bookmyshow.entity.Payment,setBookingId/1[java.lang.Long],false,113,0,1,1,0,1,0,3,0,0,1,0,0,0,0,0,0,0,0,0,1,0,0,0,0,0,5,1,0,false
E:\OOD_Projects\ck-mvn-plugin\dummyBookMyShow-main\src\main\java\com\dummy\bookmyshow\entity\Payment.java,com.dummy.bookmyshow.entity.Payment,toString/0,false,142,0,0,0,0,1,0,3,1,0,0,0,0,0,0,0,0,0,10,0,0,1,0,0,0,0,14,1,0,false
E:\OOD_Projects\ck-mvn-plugin\dummyBookMyShow-main\src\main\java\com\dummy\bookmyshow\entity\Payment.java,com.dummy.bookmyshow.entity.Payment,getBookingId/0,false,109,0,0,0,0,1,0,3,1,0,0,0,0,0,0,0,0,0,0,0,0,0,0,0,0,0,5,1,0,false
E:\OOD_Projects\ck-mvn-plugin\dummyBookMyShow-main\src\main\java\com\dummy\bookmyshow\entity\Payment.java,com.dummy.bookmyshow.entity.Payment,getStatus/0,false,77,1,0,0,0,1,0,3,1,0,0,0,0,0,0,0,0,0,0,0,0,0,0,0,0,0,3,1,0,false
E:\OOD_Projects\ck-mvn-plugin\dummyBookMyShow-main\src\main\java\com\dummy\bookmyshow\entity\Payment.java,com.dummy.bookmyshow.entity.Payment,getUpdatedOn/0,false,125,0,0,0,0,1,0,3,1,0,0,0,0,0,0,0,0,0,0,0,0,0,0,0,0,0,7,1,0,false
E:\OOD_Projects\ck-mvn-plugin\dummyBookMyShow-main\src\main\java\com\dummy\bookmyshow\entity\Payment.java,com.dummy.bookmyshow.entity.Payment,setAmount/1[int],false,89,0,1,1,0,1,0,3,0,0,1,0,0,0,0,0,0,0,0,0,1,0,0,0,0,0,3,1,0,false
E:\OOD_Projects\ck-mvn-plugin\dummyBookMyShow-main\src\main\java\com\dummy\bookmyshow\entity\Payment.java,com.dummy.bookmyshow.entity.Payment,getId/0,false,69,0,1,1,0,1,0,3,1,0,0,0,0,0,0,0,0,0,0,0,0,0,0,0,0,0,6,1,0,false
E:\OOD_Projects\ck-mvn-plugin\dummyBookMyShow-main\src\main\java\com\dummy\bookmyshow\entity\Payment.java,com.dummy.bookmyshow.entity.Payment,setId/1[java.util.UUID],false,73,0,0,0,0,1,0,3,0,0,1,0,0,0,0,0,0,0,0,0,1,0,0,0,0,0,6,1,0,false
E:\OOD_Projects\ck-mvn-plugin\dummyBookMyShow-main\src\main\java\com\dummy\bookmyshow\entity\Payment.java,com.dummy.bookmyshow.entity.Payment,setMethod/1[com.dummy.bookmyshow.enums.PaymentMethod],false,97,1,1,1,0,1,0,3,0,0,1,0,0,0,0,0,0,0,0,0,1,0,0,0,0,0,4,1,0,false
E:\OOD_Projects\ck-mvn-plugin\dummyBookMyShow-main\src\main\java\com\dummy\bookmyshow\entity\Payment.java,com.dummy.bookmyshow.entity.Payment,getSourceDetails/0,false,101,0,0,0,0,1,0,3,1,0,0,0,0,0,0,0,0,0,0,0,0,0,0,0,0,0,4,1,0,false
E:\OOD_Projects\ck-mvn-plugin\dummyBookMyShow-main\src\main\java\com\dummy\bookmyshow\entity\Payment.java,com.dummy.bookmyshow.entity.Payment,setStatus/1[com.dummy.bookmyshow.enums.Status],false,81,1,1,1,0,1,0,3,0,0,1,0,0,0,0,0,0,0,0,0,1,0,0,0,0,0,3,1,0,false
E:\OOD_Projects\ck-mvn-plugin\dummyBookMyShow-main\src\main\java\com\dummy\bookmyshow\entity\Payment.java,com.dummy.bookmyshow.entity.Payment,setUpdatedOn/1[java.time.LocalDateTime],false,129,0,0,0,0,1,0,3,0,0,1,0,0,0,0,0,0,0,0,0,1,0,0,0,0,0,7,1,0,false
E:\OOD_Projects\ck-mvn-plugin\dummyBookMyShow-main\src\main\java\com\dummy\bookmyshow\entity\Payment.java,com.dummy.bookmyshow.entity.Payment,getDeleted/0,false,133,0,0,0,0,1,0,3,1,0,0,0,0,0,0,0,0,0,0,0,0,0,0,0,0,0,6,1,0,false
E:\OOD_Projects\ck-mvn-plugin\dummyBookMyShow-main\src\main\java\com\dummy\bookmyshow\entity\Payment.java,com.dummy.bookmyshow.entity.Payment,getCreatedOn/0,false,117,0,0,0,0,1,0,3,1,0,0,0,0,0,0,0,0,0,0,0,0,0,0,0,0,0,7,1,0,false
E:\OOD_Projects\ck-mvn-plugin\dummyBookMyShow-main\src\main\java\com\dummy\bookmyshow\entity\Payment.java,com.dummy.bookmyshow.entity.Payment,setCreatedOn/1[java.time.LocalDateTime],false,121,0,1,1,0,1,0,3,0,0,1,0,0,0,0,0,0,0,0,0,1,0,0,0,0,0,7,1,0,false
E:\OOD_Projects\ck-mvn-plugin\dummyBookMyShow-main\src\main\java\com\dummy\bookmyshow\entity\Payment.java,com.dummy.bookmyshow.entity.Payment,getMethod/0,false,93,1,0,0,0,1,0,3,1,0,0,0,0,0,0,0,0,0,0,0,0,0,0,0,0,0,4,1,0,false
E:\OOD_Projects\ck-mvn-plugin\dummyBookMyShow-main\src\main\java\com\dummy\bookmyshow\entity\Payment.java,com.dummy.bookmyshow.entity.Payment,setSourceDetails/1[java.lang.String],false,105,0,1,1,0,1,0,3,0,0,1,0,0,0,0,0,0,0,0,0,1,0,0,0,0,0,4,1,0,false
E:\OOD_Projects\ck-mvn-plugin\dummyBookMyShow-main\src\main\java\com\dummy\bookmyshow\entity\Payment.java,com.dummy.bookmyshow.entity.Payment,getAmount/0,false,85,0,0,0,0,1,0,3,1,0,0,0,0,0,0,0,0,0,0,0,0,0,0,0,0,0,3,1,0,false
E:\OOD_Projects\ck-mvn-plugin\dummyBookMyShow-main\src\main\java\com\dummy\bookmyshow\entity\Payment.java,com.dummy.bookmyshow.entity.Payment,setDeleted/1[java.time.LocalDateTime],false,137,0,0,0,0,1,0,3,0,0,1,0,0,0,0,0,0,0,0,0,1,0,0,0,0,0,6,1,0,false
E:\OOD_Projects\ck-mvn-plugin\dummyBookMyShow-main\src\main\java\com\dummy\bookmyshow\controller\GenericController.java,com.dummy.bookmyshow.controller.GenericController,"getScreensShowingMovie/3[java.lang.String,java.lang.String,java.lang.String]",false,102,6,2,0,2,3,7,16,3,1,3,7,0,0,0,0,1,0,13,0,1,4,1,0,0,0,35,1,4,true
E:\OOD_Projects\ck-mvn-plugin\dummyBookMyShow-main\src\main\java\com\dummy\bookmyshow\controller\GenericController.java,com.dummy.bookmyshow.controller.GenericController,getMoviesByCity/1[java.lang.String],false,77,6,2,0,2,3,8,16,3,1,1,8,0,0,0,0,1,0,7,0,1,4,1,0,0,0,31,1,4,true
E:\OOD_Projects\ck-mvn-plugin\dummyBookMyShow-main\src\main\java\com\dummy\bookmyshow\controller\GenericController.java,com.dummy.bookmyshow.controller.GenericController,getSupportedCities/0,false,44,6,2,0,2,4,8,22,3,3,0,8,0,0,1,0,1,0,7,0,3,3,2,0,0,0,33,1,4,true
E:\OOD_Projects\ck-mvn-plugin\dummyBookMyShow-main\src\main\java\com\dummy\bookmyshow\controller\GenericController.java,com.dummy.bookmyshow.controller.GenericController,"getAvailabilityOnAScreen/3[java.lang.String,java.lang.String,java.lang.String]",false,133,6,2,0,2,3,7,15,3,1,3,7,0,0,0,0,1,0,10,0,1,3,1,0,0,0,45,1,3,true
E:\OOD_Projects\ck-mvn-plugin\dummyBookMyShow-main\src\main\java\com\dummy\bookmyshow\controller\GenericController.java,com.dummy.bookmyshow.controller.GenericController,"bookSeats/2[java.util.List<com.dummy.bookmyshow.entity.SeatMatrix>,java.lang.String]",false,162,8,2,0,2,3,8,16,3,1,2,8,0,0,0,0,1,0,8,0,1,4,1,0,0,0,45,1,4,true
E:\OOD_Projects\ck-mvn-plugin\dummyBookMyShow-main\src\main\java\com\dummy\bookmyshow\controller\TheaterController.java,com.dummy.bookmyshow.controller.TheaterController,registerMovie/1[com.dummy.bookmyshow.entity.Theater],false,44,6,6,0,6,3,13,22,3,2,1,13,1,1,0,0,1,0,12,0,2,7,1,0,0,0,25,1,5,true
E:\OOD_Projects\ck-mvn-plugin\dummyBookMyShow-main\src\main\java\com\dummy\bookmyshow\controller\TheaterController.java,com.dummy.bookmyshow.controller.TheaterController,validateInput/1[com.dummy.bookmyshow.entity.Theater],false,74,3,9,1,8,3,15,18,0,1,1,15,0,0,0,1,1,1,10,0,1,1,1,0,0,0,34,2,1,false
E:\OOD_Projects\ck-mvn-plugin\dummyBookMyShow-main\.mvn\wrapper\MavenWrapperDownloader.java,MavenWrapperDownloader$Anonymous1,getPasswordAuthentication/0,false,103,0,0,0,0,1,0,3,1,0,0,0,0,0,0,0,0,0,0,0,0,0,0,0,0,0,3,4,0,false
E:\OOD_Projects\ck-mvn-plugin\dummyBookMyShow-main\src\main\java\com\dummy\bookmyshow\controller\SeatMatrixController.java,com.dummy.bookmyshow.controller.SeatMatrixController,addSeatMatrix/1[java.util.List<com.dummy.bookmyshow.entity.SeatMatrix>],false,52,6,2,0,2,3,7,17,3,0,1,7,1,1,0,0,1,0,9,0,0,2,1,0,0,0,35,1,4,true
E:\OOD_Projects\ck-mvn-plugin\dummyBookMyShow-main\src\main\java\com\dummy\bookmyshow\controller\SeatMatrixController.java,com.dummy.bookmyshow.controller.SeatMatrixController,makeSeatNumber/1[int],false,131,0,1,1,0,2,4,13,1,7,1,4,0,0,1,0,0,0,1,2,7,4,1,0,0,0,23,2,0,true
E:\OOD_Projects\ck-mvn-plugin\dummyBookMyShow-main\src\main\java\com\dummy\bookmyshow\controller\SeatMatrixController.java,com.dummy.bookmyshow.controller.SeatMatrixController,validateInput/1[java.util.List<com.dummy.bookmyshow.entity.SeatMatrix>],false,149,2,9,2,7,3,13,17,0,0,1,13,0,0,1,0,1,0,7,0,0,0,2,0,0,0,23,2,1,true
E:\OOD_Projects\ck-mvn-plugin\dummyBookMyShow-main\src\main\java\com\dummy\bookmyshow\controller\SeatMatrixController.java,com.dummy.bookmyshow.controller.SeatMatrixController,addDefaultSeatMatrix/1[com.dummy.bookmyshow.entity.SeatMatrix],false,81,7,18,0,18,4,23,31,3,4,1,23,2,1,1,0,1,0,10,1,4,4,2,0,0,0,48,1,3,true
E:\OOD_Projects\ck-mvn-plugin\dummyBookMyShow-main\src\main\java\com\dummy\bookmyshow\util\DummyBookMyShowException.java,com.dummy.bookmyshow.util.DummyBookMyShowException,DummyBookMyShowException/1[java.lang.String],true,7,0,3,3,0,1,0,3,0,0,1,0,0,0,0,0,0,0,0,0,0,0,0,0,0,0,7,1,0,false
