file,class,method,variable,usage
E:\OOD_Projects\ck-mvn-plugin\dummyBookMyShow-main\src\main\java\com\dummy\bookmyshow\entity\ScreenPk.java,com.dummy.bookmyshow.entity.ScreenPk,setMovieId/1[java.lang.String],movieId,2
E:\OOD_Projects\ck-mvn-plugin\dummyBookMyShow-main\src\main\java\com\dummy\bookmyshow\entity\ScreenPk.java,com.dummy.bookmyshow.entity.ScreenPk,setStartsAt/1[java.lang.String],startsAt,2
E:\OOD_Projects\ck-mvn-plugin\dummyBookMyShow-main\src\main\java\com\dummy\bookmyshow\entity\ScreenPk.java,com.dummy.bookmyshow.entity.ScreenPk,setTheaterId/1[java.lang.String],theaterId,2
E:\OOD_Projects\ck-mvn-plugin\dummyBookMyShow-main\src\main\java\com\dummy\bookmyshow\controller\UrlController.java,com.dummy.bookmyshow.controller.UrlController,convertLongUrlToShort/1[com.dummy.bookmyshow.entity.Url],ex,3
E:\OOD_Projects\ck-mvn-plugin\dummyBookMyShow-main\src\main\java\com\dummy\bookmyshow\controller\UrlController.java,com.dummy.bookmyshow.controller.UrlController,convertLongUrlToShort/1[com.dummy.bookmyshow.entity.Url],shortUrl,1
E:\OOD_Projects\ck-mvn-plugin\dummyBookMyShow-main\src\main\java\com\dummy\bookmyshow\controller\UrlController.java,com.dummy.bookmyshow.controller.UrlController,convertLongUrlToShort/1[com.dummy.bookmyshow.entity.Url],obj,3
E:\OOD_Projects\ck-mvn-plugin\dummyBookMyShow-main\src\main\java\com\dummy\bookmyshow\controller\UrlController.java,com.dummy.bookmyshow.controller.UrlController,convertLongUrlToShort/1[com.dummy.bookmyshow.entity.Url],url,2
E:\OOD_Projects\ck-mvn-plugin\dummyBookMyShow-main\src\main\java\com\dummy\bookmyshow\controller\UrlController.java,com.dummy.bookmyshow.controller.UrlController,convertshortToLong/1[java.lang.String],ex,3
E:\OOD_Projects\ck-mvn-plugin\dummyBookMyShow-main\src\main\java\com\dummy\bookmyshow\controller\UrlController.java,com.dummy.bookmyshow.controller.UrlController,convertshortToLong/1[java.lang.String],shortUrl,5
E:\OOD_Projects\ck-mvn-plugin\dummyBookMyShow-main\src\main\java\com\dummy\bookmyshow\controller\UrlController.java,com.dummy.bookmyshow.controller.UrlController,convertshortToLong/1[java.lang.String],obj,3
E:\OOD_Projects\ck-mvn-plugin\dummyBookMyShow-main\src\main\java\com\dummy\bookmyshow\controller\UrlController.java,com.dummy.bookmyshow.controller.UrlController,convertshortToLong/1[java.lang.String],originalUrl,1
E:\OOD_Projects\ck-mvn-plugin\dummyBookMyShow-main\src\main\java\com\dummy\bookmyshow\controller\ScreenController.java,com.dummy.bookmyshow.controller.ScreenController,registerScreen/1[com.dummy.bookmyshow.entity.Screen],ex,3
E:\OOD_Projects\ck-mvn-plugin\dummyBookMyShow-main\src\main\java\com\dummy\bookmyshow\controller\ScreenController.java,com.dummy.bookmyshow.controller.ScreenController,registerScreen/1[com.dummy.bookmyshow.entity.Screen],e,3
E:\OOD_Projects\ck-mvn-plugin\dummyBookMyShow-main\src\main\java\com\dummy\bookmyshow\controller\ScreenController.java,com.dummy.bookmyshow.controller.ScreenController,registerScreen/1[com.dummy.bookmyshow.entity.Screen],screen,3
E:\OOD_Projects\ck-mvn-plugin\dummyBookMyShow-main\src\main\java\com\dummy\bookmyshow\controller\ScreenController.java,com.dummy.bookmyshow.controller.ScreenController,validateInput/1[com.dummy.bookmyshow.entity.Screen],existingTheater,1
E:\OOD_Projects\ck-mvn-plugin\dummyBookMyShow-main\src\main\java\com\dummy\bookmyshow\controller\ScreenController.java,com.dummy.bookmyshow.controller.ScreenController,validateInput/1[com.dummy.bookmyshow.entity.Screen],existingMovie,1
E:\OOD_Projects\ck-mvn-plugin\dummyBookMyShow-main\src\main\java\com\dummy\bookmyshow\controller\ScreenController.java,com.dummy.bookmyshow.controller.ScreenController,validateInput/1[com.dummy.bookmyshow.entity.Screen],e,2
E:\OOD_Projects\ck-mvn-plugin\dummyBookMyShow-main\src\main\java\com\dummy\bookmyshow\controller\ScreenController.java,com.dummy.bookmyshow.controller.ScreenController,validateInput/1[com.dummy.bookmyshow.entity.Screen],screen,7
E:\OOD_Projects\ck-mvn-plugin\dummyBookMyShow-main\src\main\java\com\dummy\bookmyshow\entity\SeatMatrixPk.java,com.dummy.bookmyshow.entity.SeatMatrixPk,setTheaterId/1[java.lang.String],theaterId,2
E:\OOD_Projects\ck-mvn-plugin\dummyBookMyShow-main\src\main\java\com\dummy\bookmyshow\entity\SeatMatrixPk.java,com.dummy.bookmyshow.entity.SeatMatrixPk,setScreenStartsAt/1[java.lang.String],screenStartsAt,2
E:\OOD_Projects\ck-mvn-plugin\dummyBookMyShow-main\src\main\java\com\dummy\bookmyshow\entity\SeatMatrixPk.java,com.dummy.bookmyshow.entity.SeatMatrixPk,setMovieId/1[java.lang.String],movieId,2
E:\OOD_Projects\ck-mvn-plugin\dummyBookMyShow-main\src\main\java\com\dummy\bookmyshow\entity\SeatMatrixPk.java,com.dummy.bookmyshow.entity.SeatMatrixPk,setSeatNumber/1[java.lang.String],seatNumber,2
E:\OOD_Projects\ck-mvn-plugin\dummyBookMyShow-main\src\main\java\com\dummy\bookmyshow\repository\CastRepository.java,com.dummy.bookmyshow.repository.CastRepository,getCastByMovieId/1[java.lang.String],movieId,0
E:\OOD_Projects\ck-mvn-plugin\dummyBookMyShow-main\src\main\java\com\dummy\bookmyshow\service\impl\UrlServiceImpl.java,com.dummy.bookmyshow.service.impl.UrlServiceImpl,getOriginalUrl/1[java.lang.String],shortUrl,1
E:\OOD_Projects\ck-mvn-plugin\dummyBookMyShow-main\src\main\java\com\dummy\bookmyshow\service\impl\UrlServiceImpl.java,com.dummy.bookmyshow.service.impl.UrlServiceImpl,getOriginalUrl/1[java.lang.String],id,1
E:\OOD_Projects\ck-mvn-plugin\dummyBookMyShow-main\src\main\java\com\dummy\bookmyshow\service\impl\UrlServiceImpl.java,com.dummy.bookmyshow.service.impl.UrlServiceImpl,getOriginalUrl/1[java.lang.String],urlFromDb,2
E:\OOD_Projects\ck-mvn-plugin\dummyBookMyShow-main\src\main\java\com\dummy\bookmyshow\service\impl\UrlServiceImpl.java,com.dummy.bookmyshow.service.impl.UrlServiceImpl,getOriginalUrl/1[java.lang.String],url,1
E:\OOD_Projects\ck-mvn-plugin\dummyBookMyShow-main\src\main\java\com\dummy\bookmyshow\service\impl\UrlServiceImpl.java,com.dummy.bookmyshow.service.impl.UrlServiceImpl,convertBase64ToDecimal/1[java.lang.String],shortUrl,2
E:\OOD_Projects\ck-mvn-plugin\dummyBookMyShow-main\src\main\java\com\dummy\bookmyshow\service\impl\UrlServiceImpl.java,com.dummy.bookmyshow.service.impl.UrlServiceImpl,convertBase64ToDecimal/1[java.lang.String],start,3
E:\OOD_Projects\ck-mvn-plugin\dummyBookMyShow-main\src\main\java\com\dummy\bookmyshow\service\impl\UrlServiceImpl.java,com.dummy.bookmyshow.service.impl.UrlServiceImpl,convertBase64ToDecimal/1[java.lang.String],pow,2
E:\OOD_Projects\ck-mvn-plugin\dummyBookMyShow-main\src\main\java\com\dummy\bookmyshow\service\impl\UrlServiceImpl.java,com.dummy.bookmyshow.service.impl.UrlServiceImpl,convertBase64ToDecimal/1[java.lang.String],decimal,2
E:\OOD_Projects\ck-mvn-plugin\dummyBookMyShow-main\src\main\java\com\dummy\bookmyshow\service\impl\UrlServiceImpl.java,com.dummy.bookmyshow.service.impl.UrlServiceImpl,convertBase64ToDecimal/1[java.lang.String],base,1
E:\OOD_Projects\ck-mvn-plugin\dummyBookMyShow-main\src\main\java\com\dummy\bookmyshow\service\impl\UrlServiceImpl.java,com.dummy.bookmyshow.service.impl.UrlServiceImpl,convertToShortUrl/1[com.dummy.bookmyshow.entity.Url],savedUrl,1
E:\OOD_Projects\ck-mvn-plugin\dummyBookMyShow-main\src\main\java\com\dummy\bookmyshow\service\impl\UrlServiceImpl.java,com.dummy.bookmyshow.service.impl.UrlServiceImpl,convertToShortUrl/1[com.dummy.bookmyshow.entity.Url],storedLongUrlid,1
E:\OOD_Projects\ck-mvn-plugin\dummyBookMyShow-main\src\main\java\com\dummy\bookmyshow\service\impl\UrlServiceImpl.java,com.dummy.bookmyshow.service.impl.UrlServiceImpl,convertToShortUrl/1[com.dummy.bookmyshow.entity.Url],url,2
E:\OOD_Projects\ck-mvn-plugin\dummyBookMyShow-main\src\main\java\com\dummy\bookmyshow\service\impl\UrlServiceImpl.java,com.dummy.bookmyshow.service.impl.UrlServiceImpl,convertToShortUrl/1[long],id,5
E:\OOD_Projects\ck-mvn-plugin\dummyBookMyShow-main\src\main\java\com\dummy\bookmyshow\service\impl\UrlServiceImpl.java,com.dummy.bookmyshow.service.impl.UrlServiceImpl,convertToShortUrl/1[long],sb,2
E:\OOD_Projects\ck-mvn-plugin\dummyBookMyShow-main\src\main\java\com\dummy\bookmyshow\service\impl\UrlServiceImpl.java,com.dummy.bookmyshow.service.impl.UrlServiceImpl,convertToShortUrl/1[long],base,2
E:\OOD_Projects\ck-mvn-plugin\dummyBookMyShow-main\src\main\java\com\dummy\bookmyshow\security\CustomUserDetailService.java,com.dummy.bookmyshow.security.CustomUserDetailService,loadUserByUsername/1[java.lang.String],user,2
E:\OOD_Projects\ck-mvn-plugin\dummyBookMyShow-main\src\main\java\com\dummy\bookmyshow\security\CustomUserDetailService.java,com.dummy.bookmyshow.security.CustomUserDetailService,loadUserByUsername/1[java.lang.String],username,1
E:\OOD_Projects\ck-mvn-plugin\dummyBookMyShow-main\src\main\java\com\dummy\bookmyshow\repository\ScreenRepository.java,com.dummy.bookmyshow.repository.ScreenRepository,"findScreenByTheaterIdAndMovieId/2[java.lang.String,java.lang.String]",theaterId,0
E:\OOD_Projects\ck-mvn-plugin\dummyBookMyShow-main\src\main\java\com\dummy\bookmyshow\repository\ScreenRepository.java,com.dummy.bookmyshow.repository.ScreenRepository,"findScreenByTheaterIdAndMovieId/2[java.lang.String,java.lang.String]",movieId,0
E:\OOD_Projects\ck-mvn-plugin\dummyBookMyShow-main\src\main\java\com\dummy\bookmyshow\security\JwtFilter.java,com.dummy.bookmyshow.security.JwtFilter,"doFilterInternal/3[com.dummy.bookmyshow.security.HttpServletRequest,com.dummy.bookmyshow.security.HttpServletResponse,com.dummy.bookmyshow.security.FilterChain]",request,3
E:\OOD_Projects\ck-mvn-plugin\dummyBookMyShow-main\src\main\java\com\dummy\bookmyshow\security\JwtFilter.java,com.dummy.bookmyshow.security.JwtFilter,"doFilterInternal/3[com.dummy.bookmyshow.security.HttpServletRequest,com.dummy.bookmyshow.security.HttpServletResponse,com.dummy.bookmyshow.security.FilterChain]",usernamePasswordAuthenticationToken,2
E:\OOD_Projects\ck-mvn-plugin\dummyBookMyShow-main\src\main\java\com\dummy\bookmyshow\security\JwtFilter.java,com.dummy.bookmyshow.security.JwtFilter,"doFilterInternal/3[com.dummy.bookmyshow.security.HttpServletRequest,com.dummy.bookmyshow.security.HttpServletResponse,com.dummy.bookmyshow.security.FilterChain]",response,1
E:\OOD_Projects\ck-mvn-plugin\dummyBookMyShow-main\src\main\java\com\dummy\bookmyshow\security\JwtFilter.java,com.dummy.bookmyshow.security.JwtFilter,"doFilterInternal/3[com.dummy.bookmyshow.security.HttpServletRequest,com.dummy.bookmyshow.security.HttpServletResponse,com.dummy.bookmyshow.security.FilterChain]",authorizationHeader,3
E:\OOD_Projects\ck-mvn-plugin\dummyBookMyShow-main\src\main\java\com\dummy\bookmyshow\security\JwtFilter.java,com.dummy.bookmyshow.security.JwtFilter,"doFilterInternal/3[com.dummy.bookmyshow.security.HttpServletRequest,com.dummy.bookmyshow.security.HttpServletResponse,com.dummy.bookmyshow.security.FilterChain]",userName,3
E:\OOD_Projects\ck-mvn-plugin\dummyBookMyShow-main\src\main\java\com\dummy\bookmyshow\security\JwtFilter.java,com.dummy.bookmyshow.security.JwtFilter,"doFilterInternal/3[com.dummy.bookmyshow.security.HttpServletRequest,com.dummy.bookmyshow.security.HttpServletResponse,com.dummy.bookmyshow.security.FilterChain]",filterChain,1
E:\OOD_Projects\ck-mvn-plugin\dummyBookMyShow-main\src\main\java\com\dummy\bookmyshow\security\JwtFilter.java,com.dummy.bookmyshow.security.JwtFilter,"doFilterInternal/3[com.dummy.bookmyshow.security.HttpServletRequest,com.dummy.bookmyshow.security.HttpServletResponse,com.dummy.bookmyshow.security.FilterChain]",userDetails,3
E:\OOD_Projects\ck-mvn-plugin\dummyBookMyShow-main\src\main\java\com\dummy\bookmyshow\security\JwtFilter.java,com.dummy.bookmyshow.security.JwtFilter,"doFilterInternal/3[com.dummy.bookmyshow.security.HttpServletRequest,com.dummy.bookmyshow.security.HttpServletResponse,com.dummy.bookmyshow.security.FilterChain]",token,3
E:\OOD_Projects\ck-mvn-plugin\dummyBookMyShow-main\src\main\java\com\dummy\bookmyshow\service\impl\GenericServiceImpl.java,com.dummy.bookmyshow.service.impl.GenericServiceImpl,doPayment/1[com.dummy.bookmyshow.entity.Booking],booking,2
E:\OOD_Projects\ck-mvn-plugin\dummyBookMyShow-main\src\main\java\com\dummy\bookmyshow\service\impl\GenericServiceImpl.java,com.dummy.bookmyshow.service.impl.GenericServiceImpl,doPayment/1[com.dummy.bookmyshow.entity.Booking],dummyPayment,7
E:\OOD_Projects\ck-mvn-plugin\dummyBookMyShow-main\src\main\java\com\dummy\bookmyshow\service\impl\GenericServiceImpl.java,com.dummy.bookmyshow.service.impl.GenericServiceImpl,doPayment/1[com.dummy.bookmyshow.entity.Booking],paymentFromDb,1
E:\OOD_Projects\ck-mvn-plugin\dummyBookMyShow-main\src\main\java\com\dummy\bookmyshow\service\impl\GenericServiceImpl.java,com.dummy.bookmyshow.service.impl.GenericServiceImpl,getAvailableMovies/1[java.lang.String],result,2
E:\OOD_Projects\ck-mvn-plugin\dummyBookMyShow-main\src\main\java\com\dummy\bookmyshow\service\impl\GenericServiceImpl.java,com.dummy.bookmyshow.service.impl.GenericServiceImpl,getAvailableMovies/1[java.lang.String],availableMovies,2
E:\OOD_Projects\ck-mvn-plugin\dummyBookMyShow-main\src\main\java\com\dummy\bookmyshow\service\impl\GenericServiceImpl.java,com.dummy.bookmyshow.service.impl.GenericServiceImpl,getAvailableMovies/1[java.lang.String],movie,5
E:\OOD_Projects\ck-mvn-plugin\dummyBookMyShow-main\src\main\java\com\dummy\bookmyshow\service\impl\GenericServiceImpl.java,com.dummy.bookmyshow.service.impl.GenericServiceImpl,getAvailableMovies/1[java.lang.String],city,4
E:\OOD_Projects\ck-mvn-plugin\dummyBookMyShow-main\src\main\java\com\dummy\bookmyshow\service\impl\GenericServiceImpl.java,com.dummy.bookmyshow.service.impl.GenericServiceImpl,getAvailableMovies/1[java.lang.String],obj,5
E:\OOD_Projects\ck-mvn-plugin\dummyBookMyShow-main\src\main\java\com\dummy\bookmyshow\service\impl\GenericServiceImpl.java,com.dummy.bookmyshow.service.impl.GenericServiceImpl,getAvailableMovies/1[java.lang.String],mapper,1
E:\OOD_Projects\ck-mvn-plugin\dummyBookMyShow-main\src\main\java\com\dummy\bookmyshow\service\impl\GenericServiceImpl.java,com.dummy.bookmyshow.service.impl.GenericServiceImpl,getAvailableMovies/1[java.lang.String],movieJson,1
E:\OOD_Projects\ck-mvn-plugin\dummyBookMyShow-main\src\main\java\com\dummy\bookmyshow\service\impl\GenericServiceImpl.java,com.dummy.bookmyshow.service.impl.GenericServiceImpl,"bookSeats/2[java.util.List<com.dummy.bookmyshow.entity.SeatMatrix>,java.lang.String]",seat,6
E:\OOD_Projects\ck-mvn-plugin\dummyBookMyShow-main\src\main\java\com\dummy\bookmyshow\service\impl\GenericServiceImpl.java,com.dummy.bookmyshow.service.impl.GenericServiceImpl,"bookSeats/2[java.util.List<com.dummy.bookmyshow.entity.SeatMatrix>,java.lang.String]",seatNumbers,7
E:\OOD_Projects\ck-mvn-plugin\dummyBookMyShow-main\src\main\java\com\dummy\bookmyshow\service\impl\GenericServiceImpl.java,com.dummy.bookmyshow.service.impl.GenericServiceImpl,"bookSeats/2[java.util.List<com.dummy.bookmyshow.entity.SeatMatrix>,java.lang.String]",booking,19
E:\OOD_Projects\ck-mvn-plugin\dummyBookMyShow-main\src\main\java\com\dummy\bookmyshow\service\impl\GenericServiceImpl.java,com.dummy.bookmyshow.service.impl.GenericServiceImpl,"bookSeats/2[java.util.List<com.dummy.bookmyshow.entity.SeatMatrix>,java.lang.String]",totalPrice,2
E:\OOD_Projects\ck-mvn-plugin\dummyBookMyShow-main\src\main\java\com\dummy\bookmyshow\service\impl\GenericServiceImpl.java,com.dummy.bookmyshow.service.impl.GenericServiceImpl,"bookSeats/2[java.util.List<com.dummy.bookmyshow.entity.SeatMatrix>,java.lang.String]",oSeatMatrix,5
E:\OOD_Projects\ck-mvn-plugin\dummyBookMyShow-main\src\main\java\com\dummy\bookmyshow\service\impl\GenericServiceImpl.java,com.dummy.bookmyshow.service.impl.GenericServiceImpl,"bookSeats/2[java.util.List<com.dummy.bookmyshow.entity.SeatMatrix>,java.lang.String]",seatsToBook,4
E:\OOD_Projects\ck-mvn-plugin\dummyBookMyShow-main\src\main\java\com\dummy\bookmyshow\service\impl\GenericServiceImpl.java,com.dummy.bookmyshow.service.impl.GenericServiceImpl,"bookSeats/2[java.util.List<com.dummy.bookmyshow.entity.SeatMatrix>,java.lang.String]",sentNotification,1
E:\OOD_Projects\ck-mvn-plugin\dummyBookMyShow-main\src\main\java\com\dummy\bookmyshow\service\impl\GenericServiceImpl.java,com.dummy.bookmyshow.service.impl.GenericServiceImpl,"bookSeats/2[java.util.List<com.dummy.bookmyshow.entity.SeatMatrix>,java.lang.String]",dummyPayment,1
E:\OOD_Projects\ck-mvn-plugin\dummyBookMyShow-main\src\main\java\com\dummy\bookmyshow\service\impl\GenericServiceImpl.java,com.dummy.bookmyshow.service.impl.GenericServiceImpl,"bookSeats/2[java.util.List<com.dummy.bookmyshow.entity.SeatMatrix>,java.lang.String]",userName,2
E:\OOD_Projects\ck-mvn-plugin\dummyBookMyShow-main\src\main\java\com\dummy\bookmyshow\service\impl\GenericServiceImpl.java,com.dummy.bookmyshow.service.impl.GenericServiceImpl,"bookSeats/2[java.util.List<com.dummy.bookmyshow.entity.SeatMatrix>,java.lang.String]",seatFromDb,1
E:\OOD_Projects\ck-mvn-plugin\dummyBookMyShow-main\src\main\java\com\dummy\bookmyshow\service\impl\GenericServiceImpl.java,com.dummy.bookmyshow.service.impl.GenericServiceImpl,"bookSeats/2[java.util.List<com.dummy.bookmyshow.entity.SeatMatrix>,java.lang.String]",user,3
E:\OOD_Projects\ck-mvn-plugin\dummyBookMyShow-main\src\main\java\com\dummy\bookmyshow\service\impl\GenericServiceImpl.java,com.dummy.bookmyshow.service.impl.GenericServiceImpl,"bookSeats/2[java.util.List<com.dummy.bookmyshow.entity.SeatMatrix>,java.lang.String]",sb,2
E:\OOD_Projects\ck-mvn-plugin\dummyBookMyShow-main\src\main\java\com\dummy\bookmyshow\service\impl\GenericServiceImpl.java,com.dummy.bookmyshow.service.impl.GenericServiceImpl,"makeReturnedData/2[com.dummy.bookmyshow.entity.Booking,com.dummy.bookmyshow.entity.User]",result,5
E:\OOD_Projects\ck-mvn-plugin\dummyBookMyShow-main\src\main\java\com\dummy\bookmyshow\service\impl\GenericServiceImpl.java,com.dummy.bookmyshow.service.impl.GenericServiceImpl,"makeReturnedData/2[com.dummy.bookmyshow.entity.Booking,com.dummy.bookmyshow.entity.User]",booking,6
E:\OOD_Projects\ck-mvn-plugin\dummyBookMyShow-main\src\main\java\com\dummy\bookmyshow\service\impl\GenericServiceImpl.java,com.dummy.bookmyshow.service.impl.GenericServiceImpl,"makeReturnedData/2[com.dummy.bookmyshow.entity.Booking,com.dummy.bookmyshow.entity.User]",movieDetails,2
E:\OOD_Projects\ck-mvn-plugin\dummyBookMyShow-main\src\main\java\com\dummy\bookmyshow\service\impl\GenericServiceImpl.java,com.dummy.bookmyshow.service.impl.GenericServiceImpl,"makeReturnedData/2[com.dummy.bookmyshow.entity.Booking,com.dummy.bookmyshow.entity.User]",movie,1
E:\OOD_Projects\ck-mvn-plugin\dummyBookMyShow-main\src\main\java\com\dummy\bookmyshow\service\impl\GenericServiceImpl.java,com.dummy.bookmyshow.service.impl.GenericServiceImpl,"makeReturnedData/2[com.dummy.bookmyshow.entity.Booking,com.dummy.bookmyshow.entity.User]",theater,1
E:\OOD_Projects\ck-mvn-plugin\dummyBookMyShow-main\src\main\java\com\dummy\bookmyshow\service\impl\GenericServiceImpl.java,com.dummy.bookmyshow.service.impl.GenericServiceImpl,"makeReturnedData/2[com.dummy.bookmyshow.entity.Booking,com.dummy.bookmyshow.entity.User]",theaterDetails,3
E:\OOD_Projects\ck-mvn-plugin\dummyBookMyShow-main\src\main\java\com\dummy\bookmyshow\service\impl\GenericServiceImpl.java,com.dummy.bookmyshow.service.impl.GenericServiceImpl,"makeReturnedData/2[com.dummy.bookmyshow.entity.Booking,com.dummy.bookmyshow.entity.User]",movieFromDb,2
E:\OOD_Projects\ck-mvn-plugin\dummyBookMyShow-main\src\main\java\com\dummy\bookmyshow\service\impl\GenericServiceImpl.java,com.dummy.bookmyshow.service.impl.GenericServiceImpl,"makeReturnedData/2[com.dummy.bookmyshow.entity.Booking,com.dummy.bookmyshow.entity.User]",theaterFromDb,3
E:\OOD_Projects\ck-mvn-plugin\dummyBookMyShow-main\src\main\java\com\dummy\bookmyshow\service\impl\GenericServiceImpl.java,com.dummy.bookmyshow.service.impl.GenericServiceImpl,"makeReturnedData/2[com.dummy.bookmyshow.entity.Booking,com.dummy.bookmyshow.entity.User]",user,2
E:\OOD_Projects\ck-mvn-plugin\dummyBookMyShow-main\src\main\java\com\dummy\bookmyshow\service\impl\GenericServiceImpl.java,com.dummy.bookmyshow.service.impl.GenericServiceImpl,"makeReturnedData/2[com.dummy.bookmyshow.entity.Booking,com.dummy.bookmyshow.entity.User]",userDetails,2
E:\OOD_Projects\ck-mvn-plugin\dummyBookMyShow-main\src\main\java\com\dummy\bookmyshow\service\impl\GenericServiceImpl.java,com.dummy.bookmyshow.service.impl.GenericServiceImpl,"makeReturnedData/2[com.dummy.bookmyshow.entity.Booking,com.dummy.bookmyshow.entity.User]",ticketDetails,3
E:\OOD_Projects\ck-mvn-plugin\dummyBookMyShow-main\src\main\java\com\dummy\bookmyshow\service\impl\GenericServiceImpl.java,com.dummy.bookmyshow.service.impl.GenericServiceImpl,"sendNotification/2[com.dummy.bookmyshow.entity.Booking,com.dummy.bookmyshow.entity.User]",booking,3
E:\OOD_Projects\ck-mvn-plugin\dummyBookMyShow-main\src\main\java\com\dummy\bookmyshow\service\impl\GenericServiceImpl.java,com.dummy.bookmyshow.service.impl.GenericServiceImpl,"sendNotification/2[com.dummy.bookmyshow.entity.Booking,com.dummy.bookmyshow.entity.User]",sentNotification,1
E:\OOD_Projects\ck-mvn-plugin\dummyBookMyShow-main\src\main\java\com\dummy\bookmyshow\service\impl\GenericServiceImpl.java,com.dummy.bookmyshow.service.impl.GenericServiceImpl,"sendNotification/2[com.dummy.bookmyshow.entity.Booking,com.dummy.bookmyshow.entity.User]",user,2
E:\OOD_Projects\ck-mvn-plugin\dummyBookMyShow-main\src\main\java\com\dummy\bookmyshow\service\impl\GenericServiceImpl.java,com.dummy.bookmyshow.service.impl.GenericServiceImpl,"sendNotification/2[com.dummy.bookmyshow.entity.Booking,com.dummy.bookmyshow.entity.User]",tobeSendNotification,10
E:\OOD_Projects\ck-mvn-plugin\dummyBookMyShow-main\src\main\java\com\dummy\bookmyshow\service\impl\GenericServiceImpl.java,com.dummy.bookmyshow.service.impl.GenericServiceImpl,"getSeatMatrix/3[java.lang.String,java.lang.String,java.lang.String]",result,2
E:\OOD_Projects\ck-mvn-plugin\dummyBookMyShow-main\src\main\java\com\dummy\bookmyshow\service\impl\GenericServiceImpl.java,com.dummy.bookmyshow.service.impl.GenericServiceImpl,"getSeatMatrix/3[java.lang.String,java.lang.String,java.lang.String]",seat,6
E:\OOD_Projects\ck-mvn-plugin\dummyBookMyShow-main\src\main\java\com\dummy\bookmyshow\service\impl\GenericServiceImpl.java,com.dummy.bookmyshow.service.impl.GenericServiceImpl,"getSeatMatrix/3[java.lang.String,java.lang.String,java.lang.String]",seatsMatrix,2
E:\OOD_Projects\ck-mvn-plugin\dummyBookMyShow-main\src\main\java\com\dummy\bookmyshow\service\impl\GenericServiceImpl.java,com.dummy.bookmyshow.service.impl.GenericServiceImpl,"getSeatMatrix/3[java.lang.String,java.lang.String,java.lang.String]",seatJson,1
E:\OOD_Projects\ck-mvn-plugin\dummyBookMyShow-main\src\main\java\com\dummy\bookmyshow\service\impl\GenericServiceImpl.java,com.dummy.bookmyshow.service.impl.GenericServiceImpl,"getSeatMatrix/3[java.lang.String,java.lang.String,java.lang.String]",theaterId,4
E:\OOD_Projects\ck-mvn-plugin\dummyBookMyShow-main\src\main\java\com\dummy\bookmyshow\service\impl\GenericServiceImpl.java,com.dummy.bookmyshow.service.impl.GenericServiceImpl,"getSeatMatrix/3[java.lang.String,java.lang.String,java.lang.String]",obj,8
E:\OOD_Projects\ck-mvn-plugin\dummyBookMyShow-main\src\main\java\com\dummy\bookmyshow\service\impl\GenericServiceImpl.java,com.dummy.bookmyshow.service.impl.GenericServiceImpl,"getSeatMatrix/3[java.lang.String,java.lang.String,java.lang.String]",movieId,4
E:\OOD_Projects\ck-mvn-plugin\dummyBookMyShow-main\src\main\java\com\dummy\bookmyshow\service\impl\GenericServiceImpl.java,com.dummy.bookmyshow.service.impl.GenericServiceImpl,"getSeatMatrix/3[java.lang.String,java.lang.String,java.lang.String]",mapper,1
E:\OOD_Projects\ck-mvn-plugin\dummyBookMyShow-main\src\main\java\com\dummy\bookmyshow\service\impl\GenericServiceImpl.java,com.dummy.bookmyshow.service.impl.GenericServiceImpl,"getSeatMatrix/3[java.lang.String,java.lang.String,java.lang.String]",screenStartsAt,4
E:\OOD_Projects\ck-mvn-plugin\dummyBookMyShow-main\src\main\java\com\dummy\bookmyshow\service\impl\GenericServiceImpl.java,com.dummy.bookmyshow.service.impl.GenericServiceImpl,"getScreensShowingMovie/3[java.lang.String,java.lang.String,java.lang.String]",result,2
E:\OOD_Projects\ck-mvn-plugin\dummyBookMyShow-main\src\main\java\com\dummy\bookmyshow\service\impl\GenericServiceImpl.java,com.dummy.bookmyshow.service.impl.GenericServiceImpl,"getScreensShowingMovie/3[java.lang.String,java.lang.String,java.lang.String]",city,4
E:\OOD_Projects\ck-mvn-plugin\dummyBookMyShow-main\src\main\java\com\dummy\bookmyshow\service\impl\GenericServiceImpl.java,com.dummy.bookmyshow.service.impl.GenericServiceImpl,"getScreensShowingMovie/3[java.lang.String,java.lang.String,java.lang.String]",screens,1
E:\OOD_Projects\ck-mvn-plugin\dummyBookMyShow-main\src\main\java\com\dummy\bookmyshow\service\impl\GenericServiceImpl.java,com.dummy.bookmyshow.service.impl.GenericServiceImpl,"getScreensShowingMovie/3[java.lang.String,java.lang.String,java.lang.String]",theaterId,1
E:\OOD_Projects\ck-mvn-plugin\dummyBookMyShow-main\src\main\java\com\dummy\bookmyshow\service\impl\GenericServiceImpl.java,com.dummy.bookmyshow.service.impl.GenericServiceImpl,"getScreensShowingMovie/3[java.lang.String,java.lang.String,java.lang.String]",theater,1
E:\OOD_Projects\ck-mvn-plugin\dummyBookMyShow-main\src\main\java\com\dummy\bookmyshow\service\impl\GenericServiceImpl.java,com.dummy.bookmyshow.service.impl.GenericServiceImpl,"getScreensShowingMovie/3[java.lang.String,java.lang.String,java.lang.String]",obj,1
E:\OOD_Projects\ck-mvn-plugin\dummyBookMyShow-main\src\main\java\com\dummy\bookmyshow\service\impl\GenericServiceImpl.java,com.dummy.bookmyshow.service.impl.GenericServiceImpl,"getScreensShowingMovie/3[java.lang.String,java.lang.String,java.lang.String]",screenJsonObj,1
E:\OOD_Projects\ck-mvn-plugin\dummyBookMyShow-main\src\main\java\com\dummy\bookmyshow\service\impl\GenericServiceImpl.java,com.dummy.bookmyshow.service.impl.GenericServiceImpl,"getScreensShowingMovie/3[java.lang.String,java.lang.String,java.lang.String]",screen,1
E:\OOD_Projects\ck-mvn-plugin\dummyBookMyShow-main\src\main\java\com\dummy\bookmyshow\service\impl\GenericServiceImpl.java,com.dummy.bookmyshow.service.impl.GenericServiceImpl,"getScreensShowingMovie/3[java.lang.String,java.lang.String,java.lang.String]",movieId,5
E:\OOD_Projects\ck-mvn-plugin\dummyBookMyShow-main\src\main\java\com\dummy\bookmyshow\service\impl\GenericServiceImpl.java,com.dummy.bookmyshow.service.impl.GenericServiceImpl,"getScreensShowingMovie/3[java.lang.String,java.lang.String,java.lang.String]",mapper,1
E:\OOD_Projects\ck-mvn-plugin\dummyBookMyShow-main\src\main\java\com\dummy\bookmyshow\service\impl\GenericServiceImpl.java,com.dummy.bookmyshow.service.impl.GenericServiceImpl,"getScreensShowingMovie/3[java.lang.String,java.lang.String,java.lang.String]",theatersShowingThisMovie,2
E:\OOD_Projects\ck-mvn-plugin\dummyBookMyShow-main\src\main\java\com\dummy\bookmyshow\service\impl\GenericServiceImpl.java,com.dummy.bookmyshow.service.impl.GenericServiceImpl,"getScreensShowingMovie/3[java.lang.String,java.lang.String,java.lang.String]",screensArray,2
E:\OOD_Projects\ck-mvn-plugin\dummyBookMyShow-main\src\main\java\com\dummy\bookmyshow\service\impl\GenericServiceImpl.java,com.dummy.bookmyshow.service.impl.GenericServiceImpl,"setTinyUrl/3[com.dummy.bookmyshow.entity.Notification,com.dummy.bookmyshow.entity.Booking,java.lang.String]",booking,2
E:\OOD_Projects\ck-mvn-plugin\dummyBookMyShow-main\src\main\java\com\dummy\bookmyshow\service\impl\GenericServiceImpl.java,com.dummy.bookmyshow.service.impl.GenericServiceImpl,"setTinyUrl/3[com.dummy.bookmyshow.entity.Notification,com.dummy.bookmyshow.entity.Booking,java.lang.String]",bookingurl,1
E:\OOD_Projects\ck-mvn-plugin\dummyBookMyShow-main\src\main\java\com\dummy\bookmyshow\service\impl\GenericServiceImpl.java,com.dummy.bookmyshow.service.impl.GenericServiceImpl,"setTinyUrl/3[com.dummy.bookmyshow.entity.Notification,com.dummy.bookmyshow.entity.Booking,java.lang.String]",shorturl,1
E:\OOD_Projects\ck-mvn-plugin\dummyBookMyShow-main\src\main\java\com\dummy\bookmyshow\service\impl\GenericServiceImpl.java,com.dummy.bookmyshow.service.impl.GenericServiceImpl,"setTinyUrl/3[com.dummy.bookmyshow.entity.Notification,com.dummy.bookmyshow.entity.Booking,java.lang.String]",userName,1
E:\OOD_Projects\ck-mvn-plugin\dummyBookMyShow-main\src\main\java\com\dummy\bookmyshow\service\impl\GenericServiceImpl.java,com.dummy.bookmyshow.service.impl.GenericServiceImpl,"setTinyUrl/3[com.dummy.bookmyshow.entity.Notification,com.dummy.bookmyshow.entity.Booking,java.lang.String]",tobeSendNotification,1
E:\OOD_Projects\ck-mvn-plugin\dummyBookMyShow-main\src\main\java\com\dummy\bookmyshow\service\impl\GenericServiceImpl.java,com.dummy.bookmyshow.service.impl.GenericServiceImpl,"setTinyUrl/3[com.dummy.bookmyshow.entity.Notification,com.dummy.bookmyshow.entity.Booking,java.lang.String]",url,3
E:\OOD_Projects\ck-mvn-plugin\dummyBookMyShow-main\src\main\java\com\dummy\bookmyshow\security\AuthRequest.java,com.dummy.bookmyshow.security.AuthRequest,setPassword/1[java.lang.String],password,2
E:\OOD_Projects\ck-mvn-plugin\dummyBookMyShow-main\src\main\java\com\dummy\bookmyshow\security\AuthRequest.java,com.dummy.bookmyshow.security.AuthRequest,setUsername/1[java.lang.String],username,2
E:\OOD_Projects\ck-mvn-plugin\dummyBookMyShow-main\src\main\java\com\dummy\bookmyshow\service\impl\CastServiceImpl.java,com.dummy.bookmyshow.service.impl.CastServiceImpl,findByMovieId/1[java.lang.String],result,2
E:\OOD_Projects\ck-mvn-plugin\dummyBookMyShow-main\src\main\java\com\dummy\bookmyshow\service\impl\CastServiceImpl.java,com.dummy.bookmyshow.service.impl.CastServiceImpl,findByMovieId/1[java.lang.String],cast,1
E:\OOD_Projects\ck-mvn-plugin\dummyBookMyShow-main\src\main\java\com\dummy\bookmyshow\service\impl\CastServiceImpl.java,com.dummy.bookmyshow.service.impl.CastServiceImpl,findByMovieId/1[java.lang.String],casts,2
E:\OOD_Projects\ck-mvn-plugin\dummyBookMyShow-main\src\main\java\com\dummy\bookmyshow\service\impl\CastServiceImpl.java,com.dummy.bookmyshow.service.impl.CastServiceImpl,findByMovieId/1[java.lang.String],castString,1
E:\OOD_Projects\ck-mvn-plugin\dummyBookMyShow-main\src\main\java\com\dummy\bookmyshow\service\impl\CastServiceImpl.java,com.dummy.bookmyshow.service.impl.CastServiceImpl,findByMovieId/1[java.lang.String],movieId,4
E:\OOD_Projects\ck-mvn-plugin\dummyBookMyShow-main\src\main\java\com\dummy\bookmyshow\service\impl\CastServiceImpl.java,com.dummy.bookmyshow.service.impl.CastServiceImpl,findByMovieId/1[java.lang.String],mapper,1
E:\OOD_Projects\ck-mvn-plugin\dummyBookMyShow-main\src\main\java\com\dummy\bookmyshow\service\impl\CastServiceImpl.java,com.dummy.bookmyshow.service.impl.CastServiceImpl,findByMovieId/1[java.lang.String],object,1
E:\OOD_Projects\ck-mvn-plugin\dummyBookMyShow-main\src\main\java\com\dummy\bookmyshow\entity\Url.java,com.dummy.bookmyshow.entity.Url,setOriginalUrl/1[java.lang.String],originalUrl,2
E:\OOD_Projects\ck-mvn-plugin\dummyBookMyShow-main\src\main\java\com\dummy\bookmyshow\entity\Url.java,com.dummy.bookmyshow.entity.Url,setCreatedOn/1[java.time.LocalDateTime],createdOn,2
E:\OOD_Projects\ck-mvn-plugin\dummyBookMyShow-main\src\main\java\com\dummy\bookmyshow\entity\Url.java,com.dummy.bookmyshow.entity.Url,setId/1[java.lang.Long],id,2
E:\OOD_Projects\ck-mvn-plugin\dummyBookMyShow-main\src\main\java\com\dummy\bookmyshow\controller\MovieController.java,com.dummy.bookmyshow.controller.MovieController,validateInput/1[com.dummy.bookmyshow.entity.Movie],existingTheater,1
E:\OOD_Projects\ck-mvn-plugin\dummyBookMyShow-main\src\main\java\com\dummy\bookmyshow\controller\MovieController.java,com.dummy.bookmyshow.controller.MovieController,validateInput/1[com.dummy.bookmyshow.entity.Movie],movie,12
E:\OOD_Projects\ck-mvn-plugin\dummyBookMyShow-main\src\main\java\com\dummy\bookmyshow\controller\MovieController.java,com.dummy.bookmyshow.controller.MovieController,validateInput/1[com.dummy.bookmyshow.entity.Movie],e,2
E:\OOD_Projects\ck-mvn-plugin\dummyBookMyShow-main\src\main\java\com\dummy\bookmyshow\controller\MovieController.java,com.dummy.bookmyshow.controller.MovieController,registerMovie/1[com.dummy.bookmyshow.entity.Movie],ex,3
E:\OOD_Projects\ck-mvn-plugin\dummyBookMyShow-main\src\main\java\com\dummy\bookmyshow\controller\MovieController.java,com.dummy.bookmyshow.controller.MovieController,registerMovie/1[com.dummy.bookmyshow.entity.Movie],movie,3
E:\OOD_Projects\ck-mvn-plugin\dummyBookMyShow-main\src\main\java\com\dummy\bookmyshow\controller\MovieController.java,com.dummy.bookmyshow.controller.MovieController,registerMovie/1[com.dummy.bookmyshow.entity.Movie],e,3
E:\OOD_Projects\ck-mvn-plugin\dummyBookMyShow-main\src\main\java\com\dummy\bookmyshow\controller\MovieController.java,com.dummy.bookmyshow.controller.MovieController,registerMovie/1[com.dummy.bookmyshow.entity.Movie],newMovie,4
E:\OOD_Projects\ck-mvn-plugin\dummyBookMyShow-main\src\main\java\com\dummy\bookmyshow\controller\MovieController.java,com.dummy.bookmyshow.controller.MovieController,registerMovie/1[com.dummy.bookmyshow.entity.Movie],movieId,5
E:\OOD_Projects\ck-mvn-plugin\dummyBookMyShow-main\src\main\java\com\dummy\bookmyshow\repository\TheaterRepository.java,com.dummy.bookmyshow.repository.TheaterRepository,"getScreensShowingMovie/2[java.lang.String,java.lang.String]",city,0
E:\OOD_Projects\ck-mvn-plugin\dummyBookMyShow-main\src\main\java\com\dummy\bookmyshow\repository\TheaterRepository.java,com.dummy.bookmyshow.repository.TheaterRepository,"getScreensShowingMovie/2[java.lang.String,java.lang.String]",theaterId,0
E:\OOD_Projects\ck-mvn-plugin\dummyBookMyShow-main\src\main\java\com\dummy\bookmyshow\entity\SeatMatrix.java,com.dummy.bookmyshow.entity.SeatMatrix,setBooked/1[boolean],booked,2
E:\OOD_Projects\ck-mvn-plugin\dummyBookMyShow-main\src\main\java\com\dummy\bookmyshow\entity\SeatMatrix.java,com.dummy.bookmyshow.entity.SeatMatrix,setPrimaryKey/1[com.dummy.bookmyshow.entity.SeatMatrixPk],primaryKey,2
E:\OOD_Projects\ck-mvn-plugin\dummyBookMyShow-main\src\main\java\com\dummy\bookmyshow\entity\SeatMatrix.java,com.dummy.bookmyshow.entity.SeatMatrix,setUpdatedOn/1[java.time.LocalDateTime],updatedOn,2
E:\OOD_Projects\ck-mvn-plugin\dummyBookMyShow-main\src\main\java\com\dummy\bookmyshow\entity\SeatMatrix.java,com.dummy.bookmyshow.entity.SeatMatrix,setPrice/1[int],price,2
E:\OOD_Projects\ck-mvn-plugin\dummyBookMyShow-main\src\main\java\com\dummy\bookmyshow\entity\SeatMatrix.java,com.dummy.bookmyshow.entity.SeatMatrix,setSeatType/1[com.dummy.bookmyshow.enums.SeatType],seatType,2
E:\OOD_Projects\ck-mvn-plugin\dummyBookMyShow-main\src\main\java\com\dummy\bookmyshow\entity\SeatMatrix.java,com.dummy.bookmyshow.entity.SeatMatrix,setDeleted/1[java.time.LocalDateTime],deleted,2
E:\OOD_Projects\ck-mvn-plugin\dummyBookMyShow-main\src\main\java\com\dummy\bookmyshow\entity\SeatMatrix.java,com.dummy.bookmyshow.entity.SeatMatrix,setCreatedOn/1[java.time.LocalDateTime],createdOn,2
E:\OOD_Projects\ck-mvn-plugin\dummyBookMyShow-main\src\main\java\com\dummy\bookmyshow\security\JwtUtils.java,com.dummy.bookmyshow.security.JwtUtils,extractExpiration/1[java.lang.String],token,1
E:\OOD_Projects\ck-mvn-plugin\dummyBookMyShow-main\src\main\java\com\dummy\bookmyshow\security\JwtUtils.java,com.dummy.bookmyshow.security.JwtUtils,"validateToken/2[java.lang.String,com.dummy.bookmyshow.security.UserDetails]",userDetails,1
E:\OOD_Projects\ck-mvn-plugin\dummyBookMyShow-main\src\main\java\com\dummy\bookmyshow\security\JwtUtils.java,com.dummy.bookmyshow.security.JwtUtils,"validateToken/2[java.lang.String,com.dummy.bookmyshow.security.UserDetails]",token,2
E:\OOD_Projects\ck-mvn-plugin\dummyBookMyShow-main\src\main\java\com\dummy\bookmyshow\security\JwtUtils.java,com.dummy.bookmyshow.security.JwtUtils,"validateToken/2[java.lang.String,com.dummy.bookmyshow.security.UserDetails]",username,1
E:\OOD_Projects\ck-mvn-plugin\dummyBookMyShow-main\src\main\java\com\dummy\bookmyshow\security\JwtUtils.java,com.dummy.bookmyshow.security.JwtUtils,"createToken/2[java.util.Map<java.lang.String,java.lang.Object>,java.lang.String]",subject,1
E:\OOD_Projects\ck-mvn-plugin\dummyBookMyShow-main\src\main\java\com\dummy\bookmyshow\security\JwtUtils.java,com.dummy.bookmyshow.security.JwtUtils,"createToken/2[java.util.Map<java.lang.String,java.lang.Object>,java.lang.String]",claims,1
E:\OOD_Projects\ck-mvn-plugin\dummyBookMyShow-main\src\main\java\com\dummy\bookmyshow\security\JwtUtils.java,com.dummy.bookmyshow.security.JwtUtils,generateToken/1[java.lang.String],claims,1
E:\OOD_Projects\ck-mvn-plugin\dummyBookMyShow-main\src\main\java\com\dummy\bookmyshow\security\JwtUtils.java,com.dummy.bookmyshow.security.JwtUtils,generateToken/1[java.lang.String],username,1
E:\OOD_Projects\ck-mvn-plugin\dummyBookMyShow-main\src\main\java\com\dummy\bookmyshow\security\JwtUtils.java,com.dummy.bookmyshow.security.JwtUtils,isTokenExpired/1[java.lang.String],token,1
E:\OOD_Projects\ck-mvn-plugin\dummyBookMyShow-main\src\main\java\com\dummy\bookmyshow\security\JwtUtils.java,com.dummy.bookmyshow.security.JwtUtils,"extractClaim/2[java.lang.String,java.util.function.Function<com.dummy.bookmyshow.security.Claims,T>]",claimsResolver,1
E:\OOD_Projects\ck-mvn-plugin\dummyBookMyShow-main\src\main\java\com\dummy\bookmyshow\security\JwtUtils.java,com.dummy.bookmyshow.security.JwtUtils,"extractClaim/2[java.lang.String,java.util.function.Function<com.dummy.bookmyshow.security.Claims,T>]",claims,1
E:\OOD_Projects\ck-mvn-plugin\dummyBookMyShow-main\src\main\java\com\dummy\bookmyshow\security\JwtUtils.java,com.dummy.bookmyshow.security.JwtUtils,"extractClaim/2[java.lang.String,java.util.function.Function<com.dummy.bookmyshow.security.Claims,T>]",token,1
E:\OOD_Projects\ck-mvn-plugin\dummyBookMyShow-main\src\main\java\com\dummy\bookmyshow\security\JwtUtils.java,com.dummy.bookmyshow.security.JwtUtils,extractUsername/1[java.lang.String],token,1
E:\OOD_Projects\ck-mvn-plugin\dummyBookMyShow-main\src\main\java\com\dummy\bookmyshow\security\JwtUtils.java,com.dummy.bookmyshow.security.JwtUtils,extractAllClaims/1[java.lang.String],token,1
E:\OOD_Projects\ck-mvn-plugin\dummyBookMyShow-main\src\main\java\com\dummy\bookmyshow\controller\CastController.java,com.dummy.bookmyshow.controller.CastController,addCast/1[java.lang.String],ex,3
E:\OOD_Projects\ck-mvn-plugin\dummyBookMyShow-main\src\main\java\com\dummy\bookmyshow\controller\CastController.java,com.dummy.bookmyshow.controller.CastController,addCast/1[java.lang.String],casts,2
E:\OOD_Projects\ck-mvn-plugin\dummyBookMyShow-main\src\main\java\com\dummy\bookmyshow\controller\CastController.java,com.dummy.bookmyshow.controller.CastController,addCast/1[java.lang.String],e,3
E:\OOD_Projects\ck-mvn-plugin\dummyBookMyShow-main\src\main\java\com\dummy\bookmyshow\controller\CastController.java,com.dummy.bookmyshow.controller.CastController,addCast/1[java.lang.String],movieId,2
E:\OOD_Projects\ck-mvn-plugin\dummyBookMyShow-main\src\main\java\com\dummy\bookmyshow\controller\CastController.java,com.dummy.bookmyshow.controller.CastController,addCast/1[java.util.List<com.dummy.bookmyshow.entity.Cast>],cast,7
E:\OOD_Projects\ck-mvn-plugin\dummyBookMyShow-main\src\main\java\com\dummy\bookmyshow\controller\CastController.java,com.dummy.bookmyshow.controller.CastController,addCast/1[java.util.List<com.dummy.bookmyshow.entity.Cast>],ex,3
E:\OOD_Projects\ck-mvn-plugin\dummyBookMyShow-main\src\main\java\com\dummy\bookmyshow\controller\CastController.java,com.dummy.bookmyshow.controller.CastController,addCast/1[java.util.List<com.dummy.bookmyshow.entity.Cast>],casts,2
E:\OOD_Projects\ck-mvn-plugin\dummyBookMyShow-main\src\main\java\com\dummy\bookmyshow\controller\CastController.java,com.dummy.bookmyshow.controller.CastController,addCast/1[java.util.List<com.dummy.bookmyshow.entity.Cast>],existingMovie,1
E:\OOD_Projects\ck-mvn-plugin\dummyBookMyShow-main\src\main\java\com\dummy\bookmyshow\controller\CastController.java,com.dummy.bookmyshow.controller.CastController,addCast/1[java.util.List<com.dummy.bookmyshow.entity.Cast>],movie,5
E:\OOD_Projects\ck-mvn-plugin\dummyBookMyShow-main\src\main\java\com\dummy\bookmyshow\controller\CastController.java,com.dummy.bookmyshow.controller.CastController,addCast/1[java.util.List<com.dummy.bookmyshow.entity.Cast>],e,3
E:\OOD_Projects\ck-mvn-plugin\dummyBookMyShow-main\src\main\java\com\dummy\bookmyshow\controller\CastController.java,com.dummy.bookmyshow.controller.CastController,validateInput/1[com.dummy.bookmyshow.entity.Cast],cast,6
E:\OOD_Projects\ck-mvn-plugin\dummyBookMyShow-main\src\main\java\com\dummy\bookmyshow\controller\CastController.java,com.dummy.bookmyshow.controller.CastController,validateInput/1[com.dummy.bookmyshow.entity.Cast],existingTheater,1
E:\OOD_Projects\ck-mvn-plugin\dummyBookMyShow-main\src\main\java\com\dummy\bookmyshow\controller\CastController.java,com.dummy.bookmyshow.controller.CastController,validateInput/1[com.dummy.bookmyshow.entity.Cast],e,2
E:\OOD_Projects\ck-mvn-plugin\dummyBookMyShow-main\src\main\java\com\dummy\bookmyshow\entity\Cast.java,com.dummy.bookmyshow.entity.Cast,setMovieId/1[java.lang.String],movieId,2
E:\OOD_Projects\ck-mvn-plugin\dummyBookMyShow-main\src\main\java\com\dummy\bookmyshow\entity\Cast.java,com.dummy.bookmyshow.entity.Cast,setId/1[java.lang.Long],id,2
E:\OOD_Projects\ck-mvn-plugin\dummyBookMyShow-main\src\main\java\com\dummy\bookmyshow\entity\Cast.java,com.dummy.bookmyshow.entity.Cast,setCharacterOccupation/1[java.lang.String],characterOccupation,2
E:\OOD_Projects\ck-mvn-plugin\dummyBookMyShow-main\src\main\java\com\dummy\bookmyshow\entity\Cast.java,com.dummy.bookmyshow.entity.Cast,setCastDetails/1[java.lang.String],castDetails,2
E:\OOD_Projects\ck-mvn-plugin\dummyBookMyShow-main\src\main\java\com\dummy\bookmyshow\entity\Cast.java,com.dummy.bookmyshow.entity.Cast,setCharacterName/1[java.lang.String],characterName,2
E:\OOD_Projects\ck-mvn-plugin\dummyBookMyShow-main\src\main\java\com\dummy\bookmyshow\BookmyshowApplication.java,com.dummy.bookmyshow.BookmyshowApplication,main/1[java.lang.String[]],args,1
E:\OOD_Projects\ck-mvn-plugin\dummyBookMyShow-main\src\main\java\com\dummy\bookmyshow\BookmyshowApplication.java,com.dummy.bookmyshow.BookmyshowApplication,initUsers/0,adminUser,8
E:\OOD_Projects\ck-mvn-plugin\dummyBookMyShow-main\src\main\java\com\dummy\bookmyshow\BookmyshowApplication.java,com.dummy.bookmyshow.BookmyshowApplication,initUsers/0,users,3
E:\OOD_Projects\ck-mvn-plugin\dummyBookMyShow-main\src\main\java\com\dummy\bookmyshow\BookmyshowApplication.java,com.dummy.bookmyshow.BookmyshowApplication,initUsers/0,serviceUser,8
E:\OOD_Projects\ck-mvn-plugin\dummyBookMyShow-main\src\main\java\com\dummy\bookmyshow\util\ResponseParser.java,com.dummy.bookmyshow.util.ResponseParser,"build/3[int,java.lang.String,java.lang.String]",userMessage,2
E:\OOD_Projects\ck-mvn-plugin\dummyBookMyShow-main\src\main\java\com\dummy\bookmyshow\util\ResponseParser.java,com.dummy.bookmyshow.util.ResponseParser,"build/3[int,java.lang.String,java.lang.String]",developerMessage,2
E:\OOD_Projects\ck-mvn-plugin\dummyBookMyShow-main\src\main\java\com\dummy\bookmyshow\util\ResponseParser.java,com.dummy.bookmyshow.util.ResponseParser,"build/3[int,java.lang.String,java.lang.String]",statusCode,2
E:\OOD_Projects\ck-mvn-plugin\dummyBookMyShow-main\src\main\java\com\dummy\bookmyshow\util\ResponseParser.java,com.dummy.bookmyshow.util.ResponseParser,setUserMessage/1[java.lang.String],userMessage,2
E:\OOD_Projects\ck-mvn-plugin\dummyBookMyShow-main\src\main\java\com\dummy\bookmyshow\util\ResponseParser.java,com.dummy.bookmyshow.util.ResponseParser,setStatusCode/1[int],statusCode,2
E:\OOD_Projects\ck-mvn-plugin\dummyBookMyShow-main\src\main\java\com\dummy\bookmyshow\util\ResponseParser.java,com.dummy.bookmyshow.util.ResponseParser,setDeveloperMessage/1[java.lang.String],developerMessage,2
E:\OOD_Projects\ck-mvn-plugin\dummyBookMyShow-main\src\main\java\com\dummy\bookmyshow\repository\MovieRepository.java,com.dummy.bookmyshow.repository.MovieRepository,getAvailableMovies/1[java.lang.String],city,0
E:\OOD_Projects\ck-mvn-plugin\dummyBookMyShow-main\src\main\java\com\dummy\bookmyshow\entity\Movie.java,com.dummy.bookmyshow.entity.Movie,setType/1[java.lang.String],type,2
E:\OOD_Projects\ck-mvn-plugin\dummyBookMyShow-main\src\main\java\com\dummy\bookmyshow\entity\Movie.java,com.dummy.bookmyshow.entity.Movie,setReleaseYear/1[java.lang.String],releaseYear,2
E:\OOD_Projects\ck-mvn-plugin\dummyBookMyShow-main\src\main\java\com\dummy\bookmyshow\entity\Movie.java,com.dummy.bookmyshow.entity.Movie,setUpdatedOn/1[java.time.LocalDateTime],updatedOn,2
E:\OOD_Projects\ck-mvn-plugin\dummyBookMyShow-main\src\main\java\com\dummy\bookmyshow\entity\Movie.java,com.dummy.bookmyshow.entity.Movie,setRating/1[java.lang.String],rating,2
E:\OOD_Projects\ck-mvn-plugin\dummyBookMyShow-main\src\main\java\com\dummy\bookmyshow\entity\Movie.java,com.dummy.bookmyshow.entity.Movie,setDuration/1[java.lang.String],duration,2
E:\OOD_Projects\ck-mvn-plugin\dummyBookMyShow-main\src\main\java\com\dummy\bookmyshow\entity\Movie.java,com.dummy.bookmyshow.entity.Movie,setLanguage/1[com.dummy.bookmyshow.enums.Language],language,2
E:\OOD_Projects\ck-mvn-plugin\dummyBookMyShow-main\src\main\java\com\dummy\bookmyshow\entity\Movie.java,com.dummy.bookmyshow.entity.Movie,setActiveDateStart/1[java.time.LocalDateTime],activeDateStart,2
E:\OOD_Projects\ck-mvn-plugin\dummyBookMyShow-main\src\main\java\com\dummy\bookmyshow\entity\Movie.java,com.dummy.bookmyshow.entity.Movie,setDirector/1[java.lang.String],director,2
E:\OOD_Projects\ck-mvn-plugin\dummyBookMyShow-main\src\main\java\com\dummy\bookmyshow\entity\Movie.java,com.dummy.bookmyshow.entity.Movie,setActiveDateEnd/1[java.time.LocalDateTime],activeDateEnd,2
E:\OOD_Projects\ck-mvn-plugin\dummyBookMyShow-main\src\main\java\com\dummy\bookmyshow\entity\Movie.java,com.dummy.bookmyshow.entity.Movie,setCastId/1[java.lang.String],castId,2
E:\OOD_Projects\ck-mvn-plugin\dummyBookMyShow-main\src\main\java\com\dummy\bookmyshow\entity\Movie.java,com.dummy.bookmyshow.entity.Movie,setPlot/1[java.lang.String],plot,2
E:\OOD_Projects\ck-mvn-plugin\dummyBookMyShow-main\src\main\java\com\dummy\bookmyshow\entity\Movie.java,com.dummy.bookmyshow.entity.Movie,setTheaterId/1[java.lang.String],theaterId,2
E:\OOD_Projects\ck-mvn-plugin\dummyBookMyShow-main\src\main\java\com\dummy\bookmyshow\entity\Movie.java,com.dummy.bookmyshow.entity.Movie,setCreatedOn/1[java.time.LocalDateTime],createdOn,2
E:\OOD_Projects\ck-mvn-plugin\dummyBookMyShow-main\src\main\java\com\dummy\bookmyshow\entity\Movie.java,com.dummy.bookmyshow.entity.Movie,setDeleted/1[java.time.LocalDateTime],deleted,2
E:\OOD_Projects\ck-mvn-plugin\dummyBookMyShow-main\src\main\java\com\dummy\bookmyshow\entity\Movie.java,com.dummy.bookmyshow.entity.Movie,setName/1[java.lang.String],name,2
E:\OOD_Projects\ck-mvn-plugin\dummyBookMyShow-main\src\main\java\com\dummy\bookmyshow\entity\Movie.java,com.dummy.bookmyshow.entity.Movie,setPosterUrl/1[java.lang.String],posterUrl,2
E:\OOD_Projects\ck-mvn-plugin\dummyBookMyShow-main\src\main\java\com\dummy\bookmyshow\entity\Movie.java,com.dummy.bookmyshow.entity.Movie,setTrailerUrl/1[java.lang.String],trailerUrl,2
E:\OOD_Projects\ck-mvn-plugin\dummyBookMyShow-main\src\main\java\com\dummy\bookmyshow\entity\Movie.java,com.dummy.bookmyshow.entity.Movie,setMovieId/1[java.lang.String],movieId,2
E:\OOD_Projects\ck-mvn-plugin\dummyBookMyShow-main\src\main\java\com\dummy\bookmyshow\entity\User.java,com.dummy.bookmyshow.entity.User,setLastName/1[java.lang.String],lastName,2
E:\OOD_Projects\ck-mvn-plugin\dummyBookMyShow-main\src\main\java\com\dummy\bookmyshow\entity\User.java,com.dummy.bookmyshow.entity.User,setUserType/1[com.dummy.bookmyshow.enums.UserType],userType,2
E:\OOD_Projects\ck-mvn-plugin\dummyBookMyShow-main\src\main\java\com\dummy\bookmyshow\entity\User.java,com.dummy.bookmyshow.entity.User,setAuthentication/1[java.lang.String],authentication,2
E:\OOD_Projects\ck-mvn-plugin\dummyBookMyShow-main\src\main\java\com\dummy\bookmyshow\entity\User.java,com.dummy.bookmyshow.entity.User,setFirstName/1[java.lang.String],firstName,2
E:\OOD_Projects\ck-mvn-plugin\dummyBookMyShow-main\src\main\java\com\dummy\bookmyshow\entity\User.java,com.dummy.bookmyshow.entity.User,setCreatedOn/1[java.time.LocalDateTime],createdOn,2
E:\OOD_Projects\ck-mvn-plugin\dummyBookMyShow-main\src\main\java\com\dummy\bookmyshow\entity\User.java,com.dummy.bookmyshow.entity.User,setEmail/1[java.lang.String],email,2
E:\OOD_Projects\ck-mvn-plugin\dummyBookMyShow-main\src\main\java\com\dummy\bookmyshow\entity\User.java,com.dummy.bookmyshow.entity.User,setUpdatedOn/1[java.time.LocalDateTime],updatedOn,2
E:\OOD_Projects\ck-mvn-plugin\dummyBookMyShow-main\src\main\java\com\dummy\bookmyshow\entity\User.java,com.dummy.bookmyshow.entity.User,setMobileNumber/1[java.lang.String],mobileNumber,2
E:\OOD_Projects\ck-mvn-plugin\dummyBookMyShow-main\src\main\java\com\dummy\bookmyshow\entity\User.java,com.dummy.bookmyshow.entity.User,setDeleted/1[java.time.LocalDateTime],deleted,2
E:\OOD_Projects\ck-mvn-plugin\dummyBookMyShow-main\src\main\java\com\dummy\bookmyshow\entity\User.java,com.dummy.bookmyshow.entity.User,setUserName/1[java.lang.String],userName,2
E:\OOD_Projects\ck-mvn-plugin\dummyBookMyShow-main\src\main\java\com\dummy\bookmyshow\repository\SeatMatrixRepository.java,com.dummy.bookmyshow.repository.SeatMatrixRepository,"getSeatMatrixForscreen/3[java.lang.String,java.lang.String,java.lang.String]",theaterId,0
E:\OOD_Projects\ck-mvn-plugin\dummyBookMyShow-main\src\main\java\com\dummy\bookmyshow\repository\SeatMatrixRepository.java,com.dummy.bookmyshow.repository.SeatMatrixRepository,"getSeatMatrixForscreen/3[java.lang.String,java.lang.String,java.lang.String]",movieId,0
E:\OOD_Projects\ck-mvn-plugin\dummyBookMyShow-main\src\main\java\com\dummy\bookmyshow\repository\SeatMatrixRepository.java,com.dummy.bookmyshow.repository.SeatMatrixRepository,"getSeatMatrixForscreen/3[java.lang.String,java.lang.String,java.lang.String]",screenStartsAt,0
E:\OOD_Projects\ck-mvn-plugin\dummyBookMyShow-main\src\main\java\com\dummy\bookmyshow\controller\UserController.java,com.dummy.bookmyshow.controller.UserController,getUserName/1[com.dummy.bookmyshow.entity.User],user,3
E:\OOD_Projects\ck-mvn-plugin\dummyBookMyShow-main\src\main\java\com\dummy\bookmyshow\controller\UserController.java,com.dummy.bookmyshow.controller.UserController,validateInput/1[com.dummy.bookmyshow.entity.User],p,1
E:\OOD_Projects\ck-mvn-plugin\dummyBookMyShow-main\src\main\java\com\dummy\bookmyshow\controller\UserController.java,com.dummy.bookmyshow.controller.UserController,validateInput/1[com.dummy.bookmyshow.entity.User],e,2
E:\OOD_Projects\ck-mvn-plugin\dummyBookMyShow-main\src\main\java\com\dummy\bookmyshow\controller\UserController.java,com.dummy.bookmyshow.controller.UserController,validateInput/1[com.dummy.bookmyshow.entity.User],matcher,3
E:\OOD_Projects\ck-mvn-plugin\dummyBookMyShow-main\src\main\java\com\dummy\bookmyshow\controller\UserController.java,com.dummy.bookmyshow.controller.UserController,validateInput/1[com.dummy.bookmyshow.entity.User],user,14
E:\OOD_Projects\ck-mvn-plugin\dummyBookMyShow-main\src\main\java\com\dummy\bookmyshow\controller\UserController.java,com.dummy.bookmyshow.controller.UserController,validateInput/1[com.dummy.bookmyshow.entity.User],m,2
E:\OOD_Projects\ck-mvn-plugin\dummyBookMyShow-main\src\main\java\com\dummy\bookmyshow\controller\UserController.java,com.dummy.bookmyshow.controller.UserController,getUserDetails/1[java.lang.String],ex,3
E:\OOD_Projects\ck-mvn-plugin\dummyBookMyShow-main\src\main\java\com\dummy\bookmyshow\controller\UserController.java,com.dummy.bookmyshow.controller.UserController,getUserDetails/1[java.lang.String],mapper,1
E:\OOD_Projects\ck-mvn-plugin\dummyBookMyShow-main\src\main\java\com\dummy\bookmyshow\controller\UserController.java,com.dummy.bookmyshow.controller.UserController,getUserDetails/1[java.lang.String],jsonUser,1
E:\OOD_Projects\ck-mvn-plugin\dummyBookMyShow-main\src\main\java\com\dummy\bookmyshow\controller\UserController.java,com.dummy.bookmyshow.controller.UserController,getUserDetails/1[java.lang.String],userName,2
E:\OOD_Projects\ck-mvn-plugin\dummyBookMyShow-main\src\main\java\com\dummy\bookmyshow\controller\UserController.java,com.dummy.bookmyshow.controller.UserController,getUserDetails/1[java.lang.String],user,2
E:\OOD_Projects\ck-mvn-plugin\dummyBookMyShow-main\src\main\java\com\dummy\bookmyshow\controller\UserController.java,com.dummy.bookmyshow.controller.UserController,getToken/1[com.dummy.bookmyshow.security.AuthRequest],result,6
E:\OOD_Projects\ck-mvn-plugin\dummyBookMyShow-main\src\main\java\com\dummy\bookmyshow\controller\UserController.java,com.dummy.bookmyshow.controller.UserController,getToken/1[com.dummy.bookmyshow.security.AuthRequest],e,4
E:\OOD_Projects\ck-mvn-plugin\dummyBookMyShow-main\src\main\java\com\dummy\bookmyshow\controller\UserController.java,com.dummy.bookmyshow.controller.UserController,getToken/1[com.dummy.bookmyshow.security.AuthRequest],authRequest,4
E:\OOD_Projects\ck-mvn-plugin\dummyBookMyShow-main\src\main\java\com\dummy\bookmyshow\controller\UserController.java,com.dummy.bookmyshow.controller.UserController,getToken/1[com.dummy.bookmyshow.security.AuthRequest],token,2
E:\OOD_Projects\ck-mvn-plugin\dummyBookMyShow-main\src\main\java\com\dummy\bookmyshow\controller\UserController.java,com.dummy.bookmyshow.controller.UserController,addUser/1[com.dummy.bookmyshow.entity.User],ex,3
E:\OOD_Projects\ck-mvn-plugin\dummyBookMyShow-main\src\main\java\com\dummy\bookmyshow\controller\UserController.java,com.dummy.bookmyshow.controller.UserController,addUser/1[com.dummy.bookmyshow.entity.User],e,4
E:\OOD_Projects\ck-mvn-plugin\dummyBookMyShow-main\src\main\java\com\dummy\bookmyshow\controller\UserController.java,com.dummy.bookmyshow.controller.UserController,addUser/1[com.dummy.bookmyshow.entity.User],newUser,8
E:\OOD_Projects\ck-mvn-plugin\dummyBookMyShow-main\src\main\java\com\dummy\bookmyshow\controller\UserController.java,com.dummy.bookmyshow.controller.UserController,addUser/1[com.dummy.bookmyshow.entity.User],userName,1
E:\OOD_Projects\ck-mvn-plugin\dummyBookMyShow-main\src\main\java\com\dummy\bookmyshow\controller\UserController.java,com.dummy.bookmyshow.controller.UserController,addUser/1[com.dummy.bookmyshow.entity.User],user,3
E:\OOD_Projects\ck-mvn-plugin\dummyBookMyShow-main\src\main\java\com\dummy\bookmyshow\entity\Offer.java,com.dummy.bookmyshow.entity.Offer,setValidEnd/1[java.time.LocalDateTime],validEnd,2
E:\OOD_Projects\ck-mvn-plugin\dummyBookMyShow-main\src\main\java\com\dummy\bookmyshow\entity\Offer.java,com.dummy.bookmyshow.entity.Offer,setCode/1[java.lang.String],code,2
E:\OOD_Projects\ck-mvn-plugin\dummyBookMyShow-main\src\main\java\com\dummy\bookmyshow\entity\Offer.java,com.dummy.bookmyshow.entity.Offer,setAmountLess/1[int],amountLess,2
E:\OOD_Projects\ck-mvn-plugin\dummyBookMyShow-main\src\main\java\com\dummy\bookmyshow\entity\Offer.java,com.dummy.bookmyshow.entity.Offer,setUpdatedOn/1[java.time.LocalDateTime],updatedOn,2
E:\OOD_Projects\ck-mvn-plugin\dummyBookMyShow-main\src\main\java\com\dummy\bookmyshow\entity\Offer.java,com.dummy.bookmyshow.entity.Offer,setValidStart/1[java.time.LocalDateTime],validStart,2
E:\OOD_Projects\ck-mvn-plugin\dummyBookMyShow-main\src\main\java\com\dummy\bookmyshow\entity\Offer.java,com.dummy.bookmyshow.entity.Offer,setDescription/1[java.lang.String],description,2
E:\OOD_Projects\ck-mvn-plugin\dummyBookMyShow-main\src\main\java\com\dummy\bookmyshow\entity\Offer.java,com.dummy.bookmyshow.entity.Offer,setDeleted/1[java.time.LocalDateTime],deleted,2
E:\OOD_Projects\ck-mvn-plugin\dummyBookMyShow-main\src\main\java\com\dummy\bookmyshow\entity\Offer.java,com.dummy.bookmyshow.entity.Offer,setId/1[java.lang.Long],id,2
E:\OOD_Projects\ck-mvn-plugin\dummyBookMyShow-main\src\main\java\com\dummy\bookmyshow\entity\Offer.java,com.dummy.bookmyshow.entity.Offer,setCreatedOn/1[java.time.LocalDateTime],createdOn,2
E:\OOD_Projects\ck-mvn-plugin\dummyBookMyShow-main\.mvn\wrapper\MavenWrapperDownloader.java,MavenWrapperDownloader,main/1[java.lang.String[]],args,1
E:\OOD_Projects\ck-mvn-plugin\dummyBookMyShow-main\.mvn\wrapper\MavenWrapperDownloader.java,MavenWrapperDownloader,main/1[java.lang.String[]],outputFile,5
E:\OOD_Projects\ck-mvn-plugin\dummyBookMyShow-main\.mvn\wrapper\MavenWrapperDownloader.java,MavenWrapperDownloader,main/1[java.lang.String[]],mavenWrapperPropertyFile,2
E:\OOD_Projects\ck-mvn-plugin\dummyBookMyShow-main\.mvn\wrapper\MavenWrapperDownloader.java,MavenWrapperDownloader,main/1[java.lang.String[]],e,3
E:\OOD_Projects\ck-mvn-plugin\dummyBookMyShow-main\.mvn\wrapper\MavenWrapperDownloader.java,MavenWrapperDownloader,main/1[java.lang.String[]],mavenWrapperPropertyFileInputStream,4
E:\OOD_Projects\ck-mvn-plugin\dummyBookMyShow-main\.mvn\wrapper\MavenWrapperDownloader.java,MavenWrapperDownloader,main/1[java.lang.String[]],mavenWrapperProperties,2
E:\OOD_Projects\ck-mvn-plugin\dummyBookMyShow-main\.mvn\wrapper\MavenWrapperDownloader.java,MavenWrapperDownloader,main/1[java.lang.String[]],baseDirectory,3
E:\OOD_Projects\ck-mvn-plugin\dummyBookMyShow-main\.mvn\wrapper\MavenWrapperDownloader.java,MavenWrapperDownloader,main/1[java.lang.String[]],url,4
E:\OOD_Projects\ck-mvn-plugin\dummyBookMyShow-main\.mvn\wrapper\MavenWrapperDownloader.java,MavenWrapperDownloader,"downloadFileFromURL/2[java.lang.String,java.io.File]",password,0
E:\OOD_Projects\ck-mvn-plugin\dummyBookMyShow-main\.mvn\wrapper\MavenWrapperDownloader.java,MavenWrapperDownloader,"downloadFileFromURL/2[java.lang.String,java.io.File]",website,1
E:\OOD_Projects\ck-mvn-plugin\dummyBookMyShow-main\.mvn\wrapper\MavenWrapperDownloader.java,MavenWrapperDownloader,"downloadFileFromURL/2[java.lang.String,java.io.File]",rbc,3
E:\OOD_Projects\ck-mvn-plugin\dummyBookMyShow-main\.mvn\wrapper\MavenWrapperDownloader.java,MavenWrapperDownloader,"downloadFileFromURL/2[java.lang.String,java.io.File]",urlString,1
E:\OOD_Projects\ck-mvn-plugin\dummyBookMyShow-main\.mvn\wrapper\MavenWrapperDownloader.java,MavenWrapperDownloader,"downloadFileFromURL/2[java.lang.String,java.io.File]",destination,1
E:\OOD_Projects\ck-mvn-plugin\dummyBookMyShow-main\.mvn\wrapper\MavenWrapperDownloader.java,MavenWrapperDownloader,"downloadFileFromURL/2[java.lang.String,java.io.File]",fos,2
E:\OOD_Projects\ck-mvn-plugin\dummyBookMyShow-main\.mvn\wrapper\MavenWrapperDownloader.java,MavenWrapperDownloader,"downloadFileFromURL/2[java.lang.String,java.io.File]",username,0
E:\OOD_Projects\ck-mvn-plugin\dummyBookMyShow-main\src\main\java\com\dummy\bookmyshow\repository\UserRepository.java,com.dummy.bookmyshow.repository.UserRepository,findUserByUserName/1[java.lang.String],userName,0
E:\OOD_Projects\ck-mvn-plugin\dummyBookMyShow-main\src\main\java\com\dummy\bookmyshow\entity\Screen.java,com.dummy.bookmyshow.entity.Screen,setEndsAt/1[java.lang.String],endsAt,2
E:\OOD_Projects\ck-mvn-plugin\dummyBookMyShow-main\src\main\java\com\dummy\bookmyshow\entity\Screen.java,com.dummy.bookmyshow.entity.Screen,setScreenDetails/1[com.dummy.bookmyshow.entity.ScreenPk],screenDetails,2
E:\OOD_Projects\ck-mvn-plugin\dummyBookMyShow-main\src\main\java\com\dummy\bookmyshow\entity\Theater.java,com.dummy.bookmyshow.entity.Theater,setAddress/1[java.lang.String],address,2
E:\OOD_Projects\ck-mvn-plugin\dummyBookMyShow-main\src\main\java\com\dummy\bookmyshow\entity\Theater.java,com.dummy.bookmyshow.entity.Theater,"Theater/7[java.lang.String,java.lang.String,java.lang.String,java.lang.String,java.lang.String,java.lang.String,java.lang.String]",country,2
E:\OOD_Projects\ck-mvn-plugin\dummyBookMyShow-main\src\main\java\com\dummy\bookmyshow\entity\Theater.java,com.dummy.bookmyshow.entity.Theater,"Theater/7[java.lang.String,java.lang.String,java.lang.String,java.lang.String,java.lang.String,java.lang.String,java.lang.String]",address,2
E:\OOD_Projects\ck-mvn-plugin\dummyBookMyShow-main\src\main\java\com\dummy\bookmyshow\entity\Theater.java,com.dummy.bookmyshow.entity.Theater,"Theater/7[java.lang.String,java.lang.String,java.lang.String,java.lang.String,java.lang.String,java.lang.String,java.lang.String]",languages,2
E:\OOD_Projects\ck-mvn-plugin\dummyBookMyShow-main\src\main\java\com\dummy\bookmyshow\entity\Theater.java,com.dummy.bookmyshow.entity.Theater,"Theater/7[java.lang.String,java.lang.String,java.lang.String,java.lang.String,java.lang.String,java.lang.String,java.lang.String]",city,2
E:\OOD_Projects\ck-mvn-plugin\dummyBookMyShow-main\src\main\java\com\dummy\bookmyshow\entity\Theater.java,com.dummy.bookmyshow.entity.Theater,"Theater/7[java.lang.String,java.lang.String,java.lang.String,java.lang.String,java.lang.String,java.lang.String,java.lang.String]",theaterId,2
E:\OOD_Projects\ck-mvn-plugin\dummyBookMyShow-main\src\main\java\com\dummy\bookmyshow\entity\Theater.java,com.dummy.bookmyshow.entity.Theater,"Theater/7[java.lang.String,java.lang.String,java.lang.String,java.lang.String,java.lang.String,java.lang.String,java.lang.String]",name,2
E:\OOD_Projects\ck-mvn-plugin\dummyBookMyShow-main\src\main\java\com\dummy\bookmyshow\entity\Theater.java,com.dummy.bookmyshow.entity.Theater,"Theater/7[java.lang.String,java.lang.String,java.lang.String,java.lang.String,java.lang.String,java.lang.String,java.lang.String]",userName,2
E:\OOD_Projects\ck-mvn-plugin\dummyBookMyShow-main\src\main\java\com\dummy\bookmyshow\entity\Theater.java,com.dummy.bookmyshow.entity.Theater,setCity/1[java.lang.String],city,2
E:\OOD_Projects\ck-mvn-plugin\dummyBookMyShow-main\src\main\java\com\dummy\bookmyshow\entity\Theater.java,com.dummy.bookmyshow.entity.Theater,setCountry/1[java.lang.String],country,2
E:\OOD_Projects\ck-mvn-plugin\dummyBookMyShow-main\src\main\java\com\dummy\bookmyshow\entity\Theater.java,com.dummy.bookmyshow.entity.Theater,setLanguages/1[java.lang.String],languages,2
E:\OOD_Projects\ck-mvn-plugin\dummyBookMyShow-main\src\main\java\com\dummy\bookmyshow\entity\Theater.java,com.dummy.bookmyshow.entity.Theater,setCreatedOn/1[java.time.LocalDateTime],createdOn,2
E:\OOD_Projects\ck-mvn-plugin\dummyBookMyShow-main\src\main\java\com\dummy\bookmyshow\entity\Theater.java,com.dummy.bookmyshow.entity.Theater,setUpdatedOn/1[java.time.LocalDateTime],updatedOn,2
E:\OOD_Projects\ck-mvn-plugin\dummyBookMyShow-main\src\main\java\com\dummy\bookmyshow\entity\Theater.java,com.dummy.bookmyshow.entity.Theater,setName/1[java.lang.String],name,2
E:\OOD_Projects\ck-mvn-plugin\dummyBookMyShow-main\src\main\java\com\dummy\bookmyshow\entity\Theater.java,com.dummy.bookmyshow.entity.Theater,setUserName/1[java.lang.String],userName,2
E:\OOD_Projects\ck-mvn-plugin\dummyBookMyShow-main\src\main\java\com\dummy\bookmyshow\entity\Theater.java,com.dummy.bookmyshow.entity.Theater,setTheaterId/1[java.lang.String],theaterId,2
E:\OOD_Projects\ck-mvn-plugin\dummyBookMyShow-main\src\main\java\com\dummy\bookmyshow\entity\Theater.java,com.dummy.bookmyshow.entity.Theater,setDeleted/1[java.time.LocalDateTime],deleted,2
E:\OOD_Projects\ck-mvn-plugin\dummyBookMyShow-main\src\main\java\com\dummy\bookmyshow\security\SecurityConfig.java,com.dummy.bookmyshow.security.SecurityConfig,configure/1[com.dummy.bookmyshow.security.HttpSecurity],http,2
E:\OOD_Projects\ck-mvn-plugin\dummyBookMyShow-main\src\main\java\com\dummy\bookmyshow\security\SecurityConfig.java,com.dummy.bookmyshow.security.SecurityConfig,configure/1[com.dummy.bookmyshow.security.AuthenticationManagerBuilder],auth,1
E:\OOD_Projects\ck-mvn-plugin\dummyBookMyShow-main\src\main\java\com\dummy\bookmyshow\entity\Booking.java,com.dummy.bookmyshow.entity.Booking,setUserId/1[java.lang.String],userId,2
E:\OOD_Projects\ck-mvn-plugin\dummyBookMyShow-main\src\main\java\com\dummy\bookmyshow\entity\Booking.java,com.dummy.bookmyshow.entity.Booking,setMovieId/1[java.lang.String],movieId,2
E:\OOD_Projects\ck-mvn-plugin\dummyBookMyShow-main\src\main\java\com\dummy\bookmyshow\entity\Booking.java,com.dummy.bookmyshow.entity.Booking,setBookingId/1[java.lang.Long],bookingId,2
E:\OOD_Projects\ck-mvn-plugin\dummyBookMyShow-main\src\main\java\com\dummy\bookmyshow\entity\Booking.java,com.dummy.bookmyshow.entity.Booking,setTheaterId/1[java.lang.String],theaterId,2
E:\OOD_Projects\ck-mvn-plugin\dummyBookMyShow-main\src\main\java\com\dummy\bookmyshow\entity\Booking.java,com.dummy.bookmyshow.entity.Booking,setPaymentId/1[java.util.UUID],paymentId,2
E:\OOD_Projects\ck-mvn-plugin\dummyBookMyShow-main\src\main\java\com\dummy\bookmyshow\entity\Booking.java,com.dummy.bookmyshow.entity.Booking,setDeleted/1[java.time.LocalDateTime],deleted,2
E:\OOD_Projects\ck-mvn-plugin\dummyBookMyShow-main\src\main\java\com\dummy\bookmyshow\entity\Booking.java,com.dummy.bookmyshow.entity.Booking,setSeatBooked/1[int],seatBooked,2
E:\OOD_Projects\ck-mvn-plugin\dummyBookMyShow-main\src\main\java\com\dummy\bookmyshow\entity\Booking.java,com.dummy.bookmyshow.entity.Booking,setSeatNumbers/1[java.lang.String],seatNumbers,2
E:\OOD_Projects\ck-mvn-plugin\dummyBookMyShow-main\src\main\java\com\dummy\bookmyshow\entity\Booking.java,com.dummy.bookmyshow.entity.Booking,setCreatedOn/1[java.time.LocalDateTime],createdOn,2
E:\OOD_Projects\ck-mvn-plugin\dummyBookMyShow-main\src\main\java\com\dummy\bookmyshow\entity\Booking.java,com.dummy.bookmyshow.entity.Booking,setNotificationId/1[java.util.UUID],notificationId,2
E:\OOD_Projects\ck-mvn-plugin\dummyBookMyShow-main\src\main\java\com\dummy\bookmyshow\entity\Booking.java,com.dummy.bookmyshow.entity.Booking,setTotalPrice/1[int],totalPrice,2
E:\OOD_Projects\ck-mvn-plugin\dummyBookMyShow-main\src\main\java\com\dummy\bookmyshow\entity\Booking.java,com.dummy.bookmyshow.entity.Booking,setUpdatedOn/1[java.time.LocalDateTime],updatedOn,2
E:\OOD_Projects\ck-mvn-plugin\dummyBookMyShow-main\src\main\java\com\dummy\bookmyshow\entity\Notification.java,com.dummy.bookmyshow.entity.Notification,setCreatedOn/1[java.time.LocalDateTime],createdOn,2
E:\OOD_Projects\ck-mvn-plugin\dummyBookMyShow-main\src\main\java\com\dummy\bookmyshow\entity\Notification.java,com.dummy.bookmyshow.entity.Notification,setStatus/1[com.dummy.bookmyshow.enums.Status],status,2
E:\OOD_Projects\ck-mvn-plugin\dummyBookMyShow-main\src\main\java\com\dummy\bookmyshow\entity\Notification.java,com.dummy.bookmyshow.entity.Notification,setSenderEmail/1[java.lang.String],senderEmail,2
E:\OOD_Projects\ck-mvn-plugin\dummyBookMyShow-main\src\main\java\com\dummy\bookmyshow\entity\Notification.java,com.dummy.bookmyshow.entity.Notification,setUpdatedOn/1[java.time.LocalDateTime],updatedOn,2
E:\OOD_Projects\ck-mvn-plugin\dummyBookMyShow-main\src\main\java\com\dummy\bookmyshow\entity\Notification.java,com.dummy.bookmyshow.entity.Notification,setTinyUrl/1[java.lang.String],tinyUrl,2
E:\OOD_Projects\ck-mvn-plugin\dummyBookMyShow-main\src\main\java\com\dummy\bookmyshow\entity\Notification.java,com.dummy.bookmyshow.entity.Notification,setReceiverEmail/1[java.lang.String],receiverEmail,2
E:\OOD_Projects\ck-mvn-plugin\dummyBookMyShow-main\src\main\java\com\dummy\bookmyshow\entity\Notification.java,com.dummy.bookmyshow.entity.Notification,setReceiverType/1[com.dummy.bookmyshow.enums.NotificationType],receiverType,2
E:\OOD_Projects\ck-mvn-plugin\dummyBookMyShow-main\src\main\java\com\dummy\bookmyshow\entity\Notification.java,com.dummy.bookmyshow.entity.Notification,setId/1[java.util.UUID],id,2
E:\OOD_Projects\ck-mvn-plugin\dummyBookMyShow-main\src\main\java\com\dummy\bookmyshow\entity\Notification.java,com.dummy.bookmyshow.entity.Notification,setSendTime/1[java.time.LocalDateTime],sendTime,2
E:\OOD_Projects\ck-mvn-plugin\dummyBookMyShow-main\src\main\java\com\dummy\bookmyshow\entity\Notification.java,com.dummy.bookmyshow.entity.Notification,setReceiverMobileNo/1[java.lang.String],receiverMobileNo,2
E:\OOD_Projects\ck-mvn-plugin\dummyBookMyShow-main\src\main\java\com\dummy\bookmyshow\entity\Notification.java,com.dummy.bookmyshow.entity.Notification,setBookingId/1[long],bookingId,2
E:\OOD_Projects\ck-mvn-plugin\dummyBookMyShow-main\src\main\java\com\dummy\bookmyshow\entity\Payment.java,com.dummy.bookmyshow.entity.Payment,setBookingId/1[java.lang.Long],bookingId,2
E:\OOD_Projects\ck-mvn-plugin\dummyBookMyShow-main\src\main\java\com\dummy\bookmyshow\entity\Payment.java,com.dummy.bookmyshow.entity.Payment,setAmount/1[int],amount,2
E:\OOD_Projects\ck-mvn-plugin\dummyBookMyShow-main\src\main\java\com\dummy\bookmyshow\entity\Payment.java,com.dummy.bookmyshow.entity.Payment,setId/1[java.util.UUID],id,2
E:\OOD_Projects\ck-mvn-plugin\dummyBookMyShow-main\src\main\java\com\dummy\bookmyshow\entity\Payment.java,com.dummy.bookmyshow.entity.Payment,setMethod/1[com.dummy.bookmyshow.enums.PaymentMethod],method,2
E:\OOD_Projects\ck-mvn-plugin\dummyBookMyShow-main\src\main\java\com\dummy\bookmyshow\entity\Payment.java,com.dummy.bookmyshow.entity.Payment,setStatus/1[com.dummy.bookmyshow.enums.Status],status,2
E:\OOD_Projects\ck-mvn-plugin\dummyBookMyShow-main\src\main\java\com\dummy\bookmyshow\entity\Payment.java,com.dummy.bookmyshow.entity.Payment,setUpdatedOn/1[java.time.LocalDateTime],updatedOn,2
E:\OOD_Projects\ck-mvn-plugin\dummyBookMyShow-main\src\main\java\com\dummy\bookmyshow\entity\Payment.java,com.dummy.bookmyshow.entity.Payment,setCreatedOn/1[java.time.LocalDateTime],createdOn,2
E:\OOD_Projects\ck-mvn-plugin\dummyBookMyShow-main\src\main\java\com\dummy\bookmyshow\entity\Payment.java,com.dummy.bookmyshow.entity.Payment,setSourceDetails/1[java.lang.String],sourceDetails,2
E:\OOD_Projects\ck-mvn-plugin\dummyBookMyShow-main\src\main\java\com\dummy\bookmyshow\entity\Payment.java,com.dummy.bookmyshow.entity.Payment,setDeleted/1[java.time.LocalDateTime],deleted,2
E:\OOD_Projects\ck-mvn-plugin\dummyBookMyShow-main\src\main\java\com\dummy\bookmyshow\controller\GenericController.java,com.dummy.bookmyshow.controller.GenericController,"getScreensShowingMovie/3[java.lang.String,java.lang.String,java.lang.String]",ex,3
E:\OOD_Projects\ck-mvn-plugin\dummyBookMyShow-main\src\main\java\com\dummy\bookmyshow\controller\GenericController.java,com.dummy.bookmyshow.controller.GenericController,"getScreensShowingMovie/3[java.lang.String,java.lang.String,java.lang.String]",city,3
E:\OOD_Projects\ck-mvn-plugin\dummyBookMyShow-main\src\main\java\com\dummy\bookmyshow\controller\GenericController.java,com.dummy.bookmyshow.controller.GenericController,"getScreensShowingMovie/3[java.lang.String,java.lang.String,java.lang.String]",e,3
E:\OOD_Projects\ck-mvn-plugin\dummyBookMyShow-main\src\main\java\com\dummy\bookmyshow\controller\GenericController.java,com.dummy.bookmyshow.controller.GenericController,"getScreensShowingMovie/3[java.lang.String,java.lang.String,java.lang.String]",theaterId,2
E:\OOD_Projects\ck-mvn-plugin\dummyBookMyShow-main\src\main\java\com\dummy\bookmyshow\controller\GenericController.java,com.dummy.bookmyshow.controller.GenericController,"getScreensShowingMovie/3[java.lang.String,java.lang.String,java.lang.String]",screensShowingMovie,2
E:\OOD_Projects\ck-mvn-plugin\dummyBookMyShow-main\src\main\java\com\dummy\bookmyshow\controller\GenericController.java,com.dummy.bookmyshow.controller.GenericController,"getScreensShowingMovie/3[java.lang.String,java.lang.String,java.lang.String]",movieId,3
E:\OOD_Projects\ck-mvn-plugin\dummyBookMyShow-main\src\main\java\com\dummy\bookmyshow\controller\GenericController.java,com.dummy.bookmyshow.controller.GenericController,getMoviesByCity/1[java.lang.String],availableMovies,2
E:\OOD_Projects\ck-mvn-plugin\dummyBookMyShow-main\src\main\java\com\dummy\bookmyshow\controller\GenericController.java,com.dummy.bookmyshow.controller.GenericController,getMoviesByCity/1[java.lang.String],ex,3
E:\OOD_Projects\ck-mvn-plugin\dummyBookMyShow-main\src\main\java\com\dummy\bookmyshow\controller\GenericController.java,com.dummy.bookmyshow.controller.GenericController,getMoviesByCity/1[java.lang.String],city,2
E:\OOD_Projects\ck-mvn-plugin\dummyBookMyShow-main\src\main\java\com\dummy\bookmyshow\controller\GenericController.java,com.dummy.bookmyshow.controller.GenericController,getMoviesByCity/1[java.lang.String],e,3
E:\OOD_Projects\ck-mvn-plugin\dummyBookMyShow-main\src\main\java\com\dummy\bookmyshow\controller\GenericController.java,com.dummy.bookmyshow.controller.GenericController,getSupportedCities/0,result,3
E:\OOD_Projects\ck-mvn-plugin\dummyBookMyShow-main\src\main\java\com\dummy\bookmyshow\controller\GenericController.java,com.dummy.bookmyshow.controller.GenericController,getSupportedCities/0,ex,3
E:\OOD_Projects\ck-mvn-plugin\dummyBookMyShow-main\src\main\java\com\dummy\bookmyshow\controller\GenericController.java,com.dummy.bookmyshow.controller.GenericController,getSupportedCities/0,city,1
E:\OOD_Projects\ck-mvn-plugin\dummyBookMyShow-main\src\main\java\com\dummy\bookmyshow\controller\GenericController.java,com.dummy.bookmyshow.controller.GenericController,getSupportedCities/0,e,3
E:\OOD_Projects\ck-mvn-plugin\dummyBookMyShow-main\src\main\java\com\dummy\bookmyshow\controller\GenericController.java,com.dummy.bookmyshow.controller.GenericController,getSupportedCities/0,supportedCities,1
E:\OOD_Projects\ck-mvn-plugin\dummyBookMyShow-main\src\main\java\com\dummy\bookmyshow\controller\GenericController.java,com.dummy.bookmyshow.controller.GenericController,getSupportedCities/0,obj,2
E:\OOD_Projects\ck-mvn-plugin\dummyBookMyShow-main\src\main\java\com\dummy\bookmyshow\controller\GenericController.java,com.dummy.bookmyshow.controller.GenericController,"getAvailabilityOnAScreen/3[java.lang.String,java.lang.String,java.lang.String]",ex,3
E:\OOD_Projects\ck-mvn-plugin\dummyBookMyShow-main\src\main\java\com\dummy\bookmyshow\controller\GenericController.java,com.dummy.bookmyshow.controller.GenericController,"getAvailabilityOnAScreen/3[java.lang.String,java.lang.String,java.lang.String]",seatsMatrix,1
E:\OOD_Projects\ck-mvn-plugin\dummyBookMyShow-main\src\main\java\com\dummy\bookmyshow\controller\GenericController.java,com.dummy.bookmyshow.controller.GenericController,"getAvailabilityOnAScreen/3[java.lang.String,java.lang.String,java.lang.String]",e,3
E:\OOD_Projects\ck-mvn-plugin\dummyBookMyShow-main\src\main\java\com\dummy\bookmyshow\controller\GenericController.java,com.dummy.bookmyshow.controller.GenericController,"getAvailabilityOnAScreen/3[java.lang.String,java.lang.String,java.lang.String]",theaterId,2
E:\OOD_Projects\ck-mvn-plugin\dummyBookMyShow-main\src\main\java\com\dummy\bookmyshow\controller\GenericController.java,com.dummy.bookmyshow.controller.GenericController,"getAvailabilityOnAScreen/3[java.lang.String,java.lang.String,java.lang.String]",movieId,2
E:\OOD_Projects\ck-mvn-plugin\dummyBookMyShow-main\src\main\java\com\dummy\bookmyshow\controller\GenericController.java,com.dummy.bookmyshow.controller.GenericController,"getAvailabilityOnAScreen/3[java.lang.String,java.lang.String,java.lang.String]",screenStartsAt,2
E:\OOD_Projects\ck-mvn-plugin\dummyBookMyShow-main\src\main\java\com\dummy\bookmyshow\controller\GenericController.java,com.dummy.bookmyshow.controller.GenericController,"bookSeats/2[java.util.List<com.dummy.bookmyshow.entity.SeatMatrix>,java.lang.String]",ex,3
E:\OOD_Projects\ck-mvn-plugin\dummyBookMyShow-main\src\main\java\com\dummy\bookmyshow\controller\GenericController.java,com.dummy.bookmyshow.controller.GenericController,"bookSeats/2[java.util.List<com.dummy.bookmyshow.entity.SeatMatrix>,java.lang.String]",e,3
E:\OOD_Projects\ck-mvn-plugin\dummyBookMyShow-main\src\main\java\com\dummy\bookmyshow\controller\GenericController.java,com.dummy.bookmyshow.controller.GenericController,"bookSeats/2[java.util.List<com.dummy.bookmyshow.entity.SeatMatrix>,java.lang.String]",seatsToBook,2
E:\OOD_Projects\ck-mvn-plugin\dummyBookMyShow-main\src\main\java\com\dummy\bookmyshow\controller\GenericController.java,com.dummy.bookmyshow.controller.GenericController,"bookSeats/2[java.util.List<com.dummy.bookmyshow.entity.SeatMatrix>,java.lang.String]",userName,2
E:\OOD_Projects\ck-mvn-plugin\dummyBookMyShow-main\src\main\java\com\dummy\bookmyshow\controller\GenericController.java,com.dummy.bookmyshow.controller.GenericController,"bookSeats/2[java.util.List<com.dummy.bookmyshow.entity.SeatMatrix>,java.lang.String]",bookingDetails,2
E:\OOD_Projects\ck-mvn-plugin\dummyBookMyShow-main\src\main\java\com\dummy\bookmyshow\controller\TheaterController.java,com.dummy.bookmyshow.controller.TheaterController,registerMovie/1[com.dummy.bookmyshow.entity.Theater],ex,3
E:\OOD_Projects\ck-mvn-plugin\dummyBookMyShow-main\src\main\java\com\dummy\bookmyshow\controller\TheaterController.java,com.dummy.bookmyshow.controller.TheaterController,registerMovie/1[com.dummy.bookmyshow.entity.Theater],e,3
E:\OOD_Projects\ck-mvn-plugin\dummyBookMyShow-main\src\main\java\com\dummy\bookmyshow\controller\TheaterController.java,com.dummy.bookmyshow.controller.TheaterController,registerMovie/1[com.dummy.bookmyshow.entity.Theater],theater,3
E:\OOD_Projects\ck-mvn-plugin\dummyBookMyShow-main\src\main\java\com\dummy\bookmyshow\controller\TheaterController.java,com.dummy.bookmyshow.controller.TheaterController,registerMovie/1[com.dummy.bookmyshow.entity.Theater],theaterId,5
E:\OOD_Projects\ck-mvn-plugin\dummyBookMyShow-main\src\main\java\com\dummy\bookmyshow\controller\TheaterController.java,com.dummy.bookmyshow.controller.TheaterController,registerMovie/1[com.dummy.bookmyshow.entity.Theater],newTheater,4
E:\OOD_Projects\ck-mvn-plugin\dummyBookMyShow-main\src\main\java\com\dummy\bookmyshow\controller\TheaterController.java,com.dummy.bookmyshow.controller.TheaterController,validateInput/1[com.dummy.bookmyshow.entity.Theater],existingUser,2
E:\OOD_Projects\ck-mvn-plugin\dummyBookMyShow-main\src\main\java\com\dummy\bookmyshow\controller\TheaterController.java,com.dummy.bookmyshow.controller.TheaterController,validateInput/1[com.dummy.bookmyshow.entity.Theater],e,2
E:\OOD_Projects\ck-mvn-plugin\dummyBookMyShow-main\src\main\java\com\dummy\bookmyshow\controller\TheaterController.java,com.dummy.bookmyshow.controller.TheaterController,validateInput/1[com.dummy.bookmyshow.entity.Theater],theater,9
E:\OOD_Projects\ck-mvn-plugin\dummyBookMyShow-main\src\main\java\com\dummy\bookmyshow\controller\SeatMatrixController.java,com.dummy.bookmyshow.controller.SeatMatrixController,addSeatMatrix/1[java.util.List<com.dummy.bookmyshow.entity.SeatMatrix>],seatMatrix,2
E:\OOD_Projects\ck-mvn-plugin\dummyBookMyShow-main\src\main\java\com\dummy\bookmyshow\controller\SeatMatrixController.java,com.dummy.bookmyshow.controller.SeatMatrixController,addSeatMatrix/1[java.util.List<com.dummy.bookmyshow.entity.SeatMatrix>],ex,3
E:\OOD_Projects\ck-mvn-plugin\dummyBookMyShow-main\src\main\java\com\dummy\bookmyshow\controller\SeatMatrixController.java,com.dummy.bookmyshow.controller.SeatMatrixController,addSeatMatrix/1[java.util.List<com.dummy.bookmyshow.entity.SeatMatrix>],e,3
E:\OOD_Projects\ck-mvn-plugin\dummyBookMyShow-main\src\main\java\com\dummy\bookmyshow\controller\SeatMatrixController.java,com.dummy.bookmyshow.controller.SeatMatrixController,makeSeatNumber/1[int],c,4
E:\OOD_Projects\ck-mvn-plugin\dummyBookMyShow-main\src\main\java\com\dummy\bookmyshow\controller\SeatMatrixController.java,com.dummy.bookmyshow.controller.SeatMatrixController,makeSeatNumber/1[int],ch,1
E:\OOD_Projects\ck-mvn-plugin\dummyBookMyShow-main\src\main\java\com\dummy\bookmyshow\controller\SeatMatrixController.java,com.dummy.bookmyshow.controller.SeatMatrixController,makeSeatNumber/1[int],i,2
E:\OOD_Projects\ck-mvn-plugin\dummyBookMyShow-main\src\main\java\com\dummy\bookmyshow\controller\SeatMatrixController.java,com.dummy.bookmyshow.controller.SeatMatrixController,makeSeatNumber/1[int],index,1
E:\OOD_Projects\ck-mvn-plugin\dummyBookMyShow-main\src\main\java\com\dummy\bookmyshow\controller\SeatMatrixController.java,com.dummy.bookmyshow.controller.SeatMatrixController,makeSeatNumber/1[int],map,2
E:\OOD_Projects\ck-mvn-plugin\dummyBookMyShow-main\src\main\java\com\dummy\bookmyshow\controller\SeatMatrixController.java,com.dummy.bookmyshow.controller.SeatMatrixController,makeSeatNumber/1[int],value,1
E:\OOD_Projects\ck-mvn-plugin\dummyBookMyShow-main\src\main\java\com\dummy\bookmyshow\controller\SeatMatrixController.java,com.dummy.bookmyshow.controller.SeatMatrixController,makeSeatNumber/1[int],key,1
E:\OOD_Projects\ck-mvn-plugin\dummyBookMyShow-main\src\main\java\com\dummy\bookmyshow\controller\SeatMatrixController.java,com.dummy.bookmyshow.controller.SeatMatrixController,makeSeatNumber/1[int],sb,2
E:\OOD_Projects\ck-mvn-plugin\dummyBookMyShow-main\src\main\java\com\dummy\bookmyshow\controller\SeatMatrixController.java,com.dummy.bookmyshow.controller.SeatMatrixController,validateInput/1[java.util.List<com.dummy.bookmyshow.entity.SeatMatrix>],seat,7
E:\OOD_Projects\ck-mvn-plugin\dummyBookMyShow-main\src\main\java\com\dummy\bookmyshow\controller\SeatMatrixController.java,com.dummy.bookmyshow.controller.SeatMatrixController,validateInput/1[java.util.List<com.dummy.bookmyshow.entity.SeatMatrix>],seatMatrix,1
E:\OOD_Projects\ck-mvn-plugin\dummyBookMyShow-main\src\main\java\com\dummy\bookmyshow\controller\SeatMatrixController.java,com.dummy.bookmyshow.controller.SeatMatrixController,validateInput/1[java.util.List<com.dummy.bookmyshow.entity.SeatMatrix>],ex,2
E:\OOD_Projects\ck-mvn-plugin\dummyBookMyShow-main\src\main\java\com\dummy\bookmyshow\controller\SeatMatrixController.java,com.dummy.bookmyshow.controller.SeatMatrixController,addDefaultSeatMatrix/1[com.dummy.bookmyshow.entity.SeatMatrix],seatMatrix,4
E:\OOD_Projects\ck-mvn-plugin\dummyBookMyShow-main\src\main\java\com\dummy\bookmyshow\controller\SeatMatrixController.java,com.dummy.bookmyshow.controller.SeatMatrixController,addDefaultSeatMatrix/1[com.dummy.bookmyshow.entity.SeatMatrix],ex,3
E:\OOD_Projects\ck-mvn-plugin\dummyBookMyShow-main\src\main\java\com\dummy\bookmyshow\controller\SeatMatrixController.java,com.dummy.bookmyshow.controller.SeatMatrixController,addDefaultSeatMatrix/1[com.dummy.bookmyshow.entity.SeatMatrix],e,3
E:\OOD_Projects\ck-mvn-plugin\dummyBookMyShow-main\src\main\java\com\dummy\bookmyshow\controller\SeatMatrixController.java,com.dummy.bookmyshow.controller.SeatMatrixController,addDefaultSeatMatrix/1[com.dummy.bookmyshow.entity.SeatMatrix],newMatrix,6
E:\OOD_Projects\ck-mvn-plugin\dummyBookMyShow-main\src\main\java\com\dummy\bookmyshow\controller\SeatMatrixController.java,com.dummy.bookmyshow.controller.SeatMatrixController,addDefaultSeatMatrix/1[com.dummy.bookmyshow.entity.SeatMatrix],i,3
E:\OOD_Projects\ck-mvn-plugin\dummyBookMyShow-main\src\main\java\com\dummy\bookmyshow\controller\SeatMatrixController.java,com.dummy.bookmyshow.controller.SeatMatrixController,addDefaultSeatMatrix/1[com.dummy.bookmyshow.entity.SeatMatrix],matrixPk,5
E:\OOD_Projects\ck-mvn-plugin\dummyBookMyShow-main\src\main\java\com\dummy\bookmyshow\controller\SeatMatrixController.java,com.dummy.bookmyshow.controller.SeatMatrixController,addDefaultSeatMatrix/1[com.dummy.bookmyshow.entity.SeatMatrix],list,2
E:\OOD_Projects\ck-mvn-plugin\dummyBookMyShow-main\src\main\java\com\dummy\bookmyshow\util\DummyBookMyShowException.java,com.dummy.bookmyshow.util.DummyBookMyShowException,DummyBookMyShowException/1[java.lang.String],errorMsg,1
